model,tensor,role,layer,fmt,alpha,n_params,bits_per_value,bits_codes,bits_scales,bytes,changed_frac,has_calib,werr,werr_mxonly,mse,mse_mxonly
Qwen3-1.7B,model.layers.0.mlp.down_proj.weight,down_proj,0,mxfp4,0.0,12582912,3.8737640380859375,3.8375981648763022,0.036165873209635414,6092904,0.0,True,0.9878047704696655,0.9878047704696655,1.4643916983914096e-05,1.4643916983914096e-05
Qwen3-1.7B,model.layers.0.mlp.down_proj.weight,down_proj,0,mxfp4,1.0,12582912,2.951307932535807,2.915142059326172,0.036165873209635414,4642006,0.6397492090861002,True,5.617915630340576,0.9878047704696655,0.00010329568613087758,1.4643916983914096e-05
Qwen3-1.7B,model.layers.0.mlp.down_proj.weight,down_proj,0,mxfp4,5.0,12582912,2.917191823323568,2.881025950113932,0.036165873209635414,4588346,0.6523577372233073,True,6.03145170211792,0.9878047704696655,0.00010519384522922337,1.4643916983914096e-05
Qwen3-1.7B,model.layers.0.mlp.down_proj.weight,down_proj,0,mxfp8,0.0,12582912,6.652776718139648,6.616610844930013,0.036165873209635414,10463913,0.0,True,0.06337160617113113,0.06337160617113113,9.41508631058241e-07,9.41508631058241e-07
Qwen3-1.7B,model.layers.0.mlp.down_proj.weight,down_proj,0,mxfp8,1.0,12582912,5.994370778401692,5.958204905192058,0.036165873209635414,9428330,0.733684221903483,True,0.3163607716560364,0.06337160617113113,5.982064521958819e-06,9.41508631058241e-07
Qwen3-1.7B,model.layers.0.mlp.down_proj.weight,down_proj,0,mxfp8,5.0,12582912,5.957672119140625,5.921506245930989,0.036165873209635414,9370608,0.7723429997762045,True,0.37640851736068726,0.06337160617113113,6.783255230402574e-06,9.41508631058241e-07
Qwen3-1.7B,model.layers.0.mlp.gate_proj.weight,gate_proj,0,mxfp4,0.0,12582912,3.8841260274251304,3.849725087483724,0.03440093994140625,6109202,0.0,True,9.864439010620117,9.864439010620117,1.9799303117906675e-05,1.9799303117906675e-05
Qwen3-1.7B,model.layers.0.mlp.gate_proj.weight,gate_proj,0,mxfp4,1.0,12582912,3.2694276173909507,3.2350266774495444,0.03440093994140625,5142365,0.46646833419799805,True,27.331390380859375,9.864439010620117,9.382796270074323e-05,1.9799303117906675e-05
Qwen3-1.7B,model.layers.0.mlp.gate_proj.weight,gate_proj,0,mxfp4,5.0,12582912,2.9572976430257163,2.92289670308431,0.03440093994140625,4651427,0.6453304290771484,True,40.791648864746094,9.864439010620117,0.00013791928358841687,1.9799303117906675e-05
Qwen3-1.7B,model.layers.0.mlp.gate_proj.weight,gate_proj,0,mxfp8,0.0,12582912,6.653135935465495,6.618734995524089,0.03440093994140625,10464478,0.0,True,0.6945134997367859,0.6945134997367859,1.2950650898346794e-06,1.2950650898346794e-06
Qwen3-1.7B,model.layers.0.mlp.gate_proj.weight,gate_proj,0,mxfp8,1.0,12582912,6.2250105539957685,6.190609614054362,0.03440093994140625,9791095,0.4458466370900472,True,1.1214030981063843,0.6945134997367859,3.162528855682467e-06,1.2950650898346794e-06
Qwen3-1.7B,model.layers.0.mlp.gate_proj.weight,gate_proj,0,mxfp8,5.0,12582912,6.034779230753581,6.000378290812175,0.03440093994140625,9491887,0.7643129825592041,True,2.398245334625244,0.6945134997367859,7.831361472199205e-06,1.2950650898346794e-06
Qwen3-1.7B,model.layers.0.mlp.up_proj.weight,up_proj,0,mxfp4,0.0,12582912,3.880306879679362,3.840202967325846,0.040103912353515625,6103195,0.0,True,4.40796422958374,4.40796422958374,1.3168577424949035e-05,1.3168577424949035e-05
Qwen3-1.7B,model.layers.0.mlp.up_proj.weight,up_proj,0,mxfp4,1.0,12582912,3.468081792195638,3.4279778798421225,0.040103912353515625,5454821,0.49250467618306476,True,15.642688751220703,4.40796422958374,6.0459973610704765e-05,1.3168577424949035e-05
Qwen3-1.7B,model.layers.0.mlp.up_proj.weight,up_proj,0,mxfp4,5.0,12582912,3.299520492553711,3.2594165802001953,0.040103912353515625,5189697,0.6457763512929281,True,25.437232971191406,4.40796422958374,9.294255869463086e-05,1.3168577424949035e-05
Qwen3-1.7B,model.layers.0.mlp.up_proj.weight,up_proj,0,mxfp8,0.0,12582912,6.6817671457926435,6.641663233439128,0.040103912353515625,10509511,0.0,True,0.2653517723083496,0.2653517723083496,8.535014899280213e-07,8.535014899280213e-07
Qwen3-1.7B,model.layers.0.mlp.up_proj.weight,up_proj,0,mxfp8,1.0,12582912,6.266955057779948,6.226851145426433,0.040103912353515625,9857068,0.41749803225199383,True,0.5490067601203918,0.2653517723083496,2.056187668131315e-06,8.535014899280213e-07
Qwen3-1.7B,model.layers.0.mlp.up_proj.weight,up_proj,0,mxfp8,5.0,12582912,6.042983373006185,6.002879460652669,0.040103912353515625,9504791,0.7697100639343262,True,1.4497319459915161,0.2653517723083496,5.483858330990188e-06,8.535014899280213e-07
Qwen3-1.7B,model.layers.0.self_attn.k_proj.weight,k_proj,0,mxfp4,0.0,2097152,3.884418487548828,3.851409912109375,0.033008575439453125,1018277,0.0,True,0.5314339399337769,0.5314339399337769,1.6963858797680587e-05,1.6963858797680587e-05
Qwen3-1.7B,model.layers.0.self_attn.k_proj.weight,k_proj,0,mxfp4,1.0,2097152,2.9850196838378906,2.9520111083984375,0.033008575439453125,782505,0.6326537132263184,True,1.8077467679977417,0.5314339399337769,0.00011432981409598142,1.6963858797680587e-05
Qwen3-1.7B,model.layers.0.self_attn.k_proj.weight,k_proj,0,mxfp4,5.0,2097152,2.924274444580078,2.891265869140625,0.033008575439453125,766581,0.6574382781982422,True,1.9852054119110107,0.5314339399337769,0.00012094379781046882,1.6963858797680587e-05
Qwen3-1.7B,model.layers.0.self_attn.k_proj.weight,k_proj,0,mxfp8,0.0,2097152,6.635459899902344,6.602451324462891,0.033008575439453125,1739446,0.0,True,0.03970293328166008,0.03970293328166008,1.1065606031479547e-06,1.1065606031479547e-06
Qwen3-1.7B,model.layers.0.self_attn.k_proj.weight,k_proj,0,mxfp8,1.0,2097152,5.971752166748047,5.938743591308594,0.033008575439453125,1565459,0.6954965591430664,True,0.10733363032341003,0.03970293328166008,6.343466338876169e-06,1.1065606031479547e-06
Qwen3-1.7B,model.layers.0.self_attn.k_proj.weight,k_proj,0,mxfp8,5.0,2097152,5.904396057128906,5.871387481689453,0.033008575439453125,1547802,0.7548666000366211,True,0.12712720036506653,0.03970293328166008,7.493218163290294e-06,1.1065606031479547e-06
Qwen3-1.7B,model.layers.0.self_attn.o_proj.weight,o_proj,0,mxfp4,0.0,4194304,3.9023494720458984,3.857992172241211,0.0443572998046875,2045955,0.0,True,0.6836785674095154,0.6836785674095154,1.3988325008540414e-05,1.3988325008540414e-05
Qwen3-1.7B,model.layers.0.self_attn.o_proj.weight,o_proj,0,mxfp4,1.0,4194304,3.099912643432617,3.0555553436279297,0.0443572998046875,1625247,0.5970010757446289,True,2.7054498195648193,0.6836785674095154,8.389899448957294e-05,1.3988325008540414e-05
Qwen3-1.7B,model.layers.0.self_attn.o_proj.weight,o_proj,0,mxfp4,5.0,4194304,2.9702320098876953,2.925874710083008,0.0443572998046875,1557257,0.6568200588226318,True,3.569899320602417,0.6836785674095154,9.457608393859118e-05,1.3988325008540414e-05
Qwen3-1.7B,model.layers.0.self_attn.o_proj.weight,o_proj,0,mxfp8,0.0,4194304,6.662773132324219,6.618415832519531,0.0443572998046875,3493212,0.0,True,0.042082373052835464,0.042082373052835464,9.260013484890806e-07,9.260013484890806e-07
Qwen3-1.7B,model.layers.0.self_attn.o_proj.weight,o_proj,0,mxfp8,1.0,4194304,6.025171279907227,5.980813980102539,0.0443572998046875,3158925,0.6596164703369141,True,0.12761373817920685,0.042082373052835464,4.482920303416904e-06,9.260013484890806e-07
Qwen3-1.7B,model.layers.0.self_attn.o_proj.weight,o_proj,0,mxfp8,5.0,4194304,5.894466400146484,5.850109100341797,0.0443572998046875,3090398,0.7628352642059326,True,0.2107957899570465,0.042082373052835464,5.993322247377364e-06,9.260013484890806e-07
Qwen3-1.7B,model.layers.0.self_attn.q_proj.weight,q_proj,0,mxfp4,0.0,4194304,3.911996841430664,3.8766307830810547,0.035366058349609375,2051013,0.0,True,0.9130765199661255,0.9130765199661255,1.6679174223099835e-05,1.6679174223099835e-05
Qwen3-1.7B,model.layers.0.self_attn.q_proj.weight,q_proj,0,mxfp4,1.0,4194304,2.9873485565185547,2.9519824981689453,0.035366058349609375,1566231,0.632378339767456,True,3.422443151473999,0.9130765199661255,0.00011252661352045834,1.6679174223099835e-05
Qwen3-1.7B,model.layers.0.self_attn.q_proj.weight,q_proj,0,mxfp4,5.0,4194304,2.928548812866211,2.8931827545166016,0.035366058349609375,1535403,0.6564526557922363,True,3.757159948348999,0.9130765199661255,0.00011866462591569871,1.6679174223099835e-05
Qwen3-1.7B,model.layers.0.self_attn.q_proj.weight,q_proj,0,mxfp8,0.0,4194304,6.64765739440918,6.61229133605957,0.035366058349609375,3485287,0.0,True,0.06887514889240265,0.06887514889240265,1.0884889434237266e-06,1.0884889434237266e-06
Qwen3-1.7B,model.layers.0.self_attn.q_proj.weight,q_proj,0,mxfp8,1.0,4194304,5.993734359741211,5.958368301391602,0.035366058349609375,3142443,0.7276022434234619,True,0.2011592835187912,0.06887514889240265,6.2094950408209115e-06,1.0884889434237266e-06
Qwen3-1.7B,model.layers.0.self_attn.q_proj.weight,q_proj,0,mxfp8,5.0,4194304,5.932121276855469,5.896755218505859,0.035366058349609375,3110140,0.7842392921447754,True,0.24002695083618164,0.06887514889240265,7.34143759473227e-06,1.0884889434237266e-06
Qwen3-1.7B,model.layers.0.self_attn.v_proj.weight,v_proj,0,mxfp4,0.0,2097152,3.8738136291503906,3.840911865234375,0.032901763916015625,1015497,0.0,True,0.27307263016700745,0.27307263016700745,1.483152482251171e-05,1.483152482251171e-05
Qwen3-1.7B,model.layers.0.self_attn.v_proj.weight,v_proj,0,mxfp4,1.0,2097152,2.9611587524414062,2.9282569885253906,0.032901763916015625,776250,0.6333999633789062,True,1.478400707244873,0.27307263016700745,0.00010412260598968714,1.483152482251171e-05
Qwen3-1.7B,model.layers.0.self_attn.v_proj.weight,v_proj,0,mxfp4,5.0,2097152,2.9121322631835938,2.879230499267578,0.032901763916015625,763398,0.6516032218933105,True,1.597383737564087,0.27307263016700745,0.00010678642138373107,1.483152482251171e-05
Qwen3-1.7B,model.layers.0.self_attn.v_proj.weight,v_proj,0,mxfp8,0.0,2097152,6.649059295654297,6.616157531738281,0.032901763916015625,1743011,0.0,True,0.016126666218042374,0.016126666218042374,9.58141981755034e-07,9.58141981755034e-07
Qwen3-1.7B,model.layers.0.self_attn.v_proj.weight,v_proj,0,mxfp8,1.0,2097152,5.936836242675781,5.903934478759766,0.032901763916015625,1556306,0.7124600410461426,True,0.08070512861013412,0.016126666218042374,5.915250767429825e-06,9.58141981755034e-07
Qwen3-1.7B,model.layers.0.self_attn.v_proj.weight,v_proj,0,mxfp8,5.0,2097152,5.877685546875,5.844783782958984,0.032901763916015625,1540800,0.7563257217407227,True,0.09409268945455551,0.016126666218042374,6.500105428131064e-06,9.58141981755034e-07
Qwen3-1.7B,model.layers.1.mlp.down_proj.weight,down_proj,1,mxfp4,0.0,12582912,3.861262003580729,3.8156038920084634,0.045658111572265625,6073240,0.0,True,1.3109053373336792,1.3109053373336792,1.1985041965090204e-05,1.1985041965090204e-05
Qwen3-1.7B,model.layers.1.mlp.down_proj.weight,down_proj,1,mxfp4,1.0,12582912,3.297163645426432,3.2515055338541665,0.045658111572265625,5185990,0.6176624298095703,True,6.60758638381958,1.3109053373336792,8.083291322691366e-05,1.1985041965090204e-05
Qwen3-1.7B,model.layers.1.mlp.down_proj.weight,down_proj,1,mxfp4,5.0,12582912,3.264280319213867,3.2186222076416016,0.045658111572265625,5134269,0.637598435084025,True,7.663265705108643,1.3109053373336792,8.359863568330184e-05,1.1985041965090204e-05
Qwen3-1.7B,model.layers.1.mlp.down_proj.weight,down_proj,1,mxfp8,0.0,12582912,6.765239079793294,6.719580968221028,0.045658111572265625,10640801,0.0,True,0.0804043859243393,0.0804043859243393,7.693700467825693e-07,7.693700467825693e-07
Qwen3-1.7B,model.layers.1.mlp.down_proj.weight,down_proj,1,mxfp8,1.0,12582912,6.131845474243164,6.086187362670898,0.045658111572265625,9644559,0.7268286546071371,True,0.3033282160758972,0.0804043859243393,4.305954462324735e-06,7.693700467825693e-07
Qwen3-1.7B,model.layers.1.mlp.down_proj.weight,down_proj,1,mxfp8,5.0,12582912,6.0690962473551435,6.023438135782878,0.045658111572265625,9545863,0.7954809665679932,True,0.4565756916999817,0.0804043859243393,5.254566076473566e-06,7.693700467825693e-07
Qwen3-1.7B,model.layers.1.mlp.gate_proj.weight,gate_proj,1,mxfp4,0.0,12582912,3.9108149210611978,3.8678785959879556,0.04293632507324219,6151180,0.0,True,403.491943359375,403.491943359375,2.7611358746071346e-05,2.7611358746071346e-05
Qwen3-1.7B,model.layers.1.mlp.gate_proj.weight,gate_proj,1,mxfp4,1.0,12582912,3.867891311645508,3.8249549865722656,0.04293632507324219,6083667,0.06617903709411621,True,406.3184814453125,403.491943359375,2.9720793463638984e-05,2.7611358746071346e-05
Qwen3-1.7B,model.layers.1.mlp.gate_proj.weight,gate_proj,1,mxfp4,5.0,12582912,3.3570944468180337,3.3141581217447915,0.04293632507324219,5280253,0.42886559168497723,True,522.3763427734375,403.491943359375,0.00011211296077817678,2.7611358746071346e-05
Qwen3-1.7B,model.layers.1.mlp.gate_proj.weight,gate_proj,1,mxfp8,0.0,12582912,6.684944152832031,6.642007827758789,0.04293632507324219,10514508,0.0,True,30.2442569732666,30.2442569732666,1.8901902194556897e-06,1.8901902194556897e-06
Qwen3-1.7B,model.layers.1.mlp.gate_proj.weight,gate_proj,1,mxfp8,1.0,12582912,6.471609115600586,6.428672790527344,0.04293632507324219,10178961,0.18462793032328287,True,30.55620002746582,30.2442569732666,2.0960681013093563e-06,1.8901902194556897e-06
Qwen3-1.7B,model.layers.1.mlp.gate_proj.weight,gate_proj,1,mxfp8,5.0,12582912,6.284613291422526,6.241676966349284,0.04293632507324219,9884842,0.47413452466328937,True,33.236114501953125,30.2442569732666,3.951161033910466e-06,1.8901902194556897e-06
Qwen3-1.7B,model.layers.1.mlp.up_proj.weight,up_proj,1,mxfp4,0.0,12582912,3.9017416636149087,3.8578599294026694,0.043881734212239586,6136909,0.0,True,43.68010711669922,43.68010711669922,1.1076896043960005e-05,1.1076896043960005e-05
Qwen3-1.7B,model.layers.1.mlp.up_proj.weight,up_proj,1,mxfp4,1.0,12582912,3.857036590576172,3.813154856363932,0.043881734212239586,6066594,0.10831944147745769,True,45.224082946777344,43.68010711669922,1.2145991604484152e-05,1.1076896043960005e-05
Qwen3-1.7B,model.layers.1.mlp.up_proj.weight,up_proj,1,mxfp4,5.0,12582912,3.5487969716389975,3.504915237426758,0.043881734212239586,5581775,0.44832507769266766,True,85.736572265625,43.68010711669922,3.9853719499660656e-05,1.1076896043960005e-05
Qwen3-1.7B,model.layers.1.mlp.up_proj.weight,up_proj,1,mxfp8,0.0,12582912,6.676338831583659,6.632457097371419,0.043881734212239586,10500973,0.0,True,1.7968523502349854,1.7968523502349854,7.370769594672311e-07,7.370769594672311e-07
Qwen3-1.7B,model.layers.1.mlp.up_proj.weight,up_proj,1,mxfp8,1.0,12582912,6.491135915120442,6.447254180908203,0.043881734212239586,10209674,0.17186983426411948,True,1.8756123781204224,1.7968523502349854,7.867247973081248e-07,7.370769594672311e-07
Qwen3-1.7B,model.layers.1.mlp.up_proj.weight,up_proj,1,mxfp8,5.0,12582912,6.306296666463216,6.262414932250977,0.043881734212239586,9918947,0.42142534255981445,True,3.1535041332244873,1.7968523502349854,1.6721843394407188e-06,7.370769594672311e-07
Qwen3-1.7B,model.layers.1.self_attn.k_proj.weight,k_proj,1,mxfp4,0.0,2097152,3.892070770263672,3.8533058166503906,0.03876495361328125,1020283,0.0,True,0.29620036482810974,0.29620036482810974,1.5471825463464484e-05,1.5471825463464484e-05
Qwen3-1.7B,model.layers.1.self_attn.k_proj.weight,k_proj,1,mxfp4,1.0,2097152,2.976703643798828,2.937938690185547,0.03876495361328125,780325,0.6430630683898926,True,0.9832523465156555,0.29620036482810974,0.00010539709182921797,1.5471825463464484e-05
Qwen3-1.7B,model.layers.1.self_attn.k_proj.weight,k_proj,1,mxfp4,5.0,2097152,2.9359130859375,2.8971481323242188,0.03876495361328125,769632,0.6596198081970215,True,1.0790331363677979,0.29620036482810974,0.00010946777911158279,1.5471825463464484e-05
Qwen3-1.7B,model.layers.1.self_attn.k_proj.weight,k_proj,1,mxfp8,0.0,2097152,6.655632019042969,6.6168670654296875,0.03876495361328125,1744734,0.0,True,0.021699290722608566,0.021699290722608566,1.01442515187955e-06,1.01442515187955e-06
Qwen3-1.7B,model.layers.1.self_attn.k_proj.weight,k_proj,1,mxfp8,1.0,2097152,5.949520111083984,5.910755157470703,0.03876495361328125,1559631,0.7411503791809082,True,0.05876319110393524,0.021699290722608566,6.036666945874458e-06,1.01442515187955e-06
Qwen3-1.7B,model.layers.1.self_attn.k_proj.weight,k_proj,1,mxfp8,5.0,2097152,5.889476776123047,5.850711822509766,0.03876495361328125,1543891,0.782590389251709,True,0.0710802897810936,0.021699290722608566,7.117872883100063e-06,1.01442515187955e-06
Qwen3-1.7B,model.layers.1.self_attn.o_proj.weight,o_proj,1,mxfp4,0.0,4194304,3.892904281616211,3.853179931640625,0.03972434997558594,2041003,0.0,True,0.24971604347229004,0.24971604347229004,1.3956612747278996e-05,1.3956612747278996e-05
Qwen3-1.7B,model.layers.1.self_attn.o_proj.weight,o_proj,1,mxfp4,1.0,4194304,2.9617881774902344,2.9220638275146484,0.03972434997558594,1552830,0.6484193801879883,True,1.4542227983474731,0.24971604347229004,9.815166413318366e-05,1.3956612747278996e-05
Qwen3-1.7B,model.layers.1.self_attn.o_proj.weight,o_proj,1,mxfp4,5.0,4194304,2.925619125366211,2.885894775390625,0.03972434997558594,1533867,0.6588759422302246,True,1.553666591644287,0.24971604347229004,9.974388376576826e-05,1.3956612747278996e-05
Qwen3-1.7B,model.layers.1.self_attn.o_proj.weight,o_proj,1,mxfp8,0.0,4194304,6.650396347045898,6.6106719970703125,0.03972434997558594,3486723,0.0,True,0.015902847051620483,0.015902847051620483,9.117945296566177e-07,9.117945296566177e-07
Qwen3-1.7B,model.layers.1.self_attn.o_proj.weight,o_proj,1,mxfp8,1.0,4194304,5.934272766113281,5.894548416137695,0.03972434997558594,3111268,0.7544984817504883,True,0.08399051427841187,0.015902847051620483,5.893057732464513e-06,9.117945296566177e-07
Qwen3-1.7B,model.layers.1.self_attn.o_proj.weight,o_proj,1,mxfp8,5.0,4194304,5.892585754394531,5.852861404418945,0.03972434997558594,3089412,0.7861042022705078,True,0.10035564005374908,0.015902847051620483,6.664246029686183e-06,9.117945296566177e-07
Qwen3-1.7B,model.layers.1.self_attn.q_proj.weight,q_proj,1,mxfp4,0.0,4194304,3.8886795043945312,3.8521728515625,0.03650665283203125,2038788,0.0,True,0.47708192467689514,0.47708192467689514,1.597752452653367e-05,1.597752452653367e-05
Qwen3-1.7B,model.layers.1.self_attn.q_proj.weight,q_proj,1,mxfp4,1.0,4194304,2.9681434631347656,2.9316368103027344,0.03650665283203125,1556162,0.6462357044219971,True,1.8800266981124878,0.47708192467689514,0.00010934044257737696,1.597752452653367e-05
Qwen3-1.7B,model.layers.1.self_attn.q_proj.weight,q_proj,1,mxfp4,5.0,4194304,2.931304931640625,2.8947982788085938,0.03650665283203125,1536848,0.658320426940918,True,2.0463624000549316,0.47708192467689514,0.00011253097181906924,1.597752452653367e-05
Qwen3-1.7B,model.layers.1.self_attn.q_proj.weight,q_proj,1,mxfp8,0.0,4194304,6.654546737670898,6.618040084838867,0.03650665283203125,3488899,0.0,True,0.03146236017346382,0.03146236017346382,1.0493097306607524e-06,1.0493097306607524e-06
Qwen3-1.7B,model.layers.1.self_attn.q_proj.weight,q_proj,1,mxfp8,1.0,4194304,5.959709167480469,5.9232025146484375,0.03650665283203125,3124604,0.7503511905670166,True,0.10763905197381973,0.03146236017346382,6.260159352677874e-06,1.0493097306607524e-06
Qwen3-1.7B,model.layers.1.self_attn.q_proj.weight,q_proj,1,mxfp8,5.0,4194304,5.916120529174805,5.879613876342773,0.03650665283203125,3101751,0.7904837131500244,True,0.13042430579662323,0.03146236017346382,7.3323822107340675e-06,1.0493097306607524e-06
Qwen3-1.7B,model.layers.1.self_attn.v_proj.weight,v_proj,1,mxfp4,0.0,2097152,3.8724708557128906,3.8410797119140625,0.031391143798828125,1015145,0.0,True,0.1737954169511795,0.1737954169511795,1.5727004210930318e-05,1.5727004210930318e-05
Qwen3-1.7B,model.layers.1.self_attn.v_proj.weight,v_proj,1,mxfp4,1.0,2097152,2.9225425720214844,2.8911514282226562,0.031391143798828125,766127,0.6443796157836914,True,0.9028663635253906,0.1737954169511795,0.00011286969674983993,1.5727004210930318e-05
Qwen3-1.7B,model.layers.1.self_attn.v_proj.weight,v_proj,1,mxfp4,5.0,2097152,2.9003944396972656,2.8690032958984375,0.031391143798828125,760321,0.6518735885620117,True,0.9571148157119751,0.1737954169511795,0.00011408532009227201,1.5727004210930318e-05
Qwen3-1.7B,model.layers.1.self_attn.v_proj.weight,v_proj,1,mxfp8,0.0,2097152,6.652782440185547,6.621391296386719,0.031391143798828125,1743987,0.0,True,0.009510140866041183,0.009510140866041183,1.012408120004693e-06,1.012408120004693e-06
Qwen3-1.7B,model.layers.1.self_attn.v_proj.weight,v_proj,1,mxfp8,1.0,2097152,5.965000152587891,5.9336090087890625,0.031391143798828125,1563689,0.7244558334350586,True,0.049387864768505096,0.009510140866041183,6.494262379419524e-06,1.012408120004693e-06
Qwen3-1.7B,model.layers.1.self_attn.v_proj.weight,v_proj,1,mxfp8,5.0,2097152,5.91888427734375,5.887493133544922,0.031391143798828125,1551600,0.7825660705566406,True,0.060811448842287064,0.009510140866041183,7.655829904251732e-06,1.012408120004693e-06
Qwen3-1.7B,model.layers.10.mlp.down_proj.weight,down_proj,10,mxfp4,0.0,12582912,3.8682549794514975,3.826941172281901,0.04131380716959635,6084239,0.0,True,19.84080696105957,19.84080696105957,1.436379534425214e-05,1.436379534425214e-05
Qwen3-1.7B,model.layers.10.mlp.down_proj.weight,down_proj,10,mxfp4,1.0,12582912,3.7492542266845703,3.707940419514974,0.04131380716959635,5897067,0.20697911580403647,True,26.95060920715332,19.84080696105957,3.040515548491385e-05,1.436379534425214e-05
Qwen3-1.7B,model.layers.10.mlp.down_proj.weight,down_proj,10,mxfp4,5.0,12582912,3.4178638458251953,3.376550038655599,0.04131380716959635,5375835,0.5416868527730306,True,69.05207061767578,19.84080696105957,8.588929631514475e-05,1.436379534425214e-05
Qwen3-1.7B,model.layers.10.mlp.down_proj.weight,down_proj,10,mxfp8,0.0,12582912,6.696846008300781,6.655532201131185,0.04131380716959635,10533228,0.0,True,1.2963323593139648,1.2963323593139648,9.272621355194133e-07,9.272621355194133e-07
Qwen3-1.7B,model.layers.10.mlp.down_proj.weight,down_proj,10,mxfp8,1.0,12582912,6.438465118408203,6.3971513112386065,0.04131380716959635,10126830,0.2298875649770101,True,1.504034161567688,1.2963323593139648,1.3000681065022945e-06,9.272621355194133e-07
Qwen3-1.7B,model.layers.10.mlp.down_proj.weight,down_proj,10,mxfp8,5.0,12582912,6.199272155761719,6.157958348592122,0.04131380716959635,9750612,0.5873902638753256,True,3.133009910583496,1.2963323593139648,4.047253696626285e-06,9.272621355194133e-07
Qwen3-1.7B,model.layers.10.mlp.gate_proj.weight,gate_proj,10,mxfp4,0.0,12582912,3.897036870320638,3.8569863637288413,0.040050506591796875,6129509,0.0,True,71.05559539794922,71.05559539794922,1.9298369807074778e-05,1.9298369807074778e-05
Qwen3-1.7B,model.layers.10.mlp.gate_proj.weight,gate_proj,10,mxfp4,1.0,12582912,3.8824755350748696,3.8424250284830728,0.040050506591796875,6106606,0.03575611114501953,True,72.2085952758789,71.05559539794922,2.001335087697953e-05,1.9298369807074778e-05
Qwen3-1.7B,model.layers.10.mlp.gate_proj.weight,gate_proj,10,mxfp4,5.0,12582912,3.497901280721029,3.457850774129232,0.040050506591796875,5501723,0.3250490029652913,True,124.12860107421875,71.05559539794922,4.5722747017862275e-05,1.9298369807074778e-05
Qwen3-1.7B,model.layers.10.mlp.gate_proj.weight,gate_proj,10,mxfp8,0.0,12582912,6.659809748331706,6.619759241739909,0.040050506591796875,10474975,0.0,True,4.668874740600586,4.668874740600586,1.278725903830491e-06,1.278725903830491e-06
Qwen3-1.7B,model.layers.10.mlp.gate_proj.weight,gate_proj,10,mxfp8,1.0,12582912,6.488501230875651,6.4484507242838545,0.040050506591796875,10205530,0.12495104471842448,True,4.859750270843506,4.668874740600586,1.3773288856100407e-06,1.278725903830491e-06
Qwen3-1.7B,model.layers.10.mlp.gate_proj.weight,gate_proj,10,mxfp8,5.0,12582912,6.334067662556966,6.294017155965169,0.040050506591796875,9962627,0.3063018321990967,True,6.4055914878845215,4.668874740600586,2.142550556527567e-06,1.278725903830491e-06
Qwen3-1.7B,model.layers.10.mlp.up_proj.weight,up_proj,10,mxfp4,0.0,12582912,3.884363810221354,3.8463007609049478,0.03806304931640625,6109576,0.0,True,46.64913558959961,46.64913558959961,1.574929956404958e-05,1.574929956404958e-05
Qwen3-1.7B,model.layers.10.mlp.up_proj.weight,up_proj,10,mxfp4,1.0,12582912,3.8740787506103516,3.8360157012939453,0.03806304931640625,6093399,0.025140921274820965,True,47.40791320800781,46.64913558959961,1.6259004041785374e-05,1.574929956404958e-05
Qwen3-1.7B,model.layers.10.mlp.up_proj.weight,up_proj,10,mxfp4,5.0,12582912,3.55165163675944,3.5135885874430337,0.03806304931640625,5586265,0.320850133895874,True,96.09627532958984,46.64913558959961,4.043050648760982e-05,1.574929956404958e-05
Qwen3-1.7B,model.layers.10.mlp.up_proj.weight,up_proj,10,mxfp8,0.0,12582912,6.663017272949219,6.6249542236328125,0.03806304931640625,10480020,0.0,True,2.7483747005462646,2.7483747005462646,1.0242239341096138e-06,1.0242239341096138e-06
Qwen3-1.7B,model.layers.10.mlp.up_proj.weight,up_proj,10,mxfp8,1.0,12582912,6.520121256510417,6.482058207194011,0.03806304931640625,10255264,0.10705169041951497,True,2.8443603515625,2.7483747005462646,1.069632958206057e-06,1.0242239341096138e-06
Qwen3-1.7B,model.layers.10.mlp.up_proj.weight,up_proj,10,mxfp8,5.0,12582912,6.356238683064778,6.318175633748372,0.03806304931640625,9997499,0.28430525461832684,True,3.9936273097991943,2.7483747005462646,1.6372551954191294e-06,1.0242239341096138e-06
Qwen3-1.7B,model.layers.10.self_attn.k_proj.weight,k_proj,10,mxfp4,0.0,2097152,3.8918800354003906,3.85296630859375,0.038913726806640625,1020233,0.0,True,15.225606918334961,15.225606918334961,1.4486511645372957e-05,1.4486511645372957e-05
Qwen3-1.7B,model.layers.10.self_attn.k_proj.weight,k_proj,10,mxfp4,1.0,2097152,3.8753318786621094,3.8364181518554688,0.038913726806640625,1015895,0.030199050903320312,True,15.414161682128906,15.225606918334961,1.539978984510526e-05,1.4486511645372957e-05
Qwen3-1.7B,model.layers.10.self_attn.k_proj.weight,k_proj,10,mxfp4,5.0,2097152,3.6125411987304688,3.573627471923828,0.038913726806640625,947006,0.2857203483581543,True,22.830547332763672,15.225606918334961,3.600096169975586e-05,1.4486511645372957e-05
Qwen3-1.7B,model.layers.10.self_attn.k_proj.weight,k_proj,10,mxfp8,0.0,2097152,6.656604766845703,6.6176910400390625,0.038913726806640625,1744989,0.0,True,0.9304748177528381,0.9304748177528381,9.549546575726708e-07,9.549546575726708e-07
Qwen3-1.7B,model.layers.10.self_attn.k_proj.weight,k_proj,10,mxfp8,1.0,2097152,6.501468658447266,6.462554931640625,0.038913726806640625,1704321,0.12339115142822266,True,0.9506467580795288,0.9304748177528381,1.0111690471603652e-06,9.549546575726708e-07
Qwen3-1.7B,model.layers.10.self_attn.k_proj.weight,k_proj,10,mxfp8,5.0,2097152,6.326938629150391,6.28802490234375,0.038913726806640625,1658569,0.32070016860961914,True,1.1491308212280273,0.9304748177528381,1.566543346598337e-06,9.549546575726708e-07
Qwen3-1.7B,model.layers.10.self_attn.o_proj.weight,o_proj,10,mxfp4,0.0,4194304,3.897052764892578,3.855379104614258,0.04167366027832031,2043178,0.0,True,9.279601097106934,9.279601097106934,1.326281108049443e-05,1.326281108049443e-05
Qwen3-1.7B,model.layers.10.self_attn.o_proj.weight,o_proj,10,mxfp4,1.0,4194304,3.8514442443847656,3.8097705841064453,0.04167366027832031,2019266,0.08578634262084961,True,10.141392707824707,9.279601097106934,1.6747859262977727e-05,1.326281108049443e-05
Qwen3-1.7B,model.layers.10.self_attn.o_proj.weight,o_proj,10,mxfp4,5.0,4194304,3.435392379760742,3.393718719482422,0.04167366027832031,1801135,0.40154099464416504,True,23.919118881225586,9.279601097106934,4.9848804337671027e-05,1.326281108049443e-05
Qwen3-1.7B,model.layers.10.self_attn.o_proj.weight,o_proj,10,mxfp8,0.0,4194304,6.658964157104492,6.617290496826172,0.04167366027832031,3491215,0.0,True,0.5895020365715027,0.5895020365715027,8.728330840312992e-07,8.728330840312992e-07
Qwen3-1.7B,model.layers.10.self_attn.o_proj.weight,o_proj,10,mxfp8,1.0,4194304,6.461811065673828,6.420137405395508,0.04167366027832031,3387850,0.17809319496154785,True,0.6457307934761047,0.5895020365715027,1.0375151759944856e-06,8.728330840312992e-07
Qwen3-1.7B,model.layers.10.self_attn.o_proj.weight,o_proj,10,mxfp8,5.0,4194304,6.279819488525391,6.23814582824707,0.04167366027832031,3292434,0.4129300117492676,True,1.067718505859375,0.5895020365715027,2.120544195349794e-06,8.728330840312992e-07
Qwen3-1.7B,model.layers.10.self_attn.q_proj.weight,q_proj,10,mxfp4,0.0,4194304,3.8997154235839844,3.862386703491211,0.03732872009277344,2044574,0.0,True,30.649709701538086,30.649709701538086,1.5620127669535577e-05,1.5620127669535577e-05
Qwen3-1.7B,model.layers.10.self_attn.q_proj.weight,q_proj,10,mxfp4,1.0,4194304,3.87255859375,3.8352298736572266,0.03732872009277344,2030336,0.03246426582336426,True,31.057348251342773,30.649709701538086,1.658031396800652e-05,1.5620127669535577e-05
Qwen3-1.7B,model.layers.10.self_attn.q_proj.weight,q_proj,10,mxfp4,5.0,4194304,3.5693283081054688,3.5319995880126953,0.03732872009277344,1871356,0.3030543327331543,True,47.19384002685547,30.649709701538086,3.8160487747518346e-05,1.5620127669535577e-05
Qwen3-1.7B,model.layers.10.self_attn.q_proj.weight,q_proj,10,mxfp8,0.0,4194304,6.654203414916992,6.616874694824219,0.03732872009277344,3488719,0.0,True,1.826876163482666,1.826876163482666,1.0279674143021111e-06,1.0279674143021111e-06
Qwen3-1.7B,model.layers.10.self_attn.q_proj.weight,q_proj,10,mxfp8,1.0,4194304,6.494670867919922,6.457342147827148,0.03732872009277344,3405078,0.12215471267700195,True,1.867292881011963,1.826876163482666,1.0841351922863396e-06,1.0279674143021111e-06
Qwen3-1.7B,model.layers.10.self_attn.q_proj.weight,q_proj,10,mxfp8,5.0,4194304,6.337886810302734,6.300558090209961,0.03732872009277344,3322878,0.30738091468811035,True,2.290877342224121,1.826876163482666,1.6686973367541214e-06,1.0279674143021111e-06
Qwen3-1.7B,model.layers.10.self_attn.v_proj.weight,v_proj,10,mxfp4,0.0,2097152,3.8700790405273438,3.837207794189453,0.032871246337890625,1014518,0.0,True,10.72567367553711,10.72567367553711,1.546333805890754e-05,1.546333805890754e-05
Qwen3-1.7B,model.layers.10.self_attn.v_proj.weight,v_proj,10,mxfp4,1.0,2097152,3.8631134033203125,3.830242156982422,0.032871246337890625,1012692,0.018931865692138672,True,10.836265563964844,10.72567367553711,1.614442044228781e-05,1.546333805890754e-05
Qwen3-1.7B,model.layers.10.self_attn.v_proj.weight,v_proj,10,mxfp4,5.0,2097152,3.6621856689453125,3.629314422607422,0.032871246337890625,960020,0.28232765197753906,True,18.849382400512695,10.72567367553711,3.790344999288209e-05,1.546333805890754e-05
Qwen3-1.7B,model.layers.10.self_attn.v_proj.weight,v_proj,10,mxfp8,0.0,2097152,6.673770904541016,6.640899658203125,0.032871246337890625,1749489,0.0,True,0.5178572535514832,0.5178572535514832,1.0035182640422136e-06,1.0035182640422136e-06
Qwen3-1.7B,model.layers.10.self_attn.v_proj.weight,v_proj,10,mxfp8,1.0,2097152,6.525707244873047,6.492835998535156,0.032871246337890625,1710675,0.11817026138305664,True,0.5370324850082397,0.5178572535514832,1.054366862263123e-06,1.0035182640422136e-06
Qwen3-1.7B,model.layers.10.self_attn.v_proj.weight,v_proj,10,mxfp8,5.0,2097152,6.358974456787109,6.326103210449219,0.032871246337890625,1666967,0.2857203483581543,True,0.7150078415870667,0.5178572535514832,1.5439480876011658e-06,1.0035182640422136e-06
Qwen3-1.7B,model.layers.11.mlp.down_proj.weight,down_proj,11,mxfp4,0.0,12582912,3.868455251057943,3.8310464223225913,0.03740882873535156,6084554,0.0,True,19.37518310546875,19.37518310546875,1.5087796782609075e-05,1.5087796782609075e-05
Qwen3-1.7B,model.layers.11.mlp.down_proj.weight,down_proj,11,mxfp4,1.0,12582912,3.7708511352539062,3.7334423065185547,0.03740882873535156,5931036,0.17201940218607584,True,25.98484992980957,19.37518310546875,2.913575190177653e-05,1.5087796782609075e-05
Qwen3-1.7B,model.layers.11.mlp.down_proj.weight,down_proj,11,mxfp4,5.0,12582912,3.4448865254720054,3.407477696736654,0.03740882873535156,5418338,0.520097573598226,True,72.23944854736328,19.37518310546875,8.954834629548714e-05,1.5087796782609075e-05
Qwen3-1.7B,model.layers.11.mlp.down_proj.weight,down_proj,11,mxfp8,0.0,12582912,6.67569096883138,6.638282140096028,0.03740882873535156,10499954,0.0,True,1.1760870218276978,1.1760870218276978,9.763006119101192e-07,9.763006119101192e-07
Qwen3-1.7B,model.layers.11.mlp.down_proj.weight,down_proj,11,mxfp8,1.0,12582912,6.436913172403972,6.39950434366862,0.03740882873535156,10124389,0.20593984921773276,True,1.3789154291152954,1.1760870218276978,1.296759251090407e-06,9.763006119101192e-07
Qwen3-1.7B,model.layers.11.mlp.down_proj.weight,down_proj,11,mxfp8,5.0,12582912,6.181771596272786,6.144362767537435,0.03740882873535156,9723086,0.5529460112253824,True,3.1388347148895264,1.1760870218276978,4.155380793235963e-06,9.763006119101192e-07
Qwen3-1.7B,model.layers.11.mlp.gate_proj.weight,gate_proj,11,mxfp4,0.0,12582912,3.8929144541422525,3.85406494140625,0.0388495127360026,6123025,0.0,True,59.42034149169922,59.42034149169922,1.721799526421819e-05,1.721799526421819e-05
Qwen3-1.7B,model.layers.11.mlp.gate_proj.weight,gate_proj,11,mxfp4,1.0,12582912,3.876267115275065,3.8374176025390625,0.0388495127360026,6096841,0.03349002202351888,True,60.57561492919922,59.42034149169922,1.8252776499139145e-05,1.721799526421819e-05
Qwen3-1.7B,model.layers.11.mlp.gate_proj.weight,gate_proj,11,mxfp4,5.0,12582912,3.4844226837158203,3.445573170979818,0.0388495127360026,5480523,0.32520079612731934,True,109.20106506347656,59.42034149169922,4.271116995369084e-05,1.721799526421819e-05
Qwen3-1.7B,model.layers.11.mlp.gate_proj.weight,gate_proj,11,mxfp8,0.0,12582912,6.652056376139323,6.61320686340332,0.0388495127360026,10462780,0.0,True,3.934495687484741,3.934495687484741,1.1359064728821977e-06,1.1359064728821977e-06
Qwen3-1.7B,model.layers.11.mlp.gate_proj.weight,gate_proj,11,mxfp8,1.0,12582912,6.498350779215495,6.459501266479492,0.0388495127360026,10221022,0.11204179128011067,True,4.043918609619141,3.934495687484741,1.19664571229805e-06,1.1359064728821977e-06
Qwen3-1.7B,model.layers.11.mlp.gate_proj.weight,gate_proj,11,mxfp8,5.0,12582912,6.341464360555013,6.302614847819011,0.0388495127360026,9974261,0.2996177673339844,True,5.393559455871582,3.934495687484741,1.9124083792121382e-06,1.1359064728821977e-06
Qwen3-1.7B,model.layers.11.mlp.up_proj.weight,up_proj,11,mxfp4,0.0,12582912,3.8845767974853516,3.8476174672444663,0.036959330240885414,6109911,0.0,True,45.836605072021484,45.836605072021484,1.6384081391151994e-05,1.6384081391151994e-05
Qwen3-1.7B,model.layers.11.mlp.up_proj.weight,up_proj,11,mxfp4,1.0,12582912,3.8735936482747397,3.836634318033854,0.036959330240885414,6092636,0.024312416712443035,True,46.67311477661133,45.836605072021484,1.721551234368235e-05,1.6384081391151994e-05
Qwen3-1.7B,model.layers.11.mlp.up_proj.weight,up_proj,11,mxfp4,5.0,12582912,3.47822634379069,3.4412670135498047,0.036959330240885414,5470777,0.31624865531921387,True,95.94918823242188,45.836605072021484,4.232774881529622e-05,1.6384081391151994e-05
Qwen3-1.7B,model.layers.11.mlp.up_proj.weight,up_proj,11,mxfp8,0.0,12582912,6.655143102010091,6.618183771769206,0.036959330240885414,10467635,0.0,True,2.7474772930145264,2.7474772930145264,1.0710555216064677e-06,1.0710555216064677e-06
Qwen3-1.7B,model.layers.11.mlp.up_proj.weight,up_proj,11,mxfp8,1.0,12582912,6.499294916788737,6.462335586547852,0.036959330240885414,10222507,0.1155862808227539,True,2.847505807876587,2.7474772930145264,1.124605205404805e-06,1.0710555216064677e-06
Qwen3-1.7B,model.layers.11.mlp.up_proj.weight,up_proj,11,mxfp8,5.0,12582912,6.346769332885742,6.3098100026448565,0.036959330240885414,9982605,0.27854251861572266,True,4.013741970062256,2.7474772930145264,1.7486790966358967e-06,1.0710555216064677e-06
Qwen3-1.7B,model.layers.11.self_attn.k_proj.weight,k_proj,11,mxfp4,0.0,2097152,3.8895606994628906,3.848499298095703,0.0410614013671875,1019625,0.0,True,32.351318359375,32.351318359375,1.5142091797315516e-05,1.5142091797315516e-05
Qwen3-1.7B,model.layers.11.self_attn.k_proj.weight,k_proj,11,mxfp4,1.0,2097152,3.8711624145507812,3.8301010131835938,0.0410614013671875,1014802,0.048342227935791016,True,32.6488037109375,32.351318359375,1.596493530087173e-05,1.5142091797315516e-05
Qwen3-1.7B,model.layers.11.self_attn.k_proj.weight,k_proj,11,mxfp4,5.0,2097152,3.71942138671875,3.6783599853515625,0.0410614013671875,975024,0.27974987030029297,True,39.6971549987793,32.351318359375,3.098385423072614e-05,1.5142091797315516e-05
Qwen3-1.7B,model.layers.11.self_attn.k_proj.weight,k_proj,11,mxfp8,0.0,2097152,6.700164794921875,6.6591033935546875,0.0410614013671875,1756408,0.0,True,1.9877523183822632,1.9877523183822632,1.0034739261755021e-06,1.0034739261755021e-06
Qwen3-1.7B,model.layers.11.self_attn.k_proj.weight,k_proj,11,mxfp8,1.0,2097152,6.545600891113281,6.504539489746094,0.0410614013671875,1715890,0.1322474479675293,True,2.011868953704834,1.9877523183822632,1.0489718533790438e-06,1.0034739261755021e-06
Qwen3-1.7B,model.layers.11.self_attn.k_proj.weight,k_proj,11,mxfp8,5.0,2097152,6.392097473144531,6.351036071777344,0.0410614013671875,1675650,0.30611181259155273,True,2.198934316635132,1.9877523183822632,1.4078763115321635e-06,1.0034739261755021e-06
Qwen3-1.7B,model.layers.11.self_attn.o_proj.weight,o_proj,11,mxfp4,0.0,4194304,3.9171676635742188,3.8718643188476562,0.0453033447265625,2053724,0.0,True,24.02310562133789,24.02310562133789,1.205931039294228e-05,1.205931039294228e-05
Qwen3-1.7B,model.layers.11.self_attn.o_proj.weight,o_proj,11,mxfp4,1.0,4194304,3.874401092529297,3.8290977478027344,0.0453033447265625,2031302,0.0672905445098877,True,24.533771514892578,24.02310562133789,1.4693218872707803e-05,1.205931039294228e-05
Qwen3-1.7B,model.layers.11.self_attn.o_proj.weight,o_proj,11,mxfp4,5.0,4194304,3.6386756896972656,3.593372344970703,0.0453033447265625,1907714,0.2951505184173584,True,33.913978576660156,24.02310562133789,3.158492472721264e-05,1.205931039294228e-05
Qwen3-1.7B,model.layers.11.self_attn.o_proj.weight,o_proj,11,mxfp8,0.0,4194304,6.656354904174805,6.611051559448242,0.0453033447265625,3489847,0.0,True,1.6192137002944946,1.6192137002944946,8.050158726291556e-07,8.050158726291556e-07
Qwen3-1.7B,model.layers.11.self_attn.o_proj.weight,o_proj,11,mxfp8,1.0,4194304,6.486473083496094,6.441169738769531,0.0453033447265625,3400780,0.1513681411743164,True,1.6618386507034302,1.6192137002944946,9.323965741714346e-07,8.050158726291556e-07
Qwen3-1.7B,model.layers.11.self_attn.o_proj.weight,o_proj,11,mxfp8,5.0,4194304,6.338542938232422,6.293239593505859,0.0453033447265625,3323222,0.3399837017059326,True,1.9884889125823975,1.6192137002944946,1.5298982134481776e-06,8.050158726291556e-07
Qwen3-1.7B,model.layers.11.self_attn.q_proj.weight,q_proj,11,mxfp4,0.0,4194304,3.8844470977783203,3.8463211059570312,0.03812599182128906,2036569,0.0,True,69.19941711425781,69.19941711425781,1.7762265997589566e-05,1.7762265997589566e-05
Qwen3-1.7B,model.layers.11.self_attn.q_proj.weight,q_proj,11,mxfp4,1.0,4194304,3.866910934448242,3.828784942626953,0.03812599182128906,2027375,0.04739737510681152,True,69.86957550048828,69.19941711425781,1.8661034118849784e-05,1.7762265997589566e-05
Qwen3-1.7B,model.layers.11.self_attn.q_proj.weight,q_proj,11,mxfp4,5.0,4194304,3.701274871826172,3.663148880004883,0.03812599182128906,1940534,0.2947697639465332,True,87.06880950927734,69.19941711425781,3.611564898164943e-05,1.7762265997589566e-05
Qwen3-1.7B,model.layers.11.self_attn.q_proj.weight,q_proj,11,mxfp8,0.0,4194304,6.694234848022461,6.656108856201172,0.03812599182128906,3509707,0.0,True,4.0014801025390625,4.0014801025390625,1.1704339613061165e-06,1.1704339613061165e-06
Qwen3-1.7B,model.layers.11.self_attn.q_proj.weight,q_proj,11,mxfp8,1.0,4194304,6.548103332519531,6.509977340698242,0.03812599182128906,3433092,0.1265866756439209,True,4.051025867462158,4.0014801025390625,1.2156746151958941e-06,1.1704339613061165e-06
Qwen3-1.7B,model.layers.11.self_attn.q_proj.weight,q_proj,11,mxfp8,5.0,4194304,6.409564971923828,6.371438980102539,0.03812599182128906,3360458,0.3120760917663574,True,4.483367919921875,4.0014801025390625,1.633706915527e-06,1.1704339613061165e-06
Qwen3-1.7B,model.layers.11.self_attn.v_proj.weight,v_proj,11,mxfp4,0.0,2097152,3.8693275451660156,3.8323135375976562,0.037014007568359375,1014321,0.0,True,20.72288703918457,20.72288703918457,1.4321270100481343e-05,1.4321270100481343e-05
Qwen3-1.7B,model.layers.11.self_attn.v_proj.weight,v_proj,11,mxfp4,1.0,2097152,3.8619651794433594,3.824951171875,0.037014007568359375,1012391,0.024195194244384766,True,20.870834350585938,20.72288703918457,1.4823292985965963e-05,1.4321270100481343e-05
Qwen3-1.7B,model.layers.11.self_attn.v_proj.weight,v_proj,11,mxfp4,5.0,2097152,3.7007827758789062,3.663768768310547,0.037014007568359375,970138,0.278806209564209,True,29.26708984375,20.72288703918457,3.275373455835506e-05,1.4321270100481343e-05
Qwen3-1.7B,model.layers.11.self_attn.v_proj.weight,v_proj,11,mxfp8,0.0,2097152,6.721199035644531,6.684185028076172,0.037014007568359375,1761922,0.0,True,1.0186467170715332,1.0186467170715332,9.264978757528297e-07,9.264978757528297e-07
Qwen3-1.7B,model.layers.11.self_attn.v_proj.weight,v_proj,11,mxfp8,1.0,2097152,6.574653625488281,6.537639617919922,0.037014007568359375,1723506,0.11314868927001953,True,1.039483904838562,1.0186467170715332,9.643897556088632e-07,9.264978757528297e-07
Qwen3-1.7B,model.layers.11.self_attn.v_proj.weight,v_proj,11,mxfp8,5.0,2097152,6.435260772705078,6.398246765136719,0.037014007568359375,1686965,0.25661754608154297,True,1.196406364440918,1.0186467170715332,1.2605548818100942e-06,9.264978757528297e-07
Qwen3-1.7B,model.layers.12.mlp.down_proj.weight,down_proj,12,mxfp4,0.0,12582912,3.867699940999349,3.830669403076172,0.037030537923177086,6083366,0.0,True,22.1740665435791,22.1740665435791,1.5096497918420937e-05,1.5096497918420937e-05
Qwen3-1.7B,model.layers.12.mlp.down_proj.weight,down_proj,12,mxfp4,1.0,12582912,3.783757527669271,3.7467269897460938,0.037030537923177086,5951336,0.15529266993204752,True,28.278179168701172,22.1740665435791,2.748912629613187e-05,1.5096497918420937e-05
Qwen3-1.7B,model.layers.12.mlp.down_proj.weight,down_proj,12,mxfp4,5.0,12582912,3.4711742401123047,3.4341437021891275,0.037030537923177086,5459685,0.4984286626180013,True,75.56837463378906,22.1740665435791,8.674205309944227e-05,1.5096497918420937e-05
Qwen3-1.7B,model.layers.12.mlp.down_proj.weight,down_proj,12,mxfp8,0.0,12582912,6.675752639770508,6.638722101847331,0.037030537923177086,10500051,0.0,True,1.32822847366333,1.32822847366333,9.777309060154948e-07,9.777309060154948e-07
Qwen3-1.7B,model.layers.12.mlp.down_proj.weight,down_proj,12,mxfp8,1.0,12582912,6.443745295206706,6.406714757283528,0.037030537923177086,10135135,0.20197343826293945,True,1.528552770614624,1.32822847366333,1.271174141947995e-06,9.777309060154948e-07
Qwen3-1.7B,model.layers.12.mlp.down_proj.weight,down_proj,12,mxfp8,5.0,12582912,6.206079483032227,6.16904894510905,0.037030537923177086,9761319,0.5341330369313558,True,3.25850510597229,1.32822847366333,3.920997642126167e-06,9.777309060154948e-07
Qwen3-1.7B,model.layers.12.mlp.gate_proj.weight,gate_proj,12,mxfp4,0.0,12582912,3.8951117197672525,3.8552474975585938,0.03986422220865885,6126481,0.0,True,57.87791442871094,57.87791442871094,1.6294276065309532e-05,1.6294276065309532e-05
Qwen3-1.7B,model.layers.12.mlp.gate_proj.weight,gate_proj,12,mxfp4,1.0,12582912,3.8760789235432944,3.8362147013346353,0.03986422220865885,6096545,0.03249375025431315,True,59.02018356323242,57.87791442871094,1.736703416099772e-05,1.6294276065309532e-05
Qwen3-1.7B,model.layers.12.mlp.gate_proj.weight,gate_proj,12,mxfp4,5.0,12582912,3.501340866088867,3.4614766438802085,0.03986422220865885,5507133,0.3277846972147624,True,109.02359008789062,57.87791442871094,4.1766925278352574e-05,1.6294276065309532e-05
Qwen3-1.7B,model.layers.12.mlp.gate_proj.weight,gate_proj,12,mxfp8,0.0,12582912,6.656469980875651,6.616605758666992,0.03986422220865885,10469722,0.0,True,3.8283629417419434,3.8283629417419434,1.07688299522124e-06,1.07688299522124e-06
Qwen3-1.7B,model.layers.12.mlp.gate_proj.weight,gate_proj,12,mxfp8,1.0,12582912,6.487908045450847,6.4480438232421875,0.03986422220865885,10204597,0.12260715166727702,True,3.933985710144043,3.8283629417419434,1.1355640481269802e-06,1.07688299522124e-06
Qwen3-1.7B,model.layers.12.mlp.gate_proj.weight,gate_proj,12,mxfp8,5.0,12582912,6.334693908691406,6.294829686482747,0.03986422220865885,9963612,0.310486634572347,True,5.267721652984619,3.8283629417419434,1.8307167692910298e-06,1.07688299522124e-06
Qwen3-1.7B,model.layers.12.mlp.up_proj.weight,up_proj,12,mxfp4,0.0,12582912,3.8860861460367837,3.848211924235026,0.03787422180175781,6112285,0.0,True,46.32014083862305,46.32014083862305,1.6323219824698754e-05,1.6323219824698754e-05
Qwen3-1.7B,model.layers.12.mlp.up_proj.weight,up_proj,12,mxfp4,1.0,12582912,3.874325434366862,3.836451212565104,0.03787422180175781,6093787,0.0257112979888916,True,47.19477844238281,46.32014083862305,1.723261084407568e-05,1.6323219824698754e-05
Qwen3-1.7B,model.layers.12.mlp.up_proj.weight,up_proj,12,mxfp4,5.0,12582912,3.477301915486654,3.439427693684896,0.03787422180175781,5469323,0.3169756730397542,True,96.9031982421875,46.32014083862305,4.1666051401989534e-05,1.6323219824698754e-05
Qwen3-1.7B,model.layers.12.mlp.up_proj.weight,up_proj,12,mxfp8,0.0,12582912,6.660204569498698,6.62233034769694,0.03787422180175781,10475596,0.0,True,2.7763798236846924,2.7763798236846924,1.0683087339202757e-06,1.0683087339202757e-06
Qwen3-1.7B,model.layers.12.mlp.up_proj.weight,up_proj,12,mxfp8,1.0,12582912,6.507917404174805,6.470043182373047,0.03787422180175781,10236069,0.10678434371948242,True,2.8770384788513184,2.7763798236846924,1.1223295359741314e-06,1.0683087339202757e-06
Qwen3-1.7B,model.layers.12.mlp.up_proj.weight,up_proj,12,mxfp8,5.0,12582912,6.36155891418457,6.3236846923828125,0.03787422180175781,10005867,0.26870131492614746,True,4.066648960113525,2.7763798236846924,1.7538117162985145e-06,1.0683087339202757e-06
Qwen3-1.7B,model.layers.12.self_attn.k_proj.weight,k_proj,12,mxfp4,0.0,2097152,3.8955535888671875,3.8551597595214844,0.040393829345703125,1021196,0.0,True,33.93154525756836,33.93154525756836,1.422394416294992e-05,1.422394416294992e-05
Qwen3-1.7B,model.layers.12.self_attn.k_proj.weight,k_proj,12,mxfp4,1.0,2097152,3.89166259765625,3.851268768310547,0.040393829345703125,1020176,0.014698505401611328,True,34.013160705566406,33.93154525756836,1.4951037883292884e-05,1.422394416294992e-05
Qwen3-1.7B,model.layers.12.self_attn.k_proj.weight,k_proj,12,mxfp4,5.0,2097152,3.8163986206054688,3.7760047912597656,0.040393829345703125,1000446,0.15880203247070312,True,37.724525451660156,33.93154525756836,2.2495620214613155e-05,1.422394416294992e-05
Qwen3-1.7B,model.layers.12.self_attn.k_proj.weight,k_proj,12,mxfp8,0.0,2097152,6.668247222900391,6.6278533935546875,0.040393829345703125,1748041,0.0,True,2.350423812866211,2.350423812866211,9.49509228576062e-07,9.49509228576062e-07
Qwen3-1.7B,model.layers.12.self_attn.k_proj.weight,k_proj,12,mxfp8,1.0,2097152,6.533046722412109,6.492652893066406,0.040393829345703125,1712599,0.11117887496948242,True,2.3746840953826904,2.350423812866211,9.995145546781714e-07,9.49509228576062e-07
Qwen3-1.7B,model.layers.12.self_attn.k_proj.weight,k_proj,12,mxfp8,5.0,2097152,6.398826599121094,6.358432769775391,0.040393829345703125,1677414,0.24041271209716797,True,2.536025285720825,2.350423812866211,1.297698872804176e-06,9.49509228576062e-07
Qwen3-1.7B,model.layers.12.self_attn.o_proj.weight,o_proj,12,mxfp4,0.0,4194304,3.8983917236328125,3.8567161560058594,0.041675567626953125,2043880,0.0,True,17.606760025024414,17.606760025024414,1.2001319191767834e-05,1.2001319191767834e-05
Qwen3-1.7B,model.layers.12.self_attn.o_proj.weight,o_proj,12,mxfp4,1.0,4194304,3.8800125122070312,3.838336944580078,0.041675567626953125,2034244,0.03714251518249512,True,17.956708908081055,17.606760025024414,1.274408532481175e-05,1.2001319191767834e-05
Qwen3-1.7B,model.layers.12.self_attn.o_proj.weight,o_proj,12,mxfp4,5.0,4194304,3.619281768798828,3.577606201171875,0.041675567626953125,1897546,0.2977468967437744,True,30.51189613342285,17.606760025024414,3.3676671591820195e-05,1.2001319191767834e-05
Qwen3-1.7B,model.layers.12.self_attn.o_proj.weight,o_proj,12,mxfp8,0.0,4194304,6.661619186401367,6.619943618774414,0.041675567626953125,3492607,0.0,True,1.1048625707626343,1.1048625707626343,7.898171929809905e-07,7.898171929809905e-07
Qwen3-1.7B,model.layers.12.self_attn.o_proj.weight,o_proj,12,mxfp8,1.0,4194304,6.497344970703125,6.455669403076172,0.041675567626953125,3406480,0.12926363945007324,True,1.141539216041565,1.1048625707626343,8.475696517962206e-07,7.898171929809905e-07
Qwen3-1.7B,model.layers.12.self_attn.o_proj.weight,o_proj,12,mxfp8,5.0,4194304,6.326835632324219,6.285160064697266,0.041675567626953125,3317084,0.32326340675354004,True,1.4872157573699951,1.1048625707626343,1.3944912780061713e-06,7.898171929809905e-07
Qwen3-1.7B,model.layers.12.self_attn.q_proj.weight,q_proj,12,mxfp4,0.0,4194304,3.8903446197509766,3.8528709411621094,0.03747367858886719,2039661,0.0,True,64.9613037109375,64.9613037109375,1.6130363292177208e-05,1.6130363292177208e-05
Qwen3-1.7B,model.layers.12.self_attn.q_proj.weight,q_proj,12,mxfp4,1.0,4194304,3.8850936889648438,3.8476200103759766,0.03747367858886719,2036908,0.015443086624145508,True,65.15988159179688,64.9613037109375,1.688380871200934e-05,1.6130363292177208e-05
Qwen3-1.7B,model.layers.12.self_attn.q_proj.weight,q_proj,12,mxfp4,5.0,4194304,3.787691116333008,3.7502174377441406,0.03747367858886719,1985841,0.1515793800354004,True,74.97918701171875,64.9613037109375,2.6299017918063328e-05,1.6130363292177208e-05
Qwen3-1.7B,model.layers.12.self_attn.q_proj.weight,q_proj,12,mxfp8,0.0,4194304,6.659181594848633,6.621707916259766,0.03747367858886719,3491329,0.0,True,4.001277446746826,4.001277446746826,1.063789909494517e-06,1.063789909494517e-06
Qwen3-1.7B,model.layers.12.self_attn.q_proj.weight,q_proj,12,mxfp8,1.0,4194304,6.526798248291016,6.489324569702148,0.03747367858886719,3421922,0.11155533790588379,True,4.0532732009887695,4.001277446746826,1.1148385965498164e-06,1.063789909494517e-06
Qwen3-1.7B,model.layers.12.self_attn.q_proj.weight,q_proj,12,mxfp8,5.0,4194304,6.387874603271484,6.350400924682617,0.03747367858886719,3349086,0.24457073211669922,True,4.411504745483398,4.001277446746826,1.4413328699447447e-06,1.063789909494517e-06
Qwen3-1.7B,model.layers.12.self_attn.v_proj.weight,v_proj,12,mxfp4,0.0,2097152,3.867290496826172,3.8328399658203125,0.034450531005859375,1013787,0.0,True,20.895225524902344,20.895225524902344,1.4786810424993746e-05,1.4786810424993746e-05
Qwen3-1.7B,model.layers.12.self_attn.v_proj.weight,v_proj,12,mxfp4,1.0,2097152,3.864501953125,3.8300514221191406,0.034450531005859375,1013056,0.00893545150756836,True,20.95275115966797,20.895225524902344,1.5444187738467008e-05,1.4786810424993746e-05
Qwen3-1.7B,model.layers.12.self_attn.v_proj.weight,v_proj,12,mxfp4,5.0,2097152,3.8137741088867188,3.7793235778808594,0.034450531005859375,999758,0.1074981689453125,True,24.918161392211914,20.895225524902344,2.404206315986812e-05,1.4786810424993746e-05
Qwen3-1.7B,model.layers.12.self_attn.v_proj.weight,v_proj,12,mxfp8,0.0,2097152,6.679737091064453,6.645286560058594,0.034450531005859375,1751053,0.0,True,1.025607705116272,1.025607705116272,9.508268021818367e-07,9.508268021818367e-07
Qwen3-1.7B,model.layers.12.self_attn.v_proj.weight,v_proj,12,mxfp8,1.0,2097152,6.551731109619141,6.517280578613281,0.034450531005859375,1717497,0.09884405136108398,True,1.0475718975067139,1.025607705116272,9.931782187777571e-07,9.508268021818367e-07
Qwen3-1.7B,model.layers.12.self_attn.v_proj.weight,v_proj,12,mxfp8,5.0,2097152,6.426815032958984,6.392364501953125,0.034450531005859375,1684751,0.21114587783813477,True,1.2035101652145386,1.025607705116272,1.291820240112429e-06,9.508268021818367e-07
Qwen3-1.7B,model.layers.13.mlp.down_proj.weight,down_proj,13,mxfp4,0.0,12582912,3.866460164388021,3.828211466471354,0.038248697916666664,6081416,0.0,True,26.76188850402832,26.76188850402832,1.4372390978678595e-05,1.4372390978678595e-05
Qwen3-1.7B,model.layers.13.mlp.down_proj.weight,down_proj,13,mxfp4,1.0,12582912,3.808527628580729,3.7702789306640625,0.038248697916666664,5990296,0.11728350321451823,True,31.385847091674805,26.76188850402832,2.257333653687965e-05,1.4372390978678595e-05
Qwen3-1.7B,model.layers.13.mlp.down_proj.weight,down_proj,13,mxfp4,5.0,12582912,3.5201549530029297,3.481906255086263,0.038248697916666664,5536725,0.4496442476908366,True,79.21759033203125,26.76188850402832,7.377433212241158e-05,1.4372390978678595e-05
Qwen3-1.7B,model.layers.13.mlp.down_proj.weight,down_proj,13,mxfp8,0.0,12582912,6.681400299072266,6.643151601155599,0.038248697916666664,10508934,0.0,True,1.6241790056228638,1.6241790056228638,9.274706371797947e-07,9.274706371797947e-07
Qwen3-1.7B,model.layers.13.mlp.down_proj.weight,down_proj,13,mxfp8,1.0,12582912,6.473145167032878,6.434896469116211,0.038248697916666664,10181377,0.17326601346333823,True,1.8010814189910889,1.6241790056228638,1.1392932037779246e-06,9.274706371797947e-07
Qwen3-1.7B,model.layers.13.mlp.down_proj.weight,down_proj,13,mxfp8,5.0,12582912,6.272760391235352,6.234511693318685,0.038248697916666664,9866199,0.46518723169962567,True,3.3149831295013428,1.6241790056228638,3.0868393423588714e-06,9.274706371797947e-07
Qwen3-1.7B,model.layers.13.mlp.gate_proj.weight,gate_proj,13,mxfp4,0.0,12582912,3.8956000010172525,3.853715260823568,0.0418847401936849,6127249,0.0,True,61.05075454711914,61.05075454711914,1.5353371054516174e-05,1.5353371054516174e-05
Qwen3-1.7B,model.layers.13.mlp.gate_proj.weight,gate_proj,13,mxfp4,1.0,12582912,3.882087071736654,3.8402023315429688,0.0418847401936849,6105995,0.02850945790608724,True,62.047000885009766,61.05075454711914,1.629478356335312e-05,1.5353371054516174e-05
Qwen3-1.7B,model.layers.13.mlp.gate_proj.weight,gate_proj,13,mxfp4,5.0,12582912,3.6655826568603516,3.6236979166666665,0.0418847401936849,5765463,0.31187979380289715,True,115.4028091430664,61.05075454711914,3.944404306821525e-05,1.5353371054516174e-05
Qwen3-1.7B,model.layers.13.mlp.gate_proj.weight,gate_proj,13,mxfp8,0.0,12582912,6.668631235758464,6.626746495564778,0.0418847401936849,10488850,0.0,True,3.9746253490448,3.9746253490448,1.0136221817447222e-06,1.0136221817447222e-06
Qwen3-1.7B,model.layers.13.mlp.gate_proj.weight,gate_proj,13,mxfp8,1.0,12582912,6.513866424560547,6.471981684366862,0.0418847401936849,10245426,0.12050175666809082,True,4.092275619506836,3.9746253490448,1.0712730045270291e-06,1.0136221817447222e-06
Qwen3-1.7B,model.layers.13.mlp.gate_proj.weight,gate_proj,13,mxfp8,5.0,12582912,6.359998067220052,6.318113327026367,0.0418847401936849,10003412,0.30430857340494794,True,5.240615367889404,3.9746253490448,1.6044469930420746e-06,1.0136221817447222e-06
Qwen3-1.7B,model.layers.13.mlp.up_proj.weight,up_proj,13,mxfp4,0.0,12582912,3.885064442952474,3.846345901489258,0.03871854146321615,6110678,0.0,True,50.54633331298828,50.54633331298828,1.548389991512522e-05,1.548389991512522e-05
Qwen3-1.7B,model.layers.13.mlp.up_proj.weight,up_proj,13,mxfp4,1.0,12582912,3.875316619873047,3.8365980784098306,0.03871854146321615,6095346,0.02124897638956706,True,51.30091857910156,50.54633331298828,1.6284036973956972e-05,1.548389991512522e-05
Qwen3-1.7B,model.layers.13.mlp.up_proj.weight,up_proj,13,mxfp4,5.0,12582912,3.6601969401041665,3.6214783986409507,0.03871854146321615,5756992,0.2813575267791748,True,101.12890625,50.54633331298828,3.818243931164034e-05,1.548389991512522e-05
Qwen3-1.7B,model.layers.13.mlp.up_proj.weight,up_proj,13,mxfp8,0.0,12582912,6.665355046590169,6.626636505126953,0.03871854146321615,10483697,0.0,True,3.0160715579986572,3.0160715579986572,1.013952669381979e-06,1.013952669381979e-06
Qwen3-1.7B,model.layers.13.mlp.up_proj.weight,up_proj,13,mxfp8,1.0,12582912,6.51438585917155,6.475667317708333,0.03871854146321615,10246243,0.11272311210632324,True,3.1291110515594482,3.0160715579986572,1.0675736348275677e-06,1.013952669381979e-06
Qwen3-1.7B,model.layers.13.mlp.up_proj.weight,up_proj,13,mxfp8,5.0,12582912,6.364687601725261,6.325969060262044,0.03871854146321615,10010788,0.2755738099416097,True,4.1641764640808105,3.0160715579986572,1.5648380440325127e-06,1.013952669381979e-06
Qwen3-1.7B,model.layers.13.self_attn.k_proj.weight,k_proj,13,mxfp4,0.0,2097152,3.896148681640625,3.8558578491210938,0.04029083251953125,1021352,0.0,True,42.6931037902832,42.6931037902832,1.2826177226088475e-05,1.2826177226088475e-05
Qwen3-1.7B,model.layers.13.self_attn.k_proj.weight,k_proj,13,mxfp4,1.0,2097152,3.8929595947265625,3.8526687622070312,0.04029083251953125,1020516,0.013177871704101562,True,42.75498580932617,42.6931037902832,1.3333599781617522e-05,1.2826177226088475e-05
Qwen3-1.7B,model.layers.13.self_attn.k_proj.weight,k_proj,13,mxfp4,5.0,2097152,3.8366432189941406,3.7963523864746094,0.04029083251953125,1005753,0.13008975982666016,True,45.318363189697266,42.6931037902832,1.8506969354348257e-05,1.2826177226088475e-05
Qwen3-1.7B,model.layers.13.self_attn.k_proj.weight,k_proj,13,mxfp8,0.0,2097152,6.666259765625,6.625968933105469,0.04029083251953125,1747520,0.0,True,2.908967971801758,2.908967971801758,8.526179158252489e-07,8.526179158252489e-07
Qwen3-1.7B,model.layers.13.self_attn.k_proj.weight,k_proj,13,mxfp8,1.0,2097152,6.542995452880859,6.502704620361328,0.04029083251953125,1715207,0.09628009796142578,True,2.927218437194824,2.908967971801758,8.856317776917422e-07,8.526179158252489e-07
Qwen3-1.7B,model.layers.13.self_attn.k_proj.weight,k_proj,13,mxfp8,5.0,2097152,6.426349639892578,6.386058807373047,0.04029083251953125,1684629,0.20210027694702148,True,3.0574533939361572,2.908967971801758,1.1063075362471864e-06,8.526179158252489e-07
Qwen3-1.7B,model.layers.13.self_attn.o_proj.weight,o_proj,13,mxfp4,0.0,4194304,3.898874282836914,3.857137680053711,0.041736602783203125,2044133,0.0,True,30.3419132232666,30.3419132232666,1.1324684237479232e-05,1.1324684237479232e-05
Qwen3-1.7B,model.layers.13.self_attn.o_proj.weight,o_proj,13,mxfp4,1.0,4194304,3.8935699462890625,3.8518333435058594,0.041736602783203125,2041352,0.018139123916625977,True,30.49144744873047,30.3419132232666,1.1550576346053276e-05,1.1324684237479232e-05
Qwen3-1.7B,model.layers.13.self_attn.o_proj.weight,o_proj,13,mxfp4,5.0,4194304,3.784076690673828,3.742340087890625,0.041736602783203125,1983946,0.17218399047851562,True,37.45476531982422,30.3419132232666,2.0619867427740246e-05,1.1324684237479232e-05
Qwen3-1.7B,model.layers.13.self_attn.o_proj.weight,o_proj,13,mxfp8,0.0,4194304,6.662389755249023,6.62065315246582,0.041736602783203125,3493011,0.0,True,1.877534031867981,1.877534031867981,7.477738677152956e-07,7.477738677152956e-07
Qwen3-1.7B,model.layers.13.self_attn.o_proj.weight,o_proj,13,mxfp8,1.0,4194304,6.538373947143555,6.496637344360352,0.041736602783203125,3427991,0.1062004566192627,True,1.909916639328003,1.877534031867981,7.781294470987632e-07,7.477738677152956e-07
Qwen3-1.7B,model.layers.13.self_attn.o_proj.weight,o_proj,13,mxfp8,5.0,4194304,6.414943695068359,6.373207092285156,0.041736602783203125,3363278,0.23797202110290527,True,2.177125930786133,1.877534031867981,1.054139829648193e-06,7.477738677152956e-07
Qwen3-1.7B,model.layers.13.self_attn.q_proj.weight,q_proj,13,mxfp4,0.0,4194304,3.8946094512939453,3.856250762939453,0.03835868835449219,2041897,0.0,True,94.5552749633789,94.5552749633789,1.650655030971393e-05,1.650655030971393e-05
Qwen3-1.7B,model.layers.13.self_attn.q_proj.weight,q_proj,13,mxfp4,1.0,4194304,3.890481948852539,3.852123260498047,0.03835868835449219,2039733,0.014246463775634766,True,94.73192596435547,94.5552749633789,1.7177615518448874e-05,1.650655030971393e-05
Qwen3-1.7B,model.layers.13.self_attn.q_proj.weight,q_proj,13,mxfp4,5.0,4194304,3.806713104248047,3.7683544158935547,0.03835868835449219,1995814,0.13702654838562012,True,102.52256774902344,94.5552749633789,2.36700325331185e-05,1.650655030971393e-05
Qwen3-1.7B,model.layers.13.self_attn.q_proj.weight,q_proj,13,mxfp8,0.0,4194304,6.660810470581055,6.6224517822265625,0.03835868835449219,3492183,0.0,True,5.470151901245117,5.470151901245117,1.0923448598987306e-06,1.0923448598987306e-06
Qwen3-1.7B,model.layers.13.self_attn.q_proj.weight,q_proj,13,mxfp8,1.0,4194304,6.533411026000977,6.495052337646484,0.03835868835449219,3425389,0.10764384269714355,True,5.5231428146362305,5.470151901245117,1.1385180869183387e-06,1.0923448598987306e-06
Qwen3-1.7B,model.layers.13.self_attn.q_proj.weight,q_proj,13,mxfp8,5.0,4194304,6.414791107177734,6.376432418823242,0.03835868835449219,3363198,0.22197484970092773,True,5.87524938583374,5.470151901245117,1.4074657883611508e-06,1.0923448598987306e-06
Qwen3-1.7B,model.layers.13.self_attn.v_proj.weight,v_proj,13,mxfp4,0.0,2097152,3.870685577392578,3.836639404296875,0.034046173095703125,1014677,0.0,True,29.062694549560547,29.062694549560547,1.4664085938420612e-05,1.4664085938420612e-05
Qwen3-1.7B,model.layers.13.self_attn.v_proj.weight,v_proj,13,mxfp4,1.0,2097152,3.8684768676757812,3.834430694580078,0.034046173095703125,1014098,0.007003307342529297,True,29.111984252929688,29.062694549560547,1.519061788712861e-05,1.4664085938420612e-05
Qwen3-1.7B,model.layers.13.self_attn.v_proj.weight,v_proj,13,mxfp4,5.0,2097152,3.8398208618164062,3.805774688720703,0.034046173095703125,1006586,0.0749368667602539,True,31.425121307373047,29.062694549560547,2.0251256501069292e-05,1.4664085938420612e-05
Qwen3-1.7B,model.layers.13.self_attn.v_proj.weight,v_proj,13,mxfp8,0.0,2097152,6.680824279785156,6.646778106689453,0.034046173095703125,1751338,0.0,True,1.3271485567092896,1.3271485567092896,9.46938484958082e-07,9.46938484958082e-07
Qwen3-1.7B,model.layers.13.self_attn.v_proj.weight,v_proj,13,mxfp8,1.0,2097152,6.552635192871094,6.518589019775391,0.034046173095703125,1717734,0.09492063522338867,True,1.3482110500335693,1.3271485567092896,9.825757842918392e-07,9.46938484958082e-07
Qwen3-1.7B,model.layers.13.self_attn.v_proj.weight,v_proj,13,mxfp8,5.0,2097152,6.451930999755859,6.417884826660156,0.034046173095703125,1691335,0.1861419677734375,True,1.4899978637695312,1.3271485567092896,1.2325050420258776e-06,9.46938484958082e-07
Qwen3-1.7B,model.layers.14.mlp.down_proj.weight,down_proj,14,mxfp4,0.0,12582912,3.864044189453125,3.8248818715413413,0.03916231791178385,6077616,0.0,True,36.34278106689453,36.34278106689453,1.4252299479267094e-05,1.4252299479267094e-05
Qwen3-1.7B,model.layers.14.mlp.down_proj.weight,down_proj,14,mxfp4,1.0,12582912,3.8250147501627603,3.7858524322509766,0.03916231791178385,6016228,0.08721486727396648,True,39.847618103027344,36.34278106689453,1.973320104298182e-05,1.4252299479267094e-05
Qwen3-1.7B,model.layers.14.mlp.down_proj.weight,down_proj,14,mxfp4,5.0,12582912,3.573867162068685,3.534704844156901,0.03916231791178385,5621207,0.39994629224141437,True,87.8485107421875,36.34278106689453,6.428231426980346e-05,1.4252299479267094e-05
Qwen3-1.7B,model.layers.14.mlp.down_proj.weight,down_proj,14,mxfp8,0.0,12582912,6.688303629557292,6.649141311645508,0.03916231791178385,10519792,0.0,True,2.1630821228027344,2.1630821228027344,9.17766556085553e-07,9.17766556085553e-07
Qwen3-1.7B,model.layers.14.mlp.down_proj.weight,down_proj,14,mxfp8,1.0,12582912,6.508066813151042,6.468904495239258,0.03916231791178385,10236304,0.1632052262624105,True,2.328294515609741,2.1630821228027344,1.0776224144137814e-06,9.17766556085553e-07
Qwen3-1.7B,model.layers.14.mlp.down_proj.weight,down_proj,14,mxfp8,5.0,12582912,6.321917215983073,6.282754898071289,0.03916231791178385,9943516,0.41973018646240234,True,3.6996774673461914,2.1630821228027344,2.5247566100006225e-06,9.17766556085553e-07
Qwen3-1.7B,model.layers.14.mlp.gate_proj.weight,gate_proj,14,mxfp4,0.0,12582912,3.8958943684895835,3.8523756663004556,0.0435187021891276,6127712,0.0,True,64.17974853515625,64.17974853515625,1.419923864887096e-05,1.419923864887096e-05
Qwen3-1.7B,model.layers.14.mlp.gate_proj.weight,gate_proj,14,mxfp4,1.0,12582912,3.8890183766682944,3.8454996744791665,0.0435187021891276,6116897,0.01973096529642741,True,64.85356140136719,64.17974853515625,1.4664253285445739e-05,1.419923864887096e-05
Qwen3-1.7B,model.layers.14.mlp.gate_proj.weight,gate_proj,14,mxfp4,5.0,12582912,3.6863829294840493,3.642864227294922,0.0435187021891276,5798179,0.2785940170288086,True,116.267822265625,64.17974853515625,3.469660441624001e-05,1.419923864887096e-05
Qwen3-1.7B,model.layers.14.mlp.gate_proj.weight,gate_proj,14,mxfp8,0.0,12582912,6.679920832316081,6.636402130126953,0.0435187021891276,10506607,0.0,True,4.227958679199219,4.227958679199219,9.366678455080546e-07,9.366678455080546e-07
Qwen3-1.7B,model.layers.14.mlp.gate_proj.weight,gate_proj,14,mxfp8,1.0,12582912,6.5319468180338545,6.488428115844727,0.0435187021891276,10273864,0.11188228925069173,True,4.355886936187744,4.227958679199219,9.8724569852493e-07,9.366678455080546e-07
Qwen3-1.7B,model.layers.14.mlp.gate_proj.weight,gate_proj,14,mxfp8,5.0,12582912,6.387229919433594,6.343711217244466,0.0435187021891276,10046244,0.2909864584604899,True,5.470973014831543,4.227958679199219,1.4192346498020925e-06,9.366678455080546e-07
Qwen3-1.7B,model.layers.14.mlp.up_proj.weight,up_proj,14,mxfp4,0.0,12582912,3.883540471394857,3.8430442810058594,0.0404961903889974,6108281,0.0,True,54.69084167480469,54.69084167480469,1.4645854207628872e-05,1.4645854207628872e-05
Qwen3-1.7B,model.layers.14.mlp.up_proj.weight,up_proj,14,mxfp4,1.0,12582912,3.8778273264567056,3.8373311360677085,0.0404961903889974,6099295,0.014188766479492188,True,55.19903564453125,54.69084167480469,1.5012294170446694e-05,1.4645854207628872e-05
Qwen3-1.7B,model.layers.14.mlp.up_proj.weight,up_proj,14,mxfp4,5.0,12582912,3.681912104288737,3.6414159138997397,0.0404961903889974,5791147,0.2544517517089844,True,105.8494873046875,54.69084167480469,3.4949953260365874e-05,1.4645854207628872e-05
Qwen3-1.7B,model.layers.14.mlp.up_proj.weight,up_proj,14,mxfp8,0.0,12582912,6.678213755289714,6.637717564900716,0.0404961903889974,10503922,0.0,True,3.249229907989502,3.249229907989502,9.547022727929289e-07,9.547022727929289e-07
Qwen3-1.7B,model.layers.14.mlp.up_proj.weight,up_proj,14,mxfp8,1.0,12582912,6.52156130472819,6.481065114339192,0.0404961903889974,10257529,0.11682470639546712,True,3.374526023864746,3.249229907989502,1.0037111906058271e-06,9.547022727929289e-07
Qwen3-1.7B,model.layers.14.mlp.up_proj.weight,up_proj,14,mxfp8,5.0,12582912,6.379530588785808,6.33903439839681,0.0404961903889974,10034134,0.2664688428243001,True,4.372207164764404,3.249229907989502,1.3926968449595734e-06,9.547022727929289e-07
Qwen3-1.7B,model.layers.14.self_attn.k_proj.weight,k_proj,14,mxfp4,0.0,2097152,3.896289825439453,3.854541778564453,0.041748046875,1021389,0.0,True,70.837890625,70.837890625,1.2841976058552973e-05,1.2841976058552973e-05
Qwen3-1.7B,model.layers.14.self_attn.k_proj.weight,k_proj,14,mxfp4,1.0,2097152,3.894256591796875,3.852508544921875,0.041748046875,1020856,0.009109020233154297,True,70.87571716308594,70.837890625,1.302177770412527e-05,1.2841976058552973e-05
Qwen3-1.7B,model.layers.14.self_attn.k_proj.weight,k_proj,14,mxfp4,5.0,2097152,3.857189178466797,3.815441131591797,0.041748046875,1011139,0.08926773071289062,True,72.70613861083984,70.837890625,1.570073982293252e-05,1.2841976058552973e-05
Qwen3-1.7B,model.layers.14.self_attn.k_proj.weight,k_proj,14,mxfp8,0.0,2097152,6.676887512207031,6.635139465332031,0.041748046875,1750306,0.0,True,4.997590065002441,4.997590065002441,8.474335118080489e-07,8.474335118080489e-07
Qwen3-1.7B,model.layers.14.self_attn.k_proj.weight,k_proj,14,mxfp8,1.0,2097152,6.578914642333984,6.537166595458984,0.041748046875,1724623,0.07900381088256836,True,5.009850025177002,4.997590065002441,8.610935537944897e-07,8.474335118080489e-07
Qwen3-1.7B,model.layers.14.self_attn.k_proj.weight,k_proj,14,mxfp8,5.0,2097152,6.484508514404297,6.442760467529297,0.041748046875,1699875,0.16638755798339844,True,5.106847286224365,4.997590065002441,9.687408919489826e-07,8.474335118080489e-07
Qwen3-1.7B,model.layers.14.self_attn.o_proj.weight,o_proj,14,mxfp4,0.0,4194304,3.9020233154296875,3.860074996948242,0.04194831848144531,2045784,0.0,True,26.20872688293457,26.20872688293457,1.1296478078293148e-05,1.1296478078293148e-05
Qwen3-1.7B,model.layers.14.self_attn.o_proj.weight,o_proj,14,mxfp4,1.0,4194304,3.893291473388672,3.8513431549072266,0.04194831848144531,2041206,0.02219367027282715,True,26.38741683959961,26.20872688293457,1.1575733878999017e-05,1.1296478078293148e-05
Qwen3-1.7B,model.layers.14.self_attn.o_proj.weight,o_proj,14,mxfp4,5.0,4194304,3.7737350463867188,3.7317867279052734,0.04194831848144531,1978524,0.18096613883972168,True,33.36477279663086,26.20872688293457,2.0701761968666688e-05,1.1296478078293148e-05
Qwen3-1.7B,model.layers.14.self_attn.o_proj.weight,o_proj,14,mxfp8,0.0,4194304,6.655216217041016,6.61326789855957,0.04194831848144531,3489250,0.0,True,1.671942114830017,1.671942114830017,7.480283557015355e-07,7.480283557015355e-07
Qwen3-1.7B,model.layers.14.self_attn.o_proj.weight,o_proj,14,mxfp8,1.0,4194304,6.5267486572265625,6.484800338745117,0.04194831848144531,3421896,0.11049652099609375,True,1.7040693759918213,1.671942114830017,7.796953127581219e-07,7.480283557015355e-07
Qwen3-1.7B,model.layers.14.self_attn.o_proj.weight,o_proj,14,mxfp8,5.0,4194304,6.395835876464844,6.353887557983398,0.04194831848144531,3353260,0.2513260841369629,True,1.957340121269226,1.671942114830017,1.057651502378576e-06,7.480283557015355e-07
Qwen3-1.7B,model.layers.14.self_attn.q_proj.weight,q_proj,14,mxfp4,0.0,4194304,3.8882980346679688,3.849201202392578,0.039096832275390625,2038588,0.0,True,144.00802612304688,144.00802612304688,1.5471492588403635e-05,1.5471492588403635e-05
Qwen3-1.7B,model.layers.14.self_attn.q_proj.weight,q_proj,14,mxfp4,1.0,4194304,3.8858489990234375,3.846752166748047,0.039096832275390625,2037304,0.010106801986694336,True,144.12844848632812,144.00802612304688,1.5754894775454886e-05,1.5471492588403635e-05
Qwen3-1.7B,model.layers.14.self_attn.q_proj.weight,q_proj,14,mxfp4,5.0,4194304,3.8519840240478516,3.812887191772461,0.039096832275390625,2019549,0.08697700500488281,True,148.12367248535156,144.00802612304688,1.880776289908681e-05,1.5471492588403635e-05
Qwen3-1.7B,model.layers.14.self_attn.q_proj.weight,q_proj,14,mxfp8,0.0,4194304,6.670524597167969,6.631427764892578,0.039096832275390625,3497276,0.0,True,8.175719261169434,8.175719261169434,1.0100116014655214e-06,1.0100116014655214e-06
Qwen3-1.7B,model.layers.14.self_attn.q_proj.weight,q_proj,14,mxfp8,1.0,4194304,6.569635391235352,6.530538558959961,0.039096832275390625,3444381,0.07860803604125977,True,8.205465316772461,8.175719261169434,1.0274567330270656e-06,1.0100116014655214e-06
Qwen3-1.7B,model.layers.14.self_attn.q_proj.weight,q_proj,14,mxfp8,5.0,4194304,6.47566032409668,6.436563491821289,0.039096832275390625,3395111,0.16958403587341309,True,8.444195747375488,8.175719261169434,1.158375539489498e-06,1.0100116014655214e-06
Qwen3-1.7B,model.layers.14.self_attn.v_proj.weight,v_proj,14,mxfp4,0.0,2097152,3.871723175048828,3.835735321044922,0.03598785400390625,1014949,0.0,True,44.96156311035156,44.96156311035156,1.4041577742318623e-05,1.4041577742318623e-05
Qwen3-1.7B,model.layers.14.self_attn.v_proj.weight,v_proj,14,mxfp4,1.0,2097152,3.8708267211914062,3.8348388671875,0.03598785400390625,1014714,0.003673553466796875,True,44.98432540893555,44.96156311035156,1.4219257536751684e-05,1.4041577742318623e-05
Qwen3-1.7B,model.layers.14.self_attn.v_proj.weight,v_proj,14,mxfp4,5.0,2097152,3.85540771484375,3.8194198608398438,0.03598785400390625,1010672,0.047272682189941406,True,45.94892883300781,44.96156311035156,1.6358606444555335e-05,1.4041577742318623e-05
Qwen3-1.7B,model.layers.14.self_attn.v_proj.weight,v_proj,14,mxfp8,0.0,2097152,6.690822601318359,6.654834747314453,0.03598785400390625,1753959,0.0,True,2.065035820007324,2.065035820007324,9.098661735151836e-07,9.098661735151836e-07
Qwen3-1.7B,model.layers.14.self_attn.v_proj.weight,v_proj,14,mxfp8,1.0,2097152,6.597576141357422,6.561588287353516,0.03598785400390625,1729515,0.06730365753173828,True,2.0764718055725098,2.065035820007324,9.235241691385454e-07,9.098661735151836e-07
Qwen3-1.7B,model.layers.14.self_attn.v_proj.weight,v_proj,14,mxfp8,5.0,2097152,6.519935607910156,6.48394775390625,0.03598785400390625,1709162,0.13613462448120117,True,2.165670394897461,2.065035820007324,1.026663539960282e-06,9.098661735151836e-07
Qwen3-1.7B,model.layers.15.mlp.down_proj.weight,down_proj,15,mxfp4,0.0,12582912,3.86680539449056,3.8276023864746094,0.03920300801595052,6081959,0.0,True,56.22977066040039,56.22977066040039,1.433243687642971e-05,1.433243687642971e-05
Qwen3-1.7B,model.layers.15.mlp.down_proj.weight,down_proj,15,mxfp4,1.0,12582912,3.8411407470703125,3.801937739054362,0.03920300801595052,6041592,0.0605614980061849,True,58.68846130371094,56.22977066040039,1.7979131371248513e-05,1.433243687642971e-05
Qwen3-1.7B,model.layers.15.mlp.down_proj.weight,down_proj,15,mxfp4,5.0,12582912,3.661757787068685,3.6225547790527344,0.03920300801595052,5759447,0.3194848696390788,True,101.07742309570312,56.22977066040039,5.2315259381430224e-05,1.433243687642971e-05
Qwen3-1.7B,model.layers.15.mlp.down_proj.weight,down_proj,15,mxfp8,0.0,12582912,6.684696197509766,6.645493189493815,0.03920300801595052,10514118,0.0,True,3.3531761169433594,3.3531761169433594,9.235057518708345e-07,9.235057518708345e-07
Qwen3-1.7B,model.layers.15.mlp.down_proj.weight,down_proj,15,mxfp8,1.0,12582912,6.5155029296875,6.47629992167155,0.03920300801595052,10248000,0.13900017738342285,True,3.5008814334869385,3.3531761169433594,1.0429749863760662e-06,9.235057518708345e-07
Qwen3-1.7B,model.layers.15.mlp.down_proj.weight,down_proj,15,mxfp8,5.0,12582912,6.359511057535808,6.3203080495198565,0.03920300801595052,10002646,0.34214480717976886,True,4.691909313201904,3.3531761169433594,2.0563336420309497e-06,9.235057518708345e-07
Qwen3-1.7B,model.layers.15.mlp.gate_proj.weight,gate_proj,15,mxfp4,0.0,12582912,3.894953409830729,3.8509788513183594,0.04397455851236979,6126232,0.0,True,77.38400268554688,77.38400268554688,1.4444177395489533e-05,1.4444177395489533e-05
Qwen3-1.7B,model.layers.15.mlp.gate_proj.weight,gate_proj,15,mxfp4,1.0,12582912,3.8914051055908203,3.8474305470784507,0.04397455851236979,6120651,0.012443224589029947,True,77.81687927246094,77.38400268554688,1.4668446965515614e-05,1.4444177395489533e-05
Qwen3-1.7B,model.layers.15.mlp.gate_proj.weight,gate_proj,15,mxfp4,5.0,12582912,3.7097886403401694,3.6658140818277993,0.04397455851236979,5834993,0.2516793409983317,True,127.64014434814453,77.38400268554688,3.2186260796152055e-05,1.4444177395489533e-05
Qwen3-1.7B,model.layers.15.mlp.gate_proj.weight,gate_proj,15,mxfp8,0.0,12582912,6.684542973836263,6.6405684153238935,0.04397455851236979,10513877,0.0,True,4.955181121826172,4.955181121826172,9.539008942738292e-07,9.539008942738292e-07
Qwen3-1.7B,model.layers.15.mlp.gate_proj.weight,gate_proj,15,mxfp8,1.0,12582912,6.535376230875651,6.491401672363281,0.04397455851236979,10279258,0.10962645212809245,True,5.087451457977295,4.955181121826172,9.980057029679301e-07,9.539008942738292e-07
Qwen3-1.7B,model.layers.15.mlp.gate_proj.weight,gate_proj,15,mxfp8,5.0,12582912,6.392454783121745,6.348480224609375,0.04397455851236979,10054462,0.2744757334391276,True,6.191125392913818,4.955181121826172,1.3705015362575068e-06,9.539008942738292e-07
Qwen3-1.7B,model.layers.15.mlp.up_proj.weight,up_proj,15,mxfp4,0.0,12582912,3.8845558166503906,3.844322840372721,0.04023297627766927,6109878,0.0,True,68.54700469970703,68.54700469970703,1.5313167750719003e-05,1.5313167750719003e-05
Qwen3-1.7B,model.layers.15.mlp.up_proj.weight,up_proj,15,mxfp4,1.0,12582912,3.881106694539388,3.8408737182617188,0.04023297627766927,6104453,0.00924229621887207,True,68.90230560302734,68.54700469970703,1.5503615941270255e-05,1.5313167750719003e-05
Qwen3-1.7B,model.layers.15.mlp.up_proj.weight,up_proj,15,mxfp4,5.0,12582912,3.70548947652181,3.6652565002441406,0.04023297627766927,5828231,0.21641222635904947,True,117.24431610107422,68.54700469970703,3.245196785428561e-05,1.5313167750719003e-05
Qwen3-1.7B,model.layers.15.mlp.up_proj.weight,up_proj,15,mxfp8,0.0,12582912,6.677300771077474,6.637067794799805,0.04023297627766927,10502486,0.0,True,4.078813552856445,4.078813552856445,1.0009893003370962e-06,1.0009893003370962e-06
Qwen3-1.7B,model.layers.15.mlp.up_proj.weight,up_proj,15,mxfp8,1.0,12582912,6.529028574625651,6.4887955983479815,0.04023297627766927,10269274,0.10405596097310384,True,4.2067975997924805,4.078813552856445,1.0434024488858995e-06,1.0009893003370962e-06
Qwen3-1.7B,model.layers.15.mlp.up_proj.weight,up_proj,15,mxfp8,5.0,12582912,6.388568878173828,6.348335901896159,0.04023297627766927,10048350,0.24582346280415854,True,5.208835124969482,4.078813552856445,1.376807290398574e-06,1.0009893003370962e-06
Qwen3-1.7B,model.layers.15.self_attn.k_proj.weight,k_proj,15,mxfp4,0.0,2097152,3.89825439453125,3.8579940795898438,0.04026031494140625,1021904,0.0,True,141.00091552734375,141.00091552734375,1.1476562576717697e-05,1.1476562576717697e-05
Qwen3-1.7B,model.layers.15.self_attn.k_proj.weight,k_proj,15,mxfp4,1.0,2097152,3.8980712890625,3.8578109741210938,0.04026031494140625,1021856,0.0006155967712402344,True,141.00311279296875,141.00091552734375,1.148568480857648e-05,1.1476562576717697e-05
Qwen3-1.7B,model.layers.15.self_attn.k_proj.weight,k_proj,15,mxfp4,5.0,2097152,3.8946685791015625,3.8544082641601562,0.04026031494140625,1020964,0.011974334716796875,True,141.24099731445312,141.00091552734375,1.1872924915223848e-05,1.1476562576717697e-05
Qwen3-1.7B,model.layers.15.self_attn.k_proj.weight,k_proj,15,mxfp8,0.0,2097152,6.663848876953125,6.623588562011719,0.04026031494140625,1746888,0.0,True,10.14604663848877,10.14604663848877,7.648653763681068e-07,7.648653763681068e-07
Qwen3-1.7B,model.layers.15.self_attn.k_proj.weight,k_proj,15,mxfp8,1.0,2097152,6.586315155029297,6.546054840087891,0.04026031494140625,1726563,0.05203580856323242,True,10.155892372131348,10.14604663848877,7.690067604926298e-07,7.648653763681068e-07
Qwen3-1.7B,model.layers.15.self_attn.k_proj.weight,k_proj,15,mxfp8,5.0,2097152,6.524517059326172,6.484256744384766,0.04026031494140625,1710363,0.10669183731079102,True,10.240178108215332,10.14604663848877,8.030266371861217e-07,7.648653763681068e-07
Qwen3-1.7B,model.layers.15.self_attn.o_proj.weight,o_proj,15,mxfp4,0.0,4194304,3.899099349975586,3.8567676544189453,0.042331695556640625,2044251,0.0,True,41.25182342529297,41.25182342529297,1.1795256796176545e-05,1.1795256796176545e-05
Qwen3-1.7B,model.layers.15.self_attn.o_proj.weight,o_proj,15,mxfp4,1.0,4194304,3.895235061645508,3.852903366088867,0.042331695556640625,2042225,0.012873649597167969,True,41.36448287963867,41.25182342529297,1.198512745759217e-05,1.1795256796176545e-05
Qwen3-1.7B,model.layers.15.self_attn.o_proj.weight,o_proj,15,mxfp4,5.0,4194304,3.8294944763183594,3.7871627807617188,0.042331695556640625,2007758,0.11951255798339844,True,46.12599182128906,41.25182342529297,1.81805753527442e-05,1.1795256796176545e-05
Qwen3-1.7B,model.layers.15.self_attn.o_proj.weight,o_proj,15,mxfp8,0.0,4194304,6.657609939575195,6.615278244018555,0.042331695556640625,3490505,0.0,True,2.6118550300598145,2.6118550300598145,7.774714276820305e-07,7.774714276820305e-07
Qwen3-1.7B,model.layers.15.self_attn.o_proj.weight,o_proj,15,mxfp8,1.0,4194304,6.544384002685547,6.502052307128906,0.042331695556640625,3431142,0.09112024307250977,True,2.6427979469299316,2.6118550300598145,8.061566063588543e-07,7.774714276820305e-07
Qwen3-1.7B,model.layers.15.self_attn.o_proj.weight,o_proj,15,mxfp8,5.0,4194304,6.432270050048828,6.3899383544921875,0.042331695556640625,3372362,0.19876885414123535,True,2.870687961578369,2.6118550300598145,1.0153758012165781e-06,7.774714276820305e-07
Qwen3-1.7B,model.layers.15.self_attn.q_proj.weight,q_proj,15,mxfp4,0.0,4194304,3.886798858642578,3.8490676879882812,0.037731170654296875,2037802,0.0,True,329.8648681640625,329.8648681640625,1.616366716916673e-05,1.616366716916673e-05
Qwen3-1.7B,model.layers.15.self_attn.q_proj.weight,q_proj,15,mxfp4,1.0,4194304,3.8862075805664062,3.8484764099121094,0.037731170654296875,2037492,0.002136707305908203,True,329.88970947265625,329.8648681640625,1.6181589671759866e-05,1.616366716916673e-05
Qwen3-1.7B,model.layers.15.self_attn.q_proj.weight,q_proj,15,mxfp4,5.0,4194304,3.8795318603515625,3.8418006896972656,0.037731170654296875,2033992,0.022125720977783203,True,331.25323486328125,329.8648681640625,1.6830361346364953e-05,1.616366716916673e-05
Qwen3-1.7B,model.layers.15.self_attn.q_proj.weight,q_proj,15,mxfp8,0.0,4194304,6.665256500244141,6.627525329589844,0.037731170654296875,3494514,0.0,True,20.393787384033203,20.393787384033203,1.0587093584035756e-06,1.0587093584035756e-06
Qwen3-1.7B,model.layers.15.self_attn.q_proj.weight,q_proj,15,mxfp8,1.0,4194304,6.58305549621582,6.545324325561523,0.037731170654296875,3451417,0.05918145179748535,True,20.425247192382812,20.393787384033203,1.064591970134643e-06,1.0587093584035756e-06
Qwen3-1.7B,model.layers.15.self_attn.q_proj.weight,q_proj,15,mxfp8,5.0,4194304,6.520637512207031,6.482906341552734,0.037731170654296875,3418692,0.11788821220397949,True,20.661752700805664,20.393787384033203,1.1088749261034536e-06,1.0587093584035756e-06
Qwen3-1.7B,model.layers.15.self_attn.v_proj.weight,v_proj,15,mxfp4,0.0,2097152,3.8679771423339844,3.8285560607910156,0.03942108154296875,1013967,0.0,True,92.7483139038086,92.7483139038086,1.42266526381718e-05,1.42266526381718e-05
Qwen3-1.7B,model.layers.15.self_attn.v_proj.weight,v_proj,15,mxfp4,1.0,2097152,3.86785888671875,3.8284378051757812,0.03942108154296875,1013936,0.0004181861877441406,True,92.75054168701172,92.7483139038086,1.423298363079084e-05,1.42266526381718e-05
Qwen3-1.7B,model.layers.15.self_attn.v_proj.weight,v_proj,15,mxfp4,5.0,2097152,3.8647308349609375,3.8253097534179688,0.03942108154296875,1013116,0.010549545288085938,True,93.07142639160156,92.7483139038086,1.4778182048758026e-05,1.42266526381718e-05
Qwen3-1.7B,model.layers.15.self_attn.v_proj.weight,v_proj,15,mxfp8,0.0,2097152,6.716453552246094,6.677032470703125,0.03942108154296875,1760678,0.0,True,4.226468563079834,4.226468563079834,9.143682291323785e-07,9.143682291323785e-07
Qwen3-1.7B,model.layers.15.self_attn.v_proj.weight,v_proj,15,mxfp8,1.0,2097152,6.645900726318359,6.606479644775391,0.03942108154296875,1742183,0.049877166748046875,True,4.238265037536621,4.226468563079834,9.189337788484409e-07,9.143682291323785e-07
Qwen3-1.7B,model.layers.15.self_attn.v_proj.weight,v_proj,15,mxfp8,5.0,2097152,6.582744598388672,6.543323516845703,0.03942108154296875,1725627,0.10504674911499023,True,4.338682174682617,4.226468563079834,9.557543307892047e-07,9.143682291323785e-07
Qwen3-1.7B,model.layers.16.mlp.down_proj.weight,down_proj,16,mxfp4,0.0,12582912,3.8641649881998696,3.82276980082194,0.04139518737792969,6077806,0.0,True,182.64984130859375,182.64984130859375,1.4972506505728234e-05,1.4972506505728234e-05
Qwen3-1.7B,model.layers.16.mlp.down_proj.weight,down_proj,16,mxfp4,1.0,12582912,3.8544514973958335,3.813056310017904,0.04139518737792969,6062528,0.024980465571085613,True,183.78018188476562,182.64984130859375,1.6476404198328964e-05,1.4972506505728234e-05
Qwen3-1.7B,model.layers.16.mlp.down_proj.weight,down_proj,16,mxfp4,5.0,12582912,3.754062016805013,3.7126668294270835,0.04139518737792969,5904629,0.20308279991149902,True,217.44827270507812,182.64984130859375,3.7071866245241836e-05,1.4972506505728234e-05
Qwen3-1.7B,model.layers.16.mlp.down_proj.weight,down_proj,16,mxfp8,0.0,12582912,6.7024275461832685,6.661032358805339,0.04139518737792969,10542007,0.0,True,11.911370277404785,11.911370277404785,9.530562579129764e-07,9.530562579129764e-07
Qwen3-1.7B,model.layers.16.mlp.down_proj.weight,down_proj,16,mxfp8,1.0,12582912,6.582024892171224,6.540629704793294,0.04139518737792969,10352630,0.09848260879516602,True,12.03014850616455,11.911370277404785,1.0119341595782316e-06,9.530562579129764e-07
Qwen3-1.7B,model.layers.16.mlp.down_proj.weight,down_proj,16,mxfp8,5.0,12582912,6.4632829030354815,6.421887715657552,0.04139518737792969,10165865,0.2378049691518148,True,13.000950813293457,11.911370277404785,1.5437358342751395e-06,9.530562579129764e-07
Qwen3-1.7B,model.layers.16.mlp.gate_proj.weight,gate_proj,16,mxfp4,0.0,12582912,3.887284596761068,3.8431758880615234,0.04410870869954427,6114170,0.0,True,92.42974090576172,92.42974090576172,1.430061547580408e-05,1.430061547580408e-05
Qwen3-1.7B,model.layers.16.mlp.gate_proj.weight,gate_proj,16,mxfp4,1.0,12582912,3.8824342091878257,3.8383255004882812,0.04410870869954427,6106541,0.012240012486775717,True,92.91907501220703,92.42974090576172,1.4483576705970336e-05,1.430061547580408e-05
Qwen3-1.7B,model.layers.16.mlp.gate_proj.weight,gate_proj,16,mxfp4,5.0,12582912,3.708749771118164,3.6646410624186196,0.04410870869954427,5833359,0.2590445677439372,True,145.16885375976562,92.42974090576172,3.1911975383991376e-05,1.430061547580408e-05
Qwen3-1.7B,model.layers.16.mlp.gate_proj.weight,gate_proj,16,mxfp8,0.0,12582912,6.702966690063477,6.658857981363933,0.04410870869954427,10542855,0.0,True,5.989008903503418,5.989008903503418,9.371003670821665e-07,9.371003670821665e-07
Qwen3-1.7B,model.layers.16.mlp.gate_proj.weight,gate_proj,16,mxfp8,1.0,12582912,6.557846705118815,6.5137379964192705,0.04410870869954427,10314601,0.1067039171854655,True,6.115588188171387,5.989008903503418,9.741014537212322e-07,9.371003670821665e-07
Qwen3-1.7B,model.layers.16.mlp.gate_proj.weight,gate_proj,16,mxfp8,5.0,12582912,6.425412495930989,6.381303787231445,0.04410870869954427,10106300,0.2585684458414714,True,7.143283843994141,5.989008903503418,1.2867689065387822e-06,9.371003670821665e-07
Qwen3-1.7B,model.layers.16.mlp.up_proj.weight,up_proj,16,mxfp4,0.0,12582912,3.876300811767578,3.836582819620768,0.0397179921468099,6096894,0.0,True,86.47470092773438,86.47470092773438,1.630967562959995e-05,1.630967562959995e-05
Qwen3-1.7B,model.layers.16.mlp.up_proj.weight,up_proj,16,mxfp4,1.0,12582912,3.871699015299479,3.8319810231526694,0.0397179921468099,6089656,0.0114595095316569,True,86.9736328125,86.47470092773438,1.648674333409872e-05,1.630967562959995e-05
Qwen3-1.7B,model.layers.16.mlp.up_proj.weight,up_proj,16,mxfp4,5.0,12582912,3.6919352213541665,3.652217229207357,0.0397179921468099,5806912,0.25581900278727215,True,141.712646484375,86.47470092773438,3.4345503081567585e-05,1.630967562959995e-05
Qwen3-1.7B,model.layers.16.mlp.up_proj.weight,up_proj,16,mxfp8,0.0,12582912,6.696183522542317,6.656465530395508,0.0397179921468099,10532186,0.0,True,5.082687854766846,5.082687854766846,1.0577313105386565e-06,1.0577313105386565e-06
Qwen3-1.7B,model.layers.16.mlp.up_proj.weight,up_proj,16,mxfp8,1.0,12582912,6.558591206868489,6.51887321472168,0.0397179921468099,10315772,0.10085312525431316,True,5.208580017089844,5.082687854766846,1.093042214961315e-06,1.0577313105386565e-06
Qwen3-1.7B,model.layers.16.mlp.up_proj.weight,up_proj,16,mxfp8,5.0,12582912,6.4281266530354815,6.388408660888672,0.0397179921468099,10110569,0.22799118359883627,True,6.153886795043945,5.082687854766846,1.3669960026163608e-06,1.0577313105386565e-06
Qwen3-1.7B,model.layers.16.self_attn.k_proj.weight,k_proj,16,mxfp4,0.0,2097152,3.8927459716796875,3.8530616760253906,0.039684295654296875,1020460,0.0,True,194.9146728515625,194.9146728515625,1.2704123037110548e-05,1.2704123037110548e-05
Qwen3-1.7B,model.layers.16.self_attn.k_proj.weight,k_proj,16,mxfp4,1.0,2097152,3.892414093017578,3.8527297973632812,0.039684295654296875,1020373,0.0014395713806152344,True,194.92071533203125,194.9146728515625,1.2712940588244237e-05,1.2704123037110548e-05
Qwen3-1.7B,model.layers.16.self_attn.k_proj.weight,k_proj,16,mxfp4,5.0,2097152,3.8870811462402344,3.8473968505859375,0.039684295654296875,1018975,0.02012348175048828,True,195.31883239746094,194.9146728515625,1.2964080269739497e-05,1.2704123037110548e-05
Qwen3-1.7B,model.layers.16.self_attn.k_proj.weight,k_proj,16,mxfp8,0.0,2097152,6.674304962158203,6.634620666503906,0.039684295654296875,1749629,0.0,True,14.282657623291016,14.282657623291016,8.385277396882884e-07,8.385277396882884e-07
Qwen3-1.7B,model.layers.16.self_attn.k_proj.weight,k_proj,16,mxfp8,1.0,2097152,6.594627380371094,6.554943084716797,0.039684295654296875,1728742,0.060622215270996094,True,14.294708251953125,14.282657623291016,8.426110866821546e-07,8.385277396882884e-07
Qwen3-1.7B,model.layers.16.self_attn.k_proj.weight,k_proj,16,mxfp8,5.0,2097152,6.522319793701172,6.482635498046875,0.039684295654296875,1709787,0.12571287155151367,True,14.395071029663086,14.282657623291016,8.746997650632693e-07,8.385277396882884e-07
Qwen3-1.7B,model.layers.16.self_attn.o_proj.weight,o_proj,16,mxfp4,0.0,4194304,3.9013500213623047,3.8585376739501953,0.042812347412109375,2045431,0.0,True,70.8876724243164,70.8876724243164,1.1809609532065224e-05,1.1809609532065224e-05
Qwen3-1.7B,model.layers.16.self_attn.o_proj.weight,o_proj,16,mxfp4,1.0,4194304,3.8991622924804688,3.8563499450683594,0.042812347412109375,2044284,0.008388042449951172,True,70.96142578125,70.8876724243164,1.188698206533445e-05,1.1809609532065224e-05
Qwen3-1.7B,model.layers.16.self_attn.o_proj.weight,o_proj,16,mxfp4,5.0,4194304,3.8527145385742188,3.8099021911621094,0.042812347412109375,2019932,0.0896296501159668,True,74.47037506103516,70.8876724243164,1.5486573829548433e-05,1.1809609532065224e-05
Qwen3-1.7B,model.layers.16.self_attn.o_proj.weight,o_proj,16,mxfp8,0.0,4194304,6.653886795043945,6.611074447631836,0.042812347412109375,3488553,0.0,True,4.454421043395996,4.454421043395996,7.783701789776387e-07,7.783701789776387e-07
Qwen3-1.7B,model.layers.16.self_attn.o_proj.weight,o_proj,16,mxfp8,1.0,4194304,6.554450988769531,6.511638641357422,0.042812347412109375,3436420,0.07785964012145996,True,4.481344223022461,4.454421043395996,7.953103704494424e-07,7.783701789776387e-07
Qwen3-1.7B,model.layers.16.self_attn.o_proj.weight,o_proj,16,mxfp8,5.0,4194304,6.465188980102539,6.42237663269043,0.042812347412109375,3389621,0.1662003993988037,True,4.686963081359863,4.454421043395996,9.219108960678568e-07,7.783701789776387e-07
Qwen3-1.7B,model.layers.16.self_attn.q_proj.weight,q_proj,16,mxfp4,0.0,4194304,3.8870582580566406,3.8484268188476562,0.038631439208984375,2037938,0.0,True,426.5701599121094,426.5701599121094,1.8701113731367514e-05,1.8701113731367514e-05
Qwen3-1.7B,model.layers.16.self_attn.q_proj.weight,q_proj,16,mxfp4,1.0,4194304,3.886737823486328,3.8481063842773438,0.038631439208984375,2037770,0.0014340877532958984,True,426.5914306640625,426.5701599121094,1.871375752671156e-05,1.8701113731367514e-05
Qwen3-1.7B,model.layers.16.self_attn.q_proj.weight,q_proj,16,mxfp4,5.0,4194304,3.8748512268066406,3.8362197875976562,0.038631439208984375,2031538,0.031150102615356445,True,428.8662109375,426.5701599121094,1.928141136886552e-05,1.8701113731367514e-05
Qwen3-1.7B,model.layers.16.self_attn.q_proj.weight,q_proj,16,mxfp8,0.0,4194304,6.683839797973633,6.645208358764648,0.038631439208984375,3504257,0.0,True,24.824966430664062,24.824966430664062,1.2301840115469531e-06,1.2301840115469531e-06
Qwen3-1.7B,model.layers.16.self_attn.q_proj.weight,q_proj,16,mxfp8,1.0,4194304,6.60399055480957,6.565359115600586,0.038631439208984375,3462393,0.057770490646362305,True,24.861297607421875,24.824966430664062,1.2358416370261693e-06,1.2301840115469531e-06
Qwen3-1.7B,model.layers.16.self_attn.q_proj.weight,q_proj,16,mxfp8,5.0,4194304,6.54106330871582,6.502431869506836,0.038631439208984375,3429401,0.12053203582763672,True,25.127355575561523,24.824966430664062,1.276474904443603e-06,1.2301840115469531e-06
Qwen3-1.7B,model.layers.16.self_attn.v_proj.weight,v_proj,16,mxfp4,0.0,2097152,3.872447967529297,3.8352317810058594,0.0372161865234375,1015139,0.0,True,117.56206512451172,117.56206512451172,1.4196743904903997e-05,1.4196743904903997e-05
Qwen3-1.7B,model.layers.16.self_attn.v_proj.weight,v_proj,16,mxfp4,1.0,2097152,3.872417449951172,3.8352012634277344,0.0372161865234375,1015131,0.00010585784912109375,True,117.56266021728516,117.56206512451172,1.4198322787706275e-05,1.4196743904903997e-05
Qwen3-1.7B,model.layers.16.self_attn.v_proj.weight,v_proj,16,mxfp4,5.0,2097152,3.8712692260742188,3.8340530395507812,0.0372161865234375,1014830,0.004044532775878906,True,117.68473815917969,117.56206512451172,1.4383122106664814e-05,1.4196743904903997e-05
Qwen3-1.7B,model.layers.16.self_attn.v_proj.weight,v_proj,16,mxfp8,0.0,2097152,6.700984954833984,6.663768768310547,0.0372161865234375,1756623,0.0,True,5.1083173751831055,5.1083173751831055,9.19924843856279e-07,9.19924843856279e-07
Qwen3-1.7B,model.layers.16.self_attn.v_proj.weight,v_proj,16,mxfp8,1.0,2097152,6.627449035644531,6.590232849121094,0.0372161865234375,1737346,0.051939964294433594,True,5.120515823364258,5.1083173751831055,9.2388370376284e-07,9.19924843856279e-07
Qwen3-1.7B,model.layers.16.self_attn.v_proj.weight,v_proj,16,mxfp8,5.0,2097152,6.572509765625,6.5352935791015625,0.0372161865234375,1722944,0.10144996643066406,True,5.220407009124756,5.1083173751831055,9.541809049551375e-07,9.19924843856279e-07
Qwen3-1.7B,model.layers.17.mlp.down_proj.weight,down_proj,17,mxfp4,0.0,12582912,3.869779586791992,3.832810719807943,0.03696886698404948,6086637,0.0,True,196.8736572265625,196.8736572265625,1.5418121620314196e-05,1.5418121620314196e-05
Qwen3-1.7B,model.layers.17.mlp.down_proj.weight,down_proj,17,mxfp4,1.0,12582912,3.8636080423990884,3.826639175415039,0.03696886698404948,6076930,0.016281684239705402,True,197.62945556640625,196.8736572265625,1.6625222997390665e-05,1.5418121620314196e-05
Qwen3-1.7B,model.layers.17.mlp.down_proj.weight,down_proj,17,mxfp4,5.0,12582912,3.7994117736816406,3.7624429066975913,0.03696886698404948,5975958,0.14194035530090332,True,222.58001708984375,196.8736572265625,3.203877349733375e-05,1.5418121620314196e-05
Qwen3-1.7B,model.layers.17.mlp.down_proj.weight,down_proj,17,mxfp8,0.0,12582912,6.6687361399332685,6.631767272949219,0.03696886698404948,10489015,0.0,True,11.932754516601562,11.932754516601562,9.945707688530092e-07,9.945707688530092e-07
Qwen3-1.7B,model.layers.17.mlp.down_proj.weight,down_proj,17,mxfp8,1.0,12582912,6.564611434936523,6.527642567952474,0.03696886698404948,10325241,0.08576432863871257,True,12.044645309448242,11.932754516601562,1.046053853315243e-06,9.945707688530092e-07
Qwen3-1.7B,model.layers.17.mlp.down_proj.weight,down_proj,17,mxfp8,5.0,12582912,6.458059310913086,6.421090443929036,0.03696886698404948,10157649,0.19910979270935059,True,12.928640365600586,11.932754516601562,1.4669167285319418e-06,9.945707688530092e-07
Qwen3-1.7B,model.layers.17.mlp.gate_proj.weight,gate_proj,17,mxfp4,0.0,12582912,3.89283816019694,3.8481947580973306,0.044643402099609375,6122905,0.0,True,138.04513549804688,138.04513549804688,1.4299854228738695e-05,1.4299854228738695e-05
Qwen3-1.7B,model.layers.17.mlp.gate_proj.weight,gate_proj,17,mxfp4,1.0,12582912,3.8927828470865884,3.848139444986979,0.044643402099609375,6122818,0.0005203088124593099,True,138.05441284179688,138.04513549804688,1.430835709470557e-05,1.4299854228738695e-05
Qwen3-1.7B,model.layers.17.mlp.gate_proj.weight,gate_proj,17,mxfp4,5.0,12582912,3.845548629760742,3.800905227661133,0.044643402099609375,6048525,0.1031949520111084,True,154.69883728027344,138.04513549804688,1.8177044694311917e-05,1.4299854228738695e-05
Qwen3-1.7B,model.layers.17.mlp.gate_proj.weight,gate_proj,17,mxfp8,0.0,12582912,6.691600163777669,6.64695676167806,0.044643402099609375,10524977,0.0,True,8.824492454528809,8.824492454528809,9.336040989182948e-07,9.336040989182948e-07
Qwen3-1.7B,model.layers.17.mlp.gate_proj.weight,gate_proj,17,mxfp8,1.0,12582912,6.569498697916667,6.524855295817058,0.044643402099609375,10332928,0.09508275985717773,True,8.968683242797852,8.824492454528809,9.657430837251013e-07,9.336040989182948e-07
Qwen3-1.7B,model.layers.17.mlp.gate_proj.weight,gate_proj,17,mxfp8,5.0,12582912,6.450906753540039,6.40626335144043,0.044643402099609375,10146399,0.20136809349060059,True,9.867419242858887,8.824492454528809,1.1603343637034413e-06,9.336040989182948e-07
Qwen3-1.7B,model.layers.17.mlp.up_proj.weight,up_proj,17,mxfp4,0.0,12582912,3.8835067749023438,3.845806121826172,0.037700653076171875,6108228,0.0,True,137.11398315429688,137.11398315429688,1.7368833141517825e-05,1.7368833141517825e-05
Qwen3-1.7B,model.layers.17.mlp.up_proj.weight,up_proj,17,mxfp4,1.0,12582912,3.883464813232422,3.84576416015625,0.037700653076171875,6108162,0.0001761913299560547,True,137.11676025390625,137.11398315429688,1.737262573442422e-05,1.7368833141517825e-05
Qwen3-1.7B,model.layers.17.mlp.up_proj.weight,up_proj,17,mxfp4,5.0,12582912,3.8218072255452475,3.7841065724690757,0.037700653076171875,6011183,0.0943914254506429,True,167.60150146484375,137.11398315429688,2.490724182280246e-05,1.7368833141517825e-05
Qwen3-1.7B,model.layers.17.mlp.up_proj.weight,up_proj,17,mxfp8,0.0,12582912,6.669281005859375,6.631580352783203,0.037700653076171875,10489872,0.0,True,8.17289924621582,8.17289924621582,1.13852649974433e-06,1.13852649974433e-06
Qwen3-1.7B,model.layers.17.mlp.up_proj.weight,up_proj,17,mxfp8,1.0,12582912,6.541858037312825,6.504157384236653,0.037700653076171875,10289453,0.0903787612915039,True,8.320837020874023,8.17289924621582,1.1697535455823527e-06,1.13852649974433e-06
Qwen3-1.7B,model.layers.17.mlp.up_proj.weight,up_proj,17,mxfp8,5.0,12582912,6.436133066813151,6.3984324137369795,0.037700653076171875,10123162,0.17656358083089194,True,9.296867370605469,8.17289924621582,1.3718582749788766e-06,1.13852649974433e-06
Qwen3-1.7B,model.layers.17.self_attn.k_proj.weight,k_proj,17,mxfp4,0.0,2097152,3.9001235961914062,3.860485076904297,0.039638519287109375,1022394,0.0,True,618.854736328125,618.854736328125,1.2342793525021989e-05,1.2342793525021989e-05
Qwen3-1.7B,model.layers.17.self_attn.k_proj.weight,k_proj,17,mxfp4,1.0,2097152,3.9002647399902344,3.860626220703125,0.039638519287109375,1022431,6.008148193359375e-05,True,618.854736328125,618.854736328125,1.23435684145079e-05,1.2342793525021989e-05
Qwen3-1.7B,model.layers.17.self_attn.k_proj.weight,k_proj,17,mxfp4,5.0,2097152,3.90020751953125,3.8605690002441406,0.039638519287109375,1022416,0.0005025863647460938,True,618.8667602539062,618.854736328125,1.235046875081025e-05,1.2342793525021989e-05
Qwen3-1.7B,model.layers.17.self_attn.k_proj.weight,k_proj,17,mxfp8,0.0,2097152,6.661495208740234,6.621856689453125,0.039638519287109375,1746271,0.0,True,43.07722091674805,43.07722091674805,8.216342166633694e-07,8.216342166633694e-07
Qwen3-1.7B,model.layers.17.self_attn.k_proj.weight,k_proj,17,mxfp8,1.0,2097152,6.610450744628906,6.570812225341797,0.039638519287109375,1732890,0.03231525421142578,True,43.08449935913086,43.07722091674805,8.224184284699732e-07,8.216342166633694e-07
Qwen3-1.7B,model.layers.17.self_attn.k_proj.weight,k_proj,17,mxfp8,5.0,2097152,6.567356109619141,6.527717590332031,0.039638519287109375,1721593,0.0658259391784668,True,43.14228439331055,43.07722091674805,8.282555086225329e-07,8.216342166633694e-07
Qwen3-1.7B,model.layers.17.self_attn.o_proj.weight,o_proj,17,mxfp4,0.0,4194304,3.9028148651123047,3.859882354736328,0.04293251037597656,2046199,0.0,True,180.52261352539062,180.52261352539062,1.2238108865858521e-05,1.2238108865858521e-05
Qwen3-1.7B,model.layers.17.self_attn.o_proj.weight,o_proj,17,mxfp4,1.0,4194304,3.902585983276367,3.8596534729003906,0.04293251037597656,2046079,0.00015163421630859375,True,180.5242462158203,180.52261352539062,1.223871822730871e-05,1.2238108865858521e-05
Qwen3-1.7B,model.layers.17.self_attn.o_proj.weight,o_proj,17,mxfp4,5.0,4194304,3.8979454040527344,3.855012893676758,0.04293251037597656,2043646,0.01399087905883789,True,181.22299194335938,180.52261352539062,1.2461373444239143e-05,1.2238108865858521e-05
Qwen3-1.7B,model.layers.17.self_attn.o_proj.weight,o_proj,17,mxfp8,0.0,4194304,6.663007736206055,6.620075225830078,0.04293251037597656,3493335,0.0,True,11.510374069213867,11.510374069213867,8.111844636005117e-07,8.111844636005117e-07
Qwen3-1.7B,model.layers.17.self_attn.o_proj.weight,o_proj,17,mxfp8,1.0,4194304,6.5961456298828125,6.553213119506836,0.04293251037597656,3458280,0.047480106353759766,True,11.528665542602539,11.510374069213867,8.142724254867062e-07,8.111844636005117e-07
Qwen3-1.7B,model.layers.17.self_attn.o_proj.weight,o_proj,17,mxfp8,5.0,4194304,6.542806625366211,6.499874114990234,0.04293251037597656,3430315,0.09841203689575195,True,11.674694061279297,11.510374069213867,8.373978062081733e-07,8.111844636005117e-07
Qwen3-1.7B,model.layers.17.self_attn.q_proj.weight,q_proj,17,mxfp4,0.0,4194304,3.8838253021240234,3.844484329223633,0.039340972900390625,2036243,0.0,True,1150.3436279296875,1150.3436279296875,1.7030864910339005e-05,1.7030864910339005e-05
Qwen3-1.7B,model.layers.17.self_attn.q_proj.weight,q_proj,17,mxfp4,1.0,4194304,3.883810043334961,3.8444690704345703,0.039340972900390625,2036235,6.318092346191406e-05,True,1150.3443603515625,1150.3436279296875,1.7031135939760134e-05,1.7030864910339005e-05
Qwen3-1.7B,model.layers.17.self_attn.q_proj.weight,q_proj,17,mxfp4,5.0,4194304,3.8831520080566406,3.84381103515625,0.039340972900390625,2035890,0.003101825714111328,True,1150.584716796875,1150.3436279296875,1.7059388483176008e-05,1.7030864910339005e-05
Qwen3-1.7B,model.layers.17.self_attn.q_proj.weight,q_proj,17,mxfp8,0.0,4194304,6.684909820556641,6.64556884765625,0.039340972900390625,3504818,0.0,True,62.011962890625,62.011962890625,1.1205031569261337e-06,1.1205031569261337e-06
Qwen3-1.7B,model.layers.17.self_attn.q_proj.weight,q_proj,17,mxfp8,1.0,4194304,6.634258270263672,6.594917297363281,0.039340972900390625,3478262,0.0317232608795166,True,62.028411865234375,62.011962890625,1.1213594461878529e-06,1.1205031569261337e-06
Qwen3-1.7B,model.layers.17.self_attn.q_proj.weight,q_proj,17,mxfp8,5.0,4194304,6.600009918212891,6.5606689453125,0.039340972900390625,3460306,0.061432600021362305,True,62.15167236328125,62.011962890625,1.1273697282376816e-06,1.1205031569261337e-06
Qwen3-1.7B,model.layers.17.self_attn.v_proj.weight,v_proj,17,mxfp4,0.0,2097152,3.8740921020507812,3.837646484375,0.03644561767578125,1015570,0.0,True,367.94293212890625,367.94293212890625,1.550315209897235e-05,1.550315209897235e-05
Qwen3-1.7B,model.layers.17.self_attn.v_proj.weight,v_proj,17,mxfp4,1.0,2097152,3.8740921020507812,3.837646484375,0.03644561767578125,1015570,1.430511474609375e-06,True,367.94293212890625,367.94293212890625,1.5503153917961754e-05,1.550315209897235e-05
Qwen3-1.7B,model.layers.17.self_attn.v_proj.weight,v_proj,17,mxfp4,5.0,2097152,3.874004364013672,3.8375587463378906,0.03644561767578125,1015547,0.0003986358642578125,True,367.9539794921875,367.94293212890625,1.5509012882830575e-05,1.550315209897235e-05
Qwen3-1.7B,model.layers.17.self_attn.v_proj.weight,v_proj,17,mxfp8,0.0,2097152,6.697879791259766,6.661434173583984,0.03644561767578125,1755809,0.0,True,16.463680267333984,16.463680267333984,1.0128592293767724e-06,1.0128592293767724e-06
Qwen3-1.7B,model.layers.17.self_attn.v_proj.weight,v_proj,17,mxfp8,1.0,2097152,6.649768829345703,6.613323211669922,0.03644561767578125,1743197,0.03066253662109375,True,16.471033096313477,16.463680267333984,1.0136025139217963e-06,1.0128592293767724e-06
Qwen3-1.7B,model.layers.17.self_attn.v_proj.weight,v_proj,17,mxfp8,5.0,2097152,6.614459991455078,6.578014373779297,0.03644561767578125,1733941,0.05956459045410156,True,16.52584457397461,16.463680267333984,1.0190009334110073e-06,1.0128592293767724e-06
Qwen3-1.7B,model.layers.18.mlp.down_proj.weight,down_proj,18,mxfp4,0.0,12582912,3.8707923889160156,3.8345413208007812,0.036251068115234375,6088230,0.0,True,322.802001953125,322.802001953125,1.6241250705206767e-05,1.6241250705206767e-05
Qwen3-1.7B,model.layers.18.mlp.down_proj.weight,down_proj,18,mxfp4,1.0,12582912,3.8647422790527344,3.8284912109375,0.036251068115234375,6078714,0.017199913660685223,True,323.52783203125,322.802001953125,1.814310235204175e-05,1.6241250705206767e-05
Qwen3-1.7B,model.layers.18.mlp.down_proj.weight,down_proj,18,mxfp4,5.0,12582912,3.8233184814453125,3.787067413330078,0.036251068115234375,6013560,0.10419154167175293,True,341.3377685546875,322.802001953125,2.9515547794289887e-05,1.6241250705206767e-05
Qwen3-1.7B,model.layers.18.mlp.down_proj.weight,down_proj,18,mxfp8,0.0,12582912,6.666123708089192,6.629872639973958,0.036251068115234375,10484906,0.0,True,19.960887908935547,19.960887908935547,1.0510796073504025e-06,1.0510796073504025e-06
Qwen3-1.7B,model.layers.18.mlp.down_proj.weight,down_proj,18,mxfp8,1.0,12582912,6.574817657470703,6.538566589355469,0.036251068115234375,10341294,0.07755851745605469,True,20.067611694335938,19.960887908935547,1.1183988135599066e-06,1.0510796073504025e-06
Qwen3-1.7B,model.layers.18.mlp.down_proj.weight,down_proj,18,mxfp8,5.0,12582912,6.491471608479817,6.455220540364583,0.036251068115234375,10210202,0.16939401626586914,True,20.881168365478516,19.960887908935547,1.49457628140226e-06,1.0510796073504025e-06
Qwen3-1.7B,model.layers.18.mlp.gate_proj.weight,gate_proj,18,mxfp4,0.0,12582912,3.892208735148112,3.847538630167643,0.04467010498046875,6121915,0.0,True,193.0648193359375,193.0648193359375,1.4583773918275256e-05,1.4583773918275256e-05
Qwen3-1.7B,model.layers.18.mlp.gate_proj.weight,gate_proj,18,mxfp4,1.0,12582912,3.892146428426107,3.847476323445638,0.04467010498046875,6121817,0.0005370775858561198,True,193.07180786132812,193.0648193359375,1.4590897080779541e-05,1.4583773918275256e-05
Qwen3-1.7B,model.layers.18.mlp.gate_proj.weight,gate_proj,18,mxfp4,5.0,12582912,3.8661301930745444,3.8214600880940757,0.04467010498046875,6080897,0.06985243161519368,True,204.88111877441406,193.0648193359375,1.670600613579154e-05,1.4583773918275256e-05
Qwen3-1.7B,model.layers.18.mlp.gate_proj.weight,gate_proj,18,mxfp8,0.0,12582912,6.691626230875651,6.646956125895183,0.04467010498046875,10525018,0.0,True,12.413032531738281,12.413032531738281,9.511197731626453e-07,9.511197731626453e-07
Qwen3-1.7B,model.layers.18.mlp.gate_proj.weight,gate_proj,18,mxfp8,1.0,12582912,6.5800933837890625,6.535423278808594,0.04467010498046875,10349592,0.08083860079447429,True,12.54275131225586,12.413032531738281,9.729513976708404e-07,9.511197731626453e-07
Qwen3-1.7B,model.layers.18.mlp.gate_proj.weight,gate_proj,18,mxfp8,5.0,12582912,6.476049423217773,6.431379318237305,0.04467010498046875,10185945,0.16561222076416016,True,13.442878723144531,12.413032531738281,1.1200889957763138e-06,9.511197731626453e-07
Qwen3-1.7B,model.layers.18.mlp.up_proj.weight,up_proj,18,mxfp4,0.0,12582912,3.882547378540039,3.844741185506185,0.037806193033854164,6106719,0.0,True,190.69638061523438,190.69638061523438,1.7490074242232367e-05,1.7490074242232367e-05
Qwen3-1.7B,model.layers.18.mlp.up_proj.weight,up_proj,18,mxfp4,1.0,12582912,3.8825416564941406,3.8447354634602866,0.037806193033854164,6106710,0.00012691815694173178,True,190.69744873046875,190.69638061523438,1.7492971892352216e-05,1.7490074242232367e-05
Qwen3-1.7B,model.layers.18.mlp.up_proj.weight,up_proj,18,mxfp4,5.0,12582912,3.8688971201578775,3.8310909271240234,0.037806193033854164,6085249,0.03752795855204264,True,199.96847534179688,190.69638061523438,1.911901381390635e-05,1.7490074242232367e-05
Qwen3-1.7B,model.layers.18.mlp.up_proj.weight,up_proj,18,mxfp8,0.0,12582912,6.670713424682617,6.632907231648763,0.037806193033854164,10492125,0.0,True,11.40534782409668,11.40534782409668,1.1434926818765234e-06,1.1434926818765234e-06
Qwen3-1.7B,model.layers.18.mlp.up_proj.weight,up_proj,18,mxfp8,1.0,12582912,6.555864969889323,6.518058776855469,0.037806193033854164,10311484,0.07874123255411784,True,11.568485260009766,11.40534782409668,1.1702987876560655e-06,1.1434926818765234e-06
Qwen3-1.7B,model.layers.18.mlp.up_proj.weight,up_proj,18,mxfp8,5.0,12582912,6.448911666870117,6.411105473836263,0.037806193033854164,10143261,0.1576685905456543,True,12.613462448120117,11.40534782409668,1.3368689906201325e-06,1.1434926818765234e-06
Qwen3-1.7B,model.layers.18.self_attn.k_proj.weight,k_proj,18,mxfp4,0.0,2097152,3.897228240966797,3.8564376831054688,0.040790557861328125,1021635,0.0,True,538.7363891601562,538.7363891601562,1.181242896564072e-05,1.181242896564072e-05
Qwen3-1.7B,model.layers.18.self_attn.k_proj.weight,k_proj,18,mxfp4,1.0,2097152,3.897205352783203,3.856414794921875,0.040790557861328125,1021629,0.00010395050048828125,True,538.7364501953125,538.7363891601562,1.1813132914539892e-05,1.181242896564072e-05
Qwen3-1.7B,model.layers.18.self_attn.k_proj.weight,k_proj,18,mxfp4,5.0,2097152,3.896942138671875,3.856151580810547,0.040790557861328125,1021560,0.001392364501953125,True,538.7644653320312,538.7363891601562,1.1816735423053615e-05,1.181242896564072e-05
Qwen3-1.7B,model.layers.18.self_attn.k_proj.weight,k_proj,18,mxfp8,0.0,2097152,6.672710418701172,6.631919860839844,0.040790557861328125,1749211,0.0,True,31.110496520996094,31.110496520996094,7.835536166567181e-07,7.835536166567181e-07
Qwen3-1.7B,model.layers.18.self_attn.k_proj.weight,k_proj,18,mxfp8,1.0,2097152,6.622989654541016,6.5821990966796875,0.040790557861328125,1736177,0.03397226333618164,True,31.117881774902344,31.110496520996094,7.84246253715537e-07,7.835536166567181e-07
Qwen3-1.7B,model.layers.18.self_attn.k_proj.weight,k_proj,18,mxfp8,5.0,2097152,6.585308074951172,6.544517517089844,0.040790557861328125,1726299,0.07005643844604492,True,31.175861358642578,31.110496520996094,7.893895030974818e-07,7.835536166567181e-07
Qwen3-1.7B,model.layers.18.self_attn.o_proj.weight,o_proj,18,mxfp4,0.0,4194304,3.906064987182617,3.8614730834960938,0.04459190368652344,2047903,0.0,True,125.36717224121094,125.36717224121094,1.0919285159616265e-05,1.0919285159616265e-05
Qwen3-1.7B,model.layers.18.self_attn.o_proj.weight,o_proj,18,mxfp4,1.0,4194304,3.9059886932373047,3.8613967895507812,0.04459190368652344,2047863,0.00043582916259765625,True,125.37068176269531,125.36717224121094,1.0922337423835415e-05,1.0919285159616265e-05
Qwen3-1.7B,model.layers.18.self_attn.o_proj.weight,o_proj,18,mxfp4,5.0,4194304,3.8979339599609375,3.853342056274414,0.04459190368652344,2043640,0.024639606475830078,True,126.39026641845703,125.36717224121094,1.1591418115131091e-05,1.0919285159616265e-05
Qwen3-1.7B,model.layers.18.self_attn.o_proj.weight,o_proj,18,mxfp8,0.0,4194304,6.6699066162109375,6.625314712524414,0.04459190368652344,3496952,0.0,True,7.818974018096924,7.818974018096924,7.279643341462361e-07,7.279643341462361e-07
Qwen3-1.7B,model.layers.18.self_attn.o_proj.weight,o_proj,18,mxfp8,1.0,4194304,6.599214553833008,6.554622650146484,0.04459190368652344,3459889,0.051586151123046875,True,7.835607528686523,7.818974018096924,7.33103036054672e-07,7.279643341462361e-07
Qwen3-1.7B,model.layers.18.self_attn.o_proj.weight,o_proj,18,mxfp8,5.0,4194304,6.543659210205078,6.499067306518555,0.04459190368652344,3430762,0.1071617603302002,True,7.971016883850098,7.818974018096924,7.713809395681892e-07,7.279643341462361e-07
Qwen3-1.7B,model.layers.18.self_attn.q_proj.weight,q_proj,18,mxfp4,0.0,4194304,3.885957717895508,3.848276138305664,0.03768157958984375,2037361,0.0,True,1344.2320556640625,1344.2320556640625,1.7977814422920346e-05,1.7977814422920346e-05
Qwen3-1.7B,model.layers.18.self_attn.q_proj.weight,q_proj,18,mxfp4,1.0,4194304,3.885957717895508,3.848276138305664,0.03768157958984375,2037361,2.2411346435546875e-05,True,1344.232177734375,1344.2320556640625,1.7977879906538874e-05,1.7977814422920346e-05
Qwen3-1.7B,model.layers.18.self_attn.q_proj.weight,q_proj,18,mxfp4,5.0,4194304,3.8852901458740234,3.8476085662841797,0.03768157958984375,2037011,0.002156496047973633,True,1344.41064453125,1344.2320556640625,1.798875928216148e-05,1.7977814422920346e-05
Qwen3-1.7B,model.layers.18.self_attn.q_proj.weight,q_proj,18,mxfp8,0.0,4194304,6.678623199462891,6.640941619873047,0.03768157958984375,3501522,0.0,True,72.79817199707031,72.79817199707031,1.1858193147418206e-06,1.1858193147418206e-06
Qwen3-1.7B,model.layers.18.self_attn.q_proj.weight,q_proj,18,mxfp8,1.0,4194304,6.630794525146484,6.593112945556641,0.03768157958984375,3476446,0.0309140682220459,True,72.81419372558594,72.79817199707031,1.1865347460116027e-06,1.1858193147418206e-06
Qwen3-1.7B,model.layers.18.self_attn.q_proj.weight,q_proj,18,mxfp8,5.0,4194304,6.591793060302734,6.554111480712891,0.03768157958984375,3455998,0.06317305564880371,True,72.93443298339844,72.79817199707031,1.1917302344954805e-06,1.1858193147418206e-06
Qwen3-1.7B,model.layers.18.self_attn.v_proj.weight,v_proj,18,mxfp4,0.0,2097152,3.866058349609375,3.8276405334472656,0.038417816162109375,1013464,0.0,True,412.8832702636719,412.8832702636719,1.3710721759707667e-05,1.3710721759707667e-05
Qwen3-1.7B,model.layers.18.self_attn.v_proj.weight,v_proj,18,mxfp4,1.0,2097152,3.866058349609375,3.8276405334472656,0.038417816162109375,1013464,0.0,True,412.8832702636719,412.8832702636719,1.3710721759707667e-05,1.3710721759707667e-05
Qwen3-1.7B,model.layers.18.self_attn.v_proj.weight,v_proj,18,mxfp4,5.0,2097152,3.8660507202148438,3.8276329040527344,0.038417816162109375,1013462,2.288818359375e-05,True,412.884033203125,412.8832702636719,1.3711047358810902e-05,1.3710721759707667e-05
Qwen3-1.7B,model.layers.18.self_attn.v_proj.weight,v_proj,18,mxfp8,0.0,2097152,6.709526062011719,6.671108245849609,0.038417816162109375,1758862,0.0,True,17.190780639648438,17.190780639648438,8.851334882820083e-07,8.851334882820083e-07
Qwen3-1.7B,model.layers.18.self_attn.v_proj.weight,v_proj,18,mxfp8,1.0,2097152,6.665596008300781,6.627178192138672,0.038417816162109375,1747346,0.028143882751464844,True,17.197267532348633,17.190780639648438,8.857116995386605e-07,8.851334882820083e-07
Qwen3-1.7B,model.layers.18.self_attn.v_proj.weight,v_proj,18,mxfp8,5.0,2097152,6.630760192871094,6.592342376708984,0.038417816162109375,1738214,0.05832624435424805,True,17.247331619262695,17.190780639648438,8.900117904886429e-07,8.851334882820083e-07
Qwen3-1.7B,model.layers.19.mlp.down_proj.weight,down_proj,19,mxfp4,0.0,12582912,3.8704961140950522,3.8343257904052734,0.03617032368977865,6087764,0.0,True,760.6201782226562,760.6201782226562,1.7470723832957447e-05,1.7470723832957447e-05
Qwen3-1.7B,model.layers.19.mlp.down_proj.weight,down_proj,19,mxfp4,1.0,12582912,3.8660151163736978,3.8298447926839194,0.03617032368977865,6080716,0.012656847635904947,True,761.1832275390625,760.6201782226562,1.8932858438347466e-05,1.7470723832957447e-05
Qwen3-1.7B,model.layers.19.mlp.down_proj.weight,down_proj,19,mxfp4,5.0,12582912,3.844099680582682,3.807929356892904,0.03617032368977865,6046246,0.06777143478393555,True,772.5260009765625,760.6201782226562,2.6538973543210886e-05,1.7470723832957447e-05
Qwen3-1.7B,model.layers.19.mlp.down_proj.weight,down_proj,19,mxfp8,0.0,12582912,6.676636377970378,6.640466054280599,0.03617032368977865,10501441,0.0,True,45.55739974975586,45.55739974975586,1.1275095630480791e-06,1.1275095630480791e-06
Qwen3-1.7B,model.layers.19.mlp.down_proj.weight,down_proj,19,mxfp8,1.0,12582912,6.596865971883138,6.560695648193359,0.03617032368977865,10375973,0.06016810735066732,True,45.64790344238281,45.55739974975586,1.1716746257661725e-06,1.1275095630480791e-06
Qwen3-1.7B,model.layers.19.mlp.down_proj.weight,down_proj,19,mxfp8,5.0,12582912,6.534904479980469,6.49873415629069,0.03617032368977865,10278516,0.1333329677581787,True,46.372589111328125,45.55739974975586,1.443518044652592e-06,1.1275095630480791e-06
Qwen3-1.7B,model.layers.19.mlp.gate_proj.weight,gate_proj,19,mxfp4,0.0,12582912,3.8906981150309243,3.8461570739746094,0.0445410410563151,6119539,0.0,True,275.77734375,275.77734375,1.498730944149429e-05,1.498730944149429e-05
Qwen3-1.7B,model.layers.19.mlp.gate_proj.weight,gate_proj,19,mxfp4,1.0,12582912,3.8906358083089194,3.846094767252604,0.0445410410563151,6119441,0.0004000663757324219,True,275.7826232910156,275.77734375,1.4993024706200231e-05,1.498730944149429e-05
Qwen3-1.7B,model.layers.19.mlp.gate_proj.weight,gate_proj,19,mxfp4,5.0,12582912,3.8745225270589194,3.829981486002604,0.0445410410563151,6094097,0.04734937349955241,True,281.4640808105469,275.77734375,1.5715972040197812e-05,1.498730944149429e-05
Qwen3-1.7B,model.layers.19.mlp.gate_proj.weight,gate_proj,19,mxfp8,0.0,12582912,6.694177627563477,6.649636586507161,0.0445410410563151,10529031,0.0,True,18.119298934936523,18.119298934936523,9.75964212557301e-07,9.75964212557301e-07
Qwen3-1.7B,model.layers.19.mlp.gate_proj.weight,gate_proj,19,mxfp8,1.0,12582912,6.606496810913086,6.5619557698567705,0.0445410410563151,10391121,0.061824639638264976,True,18.18393325805664,18.119298934936523,9.83356699180149e-07,9.75964212557301e-07
Qwen3-1.7B,model.layers.19.mlp.gate_proj.weight,gate_proj,19,mxfp8,5.0,12582912,6.5273482004801435,6.482807159423828,0.0445410410563151,10266631,0.13170584042867026,True,18.812541961669922,18.119298934936523,1.0577290368019021e-06,9.75964212557301e-07
Qwen3-1.7B,model.layers.19.mlp.up_proj.weight,up_proj,19,mxfp4,0.0,12582912,3.8827222188313804,3.844257354736328,0.038464864095052086,6106994,0.0,True,269.8686828613281,269.8686828613281,1.824261744332034e-05,1.824261744332034e-05
Qwen3-1.7B,model.layers.19.mlp.up_proj.weight,up_proj,19,mxfp4,1.0,12582912,3.8826986948649087,3.844233830769857,0.038464864095052086,6106957,0.00015878677368164062,True,269.87060546875,269.8686828613281,1.8245076716993935e-05,1.824261744332034e-05
Qwen3-1.7B,model.layers.19.mlp.up_proj.weight,up_proj,19,mxfp4,5.0,12582912,3.874301274617513,3.835836410522461,0.038464864095052086,6093749,0.025397539138793945,True,276.11163330078125,269.8686828613281,1.910699938889593e-05,1.824261744332034e-05
Qwen3-1.7B,model.layers.19.mlp.up_proj.weight,up_proj,19,mxfp8,0.0,12582912,6.6764170328776045,6.637952168782552,0.038464864095052086,10501096,0.0,True,16.388172149658203,16.388172149658203,1.1940359172513126e-06,1.1940359172513126e-06
Qwen3-1.7B,model.layers.19.mlp.up_proj.weight,up_proj,19,mxfp8,1.0,12582912,6.577749888102214,6.539285024007161,0.038464864095052086,10345906,0.0680685043334961,True,16.529008865356445,16.388172149658203,1.2115492609154899e-06,1.1940359172513126e-06
Qwen3-1.7B,model.layers.19.mlp.up_proj.weight,up_proj,19,mxfp8,5.0,12582912,6.478645960489909,6.4401810963948565,0.038464864095052086,10190029,0.14362112681070963,True,17.65618133544922,16.388172149658203,1.3498060980055016e-06,1.1940359172513126e-06
Qwen3-1.7B,model.layers.19.self_attn.k_proj.weight,k_proj,19,mxfp4,0.0,2097152,3.8974685668945312,3.8571090698242188,0.0403594970703125,1021698,0.0,True,977.989501953125,977.989501953125,1.1944360267079901e-05,1.1944360267079901e-05
Qwen3-1.7B,model.layers.19.self_attn.k_proj.weight,k_proj,19,mxfp4,1.0,2097152,3.8974685668945312,3.8571090698242188,0.0403594970703125,1021698,5.9604644775390625e-05,True,977.989501953125,977.989501953125,1.1945024198212195e-05,1.1944360267079901e-05
Qwen3-1.7B,model.layers.19.self_attn.k_proj.weight,k_proj,19,mxfp4,5.0,2097152,3.897430419921875,3.8570709228515625,0.0403594970703125,1021688,0.00021457672119140625,True,977.9921264648438,977.989501953125,1.1945177902816795e-05,1.1944360267079901e-05
Qwen3-1.7B,model.layers.19.self_attn.k_proj.weight,k_proj,19,mxfp8,0.0,2097152,6.6751251220703125,6.634765625,0.0403594970703125,1749844,0.0,True,64.04693603515625,64.04693603515625,7.932516155051417e-07,7.932516155051417e-07
Qwen3-1.7B,model.layers.19.self_attn.k_proj.weight,k_proj,19,mxfp8,1.0,2097152,6.637889862060547,6.597530364990234,0.0403594970703125,1740083,0.020544052124023438,True,64.04959869384766,64.04693603515625,7.933871870591247e-07,7.932516155051417e-07
Qwen3-1.7B,model.layers.19.self_attn.k_proj.weight,k_proj,19,mxfp8,5.0,2097152,6.606731414794922,6.566371917724609,0.0403594970703125,1731915,0.0453033447265625,True,64.0893325805664,64.04693603515625,7.953968861329486e-07,7.932516155051417e-07
Qwen3-1.7B,model.layers.19.self_attn.o_proj.weight,o_proj,19,mxfp4,0.0,4194304,3.901723861694336,3.8580055236816406,0.04371833801269531,2045627,0.0,True,220.90655517578125,220.90655517578125,1.172588235931471e-05,1.172588235931471e-05
Qwen3-1.7B,model.layers.19.self_attn.o_proj.weight,o_proj,19,mxfp4,1.0,4194304,3.897449493408203,3.853731155395508,0.04371833801269531,2043386,0.015420675277709961,True,221.06842041015625,220.90655517578125,1.27539606182836e-05,1.172588235931471e-05
Qwen3-1.7B,model.layers.19.self_attn.o_proj.weight,o_proj,19,mxfp4,5.0,4194304,3.8878421783447266,3.8441238403320312,0.04371833801269531,2038349,0.04159712791442871,True,221.84481811523438,220.90655517578125,1.575390706420876e-05,1.172588235931471e-05
Qwen3-1.7B,model.layers.19.self_attn.o_proj.weight,o_proj,19,mxfp8,0.0,4194304,6.668426513671875,6.62470817565918,0.04371833801269531,3496176,0.0,True,14.202688217163086,14.202688217163086,7.792598353262292e-07,7.792598353262292e-07
Qwen3-1.7B,model.layers.19.self_attn.o_proj.weight,o_proj,19,mxfp8,1.0,4194304,6.600467681884766,6.55674934387207,0.04371833801269531,3460546,0.05535292625427246,True,14.220714569091797,14.202688217163086,8.06508751338697e-07,7.792598353262292e-07
Qwen3-1.7B,model.layers.19.self_attn.o_proj.weight,o_proj,19,mxfp8,5.0,4194304,6.543872833251953,6.500154495239258,0.04371833801269531,3430874,0.11691665649414062,True,14.374706268310547,14.202688217163086,9.800062343856553e-07,7.792598353262292e-07
Qwen3-1.7B,model.layers.19.self_attn.q_proj.weight,q_proj,19,mxfp4,0.0,4194304,3.885709762573242,3.8475513458251953,0.038158416748046875,2037231,0.0,True,2365.1953125,2365.1953125,1.91507933777757e-05,1.91507933777757e-05
Qwen3-1.7B,model.layers.19.self_attn.q_proj.weight,q_proj,19,mxfp4,1.0,4194304,3.8857078552246094,3.8475494384765625,0.038158416748046875,2037230,1.1444091796875e-05,True,2365.1953125,2365.1953125,1.9150842490489595e-05,1.91507933777757e-05
Qwen3-1.7B,model.layers.19.self_attn.q_proj.weight,q_proj,19,mxfp4,5.0,4194304,3.8857059478759766,3.8475475311279297,0.038158416748046875,2037229,0.0011200904846191406,True,2365.281005859375,2365.1953125,1.915327084134333e-05,1.91507933777757e-05
Qwen3-1.7B,model.layers.19.self_attn.q_proj.weight,q_proj,19,mxfp8,0.0,4194304,6.683656692504883,6.645498275756836,0.038158416748046875,3504161,0.0,True,134.2170867919922,134.2170867919922,1.272879103453306e-06,1.272879103453306e-06
Qwen3-1.7B,model.layers.19.self_attn.q_proj.weight,q_proj,19,mxfp8,1.0,4194304,6.641450881958008,6.603292465209961,0.038158416748046875,3482033,0.027137279510498047,True,134.237548828125,134.2170867919922,1.27339285427297e-06,1.272879103453306e-06
Qwen3-1.7B,model.layers.19.self_attn.q_proj.weight,q_proj,19,mxfp8,5.0,4194304,6.608623504638672,6.570465087890625,0.038158416748046875,3464822,0.05478382110595703,True,134.405029296875,134.2170867919922,1.2774406741300481e-06,1.272879103453306e-06
Qwen3-1.7B,model.layers.19.self_attn.v_proj.weight,v_proj,19,mxfp4,0.0,2097152,3.860736846923828,3.816425323486328,0.0443115234375,1012069,0.0,True,718.5259399414062,718.5259399414062,1.4127828762866557e-05,1.4127828762866557e-05
Qwen3-1.7B,model.layers.19.self_attn.v_proj.weight,v_proj,19,mxfp4,1.0,2097152,3.860736846923828,3.816425323486328,0.0443115234375,1012069,4.76837158203125e-07,True,718.5259399414062,718.5259399414062,1.4127828762866557e-05,1.4127828762866557e-05
Qwen3-1.7B,model.layers.19.self_attn.v_proj.weight,v_proj,19,mxfp4,5.0,2097152,3.860736846923828,3.816425323486328,0.0443115234375,1012069,4.76837158203125e-07,True,718.5259399414062,718.5259399414062,1.4127828762866557e-05,1.4127828762866557e-05
Qwen3-1.7B,model.layers.19.self_attn.v_proj.weight,v_proj,19,mxfp8,0.0,2097152,6.7385711669921875,6.6942596435546875,0.0443115234375,1766476,0.0,True,30.23332405090332,30.23332405090332,9.0473633918009e-07,9.0473633918009e-07
Qwen3-1.7B,model.layers.19.self_attn.v_proj.weight,v_proj,19,mxfp8,1.0,2097152,6.704524993896484,6.660213470458984,0.0443115234375,1757551,0.02259540557861328,True,30.237592697143555,30.23332405090332,9.049490472534671e-07,9.0473633918009e-07
Qwen3-1.7B,model.layers.19.self_attn.v_proj.weight,v_proj,19,mxfp8,5.0,2097152,6.671348571777344,6.627037048339844,0.0443115234375,1748854,0.048525333404541016,True,30.29361343383789,30.23332405090332,9.077664913093031e-07,9.0473633918009e-07
Qwen3-1.7B,model.layers.2.mlp.down_proj.weight,down_proj,2,mxfp4,0.0,12582912,3.8801136016845703,3.8369115193684897,0.04320208231608073,6102891,0.0,True,1316.255615234375,1316.255615234375,1.2683212844422087e-05,1.2683212844422087e-05
Qwen3-1.7B,model.layers.2.mlp.down_proj.weight,down_proj,2,mxfp4,1.0,12582912,3.3625094095865884,3.319307327270508,0.04320208231608073,5288770,0.5984848340352377,True,1324.394775390625,1316.255615234375,8.236462599597871e-05,1.2683212844422087e-05
Qwen3-1.7B,model.layers.2.mlp.down_proj.weight,down_proj,2,mxfp4,5.0,12582912,3.2959187825520835,3.2527167002360025,0.04320208231608073,5184032,0.6496395270029703,True,1326.37255859375,1316.255615234375,8.88487629708834e-05,1.2683212844422087e-05
Qwen3-1.7B,model.layers.2.mlp.down_proj.weight,down_proj,2,mxfp8,0.0,12582912,6.689399719238281,6.6461976369222,0.04320208231608073,10521516,0.0,True,71.36676025390625,71.36676025390625,8.213098681153497e-07,8.213098681153497e-07
Qwen3-1.7B,model.layers.2.mlp.down_proj.weight,down_proj,2,mxfp8,1.0,12582912,6.13038444519043,6.087182362874349,0.04320208231608073,9642261,0.665774424870809,True,71.70204162597656,71.36676025390625,4.0635454752191436e-06,8.213098681153497e-07
Qwen3-1.7B,model.layers.2.mlp.down_proj.weight,down_proj,2,mxfp8,5.0,12582912,6.0312957763671875,5.9880936940511065,0.04320208231608073,9486408,0.7899284362792969,True,71.96737670898438,71.36676025390625,5.462773060571635e-06,8.213098681153497e-07
Qwen3-1.7B,model.layers.2.mlp.gate_proj.weight,gate_proj,2,mxfp4,0.0,12582912,3.932649612426758,3.8890838623046875,0.04356575012207031,6185523,0.0,True,250.4710693359375,250.4710693359375,2.959416997327935e-05,2.959416997327935e-05
Qwen3-1.7B,model.layers.2.mlp.gate_proj.weight,gate_proj,2,mxfp4,1.0,12582912,3.8269678751627603,3.78340212504069,0.04356575012207031,6019300,0.09292173385620117,True,257.79840087890625,250.4710693359375,3.583055149647407e-05,2.959416997327935e-05
Qwen3-1.7B,model.layers.2.mlp.gate_proj.weight,gate_proj,2,mxfp4,5.0,12582912,3.3920790354410806,3.3485132853190103,0.04356575012207031,5335279,0.4599544207255046,True,382.43536376953125,250.4710693359375,0.00013774856051895767,2.959416997327935e-05
Qwen3-1.7B,model.layers.2.mlp.gate_proj.weight,gate_proj,2,mxfp8,0.0,12582912,6.654013951619466,6.6104482014973955,0.04356575012207031,10465859,0.0,True,18.527843475341797,18.527843475341797,2.04309867513075e-06,2.04309867513075e-06
Qwen3-1.7B,model.layers.2.mlp.gate_proj.weight,gate_proj,2,mxfp8,1.0,12582912,6.448248545328776,6.404682795206706,0.04356575012207031,10142218,0.16283504168192545,True,18.821144104003906,18.527843475341797,2.2694871404382866e-06,2.04309867513075e-06
Qwen3-1.7B,model.layers.2.mlp.gate_proj.weight,gate_proj,2,mxfp8,5.0,12582912,6.205705642700195,6.162139892578125,0.04356575012207031,9760731,0.5247270266215006,True,22.47694206237793,18.527843475341797,5.2079813031014055e-06,2.04309867513075e-06
Qwen3-1.7B,model.layers.2.mlp.up_proj.weight,up_proj,2,mxfp4,0.0,12582912,3.8988335927327475,3.8545684814453125,0.0442651112874349,6132335,0.0,True,33.14836883544922,33.14836883544922,1.186824738397263e-05,1.186824738397263e-05
Qwen3-1.7B,model.layers.2.mlp.up_proj.weight,up_proj,2,mxfp4,1.0,12582912,3.872919718424479,3.8286546071370444,0.0442651112874349,6091576,0.06519095102945964,True,34.32261276245117,33.14836883544922,1.2855362001573667e-05,1.186824738397263e-05
Qwen3-1.7B,model.layers.2.mlp.up_proj.weight,up_proj,2,mxfp4,5.0,12582912,3.538080851236979,3.4938157399495444,0.0442651112874349,5564920,0.4413493474324544,True,76.34964752197266,33.14836883544922,4.625247674994171e-05,1.186824738397263e-05
Qwen3-1.7B,model.layers.2.mlp.up_proj.weight,up_proj,2,mxfp8,0.0,12582912,6.683528900146484,6.63926378885905,0.0442651112874349,10512282,0.0,True,1.269883632659912,1.269883632659912,7.879983172642824e-07,7.879983172642824e-07
Qwen3-1.7B,model.layers.2.mlp.up_proj.weight,up_proj,2,mxfp8,1.0,12582912,6.4996693929036455,6.455404281616211,0.0442651112874349,10223096,0.1438272794087728,True,1.3850573301315308,1.269883632659912,8.808273719296267e-07,7.879983172642824e-07
Qwen3-1.7B,model.layers.2.mlp.up_proj.weight,up_proj,2,mxfp8,5.0,12582912,6.267675399780273,6.223410288492839,0.0442651112874349,9858201,0.4183761278788249,True,2.8423032760620117,1.269883632659912,2.033946429946809e-06,7.879983172642824e-07
Qwen3-1.7B,model.layers.2.self_attn.k_proj.weight,k_proj,2,mxfp4,0.0,2097152,3.8874969482421875,3.8498687744140625,0.037628173828125,1019084,0.0,True,0.5414184331893921,0.5414184331893921,1.4994471712270752e-05,1.4994471712270752e-05
Qwen3-1.7B,model.layers.2.self_attn.k_proj.weight,k_proj,2,mxfp4,1.0,2097152,3.041259765625,3.003631591796875,0.037628173828125,797248,0.6156597137451172,True,1.601644515991211,0.5414184331893921,9.75705188466236e-05,1.4994471712270752e-05
Qwen3-1.7B,model.layers.2.self_attn.k_proj.weight,k_proj,2,mxfp4,5.0,2097152,2.936748504638672,2.899120330810547,0.037628173828125,769851,0.6545658111572266,True,1.9267239570617676,0.5414184331893921,0.00010596879292279482,1.4994471712270752e-05
Qwen3-1.7B,model.layers.2.self_attn.k_proj.weight,k_proj,2,mxfp8,0.0,2097152,6.657436370849609,6.619808197021484,0.037628173828125,1745207,0.0,True,0.03550302982330322,0.03550302982330322,9.77725903794635e-07,9.77725903794635e-07
Qwen3-1.7B,model.layers.2.self_attn.k_proj.weight,k_proj,2,mxfp8,1.0,2097152,5.97314453125,5.935516357421875,0.037628173828125,1565824,0.6860408782958984,True,0.08773445338010788,0.03550302982330322,5.345674253476318e-06,9.77725903794635e-07
Qwen3-1.7B,model.layers.2.self_attn.k_proj.weight,k_proj,2,mxfp8,5.0,2097152,5.888130187988281,5.850502014160156,0.037628173828125,1543538,0.7654743194580078,True,0.1193082332611084,0.03550302982330322,6.793000466132071e-06,9.77725903794635e-07
Qwen3-1.7B,model.layers.2.self_attn.o_proj.weight,o_proj,2,mxfp4,0.0,4194304,3.899311065673828,3.857982635498047,0.04132843017578125,2044362,0.0,True,0.4489935338497162,0.4489935338497162,1.3237091479822993e-05,1.3237091479822993e-05
Qwen3-1.7B,model.layers.2.self_attn.o_proj.weight,o_proj,2,mxfp4,1.0,4194304,3.0375537872314453,2.996225357055664,0.04132843017578125,1592553,0.6172153949737549,True,2.437629461288452,0.4489935338497162,8.59158462844789e-05,1.3237091479822993e-05
Qwen3-1.7B,model.layers.2.self_attn.o_proj.weight,o_proj,2,mxfp4,5.0,4194304,2.939453125,2.8981246948242188,0.04132843017578125,1541120,0.6603212356567383,True,2.8594768047332764,0.4489935338497162,9.28097142605111e-05,1.3237091479822993e-05
Qwen3-1.7B,model.layers.2.self_attn.o_proj.weight,o_proj,2,mxfp8,0.0,4194304,6.646854400634766,6.605525970458984,0.04132843017578125,3484866,0.0,True,0.029325924813747406,0.029325924813747406,8.718337198843074e-07,8.718337198843074e-07
Qwen3-1.7B,model.layers.2.self_attn.o_proj.weight,o_proj,2,mxfp8,1.0,4194304,5.99254035949707,5.951211929321289,0.04132843017578125,3141817,0.6823854446411133,True,0.12463419139385223,0.029325924813747406,4.697893928096164e-06,8.718337198843074e-07
Qwen3-1.7B,model.layers.2.self_attn.o_proj.weight,o_proj,2,mxfp8,5.0,4194304,5.895151138305664,5.853822708129883,0.04132843017578125,3090757,0.7708449363708496,True,0.17739315330982208,0.029325924813747406,5.916411282669287e-06,8.718337198843074e-07
Qwen3-1.7B,model.layers.2.self_attn.q_proj.weight,q_proj,2,mxfp4,0.0,4194304,3.8821277618408203,3.84539794921875,0.03672981262207031,2035353,0.0,True,0.9691340923309326,0.9691340923309326,1.579085255798418e-05,1.579085255798418e-05
Qwen3-1.7B,model.layers.2.self_attn.q_proj.weight,q_proj,2,mxfp4,1.0,4194304,3.3547801971435547,3.3180503845214844,0.03672981262207031,1758871,0.6159505844116211,True,3.1547040939331055,0.9691340923309326,0.00010050099081126973,1.579085255798418e-05
Qwen3-1.7B,model.layers.2.self_attn.q_proj.weight,q_proj,2,mxfp4,5.0,4194304,3.301555633544922,3.2648258209228516,0.03672981262207031,1730966,0.6530439853668213,True,3.781367301940918,0.9691340923309326,0.00010937274055322632,1.579085255798418e-05
Qwen3-1.7B,model.layers.2.self_attn.q_proj.weight,q_proj,2,mxfp8,0.0,4194304,6.662017822265625,6.625288009643555,0.03672981262207031,3492816,0.0,True,0.06308818608522415,0.06308818608522415,1.0312370477549848e-06,1.0312370477549848e-06
Qwen3-1.7B,model.layers.2.self_attn.q_proj.weight,q_proj,2,mxfp8,1.0,4194304,6.02824592590332,5.99151611328125,0.03672981262207031,3160537,0.7065660953521729,True,0.16997672617435455,0.06308818608522415,5.463842171593569e-06,1.0312370477549848e-06
Qwen3-1.7B,model.layers.2.self_attn.q_proj.weight,q_proj,2,mxfp8,5.0,4194304,5.950981140136719,5.914251327514648,0.03672981262207031,3120028,0.7742311954498291,True,0.22525092959403992,0.06308818608522415,6.6189986682729796e-06,1.0312370477549848e-06
Qwen3-1.7B,model.layers.2.self_attn.v_proj.weight,v_proj,2,mxfp4,0.0,2097152,3.8849754333496094,3.8515090942382812,0.033466339111328125,1018423,0.0,True,0.3459467589855194,0.3459467589855194,1.5828132745809853e-05,1.5828132745809853e-05
Qwen3-1.7B,model.layers.2.self_attn.v_proj.weight,v_proj,2,mxfp4,1.0,2097152,3.012866973876953,2.979400634765625,0.033466339111328125,789805,0.6281137466430664,True,1.5526251792907715,0.3459467589855194,0.00011157701374031603,1.5828132745809853e-05
Qwen3-1.7B,model.layers.2.self_attn.v_proj.weight,v_proj,2,mxfp4,5.0,2097152,2.927875518798828,2.8944091796875,0.033466339111328125,767525,0.6556944847106934,True,1.7899047136306763,0.3459467589855194,0.000115993942017667,1.5828132745809853e-05
Qwen3-1.7B,model.layers.2.self_attn.v_proj.weight,v_proj,2,mxfp8,0.0,2097152,6.658729553222656,6.625263214111328,0.033466339111328125,1745546,0.0,True,0.01807803474366665,0.01807803474366665,1.040074380398437e-06,1.040074380398437e-06
Qwen3-1.7B,model.layers.2.self_attn.v_proj.weight,v_proj,2,mxfp8,1.0,2097152,5.996345520019531,5.962879180908203,0.033466339111328125,1571906,0.7009749412536621,True,0.0783543661236763,0.01807803474366665,6.0615507209149655e-06,1.040074380398437e-06
Qwen3-1.7B,model.layers.2.self_attn.v_proj.weight,v_proj,2,mxfp8,5.0,2097152,5.9216461181640625,5.888179779052734,0.033466339111328125,1552324,0.7614526748657227,True,0.10179076343774796,0.01807803474366665,6.984435458434746e-06,1.040074380398437e-06
Qwen3-1.7B,model.layers.20.mlp.down_proj.weight,down_proj,20,mxfp4,0.0,12582912,3.8767782847086587,3.842311223347982,0.034467061360677086,6097645,0.0,True,1156.98828125,1156.98828125,1.822540616558399e-05,1.822540616558399e-05
Qwen3-1.7B,model.layers.20.mlp.down_proj.weight,down_proj,20,mxfp4,1.0,12582912,3.873619715372721,3.8391526540120444,0.034467061360677086,6092677,0.010548988978068033,True,1157.4471435546875,1156.98828125,1.9323888409417123e-05,1.822540616558399e-05
Qwen3-1.7B,model.layers.20.mlp.down_proj.weight,down_proj,20,mxfp4,5.0,12582912,3.853445053100586,3.8189779917399087,0.034467061360677086,6060945,0.06048711140950521,True,1167.346923828125,1156.98828125,2.6456900741322897e-05,1.822540616558399e-05
Qwen3-1.7B,model.layers.20.mlp.down_proj.weight,down_proj,20,mxfp8,0.0,12582912,6.659358978271484,6.624891916910808,0.034467061360677086,10474266,0.0,True,71.84514617919922,71.84514617919922,1.1865793112519896e-06,1.1865793112519896e-06
Qwen3-1.7B,model.layers.20.mlp.down_proj.weight,down_proj,20,mxfp8,1.0,12582912,6.595252990722656,6.5607859293619795,0.034467061360677086,10373436,0.05302747090657552,True,71.93029022216797,71.84514617919922,1.2260483117643162e-06,1.1865793112519896e-06
Qwen3-1.7B,model.layers.20.mlp.down_proj.weight,down_proj,20,mxfp8,5.0,12582912,6.543741861979167,6.509274800618489,0.034467061360677086,10292416,0.11739524205525716,True,72.62899780273438,71.84514617919922,1.4863218211758067e-06,1.1865793112519896e-06
Qwen3-1.7B,model.layers.20.mlp.gate_proj.weight,gate_proj,20,mxfp4,0.0,12582912,3.8926315307617188,3.850004196166992,0.04262733459472656,6122580,0.0,True,388.2359619140625,388.2359619140625,1.5984272977220826e-05,1.5984272977220826e-05
Qwen3-1.7B,model.layers.20.mlp.gate_proj.weight,gate_proj,20,mxfp4,1.0,12582912,3.8925889333089194,3.849961598714193,0.04262733459472656,6122513,0.0002933343251546224,True,388.23760986328125,388.2359619140625,1.5991257896530442e-05,1.5984272977220826e-05
Qwen3-1.7B,model.layers.20.mlp.gate_proj.weight,gate_proj,20,mxfp4,5.0,12582912,3.8809388478597007,3.838311513264974,0.04262733459472656,6104189,0.03392752011617025,True,393.16162109375,388.2359619140625,1.6514781236764975e-05,1.5984272977220826e-05
Qwen3-1.7B,model.layers.20.mlp.gate_proj.weight,gate_proj,20,mxfp8,0.0,12582912,6.677616119384766,6.634988784790039,0.04262733459472656,10502982,0.0,True,25.600658416748047,25.600658416748047,1.0495674587218673e-06,1.0495674587218673e-06
Qwen3-1.7B,model.layers.20.mlp.gate_proj.weight,gate_proj,20,mxfp8,1.0,12582912,6.592365264892578,6.549737930297852,0.04262733459472656,10368894,0.0549471378326416,True,25.659130096435547,25.600658416748047,1.054835706781887e-06,1.0495674587218673e-06
Qwen3-1.7B,model.layers.20.mlp.gate_proj.weight,gate_proj,20,mxfp8,5.0,12582912,6.528149286905925,6.485521952311198,0.04262733459472656,10267891,0.11023012797037761,True,26.08965492248535,25.600658416748047,1.091303715838876e-06,1.0495674587218673e-06
Qwen3-1.7B,model.layers.20.mlp.up_proj.weight,up_proj,20,mxfp4,0.0,12582912,3.8858216603597007,3.849632898966471,0.036188761393229164,6111869,0.0,True,362.4173278808594,362.4173278808594,1.9016842998098582e-05,1.9016842998098582e-05
Qwen3-1.7B,model.layers.20.mlp.up_proj.weight,up_proj,20,mxfp4,1.0,12582912,3.8857784271240234,3.8495896657307944,0.036188761393229164,6111801,0.00016800562540690103,True,362.4190979003906,362.4173278808594,1.90204427781282e-05,1.9016842998098582e-05
Qwen3-1.7B,model.layers.20.mlp.up_proj.weight,up_proj,20,mxfp4,5.0,12582912,3.8826077779134116,3.846419016520182,0.036188761393229164,6106814,0.012955824534098307,True,364.4617919921875,362.4173278808594,1.9244320355937816e-05,1.9016842998098582e-05
Qwen3-1.7B,model.layers.20.mlp.up_proj.weight,up_proj,20,mxfp8,0.0,12582912,6.658638000488281,6.622449239095052,0.036188761393229164,10473132,0.0,True,22.02630615234375,22.02630615234375,1.2520550853878376e-06,1.2520550853878376e-06
Qwen3-1.7B,model.layers.20.mlp.up_proj.weight,up_proj,20,mxfp8,1.0,12582912,6.57339350382487,6.537204742431641,0.036188761393229164,10339054,0.05475759506225586,True,22.098098754882812,22.02630615234375,1.2586240245582303e-06,1.2520550853878376e-06
Qwen3-1.7B,model.layers.20.mlp.up_proj.weight,up_proj,20,mxfp8,5.0,12582912,6.495878219604492,6.459689458211263,0.036188761393229164,10217133,0.11760425567626953,True,22.914901733398438,22.02630615234375,1.3350630752029247e-06,1.2520550853878376e-06
Qwen3-1.7B,model.layers.20.self_attn.k_proj.weight,k_proj,20,mxfp4,0.0,2097152,3.889453887939453,3.8484954833984375,0.040958404541015625,1019597,0.0,True,1631.8416748046875,1631.8416748046875,1.3205614777689334e-05,1.3205614777689334e-05
Qwen3-1.7B,model.layers.20.self_attn.k_proj.weight,k_proj,20,mxfp4,1.0,2097152,3.889446258544922,3.8484878540039062,0.040958404541015625,1019595,4.9114227294921875e-05,True,1631.8416748046875,1631.8416748046875,1.3206071344029624e-05,1.3205614777689334e-05
Qwen3-1.7B,model.layers.20.self_attn.k_proj.weight,k_proj,20,mxfp4,5.0,2097152,3.889446258544922,3.8484878540039062,0.040958404541015625,1019595,5.4836273193359375e-05,True,1631.8419189453125,1631.8416748046875,1.3206078619987238e-05,1.3205614777689334e-05
Qwen3-1.7B,model.layers.20.self_attn.k_proj.weight,k_proj,20,mxfp8,0.0,2097152,6.692264556884766,6.65130615234375,0.040958404541015625,1754337,0.0,True,103.17518615722656,103.17518615722656,8.644707918392669e-07,8.644707918392669e-07
Qwen3-1.7B,model.layers.20.self_attn.k_proj.weight,k_proj,20,mxfp8,1.0,2097152,6.663059234619141,6.622100830078125,0.040958404541015625,1746681,0.01896953582763672,True,103.17790985107422,103.17518615722656,8.645746447655256e-07,8.644707918392669e-07
Qwen3-1.7B,model.layers.20.self_attn.k_proj.weight,k_proj,20,mxfp8,5.0,2097152,6.641834259033203,6.6008758544921875,0.040958404541015625,1741117,0.036548614501953125,True,103.20191955566406,103.17518615722656,8.653709073769278e-07,8.644707918392669e-07
Qwen3-1.7B,model.layers.20.self_attn.o_proj.weight,o_proj,20,mxfp4,0.0,4194304,3.8987884521484375,3.8562755584716797,0.04251289367675781,2044088,0.0,True,302.1013488769531,302.1013488769531,1.272273038921412e-05,1.272273038921412e-05
Qwen3-1.7B,model.layers.20.self_attn.o_proj.weight,o_proj,20,mxfp4,1.0,4194304,3.8987789154052734,3.8562660217285156,0.04251289367675781,2044083,8.344650268554688e-05,True,302.10198974609375,302.1013488769531,1.2723046893370338e-05,1.272273038921412e-05
Qwen3-1.7B,model.layers.20.self_attn.o_proj.weight,o_proj,20,mxfp4,5.0,4194304,3.8978500366210938,3.855337142944336,0.04251289367675781,2043596,0.0045626163482666016,True,302.3209533691406,302.1013488769531,1.2797849194612354e-05,1.272273038921412e-05
Qwen3-1.7B,model.layers.20.self_attn.o_proj.weight,o_proj,20,mxfp8,0.0,4194304,6.663078308105469,6.620565414428711,0.04251289367675781,3493372,0.0,True,19.391258239746094,19.391258239746094,8.369917168238317e-07,8.369917168238317e-07
Qwen3-1.7B,model.layers.20.self_attn.o_proj.weight,o_proj,20,mxfp8,1.0,4194304,6.6041107177734375,6.56159782409668,0.04251289367675781,3462456,0.04064440727233887,True,19.40764045715332,19.391258239746094,8.393799930672685e-07,8.369917168238317e-07
Qwen3-1.7B,model.layers.20.self_attn.o_proj.weight,o_proj,20,mxfp8,5.0,4194304,6.554805755615234,6.512292861938477,0.04251289367675781,3436606,0.08070707321166992,True,19.547683715820312,19.391258239746094,8.585770956415217e-07,8.369917168238317e-07
Qwen3-1.7B,model.layers.20.self_attn.q_proj.weight,q_proj,20,mxfp4,0.0,4194304,3.8789138793945312,3.840291976928711,0.03862190246582031,2033668,0.0,True,3762.51025390625,3762.51025390625,1.997594335989561e-05,1.997594335989561e-05
Qwen3-1.7B,model.layers.20.self_attn.q_proj.weight,q_proj,20,mxfp4,1.0,4194304,3.8789138793945312,3.840291976928711,0.03862190246582031,2033668,6.4373016357421875e-06,True,3762.51025390625,3762.51025390625,1.9975976101704873e-05,1.997594335989561e-05
Qwen3-1.7B,model.layers.20.self_attn.q_proj.weight,q_proj,20,mxfp4,5.0,4194304,3.8789024353027344,3.840280532836914,0.03862190246582031,2033662,7.462501525878906e-05,True,3762.513671875,3762.51025390625,1.997605068027042e-05,1.997594335989561e-05
Qwen3-1.7B,model.layers.20.self_attn.q_proj.weight,q_proj,20,mxfp8,0.0,4194304,6.706388473510742,6.667766571044922,0.03862190246582031,3516079,0.0,True,203.77725219726562,203.77725219726562,1.3200902913013124e-06,1.3200902913013124e-06
Qwen3-1.7B,model.layers.20.self_attn.q_proj.weight,q_proj,20,mxfp8,1.0,4194304,6.669824600219727,6.631202697753906,0.03862190246582031,3496909,0.020642757415771484,True,203.791748046875,203.77725219726562,1.3203649587012478e-06,1.3200902913013124e-06
Qwen3-1.7B,model.layers.20.self_attn.q_proj.weight,q_proj,20,mxfp8,5.0,4194304,6.640972137451172,6.602350234985352,0.03862190246582031,3481782,0.046300649642944336,True,203.95321655273438,203.77725219726562,1.3233573099569185e-06,1.3200902913013124e-06
Qwen3-1.7B,model.layers.20.self_attn.v_proj.weight,v_proj,20,mxfp4,0.0,2097152,3.8618202209472656,3.8174819946289062,0.044338226318359375,1012353,0.0,True,1304.7774658203125,1304.7774658203125,1.5387528037535958e-05,1.5387528037535958e-05
Qwen3-1.7B,model.layers.20.self_attn.v_proj.weight,v_proj,20,mxfp4,1.0,2097152,3.8618202209472656,3.8174819946289062,0.044338226318359375,1012353,0.0,True,1304.7774658203125,1304.7774658203125,1.5387528037535958e-05,1.5387528037535958e-05
Qwen3-1.7B,model.layers.20.self_attn.v_proj.weight,v_proj,20,mxfp4,5.0,2097152,3.8618202209472656,3.8174819946289062,0.044338226318359375,1012353,0.0,True,1304.7774658203125,1304.7774658203125,1.5387528037535958e-05,1.5387528037535958e-05
Qwen3-1.7B,model.layers.20.self_attn.v_proj.weight,v_proj,20,mxfp8,0.0,2097152,6.745227813720703,6.700889587402344,0.044338226318359375,1768221,0.0,True,59.90697479248047,59.90697479248047,9.955160749086645e-07,9.955160749086645e-07
Qwen3-1.7B,model.layers.20.self_attn.v_proj.weight,v_proj,20,mxfp8,1.0,2097152,6.713039398193359,6.668701171875,0.044338226318359375,1759783,0.015302658081054688,True,59.90971755981445,59.90697479248047,9.956074791261926e-07,9.955160749086645e-07
Qwen3-1.7B,model.layers.20.self_attn.v_proj.weight,v_proj,20,mxfp8,5.0,2097152,6.692138671875,6.647800445556641,0.044338226318359375,1754304,0.03472423553466797,True,59.95132064819336,59.90697479248047,9.971977306122426e-07,9.955160749086645e-07
Qwen3-1.7B,model.layers.21.mlp.down_proj.weight,down_proj,21,mxfp4,0.0,12582912,3.88938840230306,3.856058120727539,0.033330281575520836,6117479,0.0,True,1742.483642578125,1742.483642578125,1.874181180028245e-05,1.874181180028245e-05
Qwen3-1.7B,model.layers.21.mlp.down_proj.weight,down_proj,21,mxfp4,1.0,12582912,3.8870836893717446,3.853753407796224,0.033330281575520836,6113854,0.007103681564331055,True,1742.8111572265625,1742.483642578125,1.930437792907469e-05,1.874181180028245e-05
Qwen3-1.7B,model.layers.21.mlp.down_proj.weight,down_proj,21,mxfp4,5.0,12582912,3.862301508585612,3.8289712270100913,0.033330281575520836,6074875,0.04977027575174967,True,1751.7484130859375,1742.483642578125,2.528578625060618e-05,1.874181180028245e-05
Qwen3-1.7B,model.layers.21.mlp.down_proj.weight,down_proj,21,mxfp8,0.0,12582912,6.641682306925456,6.608352025349935,0.033330281575520836,10446463,0.0,True,109.24627685546875,109.24627685546875,1.232361569236673e-06,1.232361569236673e-06
Qwen3-1.7B,model.layers.21.mlp.down_proj.weight,down_proj,21,mxfp8,1.0,12582912,6.5810801188151045,6.547749837239583,0.033330281575520836,10351144,0.04752031962076823,True,109.32859802246094,109.24627685546875,1.258588213204348e-06,1.232361569236673e-06
Qwen3-1.7B,model.layers.21.mlp.down_proj.weight,down_proj,21,mxfp8,5.0,12582912,6.535828272501628,6.5024979909261065,0.033330281575520836,10279969,0.10587580998738606,True,110.0012435913086,109.24627685546875,1.4651741366833448e-06,1.232361569236673e-06
Qwen3-1.7B,model.layers.21.mlp.gate_proj.weight,gate_proj,21,mxfp4,0.0,12582912,3.8932698567708335,3.8536059061686196,0.03966395060221354,6123584,0.0,True,479.48681640625,479.48681640625,1.6546016922802664e-05,1.6546016922802664e-05
Qwen3-1.7B,model.layers.21.mlp.gate_proj.weight,gate_proj,21,mxfp4,1.0,12582912,3.8932266235351562,3.853562672932943,0.03966395060221354,6123516,0.0003255208333333333,True,479.4872741699219,479.48681640625,1.655513005971443e-05,1.6546016922802664e-05
Qwen3-1.7B,model.layers.21.mlp.gate_proj.weight,gate_proj,21,mxfp4,5.0,12582912,3.886277516682943,3.846613566080729,0.03966395060221354,6112586,0.013623793919881185,True,482.14990234375,479.48681640625,1.6771675291238353e-05,1.6546016922802664e-05
Qwen3-1.7B,model.layers.21.mlp.gate_proj.weight,gate_proj,21,mxfp8,0.0,12582912,6.656246821085612,6.616582870483398,0.03966395060221354,10469371,0.0,True,32.006473541259766,32.006473541259766,1.086681663764466e-06,1.086681663764466e-06
Qwen3-1.7B,model.layers.21.mlp.gate_proj.weight,gate_proj,21,mxfp8,1.0,12582912,6.57510248819987,6.535438537597656,0.03966395060221354,10341742,0.05243555704752604,True,32.07984161376953,32.006473541259766,1.091808940145711e-06,1.086681663764466e-06
Qwen3-1.7B,model.layers.21.mlp.gate_proj.weight,gate_proj,21,mxfp8,5.0,12582912,6.504803975423177,6.465140024820964,0.03966395060221354,10231172,0.10483916600545247,True,32.59249496459961,32.006473541259766,1.125411358771089e-06,1.086681663764466e-06
Qwen3-1.7B,model.layers.21.mlp.up_proj.weight,up_proj,21,mxfp4,0.0,12582912,3.8889522552490234,3.854832331339518,0.03411992390950521,6116793,0.0,True,430.02752685546875,430.02752685546875,1.9544901078916155e-05,1.9544901078916155e-05
Qwen3-1.7B,model.layers.21.mlp.up_proj.weight,up_proj,21,mxfp4,1.0,12582912,3.8889471689860025,3.8548272450764975,0.03411992390950521,6116785,0.00016617774963378906,True,430.0277099609375,430.02752685546875,1.9549441276467405e-05,1.9544901078916155e-05
Qwen3-1.7B,model.layers.21.mlp.up_proj.weight,up_proj,21,mxfp4,5.0,12582912,3.886176427205404,3.8520565032958984,0.03411992390950521,6112427,0.005989472071329753,True,431.2411804199219,430.02752685546875,1.964911825780291e-05,1.9544901078916155e-05
Qwen3-1.7B,model.layers.21.mlp.up_proj.weight,up_proj,21,mxfp8,0.0,12582912,6.642850875854492,6.608730951944987,0.03411992390950521,10448301,0.0,True,26.481176376342773,26.481176376342773,1.2895858390038484e-06,1.2895858390038484e-06
Qwen3-1.7B,model.layers.21.mlp.up_proj.weight,up_proj,21,mxfp8,1.0,12582912,6.567800521850586,6.533680597941081,0.03411992390950521,10330257,0.04942019780476888,True,26.55165672302246,26.481176376342773,1.294295429943304e-06,1.2895858390038484e-06
Qwen3-1.7B,model.layers.21.mlp.up_proj.weight,up_proj,21,mxfp8,5.0,12582912,6.510191599527995,6.476071675618489,0.03411992390950521,10239646,0.09388065338134766,True,27.046836853027344,26.481176376342773,1.326116944255773e-06,1.2895858390038484e-06
Qwen3-1.7B,model.layers.21.self_attn.k_proj.weight,k_proj,21,mxfp4,0.0,2097152,3.8911972045898438,3.8526878356933594,0.038509368896484375,1020054,0.0,True,2172.0888671875,2172.0888671875,1.3681607924809214e-05,1.3681607924809214e-05
Qwen3-1.7B,model.layers.21.self_attn.k_proj.weight,k_proj,21,mxfp4,1.0,2097152,3.8911895751953125,3.852680206298828,0.038509368896484375,1020052,5.1975250244140625e-05,True,2172.0888671875,2172.0888671875,1.3682160897587892e-05,1.3681607924809214e-05
Qwen3-1.7B,model.layers.21.self_attn.k_proj.weight,k_proj,21,mxfp4,5.0,2097152,3.8909072875976562,3.852397918701172,0.038509368896484375,1019978,0.0004239082336425781,True,2172.1015625,2172.0888671875,1.3682511962542776e-05,1.3681607924809214e-05
Qwen3-1.7B,model.layers.21.self_attn.k_proj.weight,k_proj,21,mxfp8,0.0,2097152,6.678112030029297,6.6396026611328125,0.038509368896484375,1750627,0.0,True,132.48724365234375,132.48724365234375,9.025293365994003e-07,9.025293365994003e-07
Qwen3-1.7B,model.layers.21.self_attn.k_proj.weight,k_proj,21,mxfp8,1.0,2097152,6.643253326416016,6.604743957519531,0.038509368896484375,1741489,0.018275737762451172,True,132.49110412597656,132.48724365234375,9.026346674545493e-07,9.025293365994003e-07
Qwen3-1.7B,model.layers.21.self_attn.k_proj.weight,k_proj,21,mxfp8,5.0,2097152,6.621967315673828,6.583457946777344,0.038509368896484375,1735909,0.03454732894897461,True,132.51962280273438,132.48724365234375,9.032430057231977e-07,9.025293365994003e-07
Qwen3-1.7B,model.layers.21.self_attn.o_proj.weight,o_proj,21,mxfp4,0.0,4194304,3.8955116271972656,3.8535842895507812,0.041927337646484375,2042370,0.0,True,367.2100524902344,367.2100524902344,1.3990620573167689e-05,1.3990620573167689e-05
Qwen3-1.7B,model.layers.21.self_attn.o_proj.weight,o_proj,21,mxfp4,1.0,4194304,3.8955116271972656,3.8535842895507812,0.041927337646484375,2042370,7.152557373046875e-07,True,367.2100524902344,367.2100524902344,1.3990623301651794e-05,1.3990620573167689e-05
Qwen3-1.7B,model.layers.21.self_attn.o_proj.weight,o_proj,21,mxfp4,5.0,4194304,3.8953609466552734,3.853433609008789,0.041927337646484375,2042291,0.0007102489471435547,True,367.2471923828125,367.2100524902344,1.3994848814036231e-05,1.3990620573167689e-05
Qwen3-1.7B,model.layers.21.self_attn.o_proj.weight,o_proj,21,mxfp8,0.0,4194304,6.663675308227539,6.621747970581055,0.041927337646484375,3493685,0.0,True,23.261756896972656,23.261756896972656,9.2035242005295e-07,9.2035242005295e-07
Qwen3-1.7B,model.layers.21.self_attn.o_proj.weight,o_proj,21,mxfp8,1.0,4194304,6.6084747314453125,6.566547393798828,0.041927337646484375,3464744,0.031931161880493164,True,23.276351928710938,23.261756896972656,9.214514307132049e-07,9.2035242005295e-07
Qwen3-1.7B,model.layers.21.self_attn.o_proj.weight,o_proj,21,mxfp8,5.0,4194304,6.564846038818359,6.522918701171875,0.041927337646484375,3441870,0.06825423240661621,True,23.409198760986328,23.261756896972656,9.311683015766903e-07,9.2035242005295e-07
Qwen3-1.7B,model.layers.21.self_attn.q_proj.weight,q_proj,21,mxfp4,0.0,4194304,3.8785648345947266,3.8423099517822266,0.0362548828125,2033485,0.0,True,5248.4189453125,5248.4189453125,1.9695371520356275e-05,1.9695371520356275e-05
Qwen3-1.7B,model.layers.21.self_attn.q_proj.weight,q_proj,21,mxfp4,1.0,4194304,3.8785648345947266,3.8423099517822266,0.0362548828125,2033485,4.0531158447265625e-06,True,5248.4189453125,5248.4189453125,1.9695407900144346e-05,1.9695371520356275e-05
Qwen3-1.7B,model.layers.21.self_attn.q_proj.weight,q_proj,21,mxfp4,5.0,4194304,3.878559112548828,3.842304229736328,0.0362548828125,2033482,4.8160552978515625e-05,True,5248.421875,5248.4189453125,1.969544609892182e-05,1.9695371520356275e-05
Qwen3-1.7B,model.layers.21.self_attn.q_proj.weight,q_proj,21,mxfp8,0.0,4194304,6.690343856811523,6.654088973999023,0.0362548828125,3507667,0.0,True,286.11932373046875,286.11932373046875,1.294967660214752e-06,1.294967660214752e-06
Qwen3-1.7B,model.layers.21.self_attn.q_proj.weight,q_proj,21,mxfp8,1.0,4194304,6.659830093383789,6.623575210571289,0.0362548828125,3491669,0.016054630279541016,True,286.1268615722656,286.11932373046875,1.2950466725669685e-06,1.294967660214752e-06
Qwen3-1.7B,model.layers.21.self_attn.q_proj.weight,q_proj,21,mxfp8,5.0,4194304,6.640012741088867,6.603757858276367,0.0362548828125,3481279,0.0314640998840332,True,286.1864929199219,286.11932373046875,1.2956444379597087e-06,1.294967660214752e-06
Qwen3-1.7B,model.layers.21.self_attn.v_proj.weight,v_proj,21,mxfp4,0.0,2097152,3.8563270568847656,3.8149185180664062,0.041408538818359375,1010913,0.0,True,2131.401123046875,2131.401123046875,1.7612328520044684e-05,1.7612328520044684e-05
Qwen3-1.7B,model.layers.21.self_attn.v_proj.weight,v_proj,21,mxfp4,1.0,2097152,3.8563270568847656,3.8149185180664062,0.041408538818359375,1010913,4.76837158203125e-07,True,2131.401123046875,2131.401123046875,1.7612328520044684e-05,1.7612328520044684e-05
Qwen3-1.7B,model.layers.21.self_attn.v_proj.weight,v_proj,21,mxfp4,5.0,2097152,3.8563270568847656,3.8149185180664062,0.041408538818359375,1010913,4.76837158203125e-07,True,2131.401123046875,2131.401123046875,1.7612328520044684e-05,1.7612328520044684e-05
Qwen3-1.7B,model.layers.21.self_attn.v_proj.weight,v_proj,21,mxfp8,0.0,2097152,6.740867614746094,6.699459075927734,0.041408538818359375,1767078,0.0,True,95.24999237060547,95.24999237060547,1.1273582458670717e-06,1.1273582458670717e-06
Qwen3-1.7B,model.layers.21.self_attn.v_proj.weight,v_proj,21,mxfp8,1.0,2097152,6.709388732910156,6.667980194091797,0.041408538818359375,1758826,0.015900611877441406,True,95.25357055664062,95.24999237060547,1.1274358939772355e-06,1.1273582458670717e-06
Qwen3-1.7B,model.layers.21.self_attn.v_proj.weight,v_proj,21,mxfp8,5.0,2097152,6.6906280517578125,6.649219512939453,0.041408538818359375,1753908,0.029901981353759766,True,95.2799301147461,95.24999237060547,1.1279734053459833e-06,1.1273582458670717e-06
Qwen3-1.7B,model.layers.22.mlp.down_proj.weight,down_proj,22,mxfp4,0.0,12582912,3.9226512908935547,3.889916102091471,0.032735188802083336,6169797,0.0,True,2200.12548828125,2200.12548828125,1.9366181732038967e-05,1.9366181732038967e-05
Qwen3-1.7B,model.layers.22.mlp.down_proj.weight,down_proj,22,mxfp4,1.0,12582912,3.9217522939046225,3.889017105102539,0.032735188802083336,6168383,0.0029818216959635415,True,2200.265625,2200.12548828125,1.9488461475702934e-05,1.9366181732038967e-05
Qwen3-1.7B,model.layers.22.mlp.down_proj.weight,down_proj,22,mxfp4,5.0,12582912,3.8787549336751304,3.846019744873047,0.032735188802083336,6100754,0.030196189880371094,True,2206.4541015625,2200.12548828125,2.20874062506482e-05,1.9366181732038967e-05
Qwen3-1.7B,model.layers.22.mlp.down_proj.weight,down_proj,22,mxfp8,0.0,12582912,6.628581364949544,6.595846176147461,0.032735188802083336,10425857,0.0,True,136.92349243164062,136.92349243164062,1.2833346545448876e-06,1.2833346545448876e-06
Qwen3-1.7B,model.layers.22.mlp.down_proj.weight,down_proj,22,mxfp8,1.0,12582912,6.572340647379558,6.539605458577474,0.032735188802083336,10337398,0.0432432492574056,True,137.0,136.92349243164062,1.2951342114320141e-06,1.2833346545448876e-06
Qwen3-1.7B,model.layers.22.mlp.down_proj.weight,down_proj,22,mxfp8,5.0,12582912,6.530136744181315,6.4974015553792315,0.032735188802083336,10271017,0.09041031201680501,True,137.62060546875,136.92349243164062,1.381463675897976e-06,1.2833346545448876e-06
Qwen3-1.7B,model.layers.22.mlp.gate_proj.weight,gate_proj,22,mxfp4,0.0,12582912,3.901679356892904,3.8649094899495444,0.036769866943359375,6136811,0.0,True,582.0437622070312,582.0437622070312,1.6951451470959e-05,1.6951451470959e-05
Qwen3-1.7B,model.layers.22.mlp.gate_proj.weight,gate_proj,22,mxfp4,1.0,12582912,3.8986085255940757,3.8618386586507163,0.036769866943359375,6131981,0.0003635883331298828,True,582.0438232421875,582.0437622070312,1.6963182133622468e-05,1.6951451470959e-05
Qwen3-1.7B,model.layers.22.mlp.gate_proj.weight,gate_proj,22,mxfp4,5.0,12582912,3.891500473022461,3.8547306060791016,0.036769866943359375,6120801,0.007759253184000651,True,583.812744140625,582.0437622070312,1.7085014405893162e-05,1.6951451470959e-05
Qwen3-1.7B,model.layers.22.mlp.gate_proj.weight,gate_proj,22,mxfp8,0.0,12582912,6.639965057373047,6.6031951904296875,0.036769866943359375,10443762,0.0,True,38.996891021728516,38.996891021728516,1.1112571201010724e-06,1.1112571201010724e-06
Qwen3-1.7B,model.layers.22.mlp.gate_proj.weight,gate_proj,22,mxfp8,1.0,12582912,6.559923807779948,6.523153940836589,0.036769866943359375,10317868,0.04946366945902506,True,39.08176803588867,38.996891021728516,1.1162273949594237e-06,1.1112571201010724e-06
Qwen3-1.7B,model.layers.22.mlp.gate_proj.weight,gate_proj,22,mxfp8,5.0,12582912,6.498950322469075,6.462180455525716,0.036769866943359375,10221965,0.09783252080281575,True,39.67680740356445,38.996891021728516,1.1488587006169837e-06,1.1112571201010724e-06
Qwen3-1.7B,model.layers.22.mlp.up_proj.weight,up_proj,22,mxfp4,0.0,12582912,3.904677073160807,3.8726793924967446,0.0319976806640625,6141526,0.0,True,512.1832275390625,512.1832275390625,1.979937769647222e-05,1.979937769647222e-05
Qwen3-1.7B,model.layers.22.mlp.up_proj.weight,up_proj,22,mxfp4,1.0,12582912,3.9016342163085938,3.8696365356445312,0.0319976806640625,6136740,0.00019152959187825522,True,512.1832885742188,512.1832275390625,1.9804729163297452e-05,1.979937769647222e-05
Qwen3-1.7B,model.layers.22.mlp.up_proj.weight,up_proj,22,mxfp4,5.0,12582912,3.8998845418294272,3.8678868611653647,0.0319976806640625,6133988,0.004063208897908528,True,513.198974609375,512.1832275390625,1.9873541532433592e-05,1.979937769647222e-05
Qwen3-1.7B,model.layers.22.mlp.up_proj.weight,up_proj,22,mxfp8,0.0,12582912,6.629218419392903,6.597220738728841,0.0319976806640625,10426859,0.0,True,31.39064598083496,31.39064598083496,1.3054608416496194e-06,1.3054608416496194e-06
Qwen3-1.7B,model.layers.22.mlp.up_proj.weight,up_proj,22,mxfp8,1.0,12582912,6.550917943318685,6.518920262654622,0.0319976806640625,10303703,0.04767179489135742,True,31.473033905029297,31.39064598083496,1.3101412150717806e-06,1.3054608416496194e-06
Qwen3-1.7B,model.layers.22.mlp.up_proj.weight,up_proj,22,mxfp8,5.0,12582912,6.490847269694011,6.458849589029948,0.0319976806640625,10209220,0.09472878774007161,True,32.04735565185547,31.39064598083496,1.3413779242910095e-06,1.3054608416496194e-06
Qwen3-1.7B,model.layers.22.self_attn.k_proj.weight,k_proj,22,mxfp4,0.0,2097152,3.888256072998047,3.848663330078125,0.039592742919921875,1019283,0.0,True,3156.752197265625,3156.752197265625,1.3353919712244533e-05,1.3353919712244533e-05
Qwen3-1.7B,model.layers.22.self_attn.k_proj.weight,k_proj,22,mxfp4,1.0,2097152,3.888256072998047,3.848663330078125,0.039592742919921875,1019283,0.0,True,3156.752197265625,3156.752197265625,1.3353919712244533e-05,1.3353919712244533e-05
Qwen3-1.7B,model.layers.22.self_attn.k_proj.weight,k_proj,22,mxfp4,5.0,2097152,3.888256072998047,3.848663330078125,0.039592742919921875,1019283,0.0,True,3156.752197265625,3156.752197265625,1.3353919712244533e-05,1.3353919712244533e-05
Qwen3-1.7B,model.layers.22.self_attn.k_proj.weight,k_proj,22,mxfp8,0.0,2097152,6.679046630859375,6.639453887939453,0.039592742919921875,1750872,0.0,True,191.9530029296875,191.9530029296875,8.777592483966146e-07,8.777592483966146e-07
Qwen3-1.7B,model.layers.22.self_attn.k_proj.weight,k_proj,22,mxfp8,1.0,2097152,6.649055480957031,6.609462738037109,0.039592742919921875,1743010,0.015000343322753906,True,191.95669555664062,191.9530029296875,8.778287110544625e-07,8.777592483966146e-07
Qwen3-1.7B,model.layers.22.self_attn.k_proj.weight,k_proj,22,mxfp8,5.0,2097152,6.6305694580078125,6.590976715087891,0.039592742919921875,1738164,0.031909942626953125,True,191.98779296875,191.9530029296875,8.783883345131471e-07,8.777592483966146e-07
Qwen3-1.7B,model.layers.22.self_attn.o_proj.weight,o_proj,22,mxfp4,0.0,4194304,3.8990116119384766,3.8586292266845703,0.04038238525390625,2044205,0.0,True,576.371826171875,576.371826171875,1.3583847248810343e-05,1.3583847248810343e-05
Qwen3-1.7B,model.layers.22.self_attn.o_proj.weight,o_proj,22,mxfp4,1.0,4194304,3.8990097045898438,3.8586273193359375,0.04038238525390625,2044204,5.0067901611328125e-06,True,576.3719482421875,576.371826171875,1.3583856343757361e-05,1.3583847248810343e-05
Qwen3-1.7B,model.layers.22.self_attn.o_proj.weight,o_proj,22,mxfp4,5.0,4194304,3.898641586303711,3.8582592010498047,0.04038238525390625,2044011,0.0007753372192382812,True,576.4274291992188,576.371826171875,1.3594273696071468e-05,1.3583847248810343e-05
Qwen3-1.7B,model.layers.22.self_attn.o_proj.weight,o_proj,22,mxfp8,0.0,4194304,6.650665283203125,6.610282897949219,0.04038238525390625,3486864,0.0,True,36.37451171875,36.37451171875,8.943575835473894e-07,8.943575835473894e-07
Qwen3-1.7B,model.layers.22.self_attn.o_proj.weight,o_proj,22,mxfp8,1.0,4194304,6.60382080078125,6.563438415527344,0.04038238525390625,3462304,0.028039932250976562,True,36.38736343383789,36.37451171875,8.952449093158066e-07,8.943575835473894e-07
Qwen3-1.7B,model.layers.22.self_attn.o_proj.weight,o_proj,22,mxfp8,5.0,4194304,6.568052291870117,6.527669906616211,0.04038238525390625,3443551,0.05721426010131836,True,36.497840881347656,36.37451171875,9.022231211019971e-07,8.943575835473894e-07
Qwen3-1.7B,model.layers.22.self_attn.q_proj.weight,q_proj,22,mxfp4,0.0,4194304,3.8805618286132812,3.8439788818359375,0.03658294677734375,2034532,0.0,True,6845.248046875,6845.248046875,1.877752765722107e-05,1.877752765722107e-05
Qwen3-1.7B,model.layers.22.self_attn.q_proj.weight,q_proj,22,mxfp4,1.0,4194304,3.8805618286132812,3.8439788818359375,0.03658294677734375,2034532,0.0,True,6845.248046875,6845.248046875,1.877752765722107e-05,1.877752765722107e-05
Qwen3-1.7B,model.layers.22.self_attn.q_proj.weight,q_proj,22,mxfp4,5.0,4194304,3.880525588989258,3.843942642211914,0.03658294677734375,2034513,0.00012993812561035156,True,6845.25927734375,6845.248046875,1.877764952951111e-05,1.877752765722107e-05
Qwen3-1.7B,model.layers.22.self_attn.q_proj.weight,q_proj,22,mxfp8,0.0,4194304,6.689153671264648,6.652570724487305,0.03658294677734375,3507043,0.0,True,352.0184631347656,352.0184631347656,1.2384633691908675e-06,1.2384633691908675e-06
Qwen3-1.7B,model.layers.22.self_attn.q_proj.weight,q_proj,22,mxfp8,1.0,4194304,6.661151885986328,6.624568939208984,0.03658294677734375,3492362,0.01456141471862793,True,352.02685546875,352.0184631347656,1.2385347645249567e-06,1.2384633691908675e-06
Qwen3-1.7B,model.layers.22.self_attn.q_proj.weight,q_proj,22,mxfp8,5.0,4194304,6.643688201904297,6.607105255126953,0.03658294677734375,3483206,0.02881598472595215,True,352.0920715332031,352.0184631347656,1.2390516985760769e-06,1.2384633691908675e-06
Qwen3-1.7B,model.layers.22.self_attn.v_proj.weight,v_proj,22,mxfp4,0.0,2097152,3.865398406982422,3.8284873962402344,0.0369110107421875,1013291,0.0,True,2853.934326171875,2853.934326171875,1.6973830497590825e-05,1.6973830497590825e-05
Qwen3-1.7B,model.layers.22.self_attn.v_proj.weight,v_proj,22,mxfp4,1.0,2097152,3.865398406982422,3.8284873962402344,0.0369110107421875,1013291,0.0,True,2853.934326171875,2853.934326171875,1.6973830497590825e-05,1.6973830497590825e-05
Qwen3-1.7B,model.layers.22.self_attn.v_proj.weight,v_proj,22,mxfp4,5.0,2097152,3.865398406982422,3.8284873962402344,0.0369110107421875,1013291,0.0,True,2853.934326171875,2853.934326171875,1.6973830497590825e-05,1.6973830497590825e-05
Qwen3-1.7B,model.layers.22.self_attn.v_proj.weight,v_proj,22,mxfp8,0.0,2097152,6.724468231201172,6.687557220458984,0.0369110107421875,1762779,0.0,True,131.13229370117188,131.13229370117188,1.1013989933417179e-06,1.1013989933417179e-06
Qwen3-1.7B,model.layers.22.self_attn.v_proj.weight,v_proj,22,mxfp8,1.0,2097152,6.695991516113281,6.659080505371094,0.0369110107421875,1755314,0.014268875122070312,True,131.13601684570312,131.13229370117188,1.1014645906470832e-06,1.1013989933417179e-06
Qwen3-1.7B,model.layers.22.self_attn.v_proj.weight,v_proj,22,mxfp8,5.0,2097152,6.678821563720703,6.641910552978516,0.0369110107421875,1750813,0.028679847717285156,True,131.1647186279297,131.13229370117188,1.1019444627891062e-06,1.1013989933417179e-06
Qwen3-1.7B,model.layers.23.mlp.down_proj.weight,down_proj,23,mxfp4,0.0,12582912,3.9504922231038413,3.9183019002278647,0.03219032287597656,6213587,0.0,True,2498.0859375,2498.0859375,1.97569424926769e-05,1.97569424926769e-05
Qwen3-1.7B,model.layers.23.mlp.down_proj.weight,down_proj,23,mxfp4,1.0,12582912,3.950251261393229,3.9180609385172525,0.03219032287597656,6213208,0.0010388692220052083,True,2498.14111328125,2498.0859375,1.9811954189208336e-05,1.97569424926769e-05
Qwen3-1.7B,model.layers.23.mlp.down_proj.weight,down_proj,23,mxfp4,5.0,12582912,3.923074722290039,3.8908843994140625,0.03219032287597656,6170463,0.01248621940612793,True,2500.896728515625,2498.0859375,2.0445562768145464e-05,1.97569424926769e-05
Qwen3-1.7B,model.layers.23.mlp.down_proj.weight,down_proj,23,mxfp8,0.0,12582912,6.623480478922526,6.59129015604655,0.03219032287597656,10417834,0.0,True,158.64254760742188,158.64254760742188,1.3174391142456443e-06,1.3174391142456443e-06
Qwen3-1.7B,model.layers.23.mlp.down_proj.weight,down_proj,23,mxfp8,1.0,12582912,6.572662353515625,6.540472030639648,0.03219032287597656,10337904,0.03489804267883301,True,158.7106170654297,158.64254760742188,1.322733055530989e-06,1.3174391142456443e-06
Qwen3-1.7B,model.layers.23.mlp.down_proj.weight,down_proj,23,mxfp8,5.0,12582912,6.535734176635742,6.503543853759766,0.03219032287597656,10279821,0.07251723607381184,True,159.28134155273438,158.64254760742188,1.3608364497486036e-06,1.3174391142456443e-06
Qwen3-1.7B,model.layers.23.mlp.gate_proj.weight,gate_proj,23,mxfp4,0.0,12582912,3.932828903198242,3.8984762827555337,0.034352620442708336,6185805,0.0,True,685.91796875,685.91796875,1.7214506442542188e-05,1.7214506442542188e-05
Qwen3-1.7B,model.layers.23.mlp.gate_proj.weight,gate_proj,23,mxfp4,1.0,12582912,3.929816563924154,3.8954639434814453,0.034352620442708336,6181067,0.00036462148030598957,True,685.9180297851562,685.91796875,1.7227177522727288e-05,1.7214506442542188e-05
Qwen3-1.7B,model.layers.23.mlp.gate_proj.weight,gate_proj,23,mxfp4,5.0,12582912,3.9296137491861978,3.8952611287434897,0.034352620442708336,6180748,0.0014357566833496094,True,686.1887817382812,685.91796875,1.7247823052457534e-05,1.7214506442542188e-05
Qwen3-1.7B,model.layers.23.mlp.gate_proj.weight,gate_proj,23,mxfp8,0.0,12582912,6.626965204874675,6.592612584431966,0.034352620442708336,10423315,0.0,True,45.77956008911133,45.77956008911133,1.1263110764048179e-06,1.1263110764048179e-06
Qwen3-1.7B,model.layers.23.mlp.gate_proj.weight,gate_proj,23,mxfp8,1.0,12582912,6.552793502807617,6.518440882364909,0.034352620442708336,10306653,0.04568624496459961,True,45.87375259399414,45.77956008911133,1.130991449826979e-06,1.1263110764048179e-06
Qwen3-1.7B,model.layers.23.mlp.gate_proj.weight,gate_proj,23,mxfp8,5.0,12582912,6.49595832824707,6.461605707804362,0.034352620442708336,10217259,0.08971349398295085,True,46.548606872558594,45.77956008911133,1.1620995792327449e-06,1.1263110764048179e-06
Qwen3-1.7B,model.layers.23.mlp.up_proj.weight,up_proj,23,mxfp4,0.0,12582912,3.960545221964518,3.9299214680989585,0.030623753865559895,6229399,0.0,True,609.9274291992188,609.9274291992188,1.9814457118627615e-05,1.9814457118627615e-05
Qwen3-1.7B,model.layers.23.mlp.up_proj.weight,up_proj,23,mxfp4,1.0,12582912,3.951690673828125,3.921066919962565,0.030623753865559895,6215472,0.00021616617838541666,True,609.927490234375,609.9274291992188,1.982078538276255e-05,1.9814457118627615e-05
Qwen3-1.7B,model.layers.23.mlp.up_proj.weight,up_proj,23,mxfp4,5.0,12582912,3.9508469899495444,3.9202232360839844,0.030623753865559895,6214145,0.002911726633707682,True,610.7344360351562,609.9274291992188,1.9865319700329565e-05,1.9814457118627615e-05
Qwen3-1.7B,model.layers.23.mlp.up_proj.weight,up_proj,23,mxfp8,0.0,12582912,6.619372049967448,6.588748296101888,0.030623753865559895,10411372,0.0,True,38.08149719238281,38.08149719238281,1.3088259720461792e-06,1.3088259720461792e-06
Qwen3-1.7B,model.layers.23.mlp.up_proj.weight,up_proj,23,mxfp8,1.0,12582912,6.546957015991211,6.516333262125651,0.030623753865559895,10297473,0.044307708740234375,True,38.17427062988281,38.08149719238281,1.3132618050804012e-06,1.3088259720461792e-06
Qwen3-1.7B,model.layers.23.mlp.up_proj.weight,up_proj,23,mxfp8,5.0,12582912,6.478965123494466,6.448341369628906,0.030623753865559895,10190531,0.0917658011118571,True,38.8371467590332,38.08149719238281,1.3436828112389776e-06,1.3088259720461792e-06
Qwen3-1.7B,model.layers.23.self_attn.k_proj.weight,k_proj,23,mxfp4,0.0,2097152,3.8866920471191406,3.8449859619140625,0.041706085205078125,1018873,0.0,True,4170.5693359375,4170.5693359375,1.3170587408239953e-05,1.3170587408239953e-05
Qwen3-1.7B,model.layers.23.self_attn.k_proj.weight,k_proj,23,mxfp4,1.0,2097152,3.8866920471191406,3.8449859619140625,0.041706085205078125,1018873,3.337860107421875e-05,True,4170.5693359375,4170.5693359375,1.3170870261092205e-05,1.3170587408239953e-05
Qwen3-1.7B,model.layers.23.self_attn.k_proj.weight,k_proj,23,mxfp4,5.0,2097152,3.8866920471191406,3.8449859619140625,0.041706085205078125,1018873,3.337860107421875e-05,True,4170.5693359375,4170.5693359375,1.3170870261092205e-05,1.3170587408239953e-05
Qwen3-1.7B,model.layers.23.self_attn.k_proj.weight,k_proj,23,mxfp8,0.0,2097152,6.693531036376953,6.651824951171875,0.041706085205078125,1754669,0.0,True,264.4775085449219,264.4775085449219,8.551189125682868e-07,8.551189125682868e-07
Qwen3-1.7B,model.layers.23.self_attn.k_proj.weight,k_proj,23,mxfp8,1.0,2097152,6.667228698730469,6.625522613525391,0.041706085205078125,1747774,0.012263298034667969,True,264.4803771972656,264.4775085449219,8.551705263926124e-07,8.551189125682868e-07
Qwen3-1.7B,model.layers.23.self_attn.k_proj.weight,k_proj,23,mxfp8,5.0,2097152,6.650325775146484,6.608619689941406,0.041706085205078125,1743343,0.02763986587524414,True,264.5117492675781,264.4775085449219,8.556388024771877e-07,8.551189125682868e-07
Qwen3-1.7B,model.layers.23.self_attn.o_proj.weight,o_proj,23,mxfp4,0.0,4194304,3.8928775787353516,3.8535537719726562,0.03932380676269531,2040989,0.0,True,403.50054931640625,403.50054931640625,1.3765748008154333e-05,1.3765748008154333e-05
Qwen3-1.7B,model.layers.23.self_attn.o_proj.weight,o_proj,23,mxfp4,1.0,4194304,3.892864227294922,3.8535404205322266,0.03932380676269531,2040982,5.4836273193359375e-05,True,403.5010986328125,403.50054931640625,1.37658335006563e-05,1.3765748008154333e-05
Qwen3-1.7B,model.layers.23.self_attn.o_proj.weight,o_proj,23,mxfp4,5.0,4194304,3.892566680908203,3.853242874145508,0.03932380676269531,2040826,0.002170085906982422,True,403.6142272949219,403.50054931640625,1.378095657855738e-05,1.3765748008154333e-05
Qwen3-1.7B,model.layers.23.self_attn.o_proj.weight,o_proj,23,mxfp8,0.0,4194304,6.649707794189453,6.610383987426758,0.03932380676269531,3486362,0.0,True,25.441679000854492,25.441679000854492,9.035292691805807e-07,9.035292691805807e-07
Qwen3-1.7B,model.layers.23.self_attn.o_proj.weight,o_proj,23,mxfp8,1.0,4194304,6.599979400634766,6.56065559387207,0.03932380676269531,3460290,0.029835939407348633,True,25.454849243164062,25.441679000854492,9.046417517311056e-07,9.035292691805807e-07
Qwen3-1.7B,model.layers.23.self_attn.o_proj.weight,o_proj,23,mxfp8,5.0,4194304,6.559289932250977,6.519966125488281,0.03932380676269531,3438957,0.06433606147766113,True,25.57769012451172,25.441679000854492,9.14672682483797e-07,9.035292691805807e-07
Qwen3-1.7B,model.layers.23.self_attn.q_proj.weight,q_proj,23,mxfp4,0.0,4194304,3.8798789978027344,3.841705322265625,0.038173675537109375,2034174,0.0,True,8148.91943359375,8148.91943359375,1.6475507436553016e-05,1.6475507436553016e-05
Qwen3-1.7B,model.layers.23.self_attn.q_proj.weight,q_proj,23,mxfp4,1.0,4194304,3.8798789978027344,3.841705322265625,0.038173675537109375,2034174,2.1457672119140625e-06,True,8148.91943359375,8148.91943359375,1.647551471251063e-05,1.6475507436553016e-05
Qwen3-1.7B,model.layers.23.self_attn.q_proj.weight,q_proj,23,mxfp4,5.0,4194304,3.8798789978027344,3.841705322265625,0.038173675537109375,2034174,2.1457672119140625e-06,True,8148.91943359375,8148.91943359375,1.647551471251063e-05,1.6475507436553016e-05
Qwen3-1.7B,model.layers.23.self_attn.q_proj.weight,q_proj,23,mxfp8,0.0,4194304,6.692163467407227,6.653989791870117,0.038173675537109375,3508621,0.0,True,467.1100158691406,467.1100158691406,1.079108642443316e-06,1.079108642443316e-06
Qwen3-1.7B,model.layers.23.self_attn.q_proj.weight,q_proj,23,mxfp8,1.0,4194304,6.6651763916015625,6.627002716064453,0.038173675537109375,3494472,0.013493061065673828,True,467.1180725097656,467.1100158691406,1.0791687827804708e-06,1.079108642443316e-06
Qwen3-1.7B,model.layers.23.self_attn.q_proj.weight,q_proj,23,mxfp8,5.0,4194304,6.648042678833008,6.609869003295898,0.038173675537109375,3485489,0.02742910385131836,True,467.18658447265625,467.1100158691406,1.079655476132757e-06,1.079108642443316e-06
Qwen3-1.7B,model.layers.23.self_attn.v_proj.weight,v_proj,23,mxfp4,0.0,2097152,3.85638427734375,3.8194923400878906,0.036891937255859375,1010928,0.0,True,3474.77001953125,3474.77001953125,1.6358791981474496e-05,1.6358791981474496e-05
Qwen3-1.7B,model.layers.23.self_attn.v_proj.weight,v_proj,23,mxfp4,1.0,2097152,3.85638427734375,3.8194923400878906,0.036891937255859375,1010928,0.0,True,3474.77001953125,3474.77001953125,1.6358791981474496e-05,1.6358791981474496e-05
Qwen3-1.7B,model.layers.23.self_attn.v_proj.weight,v_proj,23,mxfp4,5.0,2097152,3.85638427734375,3.8194923400878906,0.036891937255859375,1010928,0.0,True,3474.77001953125,3474.77001953125,1.6358791981474496e-05,1.6358791981474496e-05
Qwen3-1.7B,model.layers.23.self_attn.v_proj.weight,v_proj,23,mxfp8,0.0,2097152,6.730960845947266,6.694068908691406,0.036891937255859375,1764481,0.0,True,165.66026306152344,165.66026306152344,1.054220660989813e-06,1.054220660989813e-06
Qwen3-1.7B,model.layers.23.self_attn.v_proj.weight,v_proj,23,mxfp8,1.0,2097152,6.703338623046875,6.666446685791016,0.036891937255859375,1757240,0.01255178451538086,True,165.66384887695312,165.66026306152344,1.054273752743029e-06,1.054220660989813e-06
Qwen3-1.7B,model.layers.23.self_attn.v_proj.weight,v_proj,23,mxfp8,5.0,2097152,6.6880035400390625,6.651111602783203,0.036891937255859375,1753220,0.026194095611572266,True,165.69570922851562,165.66026306152344,1.0547207693889504e-06,1.054220660989813e-06
Qwen3-1.7B,model.layers.24.mlp.down_proj.weight,down_proj,24,mxfp4,0.0,12582912,3.9817371368408203,3.9495042165120444,0.03223292032877604,6262731,0.0,True,3519.111083984375,3519.111083984375,1.990358214243315e-05,1.990358214243315e-05
Qwen3-1.7B,model.layers.24.mlp.down_proj.weight,down_proj,24,mxfp4,1.0,12582912,3.9761072794596353,3.9438743591308594,0.03223292032877604,6253876,0.00037161509195963543,True,3519.131591796875,3519.111083984375,1.9920415070373565e-05,1.990358214243315e-05
Qwen3-1.7B,model.layers.24.mlp.down_proj.weight,down_proj,24,mxfp4,5.0,12582912,3.9635130564371743,3.9312801361083984,0.03223292032877604,6234067,0.0051733652750651045,True,3520.31787109375,3519.111083984375,2.0172323274891824e-05,1.990358214243315e-05
Qwen3-1.7B,model.layers.24.mlp.down_proj.weight,down_proj,24,mxfp8,0.0,12582912,6.621920903523763,6.589687983194987,0.03223292032877604,10415381,0.0,True,221.3657684326172,221.3657684326172,1.3281195379022392e-06,1.3281195379022392e-06
Qwen3-1.7B,model.layers.24.mlp.down_proj.weight,down_proj,24,mxfp8,1.0,12582912,6.578591028849284,6.546358108520508,0.03223292032877604,10347229,0.02938707669576009,True,221.42221069335938,221.3657684326172,1.3307111430549412e-06,1.3281195379022392e-06
Qwen3-1.7B,model.layers.24.mlp.down_proj.weight,down_proj,24,mxfp8,5.0,12582912,6.545382181803386,6.513149261474609,0.03223292032877604,10294996,0.06169001261393229,True,221.9223175048828,221.3657684326172,1.3506473806046415e-06,1.3281195379022392e-06
Qwen3-1.7B,model.layers.24.mlp.gate_proj.weight,gate_proj,24,mxfp4,0.0,12582912,3.9371210734049478,3.902958552042643,0.03416252136230469,6192556,0.0,True,656.8642578125,656.8642578125,1.679866727499757e-05,1.679866727499757e-05
Qwen3-1.7B,model.layers.24.mlp.gate_proj.weight,gate_proj,24,mxfp4,1.0,12582912,3.919086456298828,3.8849239349365234,0.03416252136230469,6164190,0.0003966490427652995,True,656.8643188476562,656.8642578125,1.6813095498946495e-05,1.679866727499757e-05
Qwen3-1.7B,model.layers.24.mlp.gate_proj.weight,gate_proj,24,mxfp4,5.0,12582912,3.9186573028564453,3.8844947814941406,0.03416252136230469,6163515,0.001369158426920573,True,657.103271484375,656.8642578125,1.683393020357471e-05,1.679866727499757e-05
Qwen3-1.7B,model.layers.24.mlp.gate_proj.weight,gate_proj,24,mxfp8,0.0,12582912,6.627134323120117,6.5929718017578125,0.03416252136230469,10423581,0.0,True,43.30154037475586,43.30154037475586,1.093564947041159e-06,1.093564947041159e-06
Qwen3-1.7B,model.layers.24.mlp.gate_proj.weight,gate_proj,24,mxfp8,1.0,12582912,6.550775527954102,6.516613006591797,0.03416252136230469,10303479,0.04681396484375,True,43.39517593383789,43.30154037475586,1.0982995490849135e-06,1.093564947041159e-06
Qwen3-1.7B,model.layers.24.mlp.gate_proj.weight,gate_proj,24,mxfp8,5.0,12582912,6.493735631306966,6.459573109944661,0.03416252136230469,10213763,0.08866190910339355,True,44.06783676147461,43.30154037475586,1.12962868570321e-06,1.093564947041159e-06
Qwen3-1.7B,model.layers.24.mlp.up_proj.weight,up_proj,24,mxfp4,0.0,12582912,3.989307403564453,3.959221522013346,0.03008588155110677,6274638,0.0,True,610.3900756835938,610.3900756835938,1.9992074157926254e-05,1.9992074157926254e-05
Qwen3-1.7B,model.layers.24.mlp.up_proj.weight,up_proj,24,mxfp4,1.0,12582912,3.9892940521240234,3.9592081705729165,0.03008588155110677,6274617,0.00023587544759114584,True,610.3900756835938,610.3900756835938,1.999938649532851e-05,1.9992074157926254e-05
Qwen3-1.7B,model.layers.24.mlp.up_proj.weight,up_proj,24,mxfp4,5.0,12582912,3.988862991333008,3.958777109781901,0.03008588155110677,6273939,0.003087123235066732,True,611.2532958984375,610.3900756835938,2.004690577450674e-05,1.9992074157926254e-05
Qwen3-1.7B,model.layers.24.mlp.up_proj.weight,up_proj,24,mxfp8,0.0,12582912,6.6167653401692705,6.586679458618164,0.03008588155110677,10407272,0.0,True,37.972900390625,37.972900390625,1.3208654081608984e-06,1.3208654081608984e-06
Qwen3-1.7B,model.layers.24.mlp.up_proj.weight,up_proj,24,mxfp8,1.0,12582912,6.545692443847656,6.51560656229655,0.03008588155110677,10295484,0.04602527618408203,True,38.06571960449219,37.972900390625,1.325382640970929e-06,1.3208654081608984e-06
Qwen3-1.7B,model.layers.24.mlp.up_proj.weight,up_proj,24,mxfp8,5.0,12582912,6.491042455037435,6.460956573486328,0.03008588155110677,10209527,0.08871825536092122,True,38.72041702270508,37.972900390625,1.355916538159363e-06,1.3208654081608984e-06
Qwen3-1.7B,model.layers.24.self_attn.k_proj.weight,k_proj,24,mxfp4,0.0,2097152,3.8886070251464844,3.846355438232422,0.0422515869140625,1019375,0.0,True,6928.85009765625,6928.85009765625,1.314647488470655e-05,1.314647488470655e-05
Qwen3-1.7B,model.layers.24.self_attn.k_proj.weight,k_proj,24,mxfp4,1.0,2097152,3.8886070251464844,3.846355438232422,0.0422515869140625,1019375,0.0,True,6928.85009765625,6928.85009765625,1.314647488470655e-05,1.314647488470655e-05
Qwen3-1.7B,model.layers.24.self_attn.k_proj.weight,k_proj,24,mxfp4,5.0,2097152,3.8886070251464844,3.846355438232422,0.0422515869140625,1019375,0.0,True,6928.85009765625,6928.85009765625,1.314647488470655e-05,1.314647488470655e-05
Qwen3-1.7B,model.layers.24.self_attn.k_proj.weight,k_proj,24,mxfp8,0.0,2097152,6.696281433105469,6.654029846191406,0.0422515869140625,1755390,0.0,True,462.178466796875,462.178466796875,8.597456826464622e-07,8.597456826464622e-07
Qwen3-1.7B,model.layers.24.self_attn.k_proj.weight,k_proj,24,mxfp8,1.0,2097152,6.6727142333984375,6.630462646484375,0.0422515869140625,1749212,0.01025247573852539,True,462.1798095703125,462.178466796875,8.597585292591248e-07,8.597456826464622e-07
Qwen3-1.7B,model.layers.24.self_attn.k_proj.weight,k_proj,24,mxfp8,5.0,2097152,6.656597137451172,6.614345550537109,0.0422515869140625,1744987,0.02271556854248047,True,462.1982116699219,462.178466796875,8.599512852924818e-07,8.597456826464622e-07
Qwen3-1.7B,model.layers.24.self_attn.o_proj.weight,o_proj,24,mxfp4,0.0,4194304,3.8861923217773438,3.8517017364501953,0.03449058532714844,2037484,0.0,True,668.380859375,668.380859375,1.42607150337426e-05,1.42607150337426e-05
Qwen3-1.7B,model.layers.24.self_attn.o_proj.weight,o_proj,24,mxfp4,1.0,4194304,3.8861770629882812,3.851686477661133,0.03449058532714844,2037476,3.0994415283203125e-05,True,668.3814086914062,668.380859375,1.4260753232520074e-05,1.42607150337426e-05
Qwen3-1.7B,model.layers.24.self_attn.o_proj.weight,o_proj,24,mxfp4,5.0,4194304,3.8858165740966797,3.8513259887695312,0.03449058532714844,2037287,0.0010974407196044922,True,668.4436645507812,668.380859375,1.4265252502809744e-05,1.42607150337426e-05
Qwen3-1.7B,model.layers.24.self_attn.o_proj.weight,o_proj,24,mxfp8,0.0,4194304,6.637306213378906,6.602815628051758,0.03449058532714844,3479860,0.0,True,42.54362106323242,42.54362106323242,9.29828104290209e-07,9.29828104290209e-07
Qwen3-1.7B,model.layers.24.self_attn.o_proj.weight,o_proj,24,mxfp8,1.0,4194304,6.593965530395508,6.559474945068359,0.03449058532714844,3457137,0.024160385131835938,True,42.553855895996094,42.54362106323242,9.303365118285001e-07,9.29828104290209e-07
Qwen3-1.7B,model.layers.24.self_attn.o_proj.weight,o_proj,24,mxfp8,5.0,4194304,6.5620574951171875,6.527566909790039,0.03449058532714844,3440408,0.05118966102600098,True,42.651344299316406,42.54362106323242,9.352905863124761e-07,9.29828104290209e-07
Qwen3-1.7B,model.layers.24.self_attn.q_proj.weight,q_proj,24,mxfp4,0.0,4194304,3.8792552947998047,3.8396987915039062,0.03955650329589844,2033847,0.0,True,14958.9111328125,14958.9111328125,1.8172693671658635e-05,1.8172693671658635e-05
Qwen3-1.7B,model.layers.24.self_attn.q_proj.weight,q_proj,24,mxfp4,1.0,4194304,3.8792552947998047,3.8396987915039062,0.03955650329589844,2033847,0.0,True,14958.9111328125,14958.9111328125,1.8172693671658635e-05,1.8172693671658635e-05
Qwen3-1.7B,model.layers.24.self_attn.q_proj.weight,q_proj,24,mxfp4,5.0,4194304,3.8792552947998047,3.8396987915039062,0.03955650329589844,2033847,0.0,True,14958.9111328125,14958.9111328125,1.8172693671658635e-05,1.8172693671658635e-05
Qwen3-1.7B,model.layers.24.self_attn.q_proj.weight,q_proj,24,mxfp8,0.0,4194304,6.705270767211914,6.665714263916016,0.03955650329589844,3515493,0.0,True,885.4607543945312,885.4607543945312,1.1891925169038586e-06,1.1891925169038586e-06
Qwen3-1.7B,model.layers.24.self_attn.q_proj.weight,q_proj,24,mxfp8,1.0,4194304,6.679634094238281,6.640077590942383,0.03955650329589844,3502052,0.011194229125976562,True,885.4675903320312,885.4607543945312,1.1892284419445787e-06,1.1891925169038586e-06
Qwen3-1.7B,model.layers.24.self_attn.q_proj.weight,q_proj,24,mxfp8,5.0,4194304,6.663839340209961,6.6242828369140625,0.03955650329589844,3493771,0.0248868465423584,True,885.548828125,885.4607543945312,1.1896463547600433e-06,1.1891925169038586e-06
Qwen3-1.7B,model.layers.24.self_attn.v_proj.weight,v_proj,24,mxfp4,0.0,2097152,3.8571319580078125,3.8228530883789062,0.03427886962890625,1011124,0.0,True,5540.1044921875,5540.1044921875,1.6382511603296734e-05,1.6382511603296734e-05
Qwen3-1.7B,model.layers.24.self_attn.v_proj.weight,v_proj,24,mxfp4,1.0,2097152,3.8571319580078125,3.8228530883789062,0.03427886962890625,1011124,0.0,True,5540.1044921875,5540.1044921875,1.6382511603296734e-05,1.6382511603296734e-05
Qwen3-1.7B,model.layers.24.self_attn.v_proj.weight,v_proj,24,mxfp4,5.0,2097152,3.8571319580078125,3.8228530883789062,0.03427886962890625,1011124,0.0,True,5540.1044921875,5540.1044921875,1.6382511603296734e-05,1.6382511603296734e-05
Qwen3-1.7B,model.layers.24.self_attn.v_proj.weight,v_proj,24,mxfp8,0.0,2097152,6.732460021972656,6.69818115234375,0.03427886962890625,1764874,0.0,True,277.57830810546875,277.57830810546875,1.0535667342992383e-06,1.0535667342992383e-06
Qwen3-1.7B,model.layers.24.self_attn.v_proj.weight,v_proj,24,mxfp8,1.0,2097152,6.710979461669922,6.676700592041016,0.03427886962890625,1759243,0.00896310806274414,True,277.58013916015625,277.57830810546875,1.0535845831327606e-06,1.0535667342992383e-06
Qwen3-1.7B,model.layers.24.self_attn.v_proj.weight,v_proj,24,mxfp8,5.0,2097152,6.696807861328125,6.662528991699219,0.03427886962890625,1755528,0.02176666259765625,True,277.6126403808594,277.57830810546875,1.0539224604144692e-06,1.0535667342992383e-06
Qwen3-1.7B,model.layers.25.mlp.down_proj.weight,down_proj,25,mxfp4,0.0,12582912,3.9459253946940103,3.9140637715657554,0.03186162312825521,6206404,0.0,True,4347.5283203125,4347.5283203125,1.9484397853375413e-05,1.9484397853375413e-05
Qwen3-1.7B,model.layers.25.mlp.down_proj.weight,down_proj,25,mxfp4,1.0,12582912,3.9459285736083984,3.914066950480143,0.03186162312825521,6206409,0.00022180875142415365,True,4347.53857421875,4347.5283203125,1.9495639207889326e-05,1.9484397853375413e-05
Qwen3-1.7B,model.layers.25.mlp.down_proj.weight,down_proj,25,mxfp4,5.0,12582912,3.945126215616862,3.913264592488607,0.03186162312825521,6205147,0.0029229323069254556,True,4348.1953125,4347.5283203125,1.9756662368308753e-05,1.9484397853375413e-05
Qwen3-1.7B,model.layers.25.mlp.down_proj.weight,down_proj,25,mxfp8,0.0,12582912,6.622820536295573,6.590958913167317,0.03186162312825521,10416796,0.0,True,266.78753662109375,266.78753662109375,1.2898544810013846e-06,1.2898544810013846e-06
Qwen3-1.7B,model.layers.25.mlp.down_proj.weight,down_proj,25,mxfp8,1.0,12582912,6.583285013834636,6.55142339070638,0.03186162312825521,10354612,0.023775259653727215,True,266.83233642578125,266.78753662109375,1.291643002332421e-06,1.2898544810013846e-06
Qwen3-1.7B,model.layers.25.mlp.down_proj.weight,down_proj,25,mxfp8,5.0,12582912,6.555110931396484,6.5232493082682295,0.03186162312825521,10310298,0.049430529276529946,True,267.2456970214844,266.78753662109375,1.307489014834573e-06,1.2898544810013846e-06
Qwen3-1.7B,model.layers.25.mlp.gate_proj.weight,gate_proj,25,mxfp4,0.0,12582912,3.9030958811442056,3.867839813232422,0.03525606791178385,6139039,0.0,True,624.7263793945312,624.7263793945312,1.633937790757045e-05,1.633937790757045e-05
Qwen3-1.7B,model.layers.25.mlp.gate_proj.weight,gate_proj,25,mxfp4,1.0,12582912,3.8999512990315757,3.8646952311197915,0.03525606791178385,6134093,0.0004131793975830078,True,624.7265625,624.7263793945312,1.635409535083454e-05,1.633937790757045e-05
Qwen3-1.7B,model.layers.25.mlp.gate_proj.weight,gate_proj,25,mxfp4,5.0,12582912,3.8997135162353516,3.864457448323568,0.03525606791178385,6133719,0.0013229846954345703,True,624.9308471679688,624.7263793945312,1.6374351616832428e-05,1.633937790757045e-05
Qwen3-1.7B,model.layers.25.mlp.gate_proj.weight,gate_proj,25,mxfp8,0.0,12582912,6.631832122802734,6.59657605489095,0.03525606791178385,10430970,0.0,True,40.907135009765625,40.907135009765625,1.0631500799718197e-06,1.0631500799718197e-06
Qwen3-1.7B,model.layers.25.mlp.gate_proj.weight,gate_proj,25,mxfp8,1.0,12582912,6.5551096598307295,6.519853591918945,0.03525606791178385,10310296,0.048438310623168945,True,40.9988899230957,40.907135009765625,1.0679469824026455e-06,1.0631500799718197e-06
Qwen3-1.7B,model.layers.25.mlp.gate_proj.weight,gate_proj,25,mxfp8,5.0,12582912,6.4903920491536455,6.455135981241862,0.03525606791178385,10208504,0.09593566258748372,True,41.66155242919922,40.907135009765625,1.099882183552836e-06,1.0631500799718197e-06
Qwen3-1.7B,model.layers.25.mlp.up_proj.weight,up_proj,25,mxfp4,0.0,12582912,3.9779955546061196,3.9478537241617837,0.030141830444335938,6256846,0.0,True,615.3598022460938,615.3598022460938,2.0076671717106365e-05,2.0076671717106365e-05
Qwen3-1.7B,model.layers.25.mlp.up_proj.weight,up_proj,25,mxfp4,1.0,12582912,3.963510513305664,3.933368682861328,0.030141830444335938,6234063,0.0002410411834716797,True,615.35986328125,615.3598022460938,2.0084547941223718e-05,2.0076671717106365e-05
Qwen3-1.7B,model.layers.25.mlp.up_proj.weight,up_proj,25,mxfp4,5.0,12582912,3.9627596537272134,3.9326178232828775,0.030141830444335938,6232882,0.0032517115275065103,True,616.2565307617188,615.3598022460938,2.014005985984113e-05,2.0076671717106365e-05
Qwen3-1.7B,model.layers.25.mlp.up_proj.weight,up_proj,25,mxfp8,0.0,12582912,6.617305755615234,6.587163925170898,0.030141830444335938,10408122,0.0,True,37.513179779052734,37.513179779052734,1.3251730024421704e-06,1.3251730024421704e-06
Qwen3-1.7B,model.layers.25.mlp.up_proj.weight,up_proj,25,mxfp8,1.0,12582912,6.544259389241536,6.5141175587972,0.030141830444335938,10293230,0.044202168782552086,True,37.60342788696289,37.513179779052734,1.3297304803927545e-06,1.3251730024421704e-06
Qwen3-1.7B,model.layers.25.mlp.up_proj.weight,up_proj,25,mxfp8,5.0,12582912,6.481784820556641,6.451642990112305,0.030141830444335938,10194966,0.08817704518636067,True,38.23967361450195,37.513179779052734,1.3604807236333727e-06,1.3251730024421704e-06
Qwen3-1.7B,model.layers.25.self_attn.k_proj.weight,k_proj,25,mxfp4,0.0,2097152,3.8875198364257812,3.8446884155273438,0.0428314208984375,1019090,0.0,True,7677.73193359375,7677.73193359375,1.2201489880681038e-05,1.2201489880681038e-05
Qwen3-1.7B,model.layers.25.self_attn.k_proj.weight,k_proj,25,mxfp4,1.0,2097152,3.8875198364257812,3.8446884155273438,0.0428314208984375,1019090,0.0,True,7677.73193359375,7677.73193359375,1.2201489880681038e-05,1.2201489880681038e-05
Qwen3-1.7B,model.layers.25.self_attn.k_proj.weight,k_proj,25,mxfp4,5.0,2097152,3.8875198364257812,3.8446884155273438,0.0428314208984375,1019090,0.0,True,7677.73193359375,7677.73193359375,1.2201489880681038e-05,1.2201489880681038e-05
Qwen3-1.7B,model.layers.25.self_attn.k_proj.weight,k_proj,25,mxfp8,0.0,2097152,6.697559356689453,6.654727935791016,0.0428314208984375,1755725,0.0,True,501.06036376953125,501.06036376953125,7.975532980708522e-07,7.975532980708522e-07
Qwen3-1.7B,model.layers.25.self_attn.k_proj.weight,k_proj,25,mxfp8,1.0,2097152,6.6756591796875,6.6328277587890625,0.0428314208984375,1749984,0.01030588150024414,True,501.06182861328125,501.06036376953125,7.975661446835147e-07,7.975532980708522e-07
Qwen3-1.7B,model.layers.25.self_attn.k_proj.weight,k_proj,25,mxfp8,5.0,2097152,6.663326263427734,6.620494842529297,0.0428314208984375,1746751,0.02013540267944336,True,501.0726013183594,501.06036376953125,7.9766118687985e-07,7.975532980708522e-07
Qwen3-1.7B,model.layers.25.self_attn.o_proj.weight,o_proj,25,mxfp4,0.0,4194304,3.9208545684814453,3.885528564453125,0.03532600402832031,2055657,0.0,True,782.9132080078125,782.9132080078125,1.579810668772552e-05,1.579810668772552e-05
Qwen3-1.7B,model.layers.25.self_attn.o_proj.weight,o_proj,25,mxfp4,1.0,4194304,3.9208507537841797,3.8855247497558594,0.03532600402832031,2055655,1.0013580322265625e-05,True,782.913330078125,782.9132080078125,1.5798117601661943e-05,1.579810668772552e-05
Qwen3-1.7B,model.layers.25.self_attn.o_proj.weight,o_proj,25,mxfp4,5.0,4194304,3.920734405517578,3.885408401489258,0.03532600402832031,2055594,0.00033092498779296875,True,782.9331665039062,782.9132080078125,1.5799338143551722e-05,1.579810668772552e-05
Qwen3-1.7B,model.layers.25.self_attn.o_proj.weight,o_proj,25,mxfp8,0.0,4194304,6.634246826171875,6.598920822143555,0.03532600402832031,3478256,0.0,True,50.957550048828125,50.957550048828125,1.0403348369436571e-06,1.0403348369436571e-06
Qwen3-1.7B,model.layers.25.self_attn.o_proj.weight,o_proj,25,mxfp8,1.0,4194304,6.590412139892578,6.555086135864258,0.03532600402832031,3455274,0.02264404296875,True,50.96781921386719,50.957550048828125,1.0407164836578886e-06,1.0403348369436571e-06
Qwen3-1.7B,model.layers.25.self_attn.o_proj.weight,o_proj,25,mxfp8,5.0,4194304,6.557943344116211,6.522617340087891,0.03532600402832031,3438251,0.04974365234375,True,51.075225830078125,50.957550048828125,1.0447104159538867e-06,1.0403348369436571e-06
Qwen3-1.7B,model.layers.25.self_attn.q_proj.weight,q_proj,25,mxfp4,0.0,4194304,3.8808441162109375,3.8407554626464844,0.040088653564453125,2034680,0.0,True,17022.775390625,17022.775390625,1.7179143469547853e-05,1.7179143469547853e-05
Qwen3-1.7B,model.layers.25.self_attn.q_proj.weight,q_proj,25,mxfp4,1.0,4194304,3.8808441162109375,3.8407554626464844,0.040088653564453125,2034680,0.0,True,17022.775390625,17022.775390625,1.7179143469547853e-05,1.7179143469547853e-05
Qwen3-1.7B,model.layers.25.self_attn.q_proj.weight,q_proj,25,mxfp4,5.0,4194304,3.8808441162109375,3.8407554626464844,0.040088653564453125,2034680,0.0,True,17022.775390625,17022.775390625,1.7179143469547853e-05,1.7179143469547853e-05
Qwen3-1.7B,model.layers.25.self_attn.q_proj.weight,q_proj,25,mxfp8,0.0,4194304,6.710750579833984,6.670661926269531,0.040088653564453125,3518366,0.0,True,1035.037841796875,1035.037841796875,1.1271773701082566e-06,1.1271773701082566e-06
Qwen3-1.7B,model.layers.25.self_attn.q_proj.weight,q_proj,25,mxfp8,1.0,4194304,6.688621520996094,6.648532867431641,0.040088653564453125,3506764,0.010182857513427734,True,1035.04248046875,1035.037841796875,1.127200448536314e-06,1.1271773701082566e-06
Qwen3-1.7B,model.layers.25.self_attn.q_proj.weight,q_proj,25,mxfp8,5.0,4194304,6.674325942993164,6.634237289428711,0.040088653564453125,3499269,0.023115873336791992,True,1035.113525390625,1035.037841796875,1.1275517408648739e-06,1.1271773701082566e-06
Qwen3-1.7B,model.layers.25.self_attn.v_proj.weight,v_proj,25,mxfp4,0.0,2097152,3.8665924072265625,3.834056854248047,0.032535552978515625,1013604,0.0,True,8495.076171875,8495.076171875,2.020495776378084e-05,2.020495776378084e-05
Qwen3-1.7B,model.layers.25.self_attn.v_proj.weight,v_proj,25,mxfp4,1.0,2097152,3.8665924072265625,3.834056854248047,0.032535552978515625,1013604,0.0,True,8495.076171875,8495.076171875,2.020495776378084e-05,2.020495776378084e-05
Qwen3-1.7B,model.layers.25.self_attn.v_proj.weight,v_proj,25,mxfp4,5.0,2097152,3.8665924072265625,3.834056854248047,0.032535552978515625,1013604,0.0,True,8495.076171875,8495.076171875,2.020495776378084e-05,2.020495776378084e-05
Qwen3-1.7B,model.layers.25.self_attn.v_proj.weight,v_proj,25,mxfp8,0.0,2097152,6.72479248046875,6.692256927490234,0.032535552978515625,1762864,0.0,True,463.04644775390625,463.04644775390625,1.322383923252346e-06,1.322383923252346e-06
Qwen3-1.7B,model.layers.25.self_attn.v_proj.weight,v_proj,25,mxfp8,1.0,2097152,6.7028656005859375,6.670330047607422,0.032535552978515625,1757116,0.009620189666748047,True,463.0496520996094,463.04644775390625,1.3224142776380177e-06,1.322383923252346e-06
Qwen3-1.7B,model.layers.25.self_attn.v_proj.weight,v_proj,25,mxfp8,5.0,2097152,6.689643859863281,6.657108306884766,0.032535552978515625,1753650,0.022594451904296875,True,463.0873107910156,463.04644775390625,1.322770231126924e-06,1.322383923252346e-06
Qwen3-1.7B,model.layers.26.mlp.down_proj.weight,down_proj,26,mxfp4,0.0,12582912,3.90641721089681,3.876974105834961,0.029443105061848957,6144263,0.0,True,6121.91796875,6121.91796875,1.867265200417023e-05,1.867265200417023e-05
Qwen3-1.7B,model.layers.26.mlp.down_proj.weight,down_proj,26,mxfp4,1.0,12582912,3.9062538146972656,3.8768107096354165,0.029443105061848957,6144006,0.0003997484842936198,True,6121.93310546875,6121.91796875,1.870596497610677e-05,1.867265200417023e-05
Qwen3-1.7B,model.layers.26.mlp.down_proj.weight,down_proj,26,mxfp4,5.0,12582912,3.9059225718180337,3.876479466756185,0.029443105061848957,6143485,0.001649777094523112,True,6122.20263671875,6121.91796875,1.883423283288721e-05,1.867265200417023e-05
Qwen3-1.7B,model.layers.26.mlp.down_proj.weight,down_proj,26,mxfp8,0.0,12582912,6.623732248942058,6.594289143880208,0.029443105061848957,10418230,0.0,True,357.8480529785156,357.8480529785156,1.2175070196462912e-06,1.2175070196462912e-06
Qwen3-1.7B,model.layers.26.mlp.down_proj.weight,down_proj,26,mxfp8,1.0,12582912,6.586184183756511,6.556741078694661,0.029443105061848957,10359172,0.01976609230041504,True,357.8827209472656,357.8480529785156,1.2193946758998209e-06,1.2175070196462912e-06
Qwen3-1.7B,model.layers.26.mlp.down_proj.weight,down_proj,26,mxfp8,5.0,12582912,6.561570485432942,6.532127380371094,0.029443105061848957,10320458,0.04152448972066244,True,358.21514892578125,357.8480529785156,1.2292520068513113e-06,1.2175070196462912e-06
Qwen3-1.7B,model.layers.26.mlp.gate_proj.weight,gate_proj,26,mxfp4,0.0,12582912,3.893037796020508,3.8574231465657554,0.0356146494547526,6123219,0.0,True,631.435302734375,631.435302734375,1.6084228263935074e-05,1.6084228263935074e-05
Qwen3-1.7B,model.layers.26.mlp.gate_proj.weight,gate_proj,26,mxfp4,1.0,12582912,3.8866748809814453,3.851060231526693,0.0356146494547526,6113211,0.0003829002380371094,True,631.4353637695312,631.435302734375,1.609761966392398e-05,1.6084228263935074e-05
Qwen3-1.7B,model.layers.26.mlp.gate_proj.weight,gate_proj,26,mxfp4,5.0,12582912,3.886458079020182,3.8508434295654297,0.0356146494547526,6112870,0.0010512669881184895,True,631.5899047851562,631.435302734375,1.61084026331082e-05,1.6084228263935074e-05
Qwen3-1.7B,model.layers.26.mlp.gate_proj.weight,gate_proj,26,mxfp8,0.0,12582912,6.635272979736328,6.599658330281575,0.0356146494547526,10436382,0.0,True,39.773136138916016,39.773136138916016,1.0461172905706917e-06,1.0461172905706917e-06
Qwen3-1.7B,model.layers.26.mlp.gate_proj.weight,gate_proj,26,mxfp8,1.0,12582912,6.559762318929036,6.524147669474284,0.0356146494547526,10317614,0.04798571268717448,True,39.861602783203125,39.773136138916016,1.0507586694075144e-06,1.0461172905706917e-06
Qwen3-1.7B,model.layers.26.mlp.gate_proj.weight,gate_proj,26,mxfp8,5.0,12582912,6.501479466756185,6.465864817301433,0.0356146494547526,10225943,0.09332863489786784,True,40.49846267700195,39.773136138916016,1.0814599136210745e-06,1.0461172905706917e-06
Qwen3-1.7B,model.layers.26.mlp.up_proj.weight,up_proj,26,mxfp4,0.0,12582912,3.9664408365885415,3.9360504150390625,0.030390421549479168,6238672,0.0,True,664.7160034179688,664.7160034179688,1.9837052604998462e-05,1.9837052604998462e-05
Qwen3-1.7B,model.layers.26.mlp.up_proj.weight,up_proj,26,mxfp4,1.0,12582912,3.9488404591878257,3.918450037638346,0.030390421549479168,6210989,0.000270843505859375,True,664.7186889648438,664.7160034179688,1.984438677027356e-05,1.9837052604998462e-05
Qwen3-1.7B,model.layers.26.mlp.up_proj.weight,up_proj,26,mxfp4,5.0,12582912,3.9477310180664062,3.9173405965169272,0.030390421549479168,6209244,0.003970940907796224,True,665.7919921875,664.7160034179688,1.990264172491152e-05,1.9837052604998462e-05
Qwen3-1.7B,model.layers.26.mlp.up_proj.weight,up_proj,26,mxfp8,0.0,12582912,6.620733261108398,6.590342839558919,0.030390421549479168,10413513,0.0,True,39.892234802246094,39.892234802246094,1.3103073115416919e-06,1.3103073115416919e-06
Qwen3-1.7B,model.layers.26.mlp.up_proj.weight,up_proj,26,mxfp8,1.0,12582912,6.549092610677083,6.5187021891276045,0.030390421549479168,10300832,0.04651316006978353,True,39.979305267333984,39.892234802246094,1.314628320869815e-06,1.3103073115416919e-06
Qwen3-1.7B,model.layers.26.mlp.up_proj.weight,up_proj,26,mxfp8,5.0,12582912,6.488654454549153,6.458264032999675,0.030390421549479168,10205771,0.09100937843322754,True,40.59387969970703,39.892234802246094,1.34381741645484e-06,1.3103073115416919e-06
Qwen3-1.7B,model.layers.26.self_attn.k_proj.weight,k_proj,26,mxfp4,0.0,2097152,3.893341064453125,3.849987030029297,0.043354034423828125,1020616,0.0,True,6949.62890625,6949.62890625,1.1509191608638503e-05,1.1509191608638503e-05
Qwen3-1.7B,model.layers.26.self_attn.k_proj.weight,k_proj,26,mxfp4,1.0,2097152,3.893341064453125,3.849987030029297,0.043354034423828125,1020616,0.0,True,6949.62890625,6949.62890625,1.1509191608638503e-05,1.1509191608638503e-05
Qwen3-1.7B,model.layers.26.self_attn.k_proj.weight,k_proj,26,mxfp4,5.0,2097152,3.893341064453125,3.849987030029297,0.043354034423828125,1020616,0.0,True,6949.62890625,6949.62890625,1.1509191608638503e-05,1.1509191608638503e-05
Qwen3-1.7B,model.layers.26.self_attn.k_proj.weight,k_proj,26,mxfp8,0.0,2097152,6.690727233886719,6.647373199462891,0.043354034423828125,1753934,0.0,True,470.69415283203125,470.69415283203125,7.578883014502935e-07,7.578883014502935e-07
Qwen3-1.7B,model.layers.26.self_attn.k_proj.weight,k_proj,26,mxfp8,1.0,2097152,6.6661376953125,6.622783660888672,0.043354034423828125,1747488,0.010753631591796875,True,470.6956481933594,470.69415283203125,7.579013185932126e-07,7.578883014502935e-07
Qwen3-1.7B,model.layers.26.self_attn.k_proj.weight,k_proj,26,mxfp8,5.0,2097152,6.653278350830078,6.60992431640625,0.043354034423828125,1744117,0.020699501037597656,True,470.706787109375,470.69415283203125,7.579968723803177e-07,7.578883014502935e-07
Qwen3-1.7B,model.layers.26.self_attn.o_proj.weight,o_proj,26,mxfp4,0.0,4194304,3.9225292205810547,3.8835296630859375,0.03899955749511719,2056535,0.0,True,1615.3221435546875,1615.3221435546875,1.5567478840239346e-05,1.5567478840239346e-05
Qwen3-1.7B,model.layers.26.self_attn.o_proj.weight,o_proj,26,mxfp4,1.0,4194304,3.9225292205810547,3.8835296630859375,0.03899955749511719,2056535,1.6689300537109375e-06,True,1615.3221435546875,1615.3221435546875,1.556748065922875e-05,1.5567478840239346e-05
Qwen3-1.7B,model.layers.26.self_attn.o_proj.weight,o_proj,26,mxfp4,5.0,4194304,3.9225082397460938,3.8835086822509766,0.03899955749511719,2056524,7.009506225585938e-05,True,1615.3262939453125,1615.3221435546875,1.5567627997370437e-05,1.5567478840239346e-05
Qwen3-1.7B,model.layers.26.self_attn.o_proj.weight,o_proj,26,mxfp8,0.0,4194304,6.637594223022461,6.598594665527344,0.03899955749511719,3480011,0.0,True,104.45393371582031,104.45393371582031,1.0151494507226744e-06,1.0151494507226744e-06
Qwen3-1.7B,model.layers.26.self_attn.o_proj.weight,o_proj,26,mxfp8,1.0,4194304,6.601499557495117,6.5625,0.03899955749511719,3461087,0.020185470581054688,True,104.46280670166016,104.45393371582031,1.0153974017157452e-06,1.0151494507226744e-06
Qwen3-1.7B,model.layers.26.self_attn.o_proj.weight,o_proj,26,mxfp8,5.0,4194304,6.569007873535156,6.530008316040039,0.03899955749511719,3444052,0.04362297058105469,True,104.56071472167969,104.45393371582031,1.017942508951819e-06,1.0151494507226744e-06
Qwen3-1.7B,model.layers.26.self_attn.q_proj.weight,q_proj,26,mxfp4,0.0,4194304,3.882749557495117,3.841989517211914,0.040760040283203125,2035679,0.0,True,16692.29296875,16692.29296875,2.011892865994014e-05,2.011892865994014e-05
Qwen3-1.7B,model.layers.26.self_attn.q_proj.weight,q_proj,26,mxfp4,1.0,4194304,3.882749557495117,3.841989517211914,0.040760040283203125,2035679,0.0,True,16692.29296875,16692.29296875,2.011892865994014e-05,2.011892865994014e-05
Qwen3-1.7B,model.layers.26.self_attn.q_proj.weight,q_proj,26,mxfp4,5.0,4194304,3.882749557495117,3.841989517211914,0.040760040283203125,2035679,5.4836273193359375e-06,True,16692.294921875,16692.29296875,2.011892865994014e-05,2.011892865994014e-05
Qwen3-1.7B,model.layers.26.self_attn.q_proj.weight,q_proj,26,mxfp8,0.0,4194304,6.718656539916992,6.677896499633789,0.040760040283203125,3522511,0.0,True,898.79052734375,898.79052734375,1.3173507795727346e-06,1.3173507795727346e-06
Qwen3-1.7B,model.layers.26.self_attn.q_proj.weight,q_proj,26,mxfp8,1.0,4194304,6.69798469543457,6.657224655151367,0.040760040283203125,3511673,0.011478424072265625,True,898.7977905273438,898.79052734375,1.3173854540582397e-06,1.3173507795727346e-06
Qwen3-1.7B,model.layers.26.self_attn.q_proj.weight,q_proj,26,mxfp8,5.0,4194304,6.68208122253418,6.641321182250977,0.040760040283203125,3503335,0.025519847869873047,True,898.891357421875,898.79052734375,1.3178290600990294e-06,1.3173507795727346e-06
Qwen3-1.7B,model.layers.26.self_attn.v_proj.weight,v_proj,26,mxfp4,0.0,2097152,3.883014678955078,3.8486557006835938,0.034358978271484375,1017909,0.0,True,8129.20751953125,8129.20751953125,1.8797883967636153e-05,1.8797883967636153e-05
Qwen3-1.7B,model.layers.26.self_attn.v_proj.weight,v_proj,26,mxfp4,1.0,2097152,3.883014678955078,3.8486557006835938,0.034358978271484375,1017909,0.0,True,8129.20751953125,8129.20751953125,1.8797883967636153e-05,1.8797883967636153e-05
Qwen3-1.7B,model.layers.26.self_attn.v_proj.weight,v_proj,26,mxfp4,5.0,2097152,3.883014678955078,3.8486557006835938,0.034358978271484375,1017909,0.0,True,8129.20751953125,8129.20751953125,1.8797883967636153e-05,1.8797883967636153e-05
Qwen3-1.7B,model.layers.26.self_attn.v_proj.weight,v_proj,26,mxfp8,0.0,2097152,6.6934051513671875,6.659046173095703,0.034358978271484375,1754636,0.0,True,457.91387939453125,457.91387939453125,1.2483491218517884e-06,1.2483491218517884e-06
Qwen3-1.7B,model.layers.26.self_attn.v_proj.weight,v_proj,26,mxfp8,1.0,2097152,6.669879913330078,6.635520935058594,0.034358978271484375,1748469,0.008892536163330078,True,457.916259765625,457.91387939453125,1.2483701539167669e-06,1.2483491218517884e-06
Qwen3-1.7B,model.layers.26.self_attn.v_proj.weight,v_proj,26,mxfp8,5.0,2097152,6.654869079589844,6.620510101318359,0.034358978271484375,1744534,0.020846843719482422,True,457.9523620605469,457.91387939453125,1.248713942914037e-06,1.2483491218517884e-06
Qwen3-1.7B,model.layers.27.mlp.down_proj.weight,down_proj,27,mxfp4,0.0,12582912,3.865116755167643,3.830804189046224,0.03431256612141927,6079303,0.0,True,30316.892578125,30316.892578125,1.6468786270706914e-05,1.6468786270706914e-05
Qwen3-1.7B,model.layers.27.mlp.down_proj.weight,down_proj,27,mxfp4,1.0,12582912,3.8647950490315757,3.8304824829101562,0.03431256612141927,6078797,0.0010984738667805989,True,30316.921875,30316.892578125,1.6555424735997804e-05,1.6468786270706914e-05
Qwen3-1.7B,model.layers.27.mlp.down_proj.weight,down_proj,27,mxfp4,5.0,12582912,3.8633899688720703,3.829077402750651,0.03431256612141927,6076587,0.005483547846476237,True,30317.810546875,30316.892578125,1.6973626770777628e-05,1.6468786270706914e-05
Qwen3-1.7B,model.layers.27.mlp.down_proj.weight,down_proj,27,mxfp8,0.0,12582912,6.67210578918457,6.637793223063151,0.03431256612141927,10494315,0.0,True,2186.829345703125,2186.829345703125,1.063987156157964e-06,1.063987156157964e-06
Qwen3-1.7B,model.layers.27.mlp.down_proj.weight,down_proj,27,mxfp8,1.0,12582912,6.637154261271159,6.602841695149739,0.03431256612141927,10439341,0.0249022642771403,True,2186.867431640625,2186.829345703125,1.0687109579521348e-06,1.063987156157964e-06
Qwen3-1.7B,model.layers.27.mlp.down_proj.weight,down_proj,27,mxfp8,5.0,12582912,6.61020024617513,6.575887680053711,0.03431256612141927,10396946,0.051657517751057945,True,2187.21435546875,2186.829345703125,1.0911479648711975e-06,1.063987156157964e-06
Qwen3-1.7B,model.layers.27.mlp.gate_proj.weight,gate_proj,27,mxfp4,0.0,12582912,3.9269288380940757,3.893080393473307,0.03384844462076823,6176525,0.0,True,1108.9232177734375,1108.9232177734375,1.8073629689752124e-05,1.8073629689752124e-05
Qwen3-1.7B,model.layers.27.mlp.gate_proj.weight,gate_proj,27,mxfp4,1.0,12582912,3.921110153198242,3.887261708577474,0.03384844462076823,6167373,0.00014384587605794272,True,1108.9232177734375,1108.9232177734375,1.8077114873449318e-05,1.8073629689752124e-05
Qwen3-1.7B,model.layers.27.mlp.gate_proj.weight,gate_proj,27,mxfp4,5.0,12582912,3.921066919962565,3.887218475341797,0.03384844462076823,6167305,0.00028204917907714844,True,1108.963134765625,1108.9232177734375,1.8079254004987888e-05,1.8073629689752124e-05
Qwen3-1.7B,model.layers.27.mlp.gate_proj.weight,gate_proj,27,mxfp8,0.0,12582912,6.626363754272461,6.592515309651692,0.03384844462076823,10422369,0.0,True,65.96420288085938,65.96420288085938,1.1847519090224523e-06,1.1847519090224523e-06
Qwen3-1.7B,model.layers.27.mlp.gate_proj.weight,gate_proj,27,mxfp8,1.0,12582912,6.558214823404948,6.52436637878418,0.03384844462076823,10315180,0.04257742563883463,True,66.06285095214844,65.96420288085938,1.1887208302141516e-06,1.1847519090224523e-06
Qwen3-1.7B,model.layers.27.mlp.gate_proj.weight,gate_proj,27,mxfp8,5.0,12582912,6.500766754150391,6.466918309529622,0.03384844462076823,10224822,0.08399287859598796,True,66.81468963623047,65.96420288085938,1.2174360790595529e-06,1.1847519090224523e-06
Qwen3-1.7B,model.layers.27.mlp.up_proj.weight,up_proj,27,mxfp4,0.0,12582912,3.9479217529296875,3.915503819783529,0.03241793314615885,6209544,0.0,True,1005.034423828125,1005.034423828125,1.931404221977573e-05,1.931404221977573e-05
Qwen3-1.7B,model.layers.27.mlp.up_proj.weight,up_proj,27,mxfp4,1.0,12582912,3.942143758138021,3.909725824991862,0.03241793314615885,6200456,9.433428446451823e-05,True,1005.034423828125,1005.034423828125,1.931616134243086e-05,1.931404221977573e-05
Qwen3-1.7B,model.layers.27.mlp.up_proj.weight,up_proj,27,mxfp4,5.0,12582912,3.9420293172200522,3.909611384073893,0.03241793314615885,6200276,0.0005197525024414062,True,1005.172607421875,1005.034423828125,1.9323037122376263e-05,1.931404221977573e-05
Qwen3-1.7B,model.layers.27.mlp.up_proj.weight,up_proj,27,mxfp8,0.0,12582912,6.628283182779948,6.595865249633789,0.03241793314615885,10425388,0.0,True,53.28810119628906,53.28810119628906,1.2794804433724494e-06,1.2794804433724494e-06
Qwen3-1.7B,model.layers.27.mlp.up_proj.weight,up_proj,27,mxfp8,1.0,12582912,6.562819798787435,6.530401865641276,0.03241793314615885,10322423,0.041678826014200844,True,53.38878631591797,53.28810119628906,1.2834497056246619e-06,1.2794804433724494e-06
Qwen3-1.7B,model.layers.27.mlp.up_proj.weight,up_proj,27,mxfp8,5.0,12582912,6.50791613260905,6.475498199462891,0.03241793314615885,10236067,0.08367315928141277,True,54.133262634277344,53.28810119628906,1.3114946568748564e-06,1.2794804433724494e-06
Qwen3-1.7B,model.layers.27.self_attn.k_proj.weight,k_proj,27,mxfp4,0.0,2097152,3.889965057373047,3.8530807495117188,0.036884307861328125,1019731,0.0,True,4122.6796875,4122.6796875,1.4863227988826111e-05,1.4863227988826111e-05
Qwen3-1.7B,model.layers.27.self_attn.k_proj.weight,k_proj,27,mxfp4,1.0,2097152,3.889965057373047,3.8530807495117188,0.036884307861328125,1019731,0.0,True,4122.6796875,4122.6796875,1.4863227988826111e-05,1.4863227988826111e-05
Qwen3-1.7B,model.layers.27.self_attn.k_proj.weight,k_proj,27,mxfp4,5.0,2097152,3.889965057373047,3.8530807495117188,0.036884307861328125,1019731,0.0,True,4122.6796875,4122.6796875,1.4863227988826111e-05,1.4863227988826111e-05
Qwen3-1.7B,model.layers.27.self_attn.k_proj.weight,k_proj,27,mxfp8,0.0,2097152,6.6461334228515625,6.609249114990234,0.036884307861328125,1742244,0.0,True,270.71734619140625,270.71734619140625,9.710952326713596e-07,9.710952326713596e-07
Qwen3-1.7B,model.layers.27.self_attn.k_proj.weight,k_proj,27,mxfp8,1.0,2097152,6.622703552246094,6.585819244384766,0.036884307861328125,1736102,0.0075359344482421875,True,270.7188720703125,270.71734619140625,9.711055781735922e-07,9.710952326713596e-07
Qwen3-1.7B,model.layers.27.self_attn.k_proj.weight,k_proj,27,mxfp8,5.0,2097152,6.611274719238281,6.574390411376953,0.036884307861328125,1733106,0.01682424545288086,True,270.73126220703125,270.71734619140625,9.711872053230763e-07,9.710952326713596e-07
Qwen3-1.7B,model.layers.27.self_attn.o_proj.weight,o_proj,27,mxfp4,0.0,4194304,3.9414138793945312,3.9080753326416016,0.03333854675292969,2066436,0.0,True,1115.636962890625,1115.636962890625,1.574738598719705e-05,1.574738598719705e-05
Qwen3-1.7B,model.layers.27.self_attn.o_proj.weight,o_proj,27,mxfp4,1.0,4194304,3.9320068359375,3.8986682891845703,0.03333854675292969,2061504,0.0005311965942382812,True,1115.6468505859375,1115.636962890625,1.5774476196384057e-05,1.574738598719705e-05
Qwen3-1.7B,model.layers.27.self_attn.o_proj.weight,o_proj,27,mxfp4,5.0,4194304,3.8913917541503906,3.858053207397461,0.03333854675292969,2040210,0.01020669937133789,True,1116.2769775390625,1115.636962890625,1.6843976482050493e-05,1.574738598719705e-05
Qwen3-1.7B,model.layers.27.self_attn.o_proj.weight,o_proj,27,mxfp8,0.0,4194304,6.629920959472656,6.596582412719727,0.03333854675292969,3475988,0.0,True,71.19601440429688,71.19601440429688,1.0233775356027763e-06,1.0233775356027763e-06
Qwen3-1.7B,model.layers.27.self_attn.o_proj.weight,o_proj,27,mxfp8,1.0,4194304,6.590543746948242,6.5572052001953125,0.03333854675292969,3455343,0.024592876434326172,True,71.2076644897461,71.19601440429688,1.0271867267874768e-06,1.0233775356027763e-06
Qwen3-1.7B,model.layers.27.self_attn.o_proj.weight,o_proj,27,mxfp8,5.0,4194304,6.561166763305664,6.527828216552734,0.03333854675292969,3439941,0.05239152908325195,True,71.31597137451172,71.19601440429688,1.0542372592681204e-06,1.0233775356027763e-06
Qwen3-1.7B,model.layers.27.self_attn.q_proj.weight,q_proj,27,mxfp4,0.0,4194304,3.9127464294433594,3.8787078857421875,0.034038543701171875,2051406,0.0,True,8209.03125,8209.03125,1.6182446415768936e-05,1.6182446415768936e-05
Qwen3-1.7B,model.layers.27.self_attn.q_proj.weight,q_proj,27,mxfp4,1.0,4194304,3.9127464294433594,3.8787078857421875,0.034038543701171875,2051406,0.0,True,8209.03125,8209.03125,1.6182446415768936e-05,1.6182446415768936e-05
Qwen3-1.7B,model.layers.27.self_attn.q_proj.weight,q_proj,27,mxfp4,5.0,4194304,3.9127464294433594,3.8787078857421875,0.034038543701171875,2051406,0.0,True,8209.03125,8209.03125,1.6182446415768936e-05,1.6182446415768936e-05
Qwen3-1.7B,model.layers.27.self_attn.q_proj.weight,q_proj,27,mxfp8,0.0,4194304,6.638620376586914,6.604581832885742,0.034038543701171875,3480549,0.0,True,510.25885009765625,510.25885009765625,1.0526748610573122e-06,1.0526748610573122e-06
Qwen3-1.7B,model.layers.27.self_attn.q_proj.weight,q_proj,27,mxfp8,1.0,4194304,6.614748001098633,6.580709457397461,0.034038543701171875,3468033,0.008114337921142578,True,510.2620544433594,510.25885009765625,1.0526853202463826e-06,1.0526748610573122e-06
Qwen3-1.7B,model.layers.27.self_attn.q_proj.weight,q_proj,27,mxfp8,5.0,4194304,6.604097366333008,6.570058822631836,0.034038543701171875,3462449,0.01674628257751465,True,510.2861022949219,510.25885009765625,1.0527634231038974e-06,1.0526748610573122e-06
Qwen3-1.7B,model.layers.27.self_attn.v_proj.weight,v_proj,27,mxfp4,0.0,2097152,3.876178741455078,3.8487701416015625,0.027408599853515625,1016117,0.0,True,3605.6806640625,3605.6806640625,1.824835635488853e-05,1.824835635488853e-05
Qwen3-1.7B,model.layers.27.self_attn.v_proj.weight,v_proj,27,mxfp4,1.0,2097152,3.876178741455078,3.8487701416015625,0.027408599853515625,1016117,0.0,True,3605.6806640625,3605.6806640625,1.824835635488853e-05,1.824835635488853e-05
Qwen3-1.7B,model.layers.27.self_attn.v_proj.weight,v_proj,27,mxfp4,5.0,2097152,3.876178741455078,3.8487701416015625,0.027408599853515625,1016117,0.0,True,3605.6806640625,3605.6806640625,1.824835635488853e-05,1.824835635488853e-05
Qwen3-1.7B,model.layers.27.self_attn.v_proj.weight,v_proj,27,mxfp8,0.0,2097152,6.651332855224609,6.623924255371094,0.027408599853515625,1743607,0.0,True,194.33087158203125,194.33087158203125,1.1885583717230475e-06,1.1885583717230475e-06
Qwen3-1.7B,model.layers.27.self_attn.v_proj.weight,v_proj,27,mxfp8,1.0,2097152,6.626457214355469,6.599048614501953,0.027408599853515625,1737086,0.007810115814208984,True,194.33248901367188,194.33087158203125,1.1885688309121178e-06,1.1885583717230475e-06
Qwen3-1.7B,model.layers.27.self_attn.v_proj.weight,v_proj,27,mxfp8,5.0,2097152,6.615791320800781,6.588382720947266,0.027408599853515625,1734290,0.016230106353759766,True,194.3471221923828,194.33087158203125,1.1886672837135848e-06,1.1885583717230475e-06
Qwen3-1.7B,model.layers.3.mlp.down_proj.weight,down_proj,3,mxfp4,0.0,12582912,3.880128860473633,3.8386402130126953,0.0414886474609375,6102915,0.0,True,2.9708938598632812,2.9708938598632812,1.2451971997506917e-05,1.2451971997506917e-05
Qwen3-1.7B,model.layers.3.mlp.down_proj.weight,down_proj,3,mxfp4,1.0,12582912,3.4499009450276694,3.408412297566732,0.0414886474609375,5426225,0.522442102432251,True,12.255575180053711,2.9708938598632812,7.054328307276592e-05,1.2451971997506917e-05
Qwen3-1.7B,model.layers.3.mlp.down_proj.weight,down_proj,3,mxfp4,5.0,12582912,3.3030471801757812,3.2615585327148438,0.0414886474609375,5195244,0.6461308797200521,True,18.368736267089844,2.9708938598632812,8.817688649287447e-05,1.2451971997506917e-05
Qwen3-1.7B,model.layers.3.mlp.down_proj.weight,down_proj,3,mxfp8,0.0,12582912,6.682406743367513,6.640918095906575,0.0414886474609375,10510517,0.0,True,0.18696920573711395,0.18696920573711395,8.088102845249523e-07,8.088102845249523e-07
Qwen3-1.7B,model.layers.3.mlp.down_proj.weight,down_proj,3,mxfp8,1.0,12582912,6.217180887858073,6.175692240397136,0.0414886474609375,9778780,0.5378480752309164,True,0.5110768675804138,0.18696920573711395,3.057973117392976e-06,8.088102845249523e-07
Qwen3-1.7B,model.layers.3.mlp.down_proj.weight,down_proj,3,mxfp8,5.0,12582912,6.035118738810222,5.993630091349284,0.0414886474609375,9492421,0.769506057103475,True,1.0531253814697266,0.18696920573711395,5.251119091553846e-06,8.088102845249523e-07
Qwen3-1.7B,model.layers.3.mlp.gate_proj.weight,gate_proj,3,mxfp4,0.0,12582912,3.9637120564778647,3.9215005238850913,0.04221153259277344,6234380,0.0,True,238.3482666015625,238.3482666015625,2.8792082957806997e-05,2.8792082957806997e-05
Qwen3-1.7B,model.layers.3.mlp.gate_proj.weight,gate_proj,3,mxfp4,1.0,12582912,3.9440828959147134,3.90187136332194,0.04221153259277344,6203506,0.015097300211588541,True,239.08717346191406,238.3482666015625,2.9325077775865793e-05,2.8792082957806997e-05
Qwen3-1.7B,model.layers.3.mlp.gate_proj.weight,gate_proj,3,mxfp4,5.0,12582912,3.5196202596028647,3.4774087270100913,0.04221153259277344,5535884,0.3385585943857829,True,323.6873474121094,238.3482666015625,8.098617399809882e-05,2.8792082957806997e-05
Qwen3-1.7B,model.layers.3.mlp.gate_proj.weight,gate_proj,3,mxfp8,0.0,12582912,6.643842697143555,6.601631164550781,0.04221153259277344,10449861,0.0,True,17.27252197265625,17.27252197265625,1.9871356471412582e-06,1.9871356471412582e-06
Qwen3-1.7B,model.layers.3.mlp.gate_proj.weight,gate_proj,3,mxfp8,1.0,12582912,6.452097574869792,6.4098860422770185,0.04221153259277344,10148272,0.1461025873819987,True,17.62434196472168,17.27252197265625,2.1890821244596737e-06,1.9871356471412582e-06
Qwen3-1.7B,model.layers.3.mlp.gate_proj.weight,gate_proj,3,mxfp8,5.0,12582912,6.289601643880208,6.247390111287435,0.04221153259277344,9892688,0.3722039858500163,True,19.86644744873047,17.27252197265625,3.4843903904402396e-06,1.9871356471412582e-06
Qwen3-1.7B,model.layers.3.mlp.up_proj.weight,up_proj,3,mxfp4,0.0,12582912,3.893439610799154,3.85087521870931,0.04256439208984375,6123851,0.0,True,40.60536575317383,40.60536575317383,1.2296670320210978e-05,1.2296670320210978e-05
Qwen3-1.7B,model.layers.3.mlp.up_proj.weight,up_proj,3,mxfp4,1.0,12582912,3.875768025716146,3.8332036336263022,0.04256439208984375,6096056,0.03650363286336263,True,41.47843551635742,40.60536575317383,1.2856187822762877e-05,1.2296670320210978e-05
Qwen3-1.7B,model.layers.3.mlp.up_proj.weight,up_proj,3,mxfp4,5.0,12582912,3.5786641438802085,3.5360997517903647,0.04256439208984375,5628752,0.39582228660583496,True,91.2635498046875,40.60536575317383,4.206640369375236e-05,1.2296670320210978e-05
Qwen3-1.7B,model.layers.3.mlp.up_proj.weight,up_proj,3,mxfp8,0.0,12582912,6.673077901204427,6.630513509114583,0.04256439208984375,10495844,0.0,True,1.7184566259384155,1.7184566259384155,8.093271048892348e-07,8.093271048892348e-07
Qwen3-1.7B,model.layers.3.mlp.up_proj.weight,up_proj,3,mxfp8,1.0,12582912,6.502379099527995,6.459814707438151,0.04256439208984375,10227358,0.11878315607706706,True,1.7999354600906372,1.7184566259384155,8.528748480784998e-07,8.093271048892348e-07
Qwen3-1.7B,model.layers.3.mlp.up_proj.weight,up_proj,3,mxfp8,5.0,12582912,6.298131942749023,6.25556755065918,0.04256439208984375,9906105,0.3442510763804118,True,3.102240800857544,1.7184566259384155,1.6149400607901043e-06,8.093271048892348e-07
Qwen3-1.7B,model.layers.3.self_attn.k_proj.weight,k_proj,3,mxfp4,0.0,2097152,3.88916015625,3.8505210876464844,0.038639068603515625,1019520,0.0,True,3.2278647422790527,3.2278647422790527,1.595234061824158e-05,1.595234061824158e-05
Qwen3-1.7B,model.layers.3.self_attn.k_proj.weight,k_proj,3,mxfp4,1.0,2097152,3.573047637939453,3.5344085693359375,0.038639068603515625,936653,0.3387575149536133,True,4.765682220458984,3.2278647422790527,3.699547232827172e-05,1.595234061824158e-05
Qwen3-1.7B,model.layers.3.self_attn.k_proj.weight,k_proj,3,mxfp4,5.0,2097152,3.2103118896484375,3.171672821044922,0.038639068603515625,841564,0.6094894409179688,True,9.955965995788574,3.2278647422790527,9.662545926403254e-05,1.595234061824158e-05
Qwen3-1.7B,model.layers.3.self_attn.k_proj.weight,k_proj,3,mxfp8,0.0,2097152,6.661777496337891,6.623138427734375,0.038639068603515625,1746345,0.0,True,0.21055367588996887,0.21055367588996887,1.038674781739246e-06,1.038674781739246e-06
Qwen3-1.7B,model.layers.3.self_attn.k_proj.weight,k_proj,3,mxfp8,1.0,2097152,6.337024688720703,6.2983856201171875,0.038639068603515625,1661213,0.3346719741821289,True,0.25817880034446716,0.21055367588996887,1.6730461993574863e-06,1.038674781739246e-06
Qwen3-1.7B,model.layers.3.self_attn.k_proj.weight,k_proj,3,mxfp8,5.0,2097152,6.051799774169922,6.013160705566406,0.038639068603515625,1586443,0.6887302398681641,True,0.5323919057846069,0.21055367588996887,5.1520910346880555e-06,1.038674781739246e-06
Qwen3-1.7B,model.layers.3.self_attn.o_proj.weight,o_proj,3,mxfp4,0.0,4194304,3.9120655059814453,3.8731937408447266,0.03887176513671875,2051049,0.0,True,0.670120120048523,0.670120120048523,1.474905639042845e-05,1.474905639042845e-05
Qwen3-1.7B,model.layers.3.self_attn.o_proj.weight,o_proj,3,mxfp4,1.0,4194304,3.0576744079589844,3.0188026428222656,0.03887176513671875,1603102,0.6004314422607422,True,3.4631094932556152,0.670120120048523,9.755534847499803e-05,1.474905639042845e-05
Qwen3-1.7B,model.layers.3.self_attn.o_proj.weight,o_proj,3,mxfp4,5.0,4194304,2.9385242462158203,2.8996524810791016,0.03887176513671875,1540633,0.6584978103637695,True,4.145805358886719,0.670120120048523,0.00010668094182619825,1.474905639042845e-05
Qwen3-1.7B,model.layers.3.self_attn.o_proj.weight,o_proj,3,mxfp8,0.0,4194304,6.641754150390625,6.602882385253906,0.03887176513671875,3482192,0.0,True,0.043008506298065186,0.043008506298065186,9.659179340815172e-07,9.659179340815172e-07
Qwen3-1.7B,model.layers.3.self_attn.o_proj.weight,o_proj,3,mxfp8,1.0,4194304,5.986948013305664,5.948076248168945,0.03887176513671875,3138885,0.6460058689117432,True,0.1714828610420227,0.043008506298065186,5.097478151583346e-06,9.659179340815172e-07
Qwen3-1.7B,model.layers.3.self_attn.o_proj.weight,o_proj,3,mxfp8,5.0,4194304,5.903707504272461,5.864835739135742,0.03887176513671875,3095243,0.7639985084533691,True,0.24734771251678467,0.043008506298065186,6.529971869895235e-06,9.659179340815172e-07
Qwen3-1.7B,model.layers.3.self_attn.q_proj.weight,q_proj,3,mxfp4,0.0,4194304,3.887338638305664,3.8496971130371094,0.03764152526855469,2038085,0.0,True,6.289517879486084,6.289517879486084,1.6212436094065197e-05,1.6212436094065197e-05
Qwen3-1.7B,model.layers.3.self_attn.q_proj.weight,q_proj,3,mxfp4,1.0,4194304,3.5777053833007812,3.5400638580322266,0.03764152526855469,1875748,0.32712817192077637,True,9.534257888793945,6.289517879486084,3.8606522139161825e-05,1.6212436094065197e-05
Qwen3-1.7B,model.layers.3.self_attn.q_proj.weight,q_proj,3,mxfp4,5.0,4194304,3.2082557678222656,3.170614242553711,0.03764152526855469,1682050,0.6091837882995605,True,20.152687072753906,6.289517879486084,9.990855323849246e-05,1.6212436094065197e-05
Qwen3-1.7B,model.layers.3.self_attn.q_proj.weight,q_proj,3,mxfp8,0.0,4194304,6.659507751464844,6.621866226196289,0.03764152526855469,3491500,0.0,True,0.4098115563392639,0.4098115563392639,1.0657225857357844e-06,1.0657225857357844e-06
Qwen3-1.7B,model.layers.3.self_attn.q_proj.weight,q_proj,3,mxfp8,1.0,4194304,6.316202163696289,6.278560638427734,0.03764152526855469,3311509,0.32721424102783203,True,0.5099040269851685,0.4098115563392639,1.73521345914196e-06,1.0657225857357844e-06
Qwen3-1.7B,model.layers.3.self_attn.q_proj.weight,q_proj,3,mxfp8,5.0,4194304,6.003751754760742,5.9661102294921875,0.03764152526855469,3147695,0.6784684658050537,True,1.0783625841140747,0.4098115563392639,5.339404651749646e-06,1.0657225857357844e-06
Qwen3-1.7B,model.layers.3.self_attn.v_proj.weight,v_proj,3,mxfp4,0.0,2097152,3.8779945373535156,3.846538543701172,0.03145599365234375,1016593,0.0,True,2.367825984954834,2.367825984954834,1.788144072634168e-05,1.788144072634168e-05
Qwen3-1.7B,model.layers.3.self_attn.v_proj.weight,v_proj,3,mxfp4,1.0,2097152,3.530029296875,3.4985733032226562,0.03145599365234375,925376,0.2910475730895996,True,3.9883031845092773,2.367825984954834,4.0897873986978084e-05,1.788144072634168e-05
Qwen3-1.7B,model.layers.3.self_attn.v_proj.weight,v_proj,3,mxfp4,5.0,2097152,3.002422332763672,2.970966339111328,0.03145599365234375,787067,0.6225595474243164,True,10.965764999389648,2.367825984954834,0.00012357032392174006,1.788144072634168e-05
Qwen3-1.7B,model.layers.3.self_attn.v_proj.weight,v_proj,3,mxfp8,0.0,2097152,6.658321380615234,6.626865386962891,0.03145599365234375,1745439,0.0,True,0.12431842088699341,0.12431842088699341,1.175274292108952e-06,1.175274292108952e-06
Qwen3-1.7B,model.layers.3.self_attn.v_proj.weight,v_proj,3,mxfp8,1.0,2097152,6.321357727050781,6.2899017333984375,0.03145599365234375,1657106,0.26528263092041016,True,0.16499316692352295,0.12431842088699341,1.6951501038420247e-06,1.175274292108952e-06
Qwen3-1.7B,model.layers.3.self_attn.v_proj.weight,v_proj,3,mxfp8,5.0,2097152,5.9921112060546875,5.960655212402344,0.03145599365234375,1570796,0.6917657852172852,True,0.5427825450897217,0.12431842088699341,6.5933245423366316e-06,1.175274292108952e-06
Qwen3-1.7B,model.layers.4.mlp.down_proj.weight,down_proj,4,mxfp4,0.0,12582912,3.8793951670328775,3.8374659220377603,0.04192924499511719,6101761,0.0,True,4.200930118560791,4.200930118560791,1.2527750186563935e-05,1.2527750186563935e-05
Qwen3-1.7B,model.layers.4.mlp.down_proj.weight,down_proj,4,mxfp4,1.0,12582912,3.518278121948242,3.476348876953125,0.04192924499511719,5533773,0.4592021306355794,True,13.553579330444336,4.200930118560791,6.063222463126294e-05,1.2527750186563935e-05
Qwen3-1.7B,model.layers.4.mlp.down_proj.weight,down_proj,4,mxfp4,5.0,12582912,3.3124186197916665,3.2704893747965493,0.04192924499511719,5209984,0.6391852696736654,True,24.533754348754883,4.200930118560791,8.760071796132252e-05,1.2527750186563935e-05
Qwen3-1.7B,model.layers.4.mlp.down_proj.weight,down_proj,4,mxfp8,0.0,12582912,6.683326721191406,6.641397476196289,0.04192924499511719,10511964,0.0,True,0.26760876178741455,0.26760876178741455,8.130059541144874e-07,8.130059541144874e-07
Qwen3-1.7B,model.layers.4.mlp.down_proj.weight,down_proj,4,mxfp8,1.0,12582912,6.242313385009766,6.200384140014648,0.04192924499511719,9818310,0.46347784996032715,True,0.5647914409637451,0.26760876178741455,2.5290098619734636e-06,8.130059541144874e-07
Qwen3-1.7B,model.layers.4.mlp.down_proj.weight,down_proj,4,mxfp8,5.0,12582912,5.999216079711914,5.957286834716797,0.04192924499511719,9435951,0.7413380146026611,True,1.3682818412780762,0.26760876178741455,5.135061201144708e-06,8.130059541144874e-07
Qwen3-1.7B,model.layers.4.mlp.gate_proj.weight,gate_proj,4,mxfp4,0.0,12582912,3.979588190714518,3.938976287841797,0.04061190287272135,6259351,0.0,True,165.8197784423828,165.8197784423828,2.6983636416844092e-05,2.6983636416844092e-05
Qwen3-1.7B,model.layers.4.mlp.gate_proj.weight,gate_proj,4,mxfp4,1.0,12582912,3.943108876546224,3.9024969736735025,0.04061190287272135,6201974,0.012896140416463217,True,166.31776428222656,165.8197784423828,2.734246663749218e-05,2.6983636416844092e-05
Qwen3-1.7B,model.layers.4.mlp.gate_proj.weight,gate_proj,4,mxfp4,5.0,12582912,3.527116139729818,3.486504236857096,0.04061190287272135,5547674,0.2978021303812663,True,232.73597717285156,165.8197784423828,6.491769454441965e-05,2.6983636416844092e-05
Qwen3-1.7B,model.layers.4.mlp.gate_proj.weight,gate_proj,4,mxfp8,0.0,12582912,6.638634363810222,6.5980224609375,0.04061190287272135,10441669,0.0,True,11.89324951171875,11.89324951171875,1.847312887548469e-06,1.847312887548469e-06
Qwen3-1.7B,model.layers.4.mlp.gate_proj.weight,gate_proj,4,mxfp8,1.0,12582912,6.439776102701823,6.399164199829102,0.04061190287272135,10128892,0.14130266507466635,True,12.259956359863281,11.89324951171875,2.047806447080802e-06,1.847312887548469e-06
Qwen3-1.7B,model.layers.4.mlp.gate_proj.weight,gate_proj,4,mxfp8,5.0,12582912,6.276666005452474,6.236054102579753,0.04061190287272135,9872342,0.33484752972920734,True,14.34328842163086,11.89324951171875,3.1863662570685847e-06,1.847312887548469e-06
Qwen3-1.7B,model.layers.4.mlp.up_proj.weight,up_proj,4,mxfp4,0.0,12582912,3.8936335245768228,3.8512535095214844,0.04238001505533854,6124156,0.0,True,36.494171142578125,36.494171142578125,1.2477030395530164e-05,1.2477030395530164e-05
Qwen3-1.7B,model.layers.4.mlp.up_proj.weight,up_proj,4,mxfp4,1.0,12582912,3.8773625691731772,3.8349825541178384,0.04238001505533854,6098564,0.02819212277730306,True,37.219520568847656,36.494171142578125,1.2914763829030562e-05,1.2477030395530164e-05
Qwen3-1.7B,model.layers.4.mlp.up_proj.weight,up_proj,4,mxfp4,5.0,12582912,3.59205691019694,3.5496768951416016,0.04238001505533854,5649817,0.3842639923095703,True,88.99007415771484,36.494171142578125,4.145973434788175e-05,1.2477030395530164e-05
Qwen3-1.7B,model.layers.4.mlp.up_proj.weight,up_proj,4,mxfp8,0.0,12582912,6.672737757364909,6.63035774230957,0.04238001505533854,10495309,0.0,True,1.7607734203338623,1.7607734203338623,8.19402202978381e-07,8.19402202978381e-07
Qwen3-1.7B,model.layers.4.mlp.up_proj.weight,up_proj,4,mxfp8,1.0,12582912,6.510363896687825,6.467983881632487,0.04238001505533854,10239917,0.1192184289296468,True,1.8498682975769043,1.7607734203338623,8.64425430791016e-07,8.19402202978381e-07
Qwen3-1.7B,model.layers.4.mlp.up_proj.weight,up_proj,4,mxfp8,5.0,12582912,6.31979242960612,6.277412414550781,0.04238001505533854,9940174,0.3303653399149577,True,3.0339579582214355,1.7607734203338623,1.5089973430804093e-06,8.19402202978381e-07
Qwen3-1.7B,model.layers.4.self_attn.k_proj.weight,k_proj,4,mxfp4,0.0,2097152,3.8852882385253906,3.8488197326660156,0.036468505859375,1018505,0.0,True,3.3394079208374023,3.3394079208374023,1.4784359336772468e-05,1.4784359336772468e-05
Qwen3-1.7B,model.layers.4.self_attn.k_proj.weight,k_proj,4,mxfp4,1.0,2097152,3.5070343017578125,3.4705657958984375,0.036468505859375,919348,0.3281536102294922,True,4.837111473083496,3.3394079208374023,3.489854498184286e-05,1.4784359336772468e-05
Qwen3-1.7B,model.layers.4.self_attn.k_proj.weight,k_proj,4,mxfp4,5.0,2097152,3.036529541015625,3.00006103515625,0.036468505859375,796008,0.6126518249511719,True,9.979340553283691,3.3394079208374023,9.332133049611002e-05,1.4784359336772468e-05
Qwen3-1.7B,model.layers.4.self_attn.k_proj.weight,k_proj,4,mxfp8,0.0,2097152,6.654819488525391,6.618350982666016,0.036468505859375,1744521,0.0,True,0.22598710656166077,0.22598710656166077,9.566515473125037e-07,9.566515473125037e-07
Qwen3-1.7B,model.layers.4.self_attn.k_proj.weight,k_proj,4,mxfp8,1.0,2097152,6.325859069824219,6.289390563964844,0.036468505859375,1658286,0.32523632049560547,True,0.2687074840068817,0.22598710656166077,1.5157335155890905e-06,9.566515473125037e-07
Qwen3-1.7B,model.layers.4.self_attn.k_proj.weight,k_proj,4,mxfp8,5.0,2097152,6.05438232421875,6.017913818359375,0.036468505859375,1587120,0.6740622520446777,True,0.5378119945526123,0.22598710656166077,4.905771675112192e-06,9.566515473125037e-07
Qwen3-1.7B,model.layers.4.self_attn.o_proj.weight,o_proj,4,mxfp4,0.0,4194304,3.9132156372070312,3.8744773864746094,0.038738250732421875,2051652,0.0,True,1.1368082761764526,1.1368082761764526,1.4161611943563912e-05,1.4161611943563912e-05
Qwen3-1.7B,model.layers.4.self_attn.o_proj.weight,o_proj,4,mxfp4,1.0,4194304,3.2378711700439453,3.1991329193115234,0.038738250732421875,1697577,0.5142471790313721,True,4.3466620445251465,1.1368082761764526,7.826848741387948e-05,1.4161611943563912e-05
Qwen3-1.7B,model.layers.4.self_attn.o_proj.weight,o_proj,4,mxfp4,5.0,4194304,2.9654808044433594,2.9267425537109375,0.038738250732421875,1554766,0.6480879783630371,True,6.735650062561035,1.1368082761764526,9.982154733734205e-05,1.4161611943563912e-05
Qwen3-1.7B,model.layers.4.self_attn.o_proj.weight,o_proj,4,mxfp8,0.0,4194304,6.63972282409668,6.600984573364258,0.038738250732421875,3481127,0.0,True,0.07310564815998077,0.07310564815998077,9.287780358135933e-07,9.287780358135933e-07
Qwen3-1.7B,model.layers.4.self_attn.o_proj.weight,o_proj,4,mxfp8,1.0,4194304,6.165611267089844,6.126873016357422,0.038738250732421875,3232556,0.5367889404296875,True,0.18947820365428925,0.07310564815998077,3.584970954761957e-06,9.287780358135933e-07
Qwen3-1.7B,model.layers.4.self_attn.o_proj.weight,o_proj,4,mxfp8,5.0,4194304,5.9665374755859375,5.927799224853516,0.038738250732421875,3128184,0.7452356815338135,True,0.3857021629810333,0.07310564815998077,5.8524410633253865e-06,9.287780358135933e-07
Qwen3-1.7B,model.layers.4.self_attn.q_proj.weight,q_proj,4,mxfp4,0.0,4194304,3.895120620727539,3.8598480224609375,0.03527259826660156,2042165,0.0,True,5.963625907897949,5.963625907897949,1.557164614496287e-05,1.557164614496287e-05
Qwen3-1.7B,model.layers.4.self_attn.q_proj.weight,q_proj,4,mxfp4,1.0,4194304,3.5148353576660156,3.479562759399414,0.03527259826660156,1842786,0.319455623626709,True,9.094690322875977,5.963625907897949,3.664107862277888e-05,1.557164614496287e-05
Qwen3-1.7B,model.layers.4.self_attn.q_proj.weight,q_proj,4,mxfp4,5.0,4194304,3.0450172424316406,3.009744644165039,0.03527259826660156,1596466,0.6114802360534668,True,19.851234436035156,5.963625907897949,9.856317774392664e-05,1.557164614496287e-05
Qwen3-1.7B,model.layers.4.self_attn.q_proj.weight,q_proj,4,mxfp8,0.0,4194304,6.646320343017578,6.611047744750977,0.03527259826660156,3484586,0.0,True,0.3643333315849304,0.3643333315849304,1.0180610843235627e-06,1.0180610843235627e-06
Qwen3-1.7B,model.layers.4.self_attn.q_proj.weight,q_proj,4,mxfp8,1.0,4194304,6.304597854614258,6.269325256347656,0.03527259826660156,3305425,0.3235464096069336,True,0.46018317341804504,0.3643333315849304,1.6487392713315785e-06,1.0180610843235627e-06
Qwen3-1.7B,model.layers.4.self_attn.q_proj.weight,q_proj,4,mxfp8,5.0,4194304,6.01123046875,5.975957870483398,0.03527259826660156,3151616,0.6876418590545654,True,1.0348074436187744,0.3643333315849304,5.2616965149354655e-06,1.0180610843235627e-06
Qwen3-1.7B,model.layers.4.self_attn.v_proj.weight,v_proj,4,mxfp4,0.0,2097152,3.8803672790527344,3.8493385314941406,0.03102874755859375,1017215,0.0,True,2.367828130722046,2.367828130722046,1.7259546439163387e-05,1.7259546439163387e-05
Qwen3-1.7B,model.layers.4.self_attn.v_proj.weight,v_proj,4,mxfp4,1.0,2097152,3.515087127685547,3.484058380126953,0.03102874755859375,921459,0.2821955680847168,True,3.860471487045288,2.367828130722046,3.7431862438097596e-05,1.7259546439163387e-05
Qwen3-1.7B,model.layers.4.self_attn.v_proj.weight,v_proj,4,mxfp4,5.0,2097152,3.0004348754882812,2.9694061279296875,0.03102874755859375,786546,0.6243619918823242,True,10.814675331115723,2.367828130722046,0.00012074185360688716,1.7259546439163387e-05
Qwen3-1.7B,model.layers.4.self_attn.v_proj.weight,v_proj,4,mxfp8,0.0,2097152,6.65521240234375,6.624183654785156,0.03102874755859375,1744624,0.0,True,0.11725295335054398,0.11725295335054398,1.1311246908007888e-06,1.1311246908007888e-06
Qwen3-1.7B,model.layers.4.self_attn.v_proj.weight,v_proj,4,mxfp8,1.0,2097152,6.317760467529297,6.286731719970703,0.03102874755859375,1656163,0.26697349548339844,True,0.15832576155662537,0.11725295335054398,1.6501513755429187e-06,1.1311246908007888e-06
Qwen3-1.7B,model.layers.4.self_attn.v_proj.weight,v_proj,4,mxfp8,5.0,2097152,6.008335113525391,5.977306365966797,0.03102874755859375,1575049,0.6861128807067871,True,0.5340808629989624,0.11725295335054398,6.464845682785381e-06,1.1311246908007888e-06
Qwen3-1.7B,model.layers.5.mlp.down_proj.weight,down_proj,5,mxfp4,0.0,12582912,3.8737271626790366,3.8357264200846353,0.03800074259440104,6092846,0.0,True,4.803879737854004,4.803879737854004,1.4027290490048472e-05,1.4027290490048472e-05
Qwen3-1.7B,model.layers.5.mlp.down_proj.weight,down_proj,5,mxfp4,1.0,12582912,3.522108713785807,3.4841079711914062,0.03800074259440104,5539798,0.4069640636444092,True,15.957880020141602,4.803879737854004,5.854424671269953e-05,1.4027290490048472e-05
Qwen3-1.7B,model.layers.5.mlp.down_proj.weight,down_proj,5,mxfp4,5.0,12582912,3.3017800649007163,3.263779322306315,0.03800074259440104,5193251,0.6400236288706461,True,29.88193702697754,4.803879737854004,9.768010204425082e-05,1.4027290490048472e-05
Qwen3-1.7B,model.layers.5.mlp.down_proj.weight,down_proj,5,mxfp8,0.0,12582912,6.6620839436848955,6.624083201090495,0.03800074259440104,10478552,0.0,True,0.3044160008430481,0.3044160008430481,9.009716563923575e-07,9.009716563923575e-07
Qwen3-1.7B,model.layers.5.mlp.down_proj.weight,down_proj,5,mxfp8,1.0,12582912,6.263295491536458,6.225294748942058,0.03800074259440104,9851312,0.3697088559468587,True,0.5831258296966553,0.3044160008430481,2.0424329250090523e-06,9.009716563923575e-07
Qwen3-1.7B,model.layers.5.mlp.down_proj.weight,down_proj,5,mxfp8,5.0,12582912,5.993381500244141,5.955380757649739,0.03800074259440104,9426774,0.7502214113871256,True,1.7111446857452393,0.3044160008430481,5.720083663618425e-06,9.009716563923575e-07
Qwen3-1.7B,model.layers.5.mlp.gate_proj.weight,gate_proj,5,mxfp4,0.0,12582912,3.937898635864258,3.9017391204833984,0.036159515380859375,6193779,0.0,True,51.083778381347656,51.083778381347656,2.088457222271245e-05,2.088457222271245e-05
Qwen3-1.7B,model.layers.5.mlp.gate_proj.weight,gate_proj,5,mxfp4,1.0,12582912,3.870194753011068,3.8340352376302085,0.036159515380859375,6087290,0.044878244400024414,True,54.49327850341797,51.083778381347656,2.3966584194567986e-05,2.088457222271245e-05
Qwen3-1.7B,model.layers.5.mlp.gate_proj.weight,gate_proj,5,mxfp4,5.0,12582912,3.287123998006185,3.2509644826253257,0.036159515380859375,5170199,0.42258787155151367,True,145.1283721923828,51.083778381347656,9.723667608341202e-05,2.088457222271245e-05
Qwen3-1.7B,model.layers.5.mlp.gate_proj.weight,gate_proj,5,mxfp8,0.0,12582912,6.633164723714192,6.597005208333333,0.036159515380859375,10433066,0.0,True,3.688305377960205,3.688305377960205,1.3921365962232812e-06,1.3921365962232812e-06
Qwen3-1.7B,model.layers.5.mlp.gate_proj.weight,gate_proj,5,mxfp8,1.0,12582912,6.402163823445638,6.366004308064778,0.036159515380859375,10069733,0.1616074244181315,True,3.967622756958008,3.688305377960205,1.6143732182172243e-06,1.3921365962232812e-06
Qwen3-1.7B,model.layers.5.mlp.gate_proj.weight,gate_proj,5,mxfp8,5.0,12582912,6.210914611816406,6.174755096435547,0.036159515380859375,9768924,0.42543800671895343,True,5.806866645812988,3.688305377960205,3.1044371553434758e-06,1.3921365962232812e-06
Qwen3-1.7B,model.layers.5.mlp.up_proj.weight,up_proj,5,mxfp4,0.0,12582912,3.8779080708821616,3.840996424357096,0.0369116465250651,6099422,0.0,True,23.383560180664062,23.383560180664062,1.4113788893155288e-05,1.4113788893155288e-05
Qwen3-1.7B,model.layers.5.mlp.up_proj.weight,up_proj,5,mxfp4,1.0,12582912,3.84422238667806,3.8073107401529946,0.0369116465250651,6046439,0.05318609873453776,True,26.09162712097168,23.383560180664062,1.64353314175969e-05,1.4113788893155288e-05
Qwen3-1.7B,model.layers.5.mlp.up_proj.weight,up_proj,5,mxfp4,5.0,12582912,3.2321478525797525,3.1952362060546875,0.0369116465250651,5083729,0.42647020022074383,True,81.40827178955078,23.383560180664062,6.005680188536644e-05,1.4113788893155288e-05
Qwen3-1.7B,model.layers.5.mlp.up_proj.weight,up_proj,5,mxfp8,0.0,12582912,6.655342737833659,6.618431091308594,0.0369116465250651,10467949,0.0,True,1.3277597427368164,1.3277597427368164,9.087279977393337e-07,9.087279977393337e-07
Qwen3-1.7B,model.layers.5.mlp.up_proj.weight,up_proj,5,mxfp8,1.0,12582912,6.438638051350911,6.401726404825847,0.0369116465250651,10127102,0.1548628012339274,True,1.5380504131317139,1.3277597427368164,1.0822675449162489e-06,9.087279977393337e-07
Qwen3-1.7B,model.layers.5.mlp.up_proj.weight,up_proj,5,mxfp8,5.0,12582912,6.2431894938151045,6.206277847290039,0.0369116465250651,9819688,0.36262989044189453,True,2.726625442504883,1.3277597427368164,2.0238314846210415e-06,9.087279977393337e-07
Qwen3-1.7B,model.layers.5.self_attn.k_proj.weight,k_proj,5,mxfp4,0.0,2097152,3.9029197692871094,3.8690147399902344,0.033905029296875,1023127,0.0,True,4.813019752502441,4.813019752502441,1.4838623428659048e-05,1.4838623428659048e-05
Qwen3-1.7B,model.layers.5.self_attn.k_proj.weight,k_proj,5,mxfp4,1.0,2097152,3.655895233154297,3.621990203857422,0.033905029296875,958371,0.22151851654052734,True,6.218408107757568,4.813019752502441,2.9556551453424618e-05,1.4838623428659048e-05
Qwen3-1.7B,model.layers.5.self_attn.k_proj.weight,k_proj,5,mxfp4,5.0,2097152,3.126861572265625,3.09295654296875,0.033905029296875,819688,0.5802774429321289,True,12.994244575500488,4.813019752502441,9.11399838514626e-05,1.4838623428659048e-05
Qwen3-1.7B,model.layers.5.self_attn.k_proj.weight,k_proj,5,mxfp8,0.0,2097152,6.644580841064453,6.610675811767578,0.033905029296875,1741837,0.0,True,0.2946425974369049,0.2946425974369049,9.64859509622329e-07,9.64859509622329e-07
Qwen3-1.7B,model.layers.5.self_attn.k_proj.weight,k_proj,5,mxfp8,1.0,2097152,6.3636932373046875,6.3297882080078125,0.033905029296875,1668204,0.2594795227050781,True,0.3311082422733307,0.2946425974369049,1.3158482943254057e-06,9.64859509622329e-07
Qwen3-1.7B,model.layers.5.self_attn.k_proj.weight,k_proj,5,mxfp8,5.0,2097152,6.0791473388671875,6.0452423095703125,0.033905029296875,1593612,0.6157875061035156,True,0.6291335225105286,0.2946425974369049,4.246153821441112e-06,9.64859509622329e-07
Qwen3-1.7B,model.layers.5.self_attn.o_proj.weight,o_proj,5,mxfp4,0.0,4194304,3.9172096252441406,3.8751888275146484,0.04202079772949219,2053746,0.0,True,1.492584228515625,1.492584228515625,1.427277584298281e-05,1.427277584298281e-05
Qwen3-1.7B,model.layers.5.self_attn.o_proj.weight,o_proj,5,mxfp4,1.0,4194304,3.3075294494628906,3.2655086517333984,0.04202079772949219,1734098,0.47978997230529785,True,4.74718713760376,1.492584228515625,6.819836562499404e-05,1.427277584298281e-05
Qwen3-1.7B,model.layers.5.self_attn.o_proj.weight,o_proj,5,mxfp4,5.0,4194304,2.9862823486328125,2.9442615509033203,0.04202079772949219,1565672,0.6467208862304688,True,8.277640342712402,1.492584228515625,9.634996968088672e-05,1.427277584298281e-05
Qwen3-1.7B,model.layers.5.self_attn.o_proj.weight,o_proj,5,mxfp8,0.0,4194304,6.645912170410156,6.603891372680664,0.04202079772949219,3484372,0.0,True,0.09726160764694214,0.09726160764694214,9.435907486476935e-07,9.435907486476935e-07
Qwen3-1.7B,model.layers.5.self_attn.o_proj.weight,o_proj,5,mxfp8,1.0,4194304,6.194772720336914,6.152751922607422,0.04202079772949219,3247845,0.5133247375488281,True,0.211638942360878,0.09726160764694214,3.1633780963602476e-06,9.435907486476935e-07
Qwen3-1.7B,model.layers.5.self_attn.o_proj.weight,o_proj,5,mxfp8,5.0,4194304,5.951360702514648,5.909339904785156,0.04202079772949219,3120227,0.7511203289031982,True,0.4725828170776367,0.09726160764694214,5.67269125895109e-06,9.435907486476935e-07
Qwen3-1.7B,model.layers.5.self_attn.q_proj.weight,q_proj,5,mxfp4,0.0,4194304,3.8880176544189453,3.851961135864258,0.0360565185546875,2038441,0.0,True,8.545943260192871,8.545943260192871,1.672862890700344e-05,1.672862890700344e-05
Qwen3-1.7B,model.layers.5.self_attn.q_proj.weight,q_proj,5,mxfp4,1.0,4194304,3.713726043701172,3.6776695251464844,0.0360565185546875,1947062,0.238722562789917,True,11.68305778503418,8.545943260192871,3.328924503875896e-05,1.672862890700344e-05
Qwen3-1.7B,model.layers.5.self_attn.q_proj.weight,q_proj,5,mxfp4,5.0,4194304,3.399677276611328,3.3636207580566406,0.0360565185546875,1782410,0.5886240005493164,True,26.546466827392578,8.545943260192871,0.00010130061855306849,1.672862890700344e-05
Qwen3-1.7B,model.layers.5.self_attn.q_proj.weight,q_proj,5,mxfp8,0.0,4194304,6.657922744750977,6.621866226196289,0.0360565185546875,3490669,0.0,True,0.5095267295837402,0.5095267295837402,1.0978473028444569e-06,1.0978473028444569e-06
Qwen3-1.7B,model.layers.5.self_attn.q_proj.weight,q_proj,5,mxfp8,1.0,4194304,6.380224227905273,6.344167709350586,0.0360565185546875,3345075,0.25975513458251953,True,0.5901281833648682,0.5095267295837402,1.4832887700322317e-06,1.0978473028444569e-06
Qwen3-1.7B,model.layers.5.self_attn.q_proj.weight,q_proj,5,mxfp8,5.0,4194304,6.080936431884766,6.044879913330078,0.0360565185546875,3188162,0.6460604667663574,True,1.3239389657974243,0.5095267295837402,5.104120646137744e-06,1.0978473028444569e-06
Qwen3-1.7B,model.layers.5.self_attn.v_proj.weight,v_proj,5,mxfp4,0.0,2097152,3.863719940185547,3.82684326171875,0.036876678466796875,1012851,0.0,True,3.471841335296631,3.471841335296631,1.65942565217847e-05,1.65942565217847e-05
Qwen3-1.7B,model.layers.5.self_attn.v_proj.weight,v_proj,5,mxfp4,1.0,2097152,3.663043975830078,3.6261672973632812,0.036876678466796875,960245,0.26584529876708984,True,5.249670505523682,3.471841335296631,3.5244651371613145e-05,1.65942565217847e-05
Qwen3-1.7B,model.layers.5.self_attn.v_proj.weight,v_proj,5,mxfp4,5.0,2097152,3.3430137634277344,3.3061370849609375,0.036876678466796875,876351,0.595329761505127,True,13.28223991394043,3.471841335296631,0.00010691389616113156,1.65942565217847e-05
Qwen3-1.7B,model.layers.5.self_attn.v_proj.weight,v_proj,5,mxfp8,0.0,2097152,6.690647125244141,6.653770446777344,0.036876678466796875,1753913,0.0,True,0.1754922866821289,0.1754922866821289,1.065830133484269e-06,1.065830133484269e-06
Qwen3-1.7B,model.layers.5.self_attn.v_proj.weight,v_proj,5,mxfp8,1.0,2097152,6.393482208251953,6.356605529785156,0.036876678466796875,1676013,0.24733591079711914,True,0.2109738290309906,0.1754922866821289,1.3962908269604668e-06,1.065830133484269e-06
Qwen3-1.7B,model.layers.5.self_attn.v_proj.weight,v_proj,5,mxfp8,5.0,2097152,6.075592041015625,6.038715362548828,0.036876678466796875,1592680,0.6659555435180664,True,0.6021619439125061,0.1754922866821289,5.295020400808426e-06,1.065830133484269e-06
Qwen3-1.7B,model.layers.6.mlp.down_proj.weight,down_proj,6,mxfp4,0.0,12582912,3.8716112772623696,3.8322792053222656,0.039332071940104164,6089518,0.0,True,6.203580856323242,6.203580856323242,1.3802285138808656e-05,1.3802285138808656e-05
Qwen3-1.7B,model.layers.6.mlp.down_proj.weight,down_proj,6,mxfp4,1.0,12582912,3.581028620402018,3.541696548461914,0.039332071940104164,5632471,0.3700282573699951,True,16.741701126098633,6.203580856323242,5.120633795741014e-05,1.3802285138808656e-05
Qwen3-1.7B,model.layers.6.mlp.down_proj.weight,down_proj,6,mxfp4,5.0,12582912,3.3113937377929688,3.2720616658528647,0.039332071940104164,5208372,0.6287480990091959,True,35.91347885131836,6.203580856323242,9.46151849348098e-05,1.3802285138808656e-05
Qwen3-1.7B,model.layers.6.mlp.down_proj.weight,down_proj,6,mxfp8,0.0,12582912,6.674513498942058,6.635181427001953,0.039332071940104164,10498102,0.0,True,0.39057910442352295,0.39057910442352295,8.847903245623456e-07,8.847903245623456e-07
Qwen3-1.7B,model.layers.6.mlp.down_proj.weight,down_proj,6,mxfp8,1.0,12582912,6.314245223999023,6.274913152058919,0.039332071940104164,9931449,0.3301766713460286,True,0.6476282477378845,0.39057910442352295,1.7971434544961085e-06,8.847903245623456e-07
Qwen3-1.7B,model.layers.6.mlp.down_proj.weight,down_proj,6,mxfp8,5.0,12582912,6.020975748697917,5.9816436767578125,0.039332071940104164,9470176,0.721060037612915,True,1.9220070838928223,0.39057910442352295,5.329733539838344e-06,8.847903245623456e-07
Qwen3-1.7B,model.layers.6.mlp.gate_proj.weight,gate_proj,6,mxfp4,0.0,12582912,3.9113235473632812,3.872950236002604,0.038373311360677086,6151980,0.0,True,71.82867431640625,71.82867431640625,2.045315341092646e-05,2.045315341092646e-05
Qwen3-1.7B,model.layers.6.mlp.gate_proj.weight,gate_proj,6,mxfp4,1.0,12582912,3.8880672454833984,3.849693934122721,0.038373311360677086,6115401,0.02908921241760254,True,73.21499633789062,71.82867431640625,2.147604936908465e-05,2.045315341092646e-05
Qwen3-1.7B,model.layers.6.mlp.gate_proj.weight,gate_proj,6,mxfp4,5.0,12582912,3.3932272593180337,3.354853947957357,0.038373311360677086,5337085,0.36580856641133624,True,140.17108154296875,71.82867431640625,6.373421638272703e-05,2.045315341092646e-05
Qwen3-1.7B,model.layers.6.mlp.gate_proj.weight,gate_proj,6,mxfp8,0.0,12582912,6.642913818359375,6.604540506998698,0.038373311360677086,10448400,0.0,True,5.162415027618408,5.162415027618408,1.364306740470056e-06,1.364306740470056e-06
Qwen3-1.7B,model.layers.6.mlp.gate_proj.weight,gate_proj,6,mxfp8,1.0,12582912,6.4309647878011065,6.39259147644043,0.038373311360677086,10115033,0.15148107210795084,True,5.477099895477295,5.162415027618408,1.565258571645245e-06,1.364306740470056e-06
Qwen3-1.7B,model.layers.6.mlp.gate_proj.weight,gate_proj,6,mxfp8,5.0,12582912,6.265902837117513,6.227529525756836,0.038373311360677086,9855413,0.34186553955078125,True,7.185466289520264,5.162415027618408,2.64564664576028e-06,1.364306740470056e-06
Qwen3-1.7B,model.layers.6.mlp.up_proj.weight,up_proj,6,mxfp4,0.0,12582912,3.8820203145345054,3.84419314066569,0.0378271738688151,6105890,0.0,True,30.627492904663086,30.627492904663086,1.428101404599147e-05,1.428101404599147e-05
Qwen3-1.7B,model.layers.6.mlp.up_proj.weight,up_proj,6,mxfp4,1.0,12582912,3.867790857950846,3.8299636840820312,0.0378271738688151,6083509,0.03139781951904297,True,31.405521392822266,30.627492904663086,1.4826698134129401e-05,1.428101404599147e-05
Qwen3-1.7B,model.layers.6.mlp.up_proj.weight,up_proj,6,mxfp4,5.0,12582912,3.3210983276367188,3.283271153767904,0.0378271738688151,5223636,0.4011816183725993,True,94.8662109375,30.627492904663086,5.522498759091832e-05,1.428101404599147e-05
Qwen3-1.7B,model.layers.6.mlp.up_proj.weight,up_proj,6,mxfp8,0.0,12582912,6.658290863037109,6.620463689168294,0.0378271738688151,10472586,0.0,True,1.73554527759552,1.73554527759552,9.268915164284408e-07,9.268915164284408e-07
Qwen3-1.7B,model.layers.6.mlp.up_proj.weight,up_proj,6,mxfp8,1.0,12582912,6.491013844807942,6.453186670939128,0.0378271738688151,10209482,0.12206713358561198,True,1.8279542922973633,1.73554527759552,9.830697536017396e-07,9.268915164284408e-07
Qwen3-1.7B,model.layers.6.mlp.up_proj.weight,up_proj,6,mxfp8,5.0,12582912,6.304335912068685,6.26650873819987,0.0378271738688151,9915863,0.3153215249379476,True,3.0464162826538086,1.73554527759552,1.7432092818125966e-06,9.268915164284408e-07
Qwen3-1.7B,model.layers.6.self_attn.k_proj.weight,k_proj,6,mxfp4,0.0,2097152,3.8961410522460938,3.856067657470703,0.040073394775390625,1021350,0.0,True,3.7285003662109375,3.7285003662109375,1.4795181414228864e-05,1.4795181414228864e-05
Qwen3-1.7B,model.layers.6.self_attn.k_proj.weight,k_proj,6,mxfp4,1.0,2097152,3.6767501831054688,3.636676788330078,0.040073394775390625,963838,0.3187069892883301,True,5.080745220184326,3.7285003662109375,3.2056417694548145e-05,1.4795181414228864e-05
Qwen3-1.7B,model.layers.6.self_attn.k_proj.weight,k_proj,6,mxfp4,5.0,2097152,3.4094390869140625,3.369365692138672,0.040073394775390625,893764,0.5967440605163574,True,10.004952430725098,3.7285003662109375,8.46705079311505e-05,1.4795181414228864e-05
Qwen3-1.7B,model.layers.6.self_attn.k_proj.weight,k_proj,6,mxfp8,0.0,2097152,6.660205841064453,6.6201324462890625,0.040073394775390625,1745933,0.0,True,0.24993520975112915,0.24993520975112915,9.721246669869288e-07,9.721246669869288e-07
Qwen3-1.7B,model.layers.6.self_attn.k_proj.weight,k_proj,6,mxfp8,1.0,2097152,6.316932678222656,6.276859283447266,0.040073394775390625,1655946,0.3596677780151367,True,0.2924361824989319,0.24993520975112915,1.4842609061815892e-06,9.721246669869288e-07
Qwen3-1.7B,model.layers.6.self_attn.k_proj.weight,k_proj,6,mxfp8,5.0,2097152,6.047370910644531,6.007297515869141,0.040073394775390625,1585282,0.6711044311523438,True,0.5396406054496765,0.24993520975112915,4.350642484496348e-06,9.721246669869288e-07
Qwen3-1.7B,model.layers.6.self_attn.o_proj.weight,o_proj,6,mxfp4,0.0,4194304,3.9029922485351562,3.8605480194091797,0.04244422912597656,2046292,0.0,True,1.8712974786758423,1.8712974786758423,1.3278214282763656e-05,1.3278214282763656e-05
Qwen3-1.7B,model.layers.6.self_attn.o_proj.weight,o_proj,6,mxfp4,1.0,4194304,3.430562973022461,3.3881187438964844,0.04244422912597656,1798603,0.3967306613922119,True,4.740478515625,1.8712974786758423,5.0167185690952465e-05,1.3278214282763656e-05
Qwen3-1.7B,model.layers.6.self_attn.o_proj.weight,o_proj,6,mxfp4,5.0,4194304,3.0206260681152344,2.978181838989258,0.04244422912597656,1583678,0.6311182975769043,True,10.094947814941406,1.8712974786758423,9.11855895537883e-05,1.3278214282763656e-05
Qwen3-1.7B,model.layers.6.self_attn.o_proj.weight,o_proj,6,mxfp8,0.0,4194304,6.646467208862305,6.604022979736328,0.04244422912597656,3484663,0.0,True,0.12169800698757172,0.12169800698757172,8.765035204305605e-07,8.765035204305605e-07
Qwen3-1.7B,model.layers.6.self_attn.o_proj.weight,o_proj,6,mxfp8,1.0,4194304,6.223197937011719,6.180753707885742,0.04244422912597656,3262748,0.41980528831481934,True,0.2156504988670349,0.12169800698757172,2.1245775769784814e-06,8.765035204305605e-07
Qwen3-1.7B,model.layers.6.self_attn.o_proj.weight,o_proj,6,mxfp8,5.0,4194304,5.919576644897461,5.877132415771484,0.04244422912597656,3103563,0.7093095779418945,True,0.5530145168304443,0.12169800698757172,5.211536063143285e-06,8.765035204305605e-07
Qwen3-1.7B,model.layers.6.self_attn.q_proj.weight,q_proj,6,mxfp4,0.0,4194304,3.8903770446777344,3.8525962829589844,0.03778076171875,2039678,0.0,True,6.927555084228516,6.927555084228516,1.6016869267332368e-05,1.6016869267332368e-05
Qwen3-1.7B,model.layers.6.self_attn.q_proj.weight,q_proj,6,mxfp4,1.0,4194304,3.6035709381103516,3.5657901763916016,0.03778076171875,1889309,0.32482433319091797,True,10.126307487487793,6.927555084228516,3.635954999481328e-05,1.6016869267332368e-05
Qwen3-1.7B,model.layers.6.self_attn.q_proj.weight,q_proj,6,mxfp4,5.0,4194304,3.2428112030029297,3.2050304412841797,0.03778076171875,1700167,0.5986893177032471,True,20.402851104736328,6.927555084228516,8.994426025310531e-05,1.6016869267332368e-05
Qwen3-1.7B,model.layers.6.self_attn.q_proj.weight,q_proj,6,mxfp8,0.0,4194304,6.660429000854492,6.622648239135742,0.03778076171875,3491983,0.0,True,0.4286016821861267,0.4286016821861267,1.057609438248619e-06,1.057609438248619e-06
Qwen3-1.7B,model.layers.6.self_attn.q_proj.weight,q_proj,6,mxfp8,1.0,4194304,6.350536346435547,6.312755584716797,0.03778076171875,3329510,0.3223540782928467,True,0.524505078792572,0.4286016821861267,1.6445529809061554e-06,1.057609438248619e-06
Qwen3-1.7B,model.layers.6.self_attn.q_proj.weight,q_proj,6,mxfp8,5.0,4194304,6.052680969238281,6.014900207519531,0.03778076171875,3173348,0.6678884029388428,True,1.0715248584747314,0.4286016821861267,4.788348633155692e-06,1.057609438248619e-06
Qwen3-1.7B,model.layers.6.self_attn.v_proj.weight,v_proj,6,mxfp4,0.0,2097152,3.885089874267578,3.850994110107422,0.03409576416015625,1018453,0.0,True,2.4456520080566406,2.4456520080566406,1.6991554730338976e-05,1.6991554730338976e-05
Qwen3-1.7B,model.layers.6.self_attn.v_proj.weight,v_proj,6,mxfp4,1.0,2097152,3.6760902404785156,3.6419944763183594,0.03409576416015625,963665,0.28011178970336914,True,4.018578052520752,2.4456520080566406,3.703765833051875e-05,1.6991554730338976e-05
Qwen3-1.7B,model.layers.6.self_attn.v_proj.weight,v_proj,6,mxfp4,5.0,2097152,3.363300323486328,3.329204559326172,0.03409576416015625,881669,0.6118044853210449,True,11.05478572845459,2.4456520080566406,0.00011562186409719288,1.6991554730338976e-05
Qwen3-1.7B,model.layers.6.self_attn.v_proj.weight,v_proj,6,mxfp8,0.0,2097152,6.6735076904296875,6.639411926269531,0.03409576416015625,1749420,0.0,True,0.12265567481517792,0.12265567481517792,1.1188096777914325e-06,1.1188096777914325e-06
Qwen3-1.7B,model.layers.6.self_attn.v_proj.weight,v_proj,6,mxfp8,1.0,2097152,6.350917816162109,6.316822052001953,0.03409576416015625,1664855,0.2752103805541992,True,0.1655377745628357,0.12265567481517792,1.6289349105136353e-06,1.1188096777914325e-06
Qwen3-1.7B,model.layers.6.self_attn.v_proj.weight,v_proj,6,mxfp8,5.0,2097152,6.0393218994140625,6.005226135253906,0.03409576416015625,1583172,0.6807651519775391,True,0.5446203947067261,0.12265567481517792,6.142445272416808e-06,1.1188096777914325e-06
Qwen3-1.7B,model.layers.7.mlp.down_proj.weight,down_proj,7,mxfp4,0.0,12582912,3.8723907470703125,3.833372116088867,0.03901863098144531,6090744,0.0,True,6.936969757080078,6.936969757080078,1.3288236914377194e-05,1.3288236914377194e-05
Qwen3-1.7B,model.layers.7.mlp.down_proj.weight,down_proj,7,mxfp4,1.0,12582912,3.610358556111654,3.5713399251302085,0.03901863098144531,5678603,0.34667126337687176,True,16.74993896484375,6.936969757080078,4.69881524622906e-05,1.3288236914377194e-05
Qwen3-1.7B,model.layers.7.mlp.down_proj.weight,down_proj,7,mxfp4,5.0,12582912,3.3219178517659507,3.2828992207845054,0.03901863098144531,5224925,0.6227207183837891,True,37.86767578125,6.936969757080078,9.169778786599636e-05,1.3288236914377194e-05
Qwen3-1.7B,model.layers.7.mlp.down_proj.weight,down_proj,7,mxfp8,0.0,12582912,6.6737105051676435,6.634691874186198,0.03901863098144531,10496839,0.0,True,0.4471287429332733,0.4471287429332733,8.573782110943284e-07,8.573782110943284e-07
Qwen3-1.7B,model.layers.7.mlp.down_proj.weight,down_proj,7,mxfp8,1.0,12582912,6.334905624389648,6.295886993408203,0.03901863098144531,9963945,0.3222208023071289,True,0.6967226266860962,0.4471287429332733,1.703289854049217e-06,8.573782110943284e-07
Qwen3-1.7B,model.layers.7.mlp.down_proj.weight,down_proj,7,mxfp8,5.0,12582912,6.040680567423503,6.001661936442058,0.03901863098144531,9501169,0.7119098504384359,True,2.009371757507324,0.4471287429332733,5.114061423228122e-06,8.573782110943284e-07
Qwen3-1.7B,model.layers.7.mlp.gate_proj.weight,gate_proj,7,mxfp4,0.0,12582912,3.958158493041992,3.9187844594319663,0.03937403361002604,6225645,0.0,True,95.03227233886719,95.03227233886719,2.181810123147443e-05,2.181810123147443e-05
Qwen3-1.7B,model.layers.7.mlp.gate_proj.weight,gate_proj,7,mxfp4,1.0,12582912,3.9025840759277344,3.8632100423177085,0.03937403361002604,6138234,0.02454996109008789,True,95.87032318115234,95.03227233886719,2.2272675778367557e-05,2.181810123147443e-05
Qwen3-1.7B,model.layers.7.mlp.gate_proj.weight,gate_proj,7,mxfp4,5.0,12582912,3.541804631551107,3.5024305979410806,0.03937403361002604,5570777,0.2838726043701172,True,139.2310028076172,95.03227233886719,4.273133890819736e-05,2.181810123147443e-05
Qwen3-1.7B,model.layers.7.mlp.gate_proj.weight,gate_proj,7,mxfp8,0.0,12582912,6.63876469930013,6.5993906656901045,0.03937403361002604,10441874,0.0,True,6.657756805419922,6.657756805419922,1.4756219570699614e-06,1.4756219570699614e-06
Qwen3-1.7B,model.layers.7.mlp.gate_proj.weight,gate_proj,7,mxfp8,1.0,12582912,6.453095118204753,6.413721084594727,0.03937403361002604,10149841,0.12875000635782877,True,6.957979679107666,6.657756805419922,1.6230678738793358e-06,1.4756219570699614e-06
Qwen3-1.7B,model.layers.7.mlp.gate_proj.weight,gate_proj,7,mxfp8,5.0,12582912,6.2825775146484375,6.243203481038411,0.03937403361002604,9881640,0.29936695098876953,True,8.722528457641602,6.657756805419922,2.4654236767673865e-06,1.4756219570699614e-06
Qwen3-1.7B,model.layers.7.mlp.up_proj.weight,up_proj,7,mxfp4,0.0,12582912,3.886683146158854,3.8476155598958335,0.039067586263020836,6113224,0.0,True,40.04991149902344,40.04991149902344,1.3937004951003473e-05,1.3937004951003473e-05
Qwen3-1.7B,model.layers.7.mlp.up_proj.weight,up_proj,7,mxfp4,1.0,12582912,3.874270757039388,3.835203170776367,0.039067586263020836,6093701,0.019605557123819988,True,40.67439651489258,40.04991149902344,1.427129336661892e-05,1.3937004951003473e-05
Qwen3-1.7B,model.layers.7.mlp.up_proj.weight,up_proj,7,mxfp4,5.0,12582912,3.468709945678711,3.42964235941569,0.039067586263020836,5455809,0.3340543905893962,True,93.65003967285156,40.04991149902344,3.9734721212880686e-05,1.3937004951003473e-05
Qwen3-1.7B,model.layers.7.mlp.up_proj.weight,up_proj,7,mxfp8,0.0,12582912,6.661780675252278,6.622713088989258,0.039067586263020836,10478075,0.0,True,2.2129392623901367,2.2129392623901367,9.069119073501497e-07,9.069119073501497e-07
Qwen3-1.7B,model.layers.7.mlp.up_proj.weight,up_proj,7,mxfp8,1.0,12582912,6.498013814290364,6.458946228027344,0.039067586263020836,10220492,0.11405158042907715,True,2.3092615604400635,2.2129392623901367,9.500889177616045e-07,9.069119073501497e-07
Qwen3-1.7B,model.layers.7.mlp.up_proj.weight,up_proj,7,mxfp8,5.0,12582912,6.324724833170573,6.285657246907552,0.039067586263020836,9947932,0.29023289680480957,True,3.393361806869507,2.2129392623901367,1.463914600208227e-06,9.069119073501497e-07
Qwen3-1.7B,model.layers.7.self_attn.k_proj.weight,k_proj,7,mxfp4,0.0,2097152,3.894275665283203,3.8543472290039062,0.039928436279296875,1020861,0.0,True,7.678510665893555,7.678510665893555,1.3352403584576678e-05,1.3352403584576678e-05
Qwen3-1.7B,model.layers.7.self_attn.k_proj.weight,k_proj,7,mxfp4,1.0,2097152,3.8416709899902344,3.8017425537109375,0.039928436279296875,1007071,0.08484315872192383,True,8.044164657592773,7.678510665893555,1.5446068573510274e-05,1.3352403584576678e-05
Qwen3-1.7B,model.layers.7.self_attn.k_proj.weight,k_proj,7,mxfp4,5.0,2097152,3.3635940551757812,3.3236656188964844,0.039928436279296875,881746,0.4278268814086914,True,15.377880096435547,7.678510665893555,4.995073322788812e-05,1.3352403584576678e-05
Qwen3-1.7B,model.layers.7.self_attn.k_proj.weight,k_proj,7,mxfp8,0.0,2097152,6.6588134765625,6.618885040283203,0.039928436279296875,1745568,0.0,True,0.5166926383972168,0.5166926383972168,8.825614941088133e-07,8.825614941088133e-07
Qwen3-1.7B,model.layers.7.self_attn.k_proj.weight,k_proj,7,mxfp8,1.0,2097152,6.425270080566406,6.385341644287109,0.039928436279296875,1684346,0.17543554306030273,True,0.5480515956878662,0.5166926383972168,1.0393883940196247e-06,8.825614941088133e-07
Qwen3-1.7B,model.layers.7.self_attn.k_proj.weight,k_proj,7,mxfp8,5.0,2097152,6.248653411865234,6.2087249755859375,0.039928436279296875,1638047,0.41599321365356445,True,0.7670848369598389,0.5166926383972168,2.077215640383656e-06,8.825614941088133e-07
Qwen3-1.7B,model.layers.7.self_attn.o_proj.weight,o_proj,7,mxfp4,0.0,4194304,3.9050121307373047,3.8639602661132812,0.04105186462402344,2047351,0.0,True,2.894010305404663,2.894010305404663,1.3467934877553489e-05,1.3467934877553489e-05
Qwen3-1.7B,model.layers.7.self_attn.o_proj.weight,o_proj,7,mxfp4,1.0,4194304,3.6464405059814453,3.605388641357422,0.04105186462402344,1911785,0.2606391906738281,True,5.645523548126221,2.894010305404663,3.3794582122936845e-05,1.3467934877553489e-05
Qwen3-1.7B,model.layers.7.self_attn.o_proj.weight,o_proj,7,mxfp4,5.0,4194304,3.0689830780029297,3.0279312133789062,0.04105186462402344,1609031,0.6004714965820312,True,15.738740921020508,2.894010305404663,8.880150562617928e-05,1.3467934877553489e-05
Qwen3-1.7B,model.layers.7.self_attn.o_proj.weight,o_proj,7,mxfp8,0.0,4194304,6.653120040893555,6.612068176269531,0.04105186462402344,3488151,0.0,True,0.18691997230052948,0.18691997230052948,8.884955491339497e-07,8.884955491339497e-07
Qwen3-1.7B,model.layers.7.self_attn.o_proj.weight,o_proj,7,mxfp8,1.0,4194304,6.328281402587891,6.287229537963867,0.04105186462402344,3317842,0.293229341506958,True,0.26484188437461853,0.18691997230052948,1.4514513395624817e-06,8.884955491339497e-07
Qwen3-1.7B,model.layers.7.self_attn.o_proj.weight,o_proj,7,mxfp8,5.0,4194304,6.0120697021484375,5.971017837524414,0.04105186462402344,3152056,0.6716108322143555,True,0.7882068157196045,0.18691997230052948,4.650950359064154e-06,8.884955491339497e-07
Qwen3-1.7B,model.layers.7.self_attn.q_proj.weight,q_proj,7,mxfp4,0.0,4194304,3.889110565185547,3.851308822631836,0.03780174255371094,2039014,0.0,True,14.381149291992188,14.381149291992188,1.4913882296241354e-05,1.4913882296241354e-05
Qwen3-1.7B,model.layers.7.self_attn.q_proj.weight,q_proj,7,mxfp4,1.0,4194304,3.835298538208008,3.797496795654297,0.03780174255371094,2010801,0.08310508728027344,True,15.421836853027344,14.381149291992188,1.7806865798775107e-05,1.4913882296241354e-05
Qwen3-1.7B,model.layers.7.self_attn.q_proj.weight,q_proj,7,mxfp4,5.0,4194304,3.346221923828125,3.308420181274414,0.03780174255371094,1754384,0.42133164405822754,True,31.576704025268555,14.381149291992188,5.510748451342806e-05,1.4913882296241354e-05
Qwen3-1.7B,model.layers.7.self_attn.q_proj.weight,q_proj,7,mxfp8,0.0,4194304,6.653162002563477,6.615360260009766,0.03780174255371094,3488173,0.0,True,0.9061760306358337,0.9061760306358337,9.7821066447068e-07,9.7821066447068e-07
Qwen3-1.7B,model.layers.7.self_attn.q_proj.weight,q_proj,7,mxfp8,1.0,4194304,6.423669815063477,6.385868072509766,0.03780174255371094,3367853,0.17507147789001465,True,0.9784797430038452,0.9061760306358337,1.1567025239855866e-06,9.7821066447068e-07
Qwen3-1.7B,model.layers.7.self_attn.q_proj.weight,q_proj,7,mxfp8,5.0,4194304,6.2422027587890625,6.204401016235352,0.03780174255371094,3272712,0.4170536994934082,True,1.4452698230743408,0.9061760306358337,2.2569702196051367e-06,9.7821066447068e-07
Qwen3-1.7B,model.layers.7.self_attn.v_proj.weight,v_proj,7,mxfp4,0.0,2097152,3.8708114624023438,3.837604522705078,0.033206939697265625,1014710,0.0,True,5.63253116607666,5.63253116607666,1.595636786078103e-05,1.595636786078103e-05
Qwen3-1.7B,model.layers.7.self_attn.v_proj.weight,v_proj,7,mxfp4,1.0,2097152,3.8526573181152344,3.8194503784179688,0.033206939697265625,1009951,0.043572425842285156,True,5.979103088378906,5.63253116607666,1.7956017472897656e-05,1.595636786078103e-05
Qwen3-1.7B,model.layers.7.self_attn.v_proj.weight,v_proj,7,mxfp4,5.0,2097152,3.4823532104492188,3.449146270751953,0.033206939697265625,912878,0.451873779296875,True,16.578752517700195,5.63253116607666,6.828900222899392e-05,1.595636786078103e-05
Qwen3-1.7B,model.layers.7.self_attn.v_proj.weight,v_proj,7,mxfp8,0.0,2097152,6.677879333496094,6.644672393798828,0.033206939697265625,1750566,0.0,True,0.2747284173965454,0.2747284173965454,1.0329144970455673e-06,1.0329144970455673e-06
Qwen3-1.7B,model.layers.7.self_attn.v_proj.weight,v_proj,7,mxfp8,1.0,2097152,6.423160552978516,6.38995361328125,0.033206939697265625,1683793,0.1827235221862793,True,0.31484857201576233,0.2747284173965454,1.2257150956429541e-06,1.0329144970455673e-06
Qwen3-1.7B,model.layers.7.self_attn.v_proj.weight,v_proj,7,mxfp8,5.0,2097152,6.238010406494141,6.204803466796875,0.033206939697265625,1635257,0.40298891067504883,True,0.55352783203125,0.2747284173965454,2.3665957087359857e-06,1.0329144970455673e-06
Qwen3-1.7B,model.layers.8.mlp.down_proj.weight,down_proj,8,mxfp4,0.0,12582912,3.869626998901367,3.831958770751953,0.03766822814941406,6086397,0.0,True,8.546879768371582,8.546879768371582,1.4050438949197996e-05,1.4050438949197996e-05
Qwen3-1.7B,model.layers.8.mlp.down_proj.weight,down_proj,8,mxfp4,1.0,12582912,3.6549288431803384,3.6172606150309243,0.03766822814941406,5748706,0.2971172332763672,True,18.097209930419922,8.546879768371582,4.1884108213707805e-05,1.4050438949197996e-05
Qwen3-1.7B,model.layers.8.mlp.down_proj.weight,down_proj,8,mxfp4,5.0,12582912,3.333582560221354,3.29591433207194,0.03766822814941406,5243272,0.6094137827555338,True,46.505523681640625,8.546879768371582,9.502411558059976e-05,1.4050438949197996e-05
Qwen3-1.7B,model.layers.8.mlp.down_proj.weight,down_proj,8,mxfp8,0.0,12582912,6.669380823771159,6.631712595621745,0.03766822814941406,10490029,0.0,True,0.5315806865692139,0.5315806865692139,9.032355023919081e-07,9.032355023919081e-07
Qwen3-1.7B,model.layers.8.mlp.down_proj.weight,down_proj,8,mxfp8,1.0,12582912,6.360206604003906,6.322538375854492,0.03766822814941406,10003740,0.27933287620544434,True,0.7629175782203674,0.5315806865692139,1.5268924471456558e-06,9.032355023919081e-07
Qwen3-1.7B,model.layers.8.mlp.down_proj.weight,down_proj,8,mxfp8,5.0,12582912,6.071102778116862,6.033434549967448,0.03766822814941406,9549019,0.686505397160848,True,2.33445143699646,0.5315806865692139,5.112196504342137e-06,9.032355023919081e-07
Qwen3-1.7B,model.layers.8.mlp.gate_proj.weight,gate_proj,8,mxfp4,0.0,12582912,3.926069895426432,3.8874518076578775,0.03861808776855469,6175174,0.0,True,80.85401153564453,80.85401153564453,1.977646752493456e-05,1.977646752493456e-05
Qwen3-1.7B,model.layers.8.mlp.gate_proj.weight,gate_proj,8,mxfp4,1.0,12582912,3.8919264475504556,3.853308359781901,0.03861808776855469,6121471,0.02764892578125,True,81.77391052246094,80.85401153564453,2.0297802620916627e-05,1.977646752493456e-05
Qwen3-1.7B,model.layers.8.mlp.gate_proj.weight,gate_proj,8,mxfp4,5.0,12582912,3.5187803904215493,3.4801623026529946,0.03861808776855469,5534563,0.3007188638051351,True,126.96115112304688,80.85401153564453,4.179060852038674e-05,1.977646752493456e-05
Qwen3-1.7B,model.layers.8.mlp.gate_proj.weight,gate_proj,8,mxfp8,0.0,12582912,6.6405487060546875,6.601930618286133,0.03861808776855469,10444680,0.0,True,5.661341667175293,5.661341667175293,1.3275002856971696e-06,1.3275002856971696e-06
Qwen3-1.7B,model.layers.8.mlp.gate_proj.weight,gate_proj,8,mxfp8,1.0,12582912,6.46748415629069,6.428866068522136,0.03861808776855469,10172473,0.12315106391906738,True,5.845142841339111,5.661341667175293,1.4182542145135812e-06,1.3275002856971696e-06
Qwen3-1.7B,model.layers.8.mlp.gate_proj.weight,gate_proj,8,mxfp8,5.0,12582912,6.297253290812175,6.25863520304362,0.03861808776855469,9904723,0.2908124128977458,True,7.447762966156006,5.661341667175293,2.1861837922187988e-06,1.3275002856971696e-06
Qwen3-1.7B,model.layers.8.mlp.up_proj.weight,up_proj,8,mxfp4,0.0,12582912,3.88386599222819,3.8457463582356772,0.03811963399251302,6108793,0.0,True,40.1071891784668,40.1071891784668,1.4257163456932176e-05,1.4257163456932176e-05
Qwen3-1.7B,model.layers.8.mlp.up_proj.weight,up_proj,8,mxfp4,1.0,12582912,3.873762766520182,3.8356431325276694,0.03811963399251302,6092902,0.018308639526367188,True,40.68218994140625,40.1071891784668,1.4582350559066981e-05,1.4257163456932176e-05
Qwen3-1.7B,model.layers.8.mlp.up_proj.weight,up_proj,8,mxfp4,5.0,12582912,3.470557530721029,3.4324378967285156,0.03811963399251302,5458715,0.3273504575093587,True,92.26544189453125,40.1071891784668,3.953670238843188e-05,1.4257163456932176e-05
Qwen3-1.7B,model.layers.8.mlp.up_proj.weight,up_proj,8,mxfp8,0.0,12582912,6.660144805908203,6.62202517191569,0.03811963399251302,10475502,0.0,True,2.266765594482422,2.266765594482422,9.241737757292867e-07,9.241737757292867e-07
Qwen3-1.7B,model.layers.8.mlp.up_proj.weight,up_proj,8,mxfp8,1.0,12582912,6.505285898844401,6.467166264851888,0.03811963399251302,10231930,0.10734089215596516,True,2.3622543811798096,2.266765594482422,9.673777867647004e-07,9.241737757292867e-07
Qwen3-1.7B,model.layers.8.mlp.up_proj.weight,up_proj,8,mxfp8,5.0,12582912,6.347039540608724,6.308919906616211,0.03811963399251302,9983030,0.2740991910298665,True,3.475337266921997,2.266765594482422,1.4998908000052324e-06,9.241737757292867e-07
Qwen3-1.7B,model.layers.8.self_attn.k_proj.weight,k_proj,8,mxfp4,0.0,2097152,3.8961563110351562,3.8540725708007812,0.042083740234375,1021354,0.0,True,8.502694129943848,8.502694129943848,1.453863842471037e-05,1.453863842471037e-05
Qwen3-1.7B,model.layers.8.self_attn.k_proj.weight,k_proj,8,mxfp4,1.0,2097152,3.855884552001953,3.813800811767578,0.042083740234375,1010797,0.09268331527709961,True,8.886979103088379,8.502694129943848,1.631331178941764e-05,1.453863842471037e-05
Qwen3-1.7B,model.layers.8.self_attn.k_proj.weight,k_proj,8,mxfp4,5.0,2097152,3.5895538330078125,3.5474700927734375,0.042083740234375,940980,0.42119312286376953,True,16.08615493774414,8.502694129943848,4.436588642420247e-05,1.453863842471037e-05
Qwen3-1.7B,model.layers.8.self_attn.k_proj.weight,k_proj,8,mxfp8,0.0,2097152,6.674175262451172,6.632091522216797,0.042083740234375,1749595,0.0,True,0.5297999382019043,0.5297999382019043,9.511108487458841e-07,9.511108487458841e-07
Qwen3-1.7B,model.layers.8.self_attn.k_proj.weight,k_proj,8,mxfp8,1.0,2097152,6.44781494140625,6.405731201171875,0.042083740234375,1690256,0.1715378761291504,True,0.5584332942962646,0.5297999382019043,1.0731860129453707e-06,9.511108487458841e-07
Qwen3-1.7B,model.layers.8.self_attn.k_proj.weight,k_proj,8,mxfp8,5.0,2097152,6.231708526611328,6.189624786376953,0.042083740234375,1633605,0.4300999641418457,True,0.8084887266159058,0.5297999382019043,2.0610905266948976e-06,9.511108487458841e-07
Qwen3-1.7B,model.layers.8.self_attn.o_proj.weight,o_proj,8,mxfp4,0.0,4194304,3.8956356048583984,3.8547840118408203,0.040851593017578125,2042435,0.0,True,2.934964418411255,2.934964418411255,1.2968383089173585e-05,1.2968383089173585e-05
Qwen3-1.7B,model.layers.8.self_attn.o_proj.weight,o_proj,8,mxfp4,1.0,4194304,3.6121253967285156,3.5712738037109375,0.040851593017578125,1893794,0.2885262966156006,True,5.636143684387207,2.934964418411255,3.651647057267837e-05,1.2968383089173585e-05
Qwen3-1.7B,model.layers.8.self_attn.o_proj.weight,o_proj,8,mxfp4,5.0,4194304,3.0865039825439453,3.045652389526367,0.040851593017578125,1618217,0.5998713970184326,True,14.511594772338867,2.934964418411255,8.63300811033696e-05,1.2968383089173585e-05
Qwen3-1.7B,model.layers.8.self_attn.o_proj.weight,o_proj,8,mxfp8,0.0,4194304,6.6534881591796875,6.612636566162109,0.040851593017578125,3488344,0.0,True,0.1869688630104065,0.1869688630104065,8.52940104323352e-07,8.52940104323352e-07
Qwen3-1.7B,model.layers.8.self_attn.o_proj.weight,o_proj,8,mxfp8,1.0,4194304,6.338794708251953,6.297943115234375,0.040851593017578125,3323354,0.304734468460083,True,0.2672360837459564,0.1869688630104065,1.5162388535827631e-06,8.52940104323352e-07
Qwen3-1.7B,model.layers.8.self_attn.o_proj.weight,o_proj,8,mxfp8,5.0,4194304,6.027547836303711,5.986696243286133,0.040851593017578125,3160171,0.665269136428833,True,0.7175235152244568,0.1869688630104065,4.5640904318133835e-06,8.52940104323352e-07
Qwen3-1.7B,model.layers.8.self_attn.q_proj.weight,q_proj,8,mxfp4,0.0,4194304,3.8904151916503906,3.8512535095214844,0.03916168212890625,2039698,0.0,True,17.400712966918945,17.400712966918945,1.5863552107475698e-05,1.5863552107475698e-05
Qwen3-1.7B,model.layers.8.self_attn.q_proj.weight,q_proj,8,mxfp4,1.0,4194304,3.852945327758789,3.813783645629883,0.03916168212890625,2020053,0.08638715744018555,True,18.272552490234375,17.400712966918945,1.7931184629560448e-05,1.5863552107475698e-05
Qwen3-1.7B,model.layers.8.self_attn.q_proj.weight,q_proj,8,mxfp4,5.0,4194304,3.5780105590820312,3.538848876953125,0.03916168212890625,1875908,0.4118483066558838,True,34.38116455078125,17.400712966918945,4.96643187943846e-05,1.5863552107475698e-05
Qwen3-1.7B,model.layers.8.self_attn.q_proj.weight,q_proj,8,mxfp8,0.0,4194304,6.666753768920898,6.627592086791992,0.03916168212890625,3495299,0.0,True,1.0909816026687622,1.0909816026687622,1.0357429118812433e-06,1.0357429118812433e-06
Qwen3-1.7B,model.layers.8.self_attn.q_proj.weight,q_proj,8,mxfp8,1.0,4194304,6.459476470947266,6.420314788818359,0.03916168212890625,3386626,0.17420530319213867,True,1.1575298309326172,1.0909816026687622,1.1775573511840776e-06,1.0357429118812433e-06
Qwen3-1.7B,model.layers.8.self_attn.q_proj.weight,q_proj,8,mxfp8,5.0,4194304,6.262367248535156,6.22320556640625,0.03916168212890625,3283284,0.43332982063293457,True,1.6655923128128052,1.0909816026687622,2.185485755035188e-06,1.0357429118812433e-06
Qwen3-1.7B,model.layers.8.self_attn.v_proj.weight,v_proj,8,mxfp4,0.0,2097152,3.867786407470703,3.838367462158203,0.0294189453125,1013917,0.0,True,6.496939659118652,6.496939659118652,1.6114996469696052e-05,1.6114996469696052e-05
Qwen3-1.7B,model.layers.8.self_attn.v_proj.weight,v_proj,8,mxfp4,1.0,2097152,3.8558387756347656,3.8264198303222656,0.0294189453125,1010785,0.026157855987548828,True,6.718410491943359,6.496939659118652,1.7301856132689863e-05,1.6114996469696052e-05
Qwen3-1.7B,model.layers.8.self_attn.v_proj.weight,v_proj,8,mxfp4,5.0,2097152,3.4289703369140625,3.3995513916015625,0.0294189453125,898884,0.3916506767272949,True,17.600170135498047,6.496939659118652,6.154627772048116e-05,1.6114996469696052e-05
Qwen3-1.7B,model.layers.8.self_attn.v_proj.weight,v_proj,8,mxfp8,0.0,2097152,6.656139373779297,6.626720428466797,0.0294189453125,1744867,0.0,True,0.33388715982437134,0.33388715982437134,1.039569156091602e-06,1.039569156091602e-06
Qwen3-1.7B,model.layers.8.self_attn.v_proj.weight,v_proj,8,mxfp8,1.0,2097152,6.430046081542969,6.400627136230469,0.0294189453125,1685598,0.1545119285583496,True,0.36763808131217957,0.33388715982437134,1.1808996305262554e-06,1.039569156091602e-06
Qwen3-1.7B,model.layers.8.self_attn.v_proj.weight,v_proj,8,mxfp8,5.0,2097152,6.2520751953125,6.22265625,0.0294189453125,1638944,0.31092309951782227,True,0.5521871447563171,0.33388715982437134,1.9208303001505556e-06,1.039569156091602e-06
Qwen3-1.7B,model.layers.9.mlp.down_proj.weight,down_proj,9,mxfp4,0.0,12582912,3.8706041971842446,3.8324902852376304,0.038113911946614586,6087934,0.0,True,11.68897533416748,11.68897533416748,1.4293308595370036e-05,1.4293308595370036e-05
Qwen3-1.7B,model.layers.9.mlp.down_proj.weight,down_proj,9,mxfp4,1.0,12582912,3.697607676188151,3.6594937642415366,0.038113911946614586,5815834,0.2596275806427002,True,20.355392456054688,11.68897533416748,3.732512050191872e-05,1.4293308595370036e-05
Qwen3-1.7B,model.layers.9.mlp.down_proj.weight,down_proj,9,mxfp4,5.0,12582912,3.3633906046549478,3.3252766927083335,0.038113911946614586,5290156,0.585588296254476,True,54.960426330566406,11.68897533416748,9.427938493900001e-05,1.4293308595370036e-05
Qwen3-1.7B,model.layers.9.mlp.down_proj.weight,down_proj,9,mxfp8,0.0,12582912,6.675326665242513,6.637212753295898,0.038113911946614586,10499381,0.0,True,0.7175696492195129,0.7175696492195129,9.209634299622849e-07,9.209634299622849e-07
Qwen3-1.7B,model.layers.9.mlp.down_proj.weight,down_proj,9,mxfp8,1.0,12582912,6.37745984395345,6.339345932006836,0.038113911946614586,10030877,0.252244234085083,True,0.9385759830474854,0.7175696492195129,1.429040480616095e-06,9.209634299622849e-07
Qwen3-1.7B,model.layers.9.mlp.down_proj.weight,down_proj,9,mxfp8,5.0,12582912,6.090424219767253,6.052310307820638,0.038113911946614586,9579409,0.641491969426473,True,2.5617737770080566,0.7175696492195129,4.807763161807088e-06,9.209634299622849e-07
Qwen3-1.7B,model.layers.9.mlp.gate_proj.weight,gate_proj,9,mxfp4,0.0,12582912,3.9045740763346353,3.866506576538086,0.03806749979654948,6141364,0.0,True,71.56529998779297,71.56529998779297,1.94879303307971e-05,1.94879303307971e-05
Qwen3-1.7B,model.layers.9.mlp.gate_proj.weight,gate_proj,9,mxfp4,1.0,12582912,3.886876424153646,3.848808924357096,0.03806749979654948,6113528,0.02810804049173991,True,72.48287963867188,71.56529998779297,2.0108853277633898e-05,1.94879303307971e-05
Qwen3-1.7B,model.layers.9.mlp.gate_proj.weight,gate_proj,9,mxfp4,5.0,12582912,3.4899768829345703,3.451909383138021,0.03806749979654948,5489259,0.3241871198018392,True,126.3536376953125,71.56529998779297,4.882545908913016e-05,1.94879303307971e-05
Qwen3-1.7B,model.layers.9.mlp.gate_proj.weight,gate_proj,9,mxfp8,0.0,12582912,6.64286994934082,6.6048024495442705,0.03806749979654948,10448331,0.0,True,4.773229598999023,4.773229598999023,1.2947294862897252e-06,1.2947294862897252e-06
Qwen3-1.7B,model.layers.9.mlp.gate_proj.weight,gate_proj,9,mxfp8,1.0,12582912,6.468298594156901,6.430231094360352,0.03806749979654948,10173754,0.1272586981455485,True,5.000072479248047,4.773229598999023,1.4176108606989146e-06,1.2947294862897252e-06
Qwen3-1.7B,model.layers.9.mlp.gate_proj.weight,gate_proj,9,mxfp8,5.0,12582912,6.3122132619222,6.274145762125651,0.03806749979654948,9928253,0.2916573683420817,True,6.485424041748047,4.773229598999023,2.197847834395361e-06,1.2947294862897252e-06
Qwen3-1.7B,model.layers.9.mlp.up_proj.weight,up_proj,9,mxfp4,0.0,12582912,3.883411407470703,3.8472983042399087,0.03611310323079427,6108078,0.0,True,42.49300003051758,42.49300003051758,1.5412897482747212e-05,1.5412897482747212e-05
Qwen3-1.7B,model.layers.9.mlp.up_proj.weight,up_proj,9,mxfp4,1.0,12582912,3.8724644978841147,3.8363513946533203,0.03611310323079427,6090860,0.02176952362060547,True,43.17500305175781,42.49300003051758,1.5896364857326262e-05,1.5412897482747212e-05
Qwen3-1.7B,model.layers.9.mlp.up_proj.weight,up_proj,9,mxfp4,5.0,12582912,3.4552504221598306,3.4191373189290366,0.03611310323079427,5434639,0.3273003101348877,True,92.55672454833984,42.49300003051758,4.189963510725647e-05,1.5412897482747212e-05
Qwen3-1.7B,model.layers.9.mlp.up_proj.weight,up_proj,9,mxfp8,0.0,12582912,6.649979909261067,6.613866806030273,0.03611310323079427,10459514,0.0,True,2.4425771236419678,2.4425771236419678,1.0016286751124426e-06,1.0016286751124426e-06
Qwen3-1.7B,model.layers.9.mlp.up_proj.weight,up_proj,9,mxfp8,1.0,12582912,6.482820510864258,6.446707407633464,0.03611310323079427,10196595,0.11553136507670085,True,2.5371551513671875,2.4425771236419678,1.0498891924726195e-06,1.0016286751124426e-06
Qwen3-1.7B,model.layers.9.mlp.up_proj.weight,up_proj,9,mxfp8,5.0,12582912,6.323870340983073,6.287757237752278,0.03611310323079427,9946588,0.2838117281595866,True,3.691932201385498,2.4425771236419678,1.650222316129657e-06,1.0016286751124426e-06
Qwen3-1.7B,model.layers.9.self_attn.k_proj.weight,k_proj,9,mxfp4,0.0,2097152,3.89300537109375,3.8520126342773438,0.04099273681640625,1020528,0.0,True,18.086563110351562,18.086563110351562,1.432716817362234e-05,1.432716817362234e-05
Qwen3-1.7B,model.layers.9.self_attn.k_proj.weight,k_proj,9,mxfp4,1.0,2097152,3.8779983520507812,3.837005615234375,0.04099273681640625,1016594,0.03171586990356445,True,18.279281616210938,18.086563110351562,1.4859961993352044e-05,1.432716817362234e-05
Qwen3-1.7B,model.layers.9.self_attn.k_proj.weight,k_proj,9,mxfp4,5.0,2097152,3.6840782165527344,3.643085479736328,0.04099273681640625,965759,0.3128237724304199,True,26.407337188720703,18.086563110351562,3.411868237890303e-05,1.432716817362234e-05
Qwen3-1.7B,model.layers.9.self_attn.k_proj.weight,k_proj,9,mxfp8,0.0,2097152,6.676982879638672,6.635990142822266,0.04099273681640625,1750331,0.0,True,1.1769144535064697,1.1769144535064697,9.374937235406833e-07,9.374937235406833e-07
Qwen3-1.7B,model.layers.9.self_attn.k_proj.weight,k_proj,9,mxfp8,1.0,2097152,6.523529052734375,6.482536315917969,0.04099273681640625,1710104,0.1299757957458496,True,1.19767427444458,1.1769144535064697,9.80846380116418e-07,9.374937235406833e-07
Qwen3-1.7B,model.layers.9.self_attn.k_proj.weight,k_proj,9,mxfp8,5.0,2097152,6.370819091796875,6.329826354980469,0.04099273681640625,1670072,0.32524728775024414,True,1.3867782354354858,1.1769144535064697,1.4008775224283454e-06,9.374937235406833e-07
Qwen3-1.7B,model.layers.9.self_attn.o_proj.weight,o_proj,9,mxfp4,0.0,4194304,3.904315948486328,3.860170364379883,0.04414558410644531,2046986,0.0,True,8.162673950195312,8.162673950195312,1.3952030712971464e-05,1.3952030712971464e-05
Qwen3-1.7B,model.layers.9.self_attn.o_proj.weight,o_proj,9,mxfp4,1.0,4194304,3.8102245330810547,3.7660789489746094,0.04414558410644531,1997655,0.14404511451721191,True,9.782011985778809,8.162673950195312,2.4863133148755878e-05,1.3952030712971464e-05
Qwen3-1.7B,model.layers.9.self_attn.o_proj.weight,o_proj,9,mxfp4,5.0,4194304,3.326822280883789,3.2826766967773438,0.04414558410644531,1744213,0.4766733646392822,True,22.87295913696289,8.162673950195312,6.899663276271895e-05,1.3952030712971464e-05
Qwen3-1.7B,model.layers.9.self_attn.o_proj.weight,o_proj,9,mxfp8,0.0,4194304,6.659931182861328,6.615785598754883,0.04414558410644531,3491722,0.0,True,0.5211085677146912,0.5211085677146912,9.258448585569568e-07,9.258448585569568e-07
Qwen3-1.7B,model.layers.9.self_attn.o_proj.weight,o_proj,9,mxfp8,1.0,4194304,6.428983688354492,6.384838104248047,0.04414558410644531,3370639,0.21437740325927734,True,0.588654100894928,0.5211085677146912,1.2462238601074205e-06,9.258448585569568e-07
Qwen3-1.7B,model.layers.9.self_attn.o_proj.weight,o_proj,9,mxfp8,5.0,4194304,6.222345352172852,6.178199768066406,0.04414558410644531,3262301,0.49672698974609375,True,1.0617516040802002,0.5211085677146912,3.1499453143624123e-06,9.258448585569568e-07
Qwen3-1.7B,model.layers.9.self_attn.q_proj.weight,q_proj,9,mxfp4,0.0,4194304,3.8900794982910156,3.850606918334961,0.03947257995605469,2039522,0.0,True,38.551979064941406,38.551979064941406,1.6328725905623287e-05,1.6328725905623287e-05
Qwen3-1.7B,model.layers.9.self_attn.q_proj.weight,q_proj,9,mxfp4,1.0,4194304,3.8718605041503906,3.832387924194336,0.03947257995605469,2029970,0.037586212158203125,True,39.04933166503906,38.551979064941406,1.699165477475617e-05,1.6328725905623287e-05
Qwen3-1.7B,model.layers.9.self_attn.q_proj.weight,q_proj,9,mxfp4,5.0,4194304,3.678924560546875,3.6394519805908203,0.03947257995605469,1928816,0.31230735778808594,True,56.06760787963867,38.551979064941406,3.664410542114638e-05,1.6328725905623287e-05
Qwen3-1.7B,model.layers.9.self_attn.q_proj.weight,q_proj,9,mxfp8,0.0,4194304,6.672258377075195,6.632785797119141,0.03947257995605469,3498185,0.0,True,2.3278543949127197,2.3278543949127197,1.0685757843020838e-06,1.0685757843020838e-06
Qwen3-1.7B,model.layers.9.self_attn.q_proj.weight,q_proj,9,mxfp8,1.0,4194304,6.514875411987305,6.47540283203125,0.03947257995605469,3415671,0.12273120880126953,True,2.3709630966186523,2.3278543949127197,1.112403992920008e-06,1.0685757843020838e-06
Qwen3-1.7B,model.layers.9.self_attn.q_proj.weight,q_proj,9,mxfp8,5.0,4194304,6.363254547119141,6.323781967163086,0.03947257995605469,3336178,0.3169279098510742,True,2.8038668632507324,2.3278543949127197,1.5949983662721934e-06,1.0685757843020838e-06
Qwen3-1.7B,model.layers.9.self_attn.v_proj.weight,v_proj,9,mxfp4,0.0,2097152,3.8761329650878906,3.8392562866210938,0.036876678466796875,1016105,0.0,True,12.866969108581543,12.866969108581543,1.5973557310644537e-05,1.5973557310644537e-05
Qwen3-1.7B,model.layers.9.self_attn.v_proj.weight,v_proj,9,mxfp4,1.0,2097152,3.8675575256347656,3.8306808471679688,0.036876678466796875,1013857,0.02341318130493164,True,13.007755279541016,12.866969108581543,1.6357496861019172e-05,1.5973557310644537e-05
Qwen3-1.7B,model.layers.9.self_attn.v_proj.weight,v_proj,9,mxfp4,5.0,2097152,3.6582107543945312,3.6213340759277344,0.036876678466796875,958978,0.314666748046875,True,22.419174194335938,12.866969108581543,3.819488119916059e-05,1.5973557310644537e-05
Qwen3-1.7B,model.layers.9.self_attn.v_proj.weight,v_proj,9,mxfp8,0.0,2097152,6.705104827880859,6.6682281494140625,0.036876678466796875,1757703,0.0,True,0.6383137702941895,0.6383137702941895,1.048093736244482e-06,1.048093736244482e-06
Qwen3-1.7B,model.layers.9.self_attn.v_proj.weight,v_proj,9,mxfp8,1.0,2097152,6.542121887207031,6.505245208740234,0.036876678466796875,1714978,0.1176915168762207,True,0.6585428714752197,0.6383137702941895,1.0877309932766366e-06,1.048093736244482e-06
Qwen3-1.7B,model.layers.9.self_attn.v_proj.weight,v_proj,9,mxfp8,5.0,2097152,6.361248016357422,6.324371337890625,0.036876678466796875,1667563,0.2813448905944824,True,0.8380348086357117,0.6383137702941895,1.4729021131643094e-06,1.048093736244482e-06
