model,tensor,role,layer,fmt,alpha,n_params,bits_per_value,bits_codes,bits_scales,bytes,changed_frac,has_calib,werr,werr_mxonly,mse,mse_mxonly
Qwen3-0.6B,lm_head.weight,lm_head,-1,mxfp4,0.0,155582464,3.874385637702717,3.8311658054213615,0.04321983228135531,75348308,0.0,False,1777.70361328125,1777.70361328125,1.1426118362578563e-05,1.1426118362578563e-05
Qwen3-0.6B,lm_head.weight,lm_head,-1,mxfp4,1.0,155582464,3.874162270627106,3.8309424383457507,0.04321983228135531,75343964,0.001157251243944819,False,1778.1015625,1777.70361328125,1.1428675861679949e-05,1.1426118362578563e-05
Qwen3-0.6B,lm_head.weight,lm_head,-1,mxfp4,5.0,155582464,3.8703344356340827,3.8271146033527277,0.04321983228135531,75269521,0.009722284639996446,False,1788.062255859375,1777.70361328125,1.149269792222185e-05,1.1426118362578563e-05
Qwen3-0.6B,lm_head.weight,lm_head,-1,mxfp8,0.0,155582464,6.56637097610178,6.523151143820424,0.04321983228135531,127701522,0.0,False,118.31759643554688,118.31759643554688,7.604815550621424e-07,7.604815550621424e-07
Qwen3-0.6B,lm_head.weight,lm_head,-1,mxfp8,1.0,155582464,6.46883242574176,6.4256125934604045,0.04321983228135531,125804611,0.06525430783767508,False,119.29658508300781,118.31759643554688,7.667740078431962e-07,7.604815550621424e-07
Qwen3-0.6B,lm_head.weight,lm_head,-1,mxfp8,5.0,155582464,6.38261628251369,6.339396450232335,0.04321983228135531,124127896,0.12926485082534753,False,125.52626037597656,118.31759643554688,8.068149668361002e-07,7.604815550621424e-07
Qwen3-0.6B,model.embed_tokens.weight,embed_tokens,-1,mxfp4,0.0,155582464,3.874385637702717,3.8311658054213615,0.04321983228135531,75348308,0.0,False,1777.70361328125,1777.70361328125,1.1426118362578563e-05,1.1426118362578563e-05
Qwen3-0.6B,model.embed_tokens.weight,embed_tokens,-1,mxfp4,1.0,155582464,3.874162270627106,3.8309424383457507,0.04321983228135531,75343964,0.001157251243944819,False,1778.1015625,1777.70361328125,1.1428675861679949e-05,1.1426118362578563e-05
Qwen3-0.6B,model.embed_tokens.weight,embed_tokens,-1,mxfp4,5.0,155582464,3.8703344356340827,3.8271146033527277,0.04321983228135531,75269521,0.009722284639996446,False,1788.062255859375,1777.70361328125,1.149269792222185e-05,1.1426118362578563e-05
Qwen3-0.6B,model.embed_tokens.weight,embed_tokens,-1,mxfp8,0.0,155582464,6.56637097610178,6.523151143820424,0.04321983228135531,127701522,0.0,False,118.31759643554688,118.31759643554688,7.604815550621424e-07,7.604815550621424e-07
Qwen3-0.6B,model.embed_tokens.weight,embed_tokens,-1,mxfp8,1.0,155582464,6.46883242574176,6.4256125934604045,0.04321983228135531,125804611,0.06525430783767508,False,119.29658508300781,118.31759643554688,7.667740078431962e-07,7.604815550621424e-07
Qwen3-0.6B,model.embed_tokens.weight,embed_tokens,-1,mxfp8,5.0,155582464,6.38261628251369,6.339396450232335,0.04321983228135531,124127896,0.12926485082534753,False,125.52626037597656,118.31759643554688,8.068149668361002e-07,7.604815550621424e-07
Qwen3-0.6B,model.layers.0.mlp.down_proj.weight,down_proj,0,mxfp4,0.0,3145728,3.9116592407226562,3.866785685221354,0.044873555501302086,1538127,0.0,True,0.21107089519500732,0.21107089519500732,9.629129635868594e-06,9.629129635868594e-06
Qwen3-0.6B,model.layers.0.mlp.down_proj.weight,down_proj,0,mxfp4,1.0,3145728,3.3733545939127603,3.3284810384114585,0.044873555501302086,1326457,0.6450923283894857,True,1.195122480392456,0.21107089519500732,6.632776785409078e-05,9.629129635868594e-06
Qwen3-0.6B,model.layers.0.mlp.down_proj.weight,down_proj,0,mxfp4,5.0,3145728,3.3464202880859375,3.3015467325846353,0.044873555501302086,1315866,0.6642602284749349,True,1.298813819885254,0.21107089519500732,6.83688631397672e-05,9.629129635868594e-06
Qwen3-0.6B,model.layers.0.mlp.down_proj.weight,down_proj,0,mxfp8,0.0,3145728,6.6802724202473955,6.635398864746094,0.044873555501302086,2626790,0.0,True,0.014242258854210377,0.014242258854210377,6.553907496709144e-07,6.553907496709144e-07
Qwen3-0.6B,model.layers.0.mlp.down_proj.weight,down_proj,0,mxfp8,1.0,3145728,5.953132629394531,5.9082590738932295,0.044873555501302086,2340867,0.7320858637491862,True,0.06573094427585602,0.014242258854210377,3.75685499420797e-06,6.553907496709144e-07
Qwen3-0.6B,model.layers.0.mlp.down_proj.weight,down_proj,0,mxfp8,5.0,3145728,5.895894368489583,5.851020812988281,0.044873555501302086,2318360,0.7739302317301432,True,0.08235575258731842,0.014242258854210377,4.369723228592193e-06,6.553907496709144e-07
Qwen3-0.6B,model.layers.0.mlp.gate_proj.weight,gate_proj,0,mxfp4,0.0,3145728,3.8954035441080728,3.8564554850260415,0.03894805908203125,1531735,0.0,True,13.564088821411133,13.564088821411133,1.789780981198419e-05,1.789780981198419e-05
Qwen3-0.6B,model.layers.0.mlp.gate_proj.weight,gate_proj,0,mxfp4,1.0,3145728,3.8633499145507812,3.82440185546875,0.03894805908203125,1519131,0.06263415018717448,True,14.266526222229004,13.564088821411133,2.0345587472547777e-05,1.789780981198419e-05
Qwen3-0.6B,model.layers.0.mlp.gate_proj.weight,gate_proj,0,mxfp4,5.0,3145728,3.3221232096354165,3.2831751505533853,0.03894805908203125,1306312,0.4625345865885417,True,31.055622100830078,13.564088821411133,7.107260898919776e-05,1.789780981198419e-05
Qwen3-0.6B,model.layers.0.mlp.gate_proj.weight,gate_proj,0,mxfp8,0.0,3145728,6.658719380696614,6.619771321614583,0.03894805908203125,2618315,0.0,True,0.9153661727905273,0.9153661727905273,1.1835915074698278e-06,1.1835915074698278e-06
Qwen3-0.6B,model.layers.0.mlp.gate_proj.weight,gate_proj,0,mxfp8,1.0,3145728,6.4051666259765625,6.366218566894531,0.03894805908203125,2518614,0.17421881357828775,True,0.9822343587875366,0.9153661727905273,1.3913404472987168e-06,1.1835915074698278e-06
Qwen3-0.6B,model.layers.0.mlp.gate_proj.weight,gate_proj,0,mxfp8,5.0,3145728,6.2050018310546875,6.166053771972656,0.03894805908203125,2439906,0.4020684560139974,True,1.4039902687072754,0.9153661727905273,2.679236104086158e-06,1.1835915074698278e-06
Qwen3-0.6B,model.layers.0.mlp.up_proj.weight,up_proj,0,mxfp4,0.0,3145728,3.9168014526367188,3.8719991048177085,0.044802347819010414,1540149,0.0,True,4.284247398376465,4.284247398376465,9.26966549741337e-06,9.26966549741337e-06
Qwen3-0.6B,model.layers.0.mlp.up_proj.weight,up_proj,0,mxfp4,1.0,3145728,3.8639602661132812,3.819157918294271,0.044802347819010414,1519371,0.08357175191243489,True,4.655465126037598,4.284247398376465,1.0549301805440336e-05,9.26966549741337e-06
Qwen3-0.6B,model.layers.0.mlp.up_proj.weight,up_proj,0,mxfp4,5.0,3145728,3.411773681640625,3.3669713338216147,0.044802347819010414,1341564,0.49656836191813153,True,15.311623573303223,4.284247398376465,4.3519485188880935e-05,9.26966549741337e-06
Qwen3-0.6B,model.layers.0.mlp.up_proj.weight,up_proj,0,mxfp8,0.0,3145728,6.680503845214844,6.635701497395833,0.044802347819010414,2626881,0.0,True,0.2513425350189209,0.2513425350189209,6.32305898307095e-07,6.32305898307095e-07
Qwen3-0.6B,model.layers.0.mlp.up_proj.weight,up_proj,0,mxfp8,1.0,3145728,6.476287841796875,6.431485493977864,0.044802347819010414,2546580,0.1560703913370768,True,0.2710943818092346,0.2513425350189209,6.891831958455441e-07,6.32305898307095e-07
Qwen3-0.6B,model.layers.0.mlp.up_proj.weight,up_proj,0,mxfp8,5.0,3145728,6.232683817545573,6.1878814697265625,0.044802347819010414,2450791,0.4822699228922526,True,0.5790148377418518,0.2513425350189209,1.6589470988037647e-06,6.32305898307095e-07
Qwen3-0.6B,model.layers.0.self_attn.k_proj.weight,k_proj,0,mxfp4,0.0,1048576,3.905120849609375,3.8613815307617188,0.04373931884765625,511852,0.0,True,0.6991525888442993,0.6991525888442993,1.2628721378860064e-05,1.2628721378860064e-05
Qwen3-0.6B,model.layers.0.self_attn.k_proj.weight,k_proj,0,mxfp4,1.0,1048576,3.378875732421875,3.3351364135742188,0.04373931884765625,442876,0.42678165435791016,True,1.5170413255691528,0.6991525888442993,4.515160253504291e-05,1.2628721378860064e-05
Qwen3-0.6B,model.layers.0.self_attn.k_proj.weight,k_proj,0,mxfp4,5.0,1048576,3.0133590698242188,2.9696197509765625,0.04373931884765625,394967,0.6438484191894531,True,2.6397767066955566,0.6991525888442993,8.34728853078559e-05,1.2628721378860064e-05
Qwen3-0.6B,model.layers.0.self_attn.k_proj.weight,k_proj,0,mxfp8,0.0,1048576,6.661659240722656,6.617919921875,0.04373931884765625,873157,0.0,True,0.04969964176416397,0.04969964176416397,8.421079087383987e-07,8.421079087383987e-07
Qwen3-0.6B,model.layers.0.self_attn.k_proj.weight,k_proj,0,mxfp8,1.0,1048576,6.223106384277344,6.1793670654296875,0.04373931884765625,815675,0.44234180450439453,True,0.07651585340499878,0.04969964176416397,1.937786464623059e-06,8.421079087383987e-07
Qwen3-0.6B,model.layers.0.self_attn.k_proj.weight,k_proj,0,mxfp8,5.0,1048576,5.939453125,5.895713806152344,0.04373931884765625,778496,0.7339487075805664,True,0.1558060348033905,0.04969964176416397,4.785494638781529e-06,8.421079087383987e-07
Qwen3-0.6B,model.layers.0.self_attn.o_proj.weight,o_proj,0,mxfp4,0.0,2097152,3.9316139221191406,3.8833351135253906,0.04827880859375,1030649,0.0,True,0.2644718885421753,0.2644718885421753,8.956229976320174e-06,8.956229976320174e-06
Qwen3-0.6B,model.layers.0.self_attn.o_proj.weight,o_proj,0,mxfp4,1.0,2097152,3.1699867248535156,3.1217079162597656,0.04827880859375,830993,0.5624322891235352,True,0.9102843999862671,0.2644718885421753,4.3639622163027525e-05,8.956229976320174e-06
Qwen3-0.6B,model.layers.0.self_attn.o_proj.weight,o_proj,0,mxfp4,5.0,2097152,2.9878768920898438,2.9395980834960938,0.04827880859375,783254,0.658236026763916,True,1.470968246459961,0.2644718885421753,5.940165647189133e-05,8.956229976320174e-06
Qwen3-0.6B,model.layers.0.self_attn.o_proj.weight,o_proj,0,mxfp8,0.0,2097152,6.654285430908203,6.606006622314453,0.04827880859375,1744381,0.0,True,0.017040200531482697,0.017040200531482697,6.003525641062879e-07,6.003525641062879e-07
Qwen3-0.6B,model.layers.0.self_attn.o_proj.weight,o_proj,0,mxfp8,1.0,2097152,6.066410064697266,6.018131256103516,0.04827880859375,1590273,0.6213898658752441,True,0.04317418485879898,0.017040200531482697,2.3249058358487673e-06,6.003525641062879e-07
Qwen3-0.6B,model.layers.0.self_attn.o_proj.weight,o_proj,0,mxfp8,5.0,2097152,5.887157440185547,5.838878631591797,0.04827880859375,1543283,0.755406379699707,True,0.08456110954284668,0.017040200531482697,3.5811167435895186e-06,6.003525641062879e-07
Qwen3-0.6B,model.layers.0.self_attn.q_proj.weight,q_proj,0,mxfp4,0.0,2097152,3.895221710205078,3.853240966796875,0.041980743408203125,1021109,0.0,True,1.335507869720459,1.335507869720459,1.3249141375126783e-05,1.3249141375126783e-05
Qwen3-0.6B,model.layers.0.self_attn.q_proj.weight,q_proj,0,mxfp4,1.0,2097152,3.353931427001953,3.31195068359375,0.041980743408203125,879213,0.4306960105895996,True,2.9932308197021484,1.335507869720459,4.650682240026072e-05,1.3249141375126783e-05
Qwen3-0.6B,model.layers.0.self_attn.q_proj.weight,q_proj,0,mxfp4,5.0,2097152,2.99267578125,2.950695037841797,0.041980743408203125,784512,0.6414985656738281,True,5.34625244140625,1.335507869720459,8.73512908583507e-05,1.3249141375126783e-05
Qwen3-0.6B,model.layers.0.self_attn.q_proj.weight,q_proj,0,mxfp8,0.0,2097152,6.662605285644531,6.620624542236328,0.041980743408203125,1746562,0.0,True,0.08485393226146698,0.08485393226146698,8.687170520715881e-07,8.687170520715881e-07
Qwen3-0.6B,model.layers.0.self_attn.q_proj.weight,q_proj,0,mxfp8,1.0,2097152,6.2236785888671875,6.181697845458984,0.041980743408203125,1631500,0.423367977142334,True,0.13849948346614838,0.08485393226146698,1.9499173049553065e-06,8.687170520715881e-07
Qwen3-0.6B,model.layers.0.self_attn.q_proj.weight,q_proj,0,mxfp8,5.0,2097152,5.942653656005859,5.900672912597656,0.041980743408203125,1557831,0.7280116081237793,True,0.30364990234375,0.08485393226146698,4.962430921295891e-06,8.687170520715881e-07
Qwen3-0.6B,model.layers.0.self_attn.v_proj.weight,v_proj,0,mxfp4,0.0,1048576,3.904998779296875,3.8597259521484375,0.0452728271484375,511836,0.0,True,0.33744069933891296,0.33744069933891296,9.723600669531152e-06,9.723600669531152e-06
Qwen3-0.6B,model.layers.0.self_attn.v_proj.weight,v_proj,0,mxfp4,1.0,1048576,3.571624755859375,3.5263519287109375,0.0452728271484375,468140,0.43562889099121094,True,1.0619245767593384,0.33744069933891296,3.909357110387646e-05,9.723600669531152e-06
Qwen3-0.6B,model.layers.0.self_attn.v_proj.weight,v_proj,0,mxfp4,5.0,1048576,3.3553009033203125,3.310028076171875,0.0452728271484375,439786,0.6495447158813477,True,1.9734808206558228,0.33744069933891296,6.830298661952838e-05,9.723600669531152e-06
Qwen3-0.6B,model.layers.0.self_attn.v_proj.weight,v_proj,0,mxfp8,0.0,1048576,6.680946350097656,6.635673522949219,0.0452728271484375,875685,0.0,True,0.021020572632551193,0.021020572632551193,6.544015036524797e-07,6.544015036524797e-07
Qwen3-0.6B,model.layers.0.self_attn.v_proj.weight,v_proj,0,mxfp8,1.0,1048576,6.2693634033203125,6.224090576171875,0.0452728271484375,821738,0.4199991226196289,True,0.041499167680740356,0.021020572632551193,1.5023615560494363e-06,6.544015036524797e-07
Qwen3-0.6B,model.layers.0.self_attn.v_proj.weight,v_proj,0,mxfp8,5.0,1048576,5.9652252197265625,5.919952392578125,0.0452728271484375,781874,0.7406988143920898,True,0.10938820242881775,0.021020572632551193,3.902941443811869e-06,6.544015036524797e-07
Qwen3-0.6B,model.layers.1.mlp.down_proj.weight,down_proj,1,mxfp4,0.0,3145728,3.9026260375976562,3.8596725463867188,0.0429534912109375,1534575,0.0,True,0.2447367161512375,0.2447367161512375,7.270422884175787e-06,7.270422884175787e-06
Qwen3-0.6B,model.layers.1.mlp.down_proj.weight,down_proj,1,mxfp4,1.0,3145728,3.3967768351236978,3.3538233439127603,0.0429534912109375,1335667,0.607380231221517,True,1.2198506593704224,0.2447367161512375,4.7459459892706946e-05,7.270422884175787e-06
Qwen3-0.6B,model.layers.1.mlp.down_proj.weight,down_proj,1,mxfp4,5.0,3145728,3.3283716837565103,3.2854181925455728,0.0429534912109375,1308769,0.660450299580892,True,1.509098768234253,0.2447367161512375,5.194109326112084e-05,7.270422884175787e-06
Qwen3-0.6B,model.layers.1.mlp.down_proj.weight,down_proj,1,mxfp8,0.0,3145728,6.6806081136067705,6.637654622395833,0.0429534912109375,2626922,0.0,True,0.015880800783634186,0.015880800783634186,4.930718660034472e-07,4.930718660034472e-07
Qwen3-0.6B,model.layers.1.mlp.down_proj.weight,down_proj,1,mxfp8,1.0,3145728,6.046160380045573,6.003206888834636,0.0429534912109375,2377447,0.6850048700968424,True,0.060398783534765244,0.015880800783634186,2.49902632276644e-06,4.930718660034472e-07
Qwen3-0.6B,model.layers.1.mlp.down_proj.weight,down_proj,1,mxfp8,5.0,3145728,5.925137837727864,5.882184346516927,0.0429534912109375,2329859,0.7861588795979818,True,0.09220439195632935,0.015880800783634186,3.2245927741314517e-06,4.930718660034472e-07
Qwen3-0.6B,model.layers.1.mlp.gate_proj.weight,gate_proj,1,mxfp4,0.0,3145728,3.975641886393229,3.9355850219726562,0.040056864420572914,1563286,0.0,True,137.63619995117188,137.63619995117188,2.603628672659397e-05,2.603628672659397e-05
Qwen3-0.6B,model.layers.1.mlp.gate_proj.weight,gate_proj,1,mxfp4,1.0,3145728,3.9706954956054688,3.930638631184896,0.040056864420572914,1561341,0.009179433186848959,True,137.78221130371094,137.63619995117188,2.6194924430456012e-05,2.603628672659397e-05
Qwen3-0.6B,model.layers.1.mlp.gate_proj.weight,gate_proj,1,mxfp4,5.0,3145728,3.7694015502929688,3.729344685872396,0.040056864420572914,1482189,0.1301720937093099,True,147.4408721923828,137.63619995117188,3.538707460393198e-05,2.603628672659397e-05
Qwen3-0.6B,model.layers.1.mlp.gate_proj.weight,gate_proj,1,mxfp8,0.0,3145728,6.6375071207682295,6.597450256347656,0.040056864420572914,2609974,0.0,True,9.131895065307617,9.131895065307617,1.7835280914368923e-06,1.7835280914368923e-06
Qwen3-0.6B,model.layers.1.mlp.gate_proj.weight,gate_proj,1,mxfp8,1.0,3145728,6.5045216878255205,6.464464823404948,0.040056864420572914,2557682,0.09627215067545573,True,9.169580459594727,9.131895065307617,1.8164432731282432e-06,1.7835280914368923e-06
Qwen3-0.6B,model.layers.1.mlp.gate_proj.weight,gate_proj,1,mxfp8,5.0,3145728,6.382700602213542,6.342643737792969,0.040056864420572914,2509780,0.20555655161539713,True,9.46640396118164,9.131895065307617,2.075285692626494e-06,1.7835280914368923e-06
Qwen3-0.6B,model.layers.1.mlp.up_proj.weight,up_proj,1,mxfp4,0.0,3145728,3.9098739624023438,3.8713404337565103,0.038533528645833336,1537425,0.0,True,16.398250579833984,16.398250579833984,7.4275485530961305e-06,7.4275485530961305e-06
Qwen3-0.6B,model.layers.1.mlp.up_proj.weight,up_proj,1,mxfp4,1.0,3145728,3.909052530924479,3.870519002278646,0.038533528645833336,1537102,0.0028975804646809897,True,16.407636642456055,16.398250579833984,7.4458489507378545e-06,7.4275485530961305e-06
Qwen3-0.6B,model.layers.1.mlp.up_proj.weight,up_proj,1,mxfp4,5.0,3145728,3.7455596923828125,3.707026163736979,0.038533528645833336,1472814,0.155670166015625,True,19.047908782958984,16.398250579833984,9.99841358861886e-06,7.4275485530961305e-06
Qwen3-0.6B,model.layers.1.mlp.up_proj.weight,up_proj,1,mxfp8,0.0,3145728,6.647666931152344,6.609133402506511,0.038533528645833336,2613969,0.0,True,0.7183605432510376,0.7183605432510376,5.01101965255657e-07,5.01101965255657e-07
Qwen3-0.6B,model.layers.1.mlp.up_proj.weight,up_proj,1,mxfp8,1.0,3145728,6.527514139811198,6.488980611165364,0.038533528645833336,2566723,0.08553632100423177,True,0.7277386784553528,0.7183605432510376,5.090924446449208e-07,5.01101965255657e-07
Qwen3-0.6B,model.layers.1.mlp.up_proj.weight,up_proj,1,mxfp8,5.0,3145728,6.406527201334636,6.367993672688802,0.038533528645833336,2519149,0.18016719818115234,True,0.805730938911438,0.7183605432510376,5.759983991993067e-07,5.01101965255657e-07
Qwen3-0.6B,model.layers.1.self_attn.k_proj.weight,k_proj,1,mxfp4,0.0,1048576,3.9121627807617188,3.8685455322265625,0.04361724853515625,512775,0.0,True,0.21501824259757996,0.21501824259757996,1.1434094631113112e-05,1.1434094631113112e-05
Qwen3-0.6B,model.layers.1.self_attn.k_proj.weight,k_proj,1,mxfp4,1.0,1048576,3.08538818359375,3.0417709350585938,0.04361724853515625,404408,0.6185398101806641,True,0.7262041568756104,0.21501824259757996,7.027092215139419e-05,1.1434094631113112e-05
Qwen3-0.6B,model.layers.1.self_attn.k_proj.weight,k_proj,1,mxfp4,5.0,1048576,2.9847488403320312,2.941131591796875,0.04361724853515625,391217,0.6637859344482422,True,0.8738744258880615,0.21501824259757996,8.010998135432601e-05,1.1434094631113112e-05
Qwen3-0.6B,model.layers.1.self_attn.k_proj.weight,k_proj,1,mxfp8,0.0,1048576,6.655982971191406,6.61236572265625,0.04361724853515625,872413,0.0,True,0.014461178332567215,0.014461178332567215,7.69458779359411e-07,7.69458779359411e-07
Qwen3-0.6B,model.layers.1.self_attn.k_proj.weight,k_proj,1,mxfp8,1.0,1048576,5.991630554199219,5.9480133056640625,0.04361724853515625,785335,0.6587009429931641,True,0.037142567336559296,0.014461178332567215,3.4173647236457327e-06,7.69458779359411e-07
Qwen3-0.6B,model.layers.1.self_attn.k_proj.weight,k_proj,1,mxfp8,5.0,1048576,5.880897521972656,5.8372802734375,0.04361724853515625,770821,0.7446908950805664,True,0.0530262365937233,0.014461178332567215,4.85577493236633e-06,7.69458779359411e-07
Qwen3-0.6B,model.layers.1.self_attn.o_proj.weight,o_proj,1,mxfp4,0.0,2097152,3.9091567993164062,3.8640213012695312,0.045135498046875,1024762,0.0,True,0.05962415412068367,0.05962415412068367,9.703206160338596e-06,9.703206160338596e-06
Qwen3-0.6B,model.layers.1.self_attn.o_proj.weight,o_proj,1,mxfp4,1.0,2097152,2.9729042053222656,2.9277687072753906,0.045135498046875,779329,0.6578760147094727,True,0.36022937297821045,0.05962415412068367,6.871695950394496e-05,9.703206160338596e-06
Qwen3-0.6B,model.layers.1.self_attn.o_proj.weight,o_proj,1,mxfp4,5.0,2097152,2.9470252990722656,2.9018898010253906,0.045135498046875,772545,0.6633591651916504,True,0.3782019019126892,0.05962415412068367,6.937264697626233e-05,9.703206160338596e-06
Qwen3-0.6B,model.layers.1.self_attn.o_proj.weight,o_proj,1,mxfp8,0.0,2097152,6.661128997802734,6.615993499755859,0.045135498046875,1746175,0.0,True,0.003878480987623334,0.003878480987623334,6.448339604503417e-07,6.448339604503417e-07
Qwen3-0.6B,model.layers.1.self_attn.o_proj.weight,o_proj,1,mxfp8,1.0,2097152,5.886497497558594,5.841361999511719,0.045135498046875,1543110,0.7594408988952637,True,0.021477680653333664,0.003878480987623334,4.238254405208863e-06,6.448339604503417e-07
Qwen3-0.6B,model.layers.1.self_attn.o_proj.weight,o_proj,1,mxfp8,5.0,2097152,5.847370147705078,5.802234649658203,0.045135498046875,1532853,0.7801785469055176,True,0.024514006450772285,0.003878480987623334,4.598324267135467e-06,6.448339604503417e-07
Qwen3-0.6B,model.layers.1.self_attn.q_proj.weight,q_proj,1,mxfp4,0.0,2097152,3.9211997985839844,3.8790016174316406,0.04219818115234375,1027919,0.0,True,0.38397353887557983,0.38397353887557983,1.2666067959798966e-05,1.2666067959798966e-05
Qwen3-0.6B,model.layers.1.self_attn.q_proj.weight,q_proj,1,mxfp4,1.0,2097152,3.0640335083007812,3.0218353271484375,0.04219818115234375,803218,0.6214299201965332,True,1.4832782745361328,0.38397353887557983,7.544601248810068e-05,1.2666067959798966e-05
Qwen3-0.6B,model.layers.1.self_attn.q_proj.weight,q_proj,1,mxfp4,5.0,2097152,2.9740333557128906,2.931835174560547,0.04219818115234375,779625,0.6613202095031738,True,1.7767009735107422,0.38397353887557983,8.630107913631946e-05,1.2666067959798966e-05
Qwen3-0.6B,model.layers.1.self_attn.q_proj.weight,q_proj,1,mxfp8,0.0,2097152,6.6564178466796875,6.614219665527344,0.04219818115234375,1744940,0.0,True,0.023606210947036743,0.023606210947036743,8.360121341866034e-07,8.360121341866034e-07
Qwen3-0.6B,model.layers.1.self_attn.q_proj.weight,q_proj,1,mxfp8,1.0,2097152,6.016681671142578,5.974483489990234,0.04219818115234375,1577237,0.6927447319030762,True,0.07402651011943817,0.023606210947036743,3.7849954424018506e-06,8.360121341866034e-07
Qwen3-0.6B,model.layers.1.self_attn.q_proj.weight,q_proj,1,mxfp8,5.0,2097152,5.903373718261719,5.861175537109375,0.04219818115234375,1547534,0.7779450416564941,True,0.10550402104854584,0.023606210947036743,5.217628768150462e-06,8.360121341866034e-07
Qwen3-0.6B,model.layers.1.self_attn.v_proj.weight,v_proj,1,mxfp4,0.0,1048576,3.9049911499023438,3.8600921630859375,0.04489898681640625,511835,0.0,True,0.12572918832302094,0.12572918832302094,1.0961258340103086e-05,1.0961258340103086e-05
Qwen3-0.6B,model.layers.1.self_attn.v_proj.weight,v_proj,1,mxfp4,1.0,1048576,3.197265625,3.1523666381835938,0.04489898681640625,419072,0.6353397369384766,True,0.6835255026817322,0.12572918832302094,7.447234384017065e-05,1.0961258340103086e-05
Qwen3-0.6B,model.layers.1.self_attn.v_proj.weight,v_proj,1,mxfp4,5.0,1048576,3.148712158203125,3.1038131713867188,0.04489898681640625,412708,0.6586627960205078,True,0.7514963150024414,0.12572918832302094,7.779053703416139e-05,1.0961258340103086e-05
Qwen3-0.6B,model.layers.1.self_attn.v_proj.weight,v_proj,1,mxfp8,0.0,1048576,6.677131652832031,6.632232666015625,0.04489898681640625,875185,0.0,True,0.007368244230747223,0.007368244230747223,7.347439350269269e-07,7.347439350269269e-07
Qwen3-0.6B,model.layers.1.self_attn.v_proj.weight,v_proj,1,mxfp8,1.0,1048576,6.035194396972656,5.99029541015625,0.04489898681640625,791045,0.6781072616577148,True,0.032728441059589386,0.007368244230747223,3.718890638992889e-06,7.347439350269269e-07
Qwen3-0.6B,model.layers.1.self_attn.v_proj.weight,v_proj,1,mxfp8,5.0,1048576,5.9292755126953125,5.884376525878906,0.04489898681640625,777162,0.7720546722412109,True,0.04498010128736496,0.007368244230747223,4.802285729965661e-06,7.347439350269269e-07
Qwen3-0.6B,model.layers.10.mlp.down_proj.weight,down_proj,10,mxfp4,0.0,3145728,3.889592488606771,3.8439254760742188,0.045667012532552086,1529450,0.0,True,1.764841079711914,1.764841079711914,7.854013347241562e-06,7.854013347241562e-06
Qwen3-0.6B,model.layers.10.mlp.down_proj.weight,down_proj,10,mxfp4,1.0,3145728,3.7070693969726562,3.661402384440104,0.045667012532552086,1457679,0.3003886540730794,True,2.939606189727783,1.764841079711914,2.2882670236867853e-05,7.854013347241562e-06
Qwen3-0.6B,model.layers.10.mlp.down_proj.weight,down_proj,10,mxfp4,5.0,3145728,3.3997573852539062,3.354090372721354,0.045667012532552086,1336839,0.5869563420613607,True,7.442920684814453,1.764841079711914,4.962700404576026e-05,7.854013347241562e-06
Qwen3-0.6B,model.layers.10.mlp.down_proj.weight,down_proj,10,mxfp8,0.0,3145728,6.708310445149739,6.6626434326171875,0.045667012532552086,2637815,0.0,True,0.11368462443351746,0.11368462443351746,5.221422156864719e-07,5.221422156864719e-07
Qwen3-0.6B,model.layers.10.mlp.down_proj.weight,down_proj,10,mxfp8,1.0,3145728,6.357706705729167,6.312039693196614,0.045667012532552086,2499952,0.3334801991780599,True,0.15029168128967285,0.11368462443351746,9.396224527336017e-07,5.221422156864719e-07
Qwen3-0.6B,model.layers.10.mlp.down_proj.weight,down_proj,10,mxfp8,5.0,3145728,6.088734944661458,6.043067932128906,0.045667012532552086,2394188,0.6446882883707682,True,0.347177654504776,0.11368462443351746,2.4641674372105626e-06,5.221422156864719e-07
Qwen3-0.6B,model.layers.10.mlp.gate_proj.weight,gate_proj,10,mxfp4,0.0,3145728,3.9043553670247397,3.8646392822265625,0.039716084798177086,1535255,0.0,True,45.452674865722656,45.452674865722656,1.519091529189609e-05,1.519091529189609e-05
Qwen3-0.6B,model.layers.10.mlp.gate_proj.weight,gate_proj,10,mxfp4,1.0,3145728,3.901372273763021,3.8616561889648438,0.039716084798177086,1534082,0.008529980977376303,True,45.50929641723633,45.452674865722656,1.527349195384886e-05,1.519091529189609e-05
Qwen3-0.6B,model.layers.10.mlp.gate_proj.weight,gate_proj,10,mxfp4,5.0,3145728,3.803075154622396,3.7633590698242188,0.039716084798177086,1495430,0.14859549204508463,True,50.716087341308594,45.452674865722656,2.0000790755148046e-05,1.519091529189609e-05
Qwen3-0.6B,model.layers.10.mlp.gate_proj.weight,gate_proj,10,mxfp8,0.0,3145728,6.652692159016927,6.61297607421875,0.039716084798177086,2615945,0.0,True,2.8694686889648438,2.8694686889648438,1.0180721119468217e-06,1.0180721119468217e-06
Qwen3-0.6B,model.layers.10.mlp.gate_proj.weight,gate_proj,10,mxfp8,1.0,3145728,6.5057729085286455,6.466056823730469,0.039716084798177086,2558174,0.1068881352742513,True,2.9110896587371826,2.8694686889648438,1.0529329301789403e-06,1.0180721119468217e-06
Qwen3-0.6B,model.layers.10.mlp.gate_proj.weight,gate_proj,10,mxfp8,5.0,3145728,6.383168538411458,6.343452453613281,0.039716084798177086,2509964,0.22065353393554688,True,3.1707305908203125,2.8694686889648438,1.267223410650331e-06,1.0180721119468217e-06
Qwen3-0.6B,model.layers.10.mlp.up_proj.weight,up_proj,10,mxfp4,0.0,3145728,3.9082438151041665,3.8654454549153647,0.042798360188802086,1536784,0.0,True,20.38044548034668,20.38044548034668,9.321483048552182e-06,9.321483048552182e-06
Qwen3-0.6B,model.layers.10.mlp.up_proj.weight,up_proj,10,mxfp4,1.0,3145728,3.9075749715169272,3.864776611328125,0.042798360188802086,1536521,0.0027058919270833335,True,20.390724182128906,20.38044548034668,9.342195880890358e-06,9.321483048552182e-06
Qwen3-0.6B,model.layers.10.mlp.up_proj.weight,up_proj,10,mxfp4,5.0,3145728,3.8076629638671875,3.7648646036783853,0.042798360188802086,1497234,0.11892477671305339,True,22.76671028137207,20.38044548034668,1.1554947377589997e-05,9.321483048552182e-06
Qwen3-0.6B,model.layers.10.mlp.up_proj.weight,up_proj,10,mxfp8,0.0,3145728,6.667569478352864,6.6247711181640625,0.042798360188802086,2621795,0.0,True,1.1356077194213867,1.1356077194213867,6.259105589379033e-07,6.259105589379033e-07
Qwen3-0.6B,model.layers.10.mlp.up_proj.weight,up_proj,10,mxfp8,1.0,3145728,6.5489501953125,6.506151835123698,0.042798360188802086,2575152,0.08870410919189453,True,1.1490726470947266,1.1356077194213867,6.370198093463841e-07,6.259105589379033e-07
Qwen3-0.6B,model.layers.10.mlp.up_proj.weight,up_proj,10,mxfp8,5.0,3145728,6.4234619140625,6.380663553873698,0.042798360188802086,2525808,0.18507766723632812,True,1.2644188404083252,1.1356077194213867,7.355399702646537e-07,6.259105589379033e-07
Qwen3-0.6B,model.layers.10.self_attn.k_proj.weight,k_proj,10,mxfp4,0.0,1048576,3.9144668579101562,3.8710784912109375,0.04338836669921875,513077,0.0,True,9.218119621276855,9.218119621276855,9.808350114326458e-06,9.808350114326458e-06
Qwen3-0.6B,model.layers.10.self_attn.k_proj.weight,k_proj,10,mxfp4,1.0,1048576,3.9105606079101562,3.8671722412109375,0.04338836669921875,512565,0.010667800903320312,True,9.23554515838623,9.218119621276855,9.901507837639656e-06,9.808350114326458e-06
Qwen3-0.6B,model.layers.10.self_attn.k_proj.weight,k_proj,10,mxfp4,5.0,1048576,3.7860031127929688,3.74261474609375,0.04338836669921875,496239,0.15563678741455078,True,10.289770126342773,9.218119621276855,1.4063899470784236e-05,9.808350114326458e-06
Qwen3-0.6B,model.layers.10.self_attn.k_proj.weight,k_proj,10,mxfp8,0.0,1048576,6.653678894042969,6.61029052734375,0.04338836669921875,872111,0.0,True,0.543566107749939,0.543566107749939,6.652223305536609e-07,6.652223305536609e-07
Qwen3-0.6B,model.layers.10.self_attn.k_proj.weight,k_proj,10,mxfp8,1.0,1048576,6.5213165283203125,6.477928161621094,0.04338836669921875,854762,0.10156726837158203,True,0.5500333905220032,0.543566107749939,6.856155891910021e-07,6.652223305536609e-07
Qwen3-0.6B,model.layers.10.self_attn.k_proj.weight,k_proj,10,mxfp8,5.0,1048576,6.392204284667969,6.34881591796875,0.04338836669921875,837839,0.22107410430908203,True,0.6054686903953552,0.543566107749939,8.69198572672758e-07,6.652223305536609e-07
Qwen3-0.6B,model.layers.10.self_attn.o_proj.weight,o_proj,10,mxfp4,0.0,2097152,3.9291839599609375,3.886066436767578,0.043117523193359375,1030012,0.0,True,1.2376770973205566,1.2376770973205566,8.239232556661591e-06,8.239232556661591e-06
Qwen3-0.6B,model.layers.10.self_attn.o_proj.weight,o_proj,10,mxfp4,1.0,2097152,3.7130699157714844,3.669952392578125,0.043117523193359375,973359,0.2309117317199707,True,1.783484697341919,1.2376770973205566,1.741860614856705e-05,8.239232556661591e-06
Qwen3-0.6B,model.layers.10.self_attn.o_proj.weight,o_proj,10,mxfp4,5.0,2097152,3.210407257080078,3.1672897338867188,0.043117523193359375,841589,0.5510430335998535,True,5.100010395050049,1.2376770973205566,4.5716180466115475e-05,8.239232556661591e-06
Qwen3-0.6B,model.layers.10.self_attn.o_proj.weight,o_proj,10,mxfp8,0.0,2097152,6.653846740722656,6.610729217529297,0.043117523193359375,1744266,0.0,True,0.07987786084413528,0.07987786084413528,5.533310059036012e-07,5.533310059036012e-07
Qwen3-0.6B,model.layers.10.self_attn.o_proj.weight,o_proj,10,mxfp8,1.0,2097152,6.342197418212891,6.299079895019531,0.043117523193359375,1662569,0.301755428314209,True,0.10392449796199799,0.07987786084413528,9.101498790187179e-07,5.533310059036012e-07
Qwen3-0.6B,model.layers.10.self_attn.o_proj.weight,o_proj,10,mxfp8,5.0,2097152,6.048480987548828,6.005363464355469,0.043117523193359375,1585573,0.6072897911071777,True,0.24759416282176971,0.07987786084413528,2.3138418328016996e-06,5.533310059036012e-07
Qwen3-0.6B,model.layers.10.self_attn.q_proj.weight,q_proj,10,mxfp4,0.0,2097152,3.903797149658203,3.8608551025390625,0.042942047119140625,1023357,0.0,True,18.682453155517578,18.682453155517578,1.12346888272441e-05,1.12346888272441e-05
Qwen3-0.6B,model.layers.10.self_attn.q_proj.weight,q_proj,10,mxfp4,1.0,2097152,3.901538848876953,3.8585968017578125,0.042942047119140625,1022765,0.009486675262451172,True,18.716909408569336,18.682453155517578,1.1352762157912366e-05,1.12346888272441e-05
Qwen3-0.6B,model.layers.10.self_attn.q_proj.weight,q_proj,10,mxfp4,5.0,2097152,3.7917861938476562,3.7488441467285156,0.042942047119140625,993994,0.15059804916381836,True,21.232439041137695,18.682453155517578,1.6300917195621878e-05,1.12346888272441e-05
Qwen3-0.6B,model.layers.10.self_attn.q_proj.weight,q_proj,10,mxfp8,0.0,2097152,6.659156799316406,6.616214752197266,0.042942047119140625,1745658,0.0,True,1.0504662990570068,1.0504662990570068,7.470906098205887e-07,7.470906098205887e-07
Qwen3-0.6B,model.layers.10.self_attn.q_proj.weight,q_proj,10,mxfp8,1.0,2097152,6.52301025390625,6.480068206787109,0.042942047119140625,1709968,0.0995020866394043,True,1.0685980319976807,1.0504662990570068,7.7512424923043e-07,7.470906098205887e-07
Qwen3-0.6B,model.layers.10.self_attn.q_proj.weight,q_proj,10,mxfp8,5.0,2097152,6.380603790283203,6.3376617431640625,0.042942047119140625,1672637,0.22269153594970703,True,1.2005970478057861,1.0504662990570068,9.927158544087433e-07,7.470906098205887e-07
Qwen3-0.6B,model.layers.10.self_attn.v_proj.weight,v_proj,10,mxfp4,0.0,1048576,3.90625,3.8601837158203125,0.0460662841796875,512000,0.0,True,5.976673126220703,5.976673126220703,9.932678040058818e-06,9.932678040058818e-06
Qwen3-0.6B,model.layers.10.self_attn.v_proj.weight,v_proj,10,mxfp4,1.0,1048576,3.9048843383789062,3.8588180541992188,0.0460662841796875,511821,0.00569915771484375,True,5.986418724060059,5.976673126220703,1.002238059299998e-05,9.932678040058818e-06
Qwen3-0.6B,model.layers.10.self_attn.v_proj.weight,v_proj,10,mxfp4,5.0,1048576,3.8503341674804688,3.8042678833007812,0.0460662841796875,504671,0.12137126922607422,True,6.81281852722168,5.976673126220703,1.3673561625182629e-05,9.932678040058818e-06
Qwen3-0.6B,model.layers.10.self_attn.v_proj.weight,v_proj,10,mxfp8,0.0,1048576,6.6829071044921875,6.6368408203125,0.0460662841796875,875942,0.0,True,0.30467647314071655,0.30467647314071655,6.675750228168909e-07,6.675750228168909e-07
Qwen3-0.6B,model.layers.10.self_attn.v_proj.weight,v_proj,10,mxfp8,1.0,1048576,6.542198181152344,6.496131896972656,0.0460662841796875,857499,0.10051631927490234,True,0.31114643812179565,0.30467647314071655,6.876113047837862e-07,6.675750228168909e-07
Qwen3-0.6B,model.layers.10.self_attn.v_proj.weight,v_proj,10,mxfp8,5.0,1048576,6.4050140380859375,6.35894775390625,0.0460662841796875,839518,0.21623992919921875,True,0.3714824914932251,0.30467647314071655,8.891526590559806e-07,6.675750228168909e-07
Qwen3-0.6B,model.layers.11.mlp.down_proj.weight,down_proj,11,mxfp4,0.0,3145728,3.8933792114257812,3.8490397135416665,0.044339497884114586,1530939,0.0,True,1.7625627517700195,1.7625627517700195,8.72308464749949e-06,8.72308464749949e-06
Qwen3-0.6B,model.layers.11.mlp.down_proj.weight,down_proj,11,mxfp4,1.0,3145728,3.7125447591145835,3.6682052612304688,0.044339497884114586,1459832,0.2926553090413411,True,3.075096845626831,1.7625627517700195,2.4862065401975997e-05,8.72308464749949e-06
Qwen3-0.6B,model.layers.11.mlp.down_proj.weight,down_proj,11,mxfp4,5.0,3145728,3.39947509765625,3.3551355997721353,0.044339497884114586,1336728,0.5903669993082682,True,8.094467163085938,1.7625627517700195,5.609691652352922e-05,8.72308464749949e-06
Qwen3-0.6B,model.layers.11.mlp.down_proj.weight,down_proj,11,mxfp8,0.0,3145728,6.693397521972656,6.649058024088542,0.044339497884114586,2631951,0.0,True,0.11264751106500626,0.11264751106500626,5.813341772409331e-07,5.813341772409331e-07
Qwen3-0.6B,model.layers.11.mlp.down_proj.weight,down_proj,11,mxfp8,1.0,3145728,6.374114990234375,6.329775492350261,0.044339497884114586,2506404,0.3197145462036133,True,0.15419328212738037,0.11264751106500626,1.0421409797345405e-06,5.813341772409331e-07
Qwen3-0.6B,model.layers.11.mlp.down_proj.weight,down_proj,11,mxfp8,5.0,3145728,6.108665466308594,6.0643259684244795,0.044339497884114586,2402025,0.6445614496866862,True,0.3772464096546173,0.11264751106500626,2.8102028863941086e-06,5.813341772409331e-07
Qwen3-0.6B,model.layers.11.mlp.gate_proj.weight,gate_proj,11,mxfp4,0.0,3145728,3.915252685546875,3.875696818033854,0.039555867513020836,1539540,0.0,True,31.584182739257812,31.584182739257812,1.2934491678606719e-05,1.2934491678606719e-05
Qwen3-0.6B,model.layers.11.mlp.gate_proj.weight,gate_proj,11,mxfp4,1.0,3145728,3.9123204549153647,3.8727645874023438,0.039555867513020836,1538387,0.008359591166178385,True,31.638051986694336,31.584182739257812,1.3059035154583398e-05,1.2934491678606719e-05
Qwen3-0.6B,model.layers.11.mlp.gate_proj.weight,gate_proj,11,mxfp4,5.0,3145728,3.7924931844075522,3.7529373168945312,0.039555867513020836,1491269,0.1420710881551107,True,35.79528045654297,31.584182739257812,1.7964810467674397e-05,1.2934491678606719e-05
Qwen3-0.6B,model.layers.11.mlp.gate_proj.weight,gate_proj,11,mxfp8,0.0,3145728,6.6492869059244795,6.609731038411458,0.039555867513020836,2614606,0.0,True,1.9773051738739014,1.9773051738739014,8.588580726609507e-07,8.588580726609507e-07
Qwen3-0.6B,model.layers.11.mlp.gate_proj.weight,gate_proj,11,mxfp8,1.0,3145728,6.509562174479167,6.4700063069661455,0.039555867513020836,2559664,0.10656070709228516,True,2.0116682052612305,1.9773051738739014,8.91798833890789e-07,8.588580726609507e-07
Qwen3-0.6B,model.layers.11.mlp.gate_proj.weight,gate_proj,11,mxfp8,5.0,3145728,6.378476460774739,6.338920593261719,0.039555867513020836,2508119,0.2207943598429362,True,2.2407169342041016,1.9773051738739014,1.1256250900260056e-06,8.588580726609507e-07
Qwen3-0.6B,model.layers.11.mlp.up_proj.weight,up_proj,11,mxfp4,0.0,3145728,3.9081141153971353,3.865478515625,0.042635599772135414,1536733,0.0,True,17.145896911621094,17.145896911621094,9.85840870271204e-06,9.85840870271204e-06
Qwen3-0.6B,model.layers.11.mlp.up_proj.weight,up_proj,11,mxfp4,1.0,3145728,3.9068450927734375,3.8642094930013022,0.042635599772135414,1536234,0.004820505777994792,True,17.17119789123535,17.145896911621094,9.927489372785203e-06,9.85840870271204e-06
Qwen3-0.6B,model.layers.11.mlp.up_proj.weight,up_proj,11,mxfp4,5.0,3145728,3.803558349609375,3.7609227498372397,0.042635599772135414,1495620,0.12907695770263672,True,19.827980041503906,17.145896911621094,1.336257719231071e-05,9.85840870271204e-06
Qwen3-0.6B,model.layers.11.mlp.up_proj.weight,up_proj,11,mxfp8,0.0,3145728,6.664461771647136,6.621826171875,0.042635599772135414,2620573,0.0,True,0.9977258443832397,0.9977258443832397,6.628407049902307e-07,6.628407049902307e-07
Qwen3-0.6B,model.layers.11.mlp.up_proj.weight,up_proj,11,mxfp8,1.0,3145728,6.544934590657552,6.502298990885417,0.042635599772135414,2573573,0.09317366282145183,True,1.014186978340149,0.9977258443832397,6.794863907089166e-07,6.628407049902307e-07
Qwen3-0.6B,model.layers.11.mlp.up_proj.weight,up_proj,11,mxfp8,5.0,3145728,6.4207712809244795,6.378135681152344,0.042635599772135414,2524750,0.20546499888102213,True,1.1699808835983276,0.9977258443832397,8.446419883512135e-07,6.628407049902307e-07
Qwen3-0.6B,model.layers.11.self_attn.k_proj.weight,k_proj,11,mxfp4,0.0,1048576,3.8953933715820312,3.8525009155273438,0.0428924560546875,510577,0.0,True,16.620267868041992,16.620267868041992,9.665573998063337e-06,9.665573998063337e-06
Qwen3-0.6B,model.layers.11.self_attn.k_proj.weight,k_proj,11,mxfp4,1.0,1048576,3.8897552490234375,3.84686279296875,0.0428924560546875,509838,0.02177143096923828,True,16.66354751586914,16.620267868041992,9.769774806045461e-06,9.665573998063337e-06
Qwen3-0.6B,model.layers.11.self_attn.k_proj.weight,k_proj,11,mxfp4,5.0,1048576,3.81689453125,3.7740020751953125,0.0428924560546875,500288,0.1613454818725586,True,17.883005142211914,16.620267868041992,1.2277542737137992e-05,9.665573998063337e-06
Qwen3-0.6B,model.layers.11.self_attn.k_proj.weight,k_proj,11,mxfp8,0.0,1048576,6.6938018798828125,6.650909423828125,0.0428924560546875,877370,0.0,True,0.9842320084571838,0.9842320084571838,6.367971536747064e-07,6.367971536747064e-07
Qwen3-0.6B,model.layers.11.self_attn.k_proj.weight,k_proj,11,mxfp8,1.0,1048576,6.5770721435546875,6.5341796875,0.0428924560546875,862070,0.09989070892333984,True,0.989310622215271,0.9842320084571838,6.455119319070945e-07,6.367971536747064e-07
Qwen3-0.6B,model.layers.11.self_attn.k_proj.weight,k_proj,11,mxfp8,5.0,1048576,6.456947326660156,6.414054870605469,0.0428924560546875,846325,0.2259387969970703,True,1.032164454460144,0.9842320084571838,7.249522582242207e-07,6.367971536747064e-07
Qwen3-0.6B,model.layers.11.self_attn.o_proj.weight,o_proj,11,mxfp4,0.0,2097152,3.9281349182128906,3.879985809326172,0.04814910888671875,1029737,0.0,True,3.293562412261963,3.293562412261963,7.349059160333127e-06,7.349059160333127e-06
Qwen3-0.6B,model.layers.11.self_attn.o_proj.weight,o_proj,11,mxfp4,1.0,2097152,3.7908973693847656,3.742748260498047,0.04814910888671875,993761,0.16709518432617188,True,3.7047927379608154,3.293562412261963,1.2350566976238042e-05,7.349059160333127e-06
Qwen3-0.6B,model.layers.11.self_attn.o_proj.weight,o_proj,11,mxfp4,5.0,2097152,3.3858718872070312,3.3377227783203125,0.04814910888671875,887586,0.46170616149902344,True,6.772187232971191,3.293562412261963,3.1889434467302635e-05,7.349059160333127e-06
Qwen3-0.6B,model.layers.11.self_attn.o_proj.weight,o_proj,11,mxfp8,0.0,2097152,6.65887451171875,6.610725402832031,0.04814910888671875,1745584,0.0,True,0.216139554977417,0.216139554977417,4.9320345851811e-07,4.9320345851811e-07
Qwen3-0.6B,model.layers.11.self_attn.o_proj.weight,o_proj,11,mxfp8,1.0,2097152,6.4177703857421875,6.369621276855469,0.04814910888671875,1682380,0.24034881591796875,True,0.2349095493555069,0.216139554977417,6.71813552344247e-07,4.9320345851811e-07
Qwen3-0.6B,model.layers.11.self_attn.o_proj.weight,o_proj,11,mxfp8,5.0,2097152,6.202304840087891,6.154155731201172,0.04814910888671875,1625897,0.5210456848144531,True,0.3557429611682892,0.216139554977417,1.5361233636213e-06,4.9320345851811e-07
Qwen3-0.6B,model.layers.11.self_attn.q_proj.weight,q_proj,11,mxfp4,0.0,2097152,3.89208984375,3.8492813110351562,0.04280853271484375,1020288,0.0,True,37.557701110839844,37.557701110839844,1.3258857507025823e-05,1.3258857507025823e-05
Qwen3-0.6B,model.layers.11.self_attn.q_proj.weight,q_proj,11,mxfp4,1.0,2097152,3.8878326416015625,3.8450241088867188,0.04280853271484375,1019172,0.01659250259399414,True,37.629119873046875,37.557701110839844,1.3354569091461599e-05,1.3258857507025823e-05
Qwen3-0.6B,model.layers.11.self_attn.q_proj.weight,q_proj,11,mxfp4,5.0,2097152,3.812061309814453,3.7692527770996094,0.04280853271484375,999309,0.1538395881652832,True,40.538963317871094,37.557701110839844,1.628578502277378e-05,1.3258857507025823e-05
Qwen3-0.6B,model.layers.11.self_attn.q_proj.weight,q_proj,11,mxfp8,0.0,2097152,6.696269989013672,6.653461456298828,0.04280853271484375,1755387,0.0,True,2.1625003814697266,2.1625003814697266,8.773461104283342e-07,8.773461104283342e-07
Qwen3-0.6B,model.layers.11.self_attn.q_proj.weight,q_proj,11,mxfp8,1.0,2097152,6.573963165283203,6.531154632568359,0.04280853271484375,1723325,0.09671688079833984,True,2.178069829940796,2.1625003814697266,8.925040333451761e-07,8.773461104283342e-07
Qwen3-0.6B,model.layers.11.self_attn.q_proj.weight,q_proj,11,mxfp8,5.0,2097152,6.450847625732422,6.408039093017578,0.04280853271484375,1691051,0.21811342239379883,True,2.3149139881134033,2.1625003814697266,1.0257826943416148e-06,8.773461104283342e-07
Qwen3-0.6B,model.layers.11.self_attn.v_proj.weight,v_proj,11,mxfp4,0.0,1048576,3.8866500854492188,3.841583251953125,0.04506683349609375,509431,0.0,True,9.774288177490234,9.774288177490234,9.021478035720065e-06,9.021478035720065e-06
Qwen3-0.6B,model.layers.11.self_attn.v_proj.weight,v_proj,11,mxfp4,1.0,1048576,3.8861541748046875,3.8410873413085938,0.04506683349609375,509366,0.002368927001953125,True,9.77846622467041,9.774288177490234,9.044624675880186e-06,9.021478035720065e-06
Qwen3-0.6B,model.layers.11.self_attn.v_proj.weight,v_proj,11,mxfp4,5.0,1048576,3.8291244506835938,3.7840576171875,0.04506683349609375,501891,0.11005401611328125,True,10.668743133544922,9.774288177490234,1.0960341569443699e-05,9.021478035720065e-06
Qwen3-0.6B,model.layers.11.self_attn.v_proj.weight,v_proj,11,mxfp8,0.0,1048576,6.7190093994140625,6.673942565917969,0.04506683349609375,880674,0.0,True,0.5218867063522339,0.5218867063522339,5.979824209134676e-07,5.979824209134676e-07
Qwen3-0.6B,model.layers.11.self_attn.v_proj.weight,v_proj,11,mxfp8,1.0,1048576,6.598785400390625,6.553718566894531,0.04506683349609375,864916,0.08203792572021484,True,0.5263628959655762,0.5218867063522339,6.053049901311169e-07,5.979824209134676e-07
Qwen3-0.6B,model.layers.11.self_attn.v_proj.weight,v_proj,11,mxfp8,5.0,1048576,6.4827728271484375,6.437705993652344,0.04506683349609375,849710,0.1748676300048828,True,0.5585960149765015,0.5218867063522339,6.623887998102873e-07,5.979824209134676e-07
Qwen3-0.6B,model.layers.12.mlp.down_proj.weight,down_proj,12,mxfp4,0.0,3145728,3.8956324259440103,3.8517990112304688,0.043833414713541664,1531825,0.0,True,1.8228251934051514,1.8228251934051514,8.63994409883162e-06,8.63994409883162e-06
Qwen3-0.6B,model.layers.12.mlp.down_proj.weight,down_proj,12,mxfp4,1.0,3145728,3.7233149210611978,3.6794815063476562,0.043833414713541664,1464067,0.2832997639973958,True,3.0476136207580566,1.8228251934051514,2.4119193767546676e-05,8.63994409883162e-06
Qwen3-0.6B,model.layers.12.mlp.down_proj.weight,down_proj,12,mxfp4,5.0,3145728,3.4166056315104165,3.372772216796875,0.043833414713541664,1343464,0.5796298980712891,True,7.887975215911865,1.8228251934051514,5.452660843729973e-05,8.63994409883162e-06
Qwen3-0.6B,model.layers.12.mlp.down_proj.weight,down_proj,12,mxfp8,0.0,3145728,6.686978658040364,6.643145243326823,0.043833414713541664,2629427,0.0,True,0.11922235041856766,0.11922235041856766,5.747994009652757e-07,5.747994009652757e-07
Qwen3-0.6B,model.layers.12.mlp.down_proj.weight,down_proj,12,mxfp8,1.0,3145728,6.362630208333333,6.318796793619792,0.043833414713541664,2501888,0.3146508534749349,True,0.15979786217212677,0.11922235041856766,1.0329616770832217e-06,5.747994009652757e-07
Qwen3-0.6B,model.layers.12.mlp.down_proj.weight,down_proj,12,mxfp8,5.0,3145728,6.095385233561198,6.051551818847656,0.043833414713541664,2396803,0.6349741617838541,True,0.3743535876274109,0.11922235041856766,2.7618946205620887e-06,5.747994009652757e-07
Qwen3-0.6B,model.layers.12.mlp.gate_proj.weight,gate_proj,12,mxfp4,0.0,3145728,3.916712443033854,3.8767217000325522,0.039990743001302086,1540114,0.0,True,28.596250534057617,28.596250534057617,1.1847295354527887e-05,1.1847295354527887e-05
Qwen3-0.6B,model.layers.12.mlp.gate_proj.weight,gate_proj,12,mxfp4,1.0,3145728,3.9017155965169272,3.861724853515625,0.039990743001302086,1534217,0.010760307312011719,True,28.654830932617188,28.596250534057617,1.2026158401567955e-05,1.1847295354527887e-05
Qwen3-0.6B,model.layers.12.mlp.gate_proj.weight,gate_proj,12,mxfp4,5.0,3145728,3.7772623697916665,3.7372716267903647,0.039990743001302086,1485280,0.14817396799723306,True,32.07524490356445,28.596250534057617,1.6541596778552048e-05,1.1847295354527887e-05
Qwen3-0.6B,model.layers.12.mlp.gate_proj.weight,gate_proj,12,mxfp8,0.0,3145728,6.650489807128906,6.6104990641276045,0.039990743001302086,2615079,0.0,True,1.8479090929031372,1.8479090929031372,7.888170898695535e-07,7.888170898695535e-07
Qwen3-0.6B,model.layers.12.mlp.gate_proj.weight,gate_proj,12,mxfp8,1.0,3145728,6.5126190185546875,6.472628275553386,0.039990743001302086,2560866,0.10429795583089192,True,1.8780522346496582,1.8479090929031372,8.204295340874523e-07,7.888170898695535e-07
Qwen3-0.6B,model.layers.12.mlp.gate_proj.weight,gate_proj,12,mxfp8,5.0,3145728,6.370073954264323,6.3300832112630205,0.039990743001302086,2504815,0.22408326466878256,True,2.0903873443603516,1.8479090929031372,1.0584798246782157e-06,7.888170898695535e-07
Qwen3-0.6B,model.layers.12.mlp.up_proj.weight,up_proj,12,mxfp4,0.0,3145728,3.908513387044271,3.865422566731771,0.0430908203125,1536890,0.0,True,15.919008255004883,15.919008255004883,9.65456638368778e-06,9.65456638368778e-06
Qwen3-0.6B,model.layers.12.mlp.up_proj.weight,up_proj,12,mxfp4,1.0,3145728,3.9064509073893228,3.8633600870768228,0.0430908203125,1536079,0.008747736612955729,True,15.962743759155273,15.919008255004883,9.79876313067507e-06,9.65456638368778e-06
Qwen3-0.6B,model.layers.12.mlp.up_proj.weight,up_proj,12,mxfp4,5.0,3145728,3.7866109212239585,3.7435201009114585,0.0430908203125,1488956,0.14291954040527344,True,18.74713134765625,15.919008255004883,1.3660341210197657e-05,9.65456638368778e-06
Qwen3-0.6B,model.layers.12.mlp.up_proj.weight,up_proj,12,mxfp8,0.0,3145728,6.668528238932292,6.625437418619792,0.0430908203125,2622172,0.0,True,0.9239405393600464,0.9239405393600464,6.46482078536792e-07,6.46482078536792e-07
Qwen3-0.6B,model.layers.12.mlp.up_proj.weight,up_proj,12,mxfp8,1.0,3145728,6.5490671793619795,6.5059763590494795,0.0430908203125,2575198,0.09444713592529297,True,0.9392400979995728,0.9239405393600464,6.634032274632773e-07,6.46482078536792e-07
Qwen3-0.6B,model.layers.12.mlp.up_proj.weight,up_proj,12,mxfp8,5.0,3145728,6.420962015787761,6.377871195475261,0.0430908203125,2524825,0.2149524688720703,True,1.0903046131134033,0.9239405393600464,8.442186185675382e-07,6.46482078536792e-07
Qwen3-0.6B,model.layers.12.self_attn.k_proj.weight,k_proj,12,mxfp4,0.0,1048576,3.9378662109375,3.8965835571289062,0.04128265380859375,516144,0.0,True,12.833968162536621,12.833968162536621,8.914736099541187e-06,8.914736099541187e-06
Qwen3-0.6B,model.layers.12.self_attn.k_proj.weight,k_proj,12,mxfp4,1.0,1048576,3.9355239868164062,3.8942413330078125,0.04128265380859375,515837,0.00901031494140625,True,12.850688934326172,12.833968162536621,9.058034265763126e-06,8.914736099541187e-06
Qwen3-0.6B,model.layers.12.self_attn.k_proj.weight,k_proj,12,mxfp4,5.0,1048576,3.8272171020507812,3.7859344482421875,0.04128265380859375,501641,0.11293411254882812,True,13.915775299072266,12.833968162536621,1.2768152373610064e-05,8.914736099541187e-06
Qwen3-0.6B,model.layers.12.self_attn.k_proj.weight,k_proj,12,mxfp8,0.0,1048576,6.65228271484375,6.611000061035156,0.04128265380859375,871928,0.0,True,0.8409351110458374,0.8409351110458374,5.950726063019829e-07,5.950726063019829e-07
Qwen3-0.6B,model.layers.12.self_attn.k_proj.weight,k_proj,12,mxfp8,1.0,1048576,6.5285797119140625,6.487297058105469,0.04128265380859375,855714,0.09536933898925781,True,0.8464694023132324,0.8409351110458374,6.082340178181767e-07,5.950726063019829e-07
Qwen3-0.6B,model.layers.12.self_attn.k_proj.weight,k_proj,12,mxfp8,5.0,1048576,6.413063049316406,6.3717803955078125,0.04128265380859375,840573,0.2062692642211914,True,0.8876516819000244,0.8409351110458374,7.280451654878561e-07,5.950726063019829e-07
Qwen3-0.6B,model.layers.12.self_attn.o_proj.weight,o_proj,12,mxfp4,0.0,2097152,3.9768142700195312,3.9347801208496094,0.042034149169921875,1042498,0.0,True,1.8526984453201294,1.8526984453201294,7.386630841210717e-06,7.386630841210717e-06
Qwen3-0.6B,model.layers.12.self_attn.o_proj.weight,o_proj,12,mxfp4,1.0,2097152,3.756298065185547,3.714263916015625,0.042034149169921875,984691,0.1817493438720703,True,2.260377883911133,1.8526984453201294,1.2439849342626985e-05,7.386630841210717e-06
Qwen3-0.6B,model.layers.12.self_attn.o_proj.weight,o_proj,12,mxfp4,5.0,2097152,3.291820526123047,3.249786376953125,0.042034149169921875,862931,0.5149016380310059,True,5.49551248550415,1.8526984453201294,3.8561789551749825e-05,7.386630841210717e-06
Qwen3-0.6B,model.layers.12.self_attn.o_proj.weight,o_proj,12,mxfp8,0.0,2097152,6.646980285644531,6.604946136474609,0.042034149169921875,1742466,0.0,True,0.11918780952692032,0.11918780952692032,5.028068699175492e-07,5.028068699175492e-07
Qwen3-0.6B,model.layers.12.self_attn.o_proj.weight,o_proj,12,mxfp8,1.0,2097152,6.378292083740234,6.3362579345703125,0.042034149169921875,1672031,0.24291276931762695,True,0.13818839192390442,0.11918780952692032,6.916245069987781e-07,5.028068699175492e-07
Qwen3-0.6B,model.layers.12.self_attn.o_proj.weight,o_proj,12,mxfp8,5.0,2097152,6.126689910888672,6.08465576171875,0.042034149169921875,1606075,0.5629940032958984,True,0.2790212631225586,0.11918780952692032,1.9178960428689606e-06,5.028068699175492e-07
Qwen3-0.6B,model.layers.12.self_attn.q_proj.weight,q_proj,12,mxfp4,0.0,2097152,3.9041290283203125,3.8623809814453125,0.041748046875,1023444,0.0,True,28.759197235107422,28.759197235107422,1.2245640391483903e-05,1.2245640391483903e-05
Qwen3-0.6B,model.layers.12.self_attn.q_proj.weight,q_proj,12,mxfp4,1.0,2097152,3.899250030517578,3.857501983642578,0.041748046875,1022165,0.013564586639404297,True,28.81814956665039,28.759197235107422,1.2509014595707413e-05,1.2245640391483903e-05
Qwen3-0.6B,model.layers.12.self_attn.q_proj.weight,q_proj,12,mxfp4,5.0,2097152,3.8137283325195312,3.7719802856445312,0.041748046875,999746,0.12867450714111328,True,31.276050567626953,28.759197235107422,1.663529110373929e-05,1.2245640391483903e-05
Qwen3-0.6B,model.layers.12.self_attn.q_proj.weight,q_proj,12,mxfp8,0.0,2097152,6.658100128173828,6.616352081298828,0.041748046875,1745381,0.0,True,1.711211919784546,1.711211919784546,8.141552143570152e-07,8.141552143570152e-07
Qwen3-0.6B,model.layers.12.self_attn.q_proj.weight,q_proj,12,mxfp8,1.0,2097152,6.538784027099609,6.497035980224609,0.041748046875,1714103,0.09074735641479492,True,1.7233073711395264,1.711211919784546,8.313819535032962e-07,8.141552143570152e-07
Qwen3-0.6B,model.layers.12.self_attn.q_proj.weight,q_proj,12,mxfp8,5.0,2097152,6.422523498535156,6.380775451660156,0.041748046875,1683626,0.19616031646728516,True,1.8254098892211914,1.711211919784546,9.875055866359617e-07,8.141552143570152e-07
Qwen3-0.6B,model.layers.12.self_attn.v_proj.weight,v_proj,12,mxfp4,0.0,1048576,3.9089279174804688,3.8625564575195312,0.0463714599609375,512351,0.0,True,8.7145357131958,8.7145357131958,9.477967068960425e-06,9.477967068960425e-06
Qwen3-0.6B,model.layers.12.self_attn.v_proj.weight,v_proj,12,mxfp4,1.0,1048576,3.9075775146484375,3.8612060546875,0.0463714599609375,512174,0.00726318359375,True,8.725634574890137,8.7145357131958,9.605183549865615e-06,9.477967068960425e-06
Qwen3-0.6B,model.layers.12.self_attn.v_proj.weight,v_proj,12,mxfp4,5.0,1048576,3.8708267211914062,3.8244552612304688,0.0463714599609375,507357,0.08150291442871094,True,9.372228622436523,8.7145357131958,1.297798917221371e-05,9.477967068960425e-06
Qwen3-0.6B,model.layers.12.self_attn.v_proj.weight,v_proj,12,mxfp8,0.0,1048576,6.6840057373046875,6.63763427734375,0.0463714599609375,876086,0.0,True,0.49588480591773987,0.49588480591773987,6.388528390743886e-07,6.388528390743886e-07
Qwen3-0.6B,model.layers.12.self_attn.v_proj.weight,v_proj,12,mxfp8,1.0,1048576,6.566925048828125,6.5205535888671875,0.0463714599609375,860740,0.08196163177490234,True,0.5008770823478699,0.49588480591773987,6.517157089547254e-07,6.388528390743886e-07
Qwen3-0.6B,model.layers.12.self_attn.v_proj.weight,v_proj,12,mxfp8,5.0,1048576,6.466278076171875,6.4199066162109375,0.0463714599609375,847548,0.17693710327148438,True,0.5390512943267822,0.49588480591773987,7.773950869705004e-07,6.388528390743886e-07
Qwen3-0.6B,model.layers.13.mlp.down_proj.weight,down_proj,13,mxfp4,0.0,3145728,3.8940811157226562,3.849054972330729,0.045026143391927086,1531215,0.0,True,1.9423065185546875,1.9423065185546875,8.083133252512198e-06,8.083133252512198e-06
Qwen3-0.6B,model.layers.13.mlp.down_proj.weight,down_proj,13,mxfp4,1.0,3145728,3.7543004353841147,3.7092742919921875,0.045026143391927086,1476251,0.24651336669921875,True,2.941227436065674,1.9423065185546875,1.9463279386400245e-05,8.083133252512198e-06
Qwen3-0.6B,model.layers.13.mlp.down_proj.weight,down_proj,13,mxfp4,5.0,3145728,3.432652791341146,3.3876266479492188,0.045026143391927086,1349774,0.5635363260904948,True,8.075592041015625,1.9423065185546875,4.875057493336499e-05,8.083133252512198e-06
Qwen3-0.6B,model.layers.13.mlp.down_proj.weight,down_proj,13,mxfp8,0.0,3145728,6.698211669921875,6.653185526529948,0.045026143391927086,2633844,0.0,True,0.12464030086994171,0.12464030086994171,5.395447146838706e-07,5.395447146838706e-07
Qwen3-0.6B,model.layers.13.mlp.down_proj.weight,down_proj,13,mxfp8,1.0,3145728,6.3865509033203125,6.341524759928386,0.045026143391927086,2511294,0.30096435546875,True,0.160428985953331,0.12464030086994171,8.750352549213858e-07,5.395447146838706e-07
Qwen3-0.6B,model.layers.13.mlp.down_proj.weight,down_proj,13,mxfp8,5.0,3145728,6.130943298339844,6.085917154947917,0.045026143391927086,2410785,0.6155862808227539,True,0.3711851239204407,0.12464030086994171,2.3420741399604594e-06,5.395447146838706e-07
Qwen3-0.6B,model.layers.13.mlp.gate_proj.weight,gate_proj,13,mxfp4,0.0,3145728,3.9059956868489585,3.865595499674479,0.040400187174479164,1535900,0.0,True,30.60102081298828,30.60102081298828,1.0991287126671523e-05,1.0991287126671523e-05
Qwen3-0.6B,model.layers.13.mlp.gate_proj.weight,gate_proj,13,mxfp4,1.0,3145728,3.901458740234375,3.861058553059896,0.040400187174479164,1534116,0.010199546813964844,True,30.66084098815918,30.60102081298828,1.1146733413625043e-05,1.0991287126671523e-05
Qwen3-0.6B,model.layers.13.mlp.gate_proj.weight,gate_proj,13,mxfp4,5.0,3145728,3.7874526977539062,3.7470525105794272,0.040400187174479164,1489287,0.14045143127441406,True,33.941566467285156,30.60102081298828,1.4901823305990547e-05,1.0991287126671523e-05
Qwen3-0.6B,model.layers.13.mlp.gate_proj.weight,gate_proj,13,mxfp8,0.0,3145728,6.6540273030598955,6.613627115885417,0.040400187174479164,2616470,0.0,True,1.9769525527954102,1.9769525527954102,7.367977445937868e-07,7.367977445937868e-07
Qwen3-0.6B,model.layers.13.mlp.gate_proj.weight,gate_proj,13,mxfp8,1.0,3145728,6.517977396647136,6.477577209472656,0.040400187174479164,2562973,0.09173138936360677,True,1.991769552230835,1.9769525527954102,7.510377031394455e-07,7.367977445937868e-07
Qwen3-0.6B,model.layers.13.mlp.gate_proj.weight,gate_proj,13,mxfp8,5.0,3145728,6.393486022949219,6.353085835774739,0.040400187174479164,2514021,0.19489224751790366,True,2.1384739875793457,1.9769525527954102,9.07666901639459e-07,7.367977445937868e-07
Qwen3-0.6B,model.layers.13.mlp.up_proj.weight,up_proj,13,mxfp4,0.0,3145728,3.9088414510091147,3.8664576212565103,0.042383829752604164,1537019,0.0,True,17.5095272064209,17.5095272064209,8.87993610376725e-06,8.87993610376725e-06
Qwen3-0.6B,model.layers.13.mlp.up_proj.weight,up_proj,13,mxfp4,1.0,3145728,3.90655517578125,3.864171346028646,0.042383829752604164,1536120,0.006841341654459636,True,17.544519424438477,17.5095272064209,8.984825399238616e-06,8.87993610376725e-06
Qwen3-0.6B,model.layers.13.mlp.up_proj.weight,up_proj,13,mxfp4,5.0,3145728,3.814203898111979,3.771820068359375,0.042383829752604164,1499806,0.11998271942138672,True,20.15052032470703,17.5095272064209,1.22346609714441e-05,8.87993610376725e-06
Qwen3-0.6B,model.layers.13.mlp.up_proj.weight,up_proj,13,mxfp8,0.0,3145728,6.668500264485677,6.626116434733073,0.042383829752604164,2622161,0.0,True,1.0220547914505005,1.0220547914505005,5.977431669634825e-07,5.977431669634825e-07
Qwen3-0.6B,model.layers.13.mlp.up_proj.weight,up_proj,13,mxfp8,1.0,3145728,6.5490163167317705,6.506632486979167,0.042383829752604164,2575178,0.0866241455078125,True,1.034460425376892,1.0220547914505005,6.093291062825301e-07,5.977431669634825e-07
Qwen3-0.6B,model.layers.13.mlp.up_proj.weight,up_proj,13,mxfp8,5.0,3145728,6.435994466145833,6.3936106363932295,0.042383829752604164,2530736,0.18596935272216797,True,1.1271170377731323,1.0220547914505005,7.123310297174612e-07,5.977431669634825e-07
Qwen3-0.6B,model.layers.13.self_attn.k_proj.weight,k_proj,13,mxfp4,0.0,1048576,3.9066390991210938,3.86474609375,0.04189300537109375,512051,0.0,True,14.181766510009766,14.181766510009766,7.929200364742428e-06,7.929200364742428e-06
Qwen3-0.6B,model.layers.13.self_attn.k_proj.weight,k_proj,13,mxfp4,1.0,1048576,3.9034194946289062,3.8615264892578125,0.04189300537109375,511629,0.008251190185546875,True,14.196195602416992,14.181766510009766,8.064797839324456e-06,7.929200364742428e-06
Qwen3-0.6B,model.layers.13.self_attn.k_proj.weight,k_proj,13,mxfp4,5.0,1048576,3.848175048828125,3.8062820434570312,0.04189300537109375,504388,0.09642791748046875,True,14.98414134979248,14.181766510009766,1.0984931577695534e-05,7.929200364742428e-06
Qwen3-0.6B,model.layers.13.self_attn.k_proj.weight,k_proj,13,mxfp8,0.0,1048576,6.6519775390625,6.610084533691406,0.04189300537109375,871888,0.0,True,0.8016282320022583,0.8016282320022583,5.284746293909848e-07,5.284746293909848e-07
Qwen3-0.6B,model.layers.13.self_attn.k_proj.weight,k_proj,13,mxfp8,1.0,1048576,6.530242919921875,6.488349914550781,0.04189300537109375,855932,0.09481048583984375,True,0.8070632219314575,0.8016282320022583,5.402200713433558e-07,5.284746293909848e-07
Qwen3-0.6B,model.layers.13.self_attn.k_proj.weight,k_proj,13,mxfp8,5.0,1048576,6.4195556640625,6.377662658691406,0.04189300537109375,841424,0.19580841064453125,True,0.8456371426582336,0.8016282320022583,6.427019911825482e-07,5.284746293909848e-07
Qwen3-0.6B,model.layers.13.self_attn.o_proj.weight,o_proj,13,mxfp4,0.0,2097152,3.973041534423828,3.9310951232910156,0.0419464111328125,1041509,0.0,True,3.3491408824920654,3.3491408824920654,6.906007001816761e-06,6.906007001816761e-06
Qwen3-0.6B,model.layers.13.self_attn.o_proj.weight,o_proj,13,mxfp4,1.0,2097152,3.8428115844726562,3.8008651733398438,0.0419464111328125,1007370,0.09725713729858398,True,3.5724520683288574,3.3491408824920654,8.582177542848513e-06,6.906007001816761e-06
Qwen3-0.6B,model.layers.13.self_attn.o_proj.weight,o_proj,13,mxfp4,5.0,2097152,3.4844017028808594,3.442455291748047,0.0419464111328125,913415,0.3996615409851074,True,7.0175981521606445,3.3491408824920654,2.7350379241397604e-05,6.906007001816761e-06
Qwen3-0.6B,model.layers.13.self_attn.o_proj.weight,o_proj,13,mxfp8,0.0,2097152,6.6493682861328125,6.607421875,0.0419464111328125,1743092,0.0,True,0.21281759440898895,0.21281759440898895,4.6733782710361993e-07,4.6733782710361993e-07
Qwen3-0.6B,model.layers.13.self_attn.o_proj.weight,o_proj,13,mxfp8,1.0,2097152,6.438728332519531,6.396781921386719,0.0419464111328125,1687874,0.1887989044189453,True,0.22708827257156372,0.21281759440898895,5.463610932565643e-07,4.6733782710361993e-07
Qwen3-0.6B,model.layers.13.self_attn.o_proj.weight,o_proj,13,mxfp8,5.0,2097152,6.2404022216796875,6.198455810546875,0.0419464111328125,1635884,0.4544520378112793,True,0.34826523065567017,0.21281759440898895,1.225364712809096e-06,4.6733782710361993e-07
Qwen3-0.6B,model.layers.13.self_attn.q_proj.weight,q_proj,13,mxfp4,0.0,2097152,3.904926300048828,3.8635635375976562,0.041362762451171875,1023653,0.0,True,33.43675231933594,33.43675231933594,1.1392170563340187e-05,1.1392170563340187e-05
Qwen3-0.6B,model.layers.13.self_attn.q_proj.weight,q_proj,13,mxfp4,1.0,2097152,3.900074005126953,3.8587112426757812,0.041362762451171875,1022381,0.01436614990234375,True,33.49740219116211,33.43675231933594,1.1649231964838691e-05,1.1392170563340187e-05
Qwen3-0.6B,model.layers.13.self_attn.q_proj.weight,q_proj,13,mxfp4,5.0,2097152,3.8177566528320312,3.7763938903808594,0.041362762451171875,1000802,0.12441110610961914,True,35.887420654296875,33.43675231933594,1.546092244097963e-05,1.1392170563340187e-05
Qwen3-0.6B,model.layers.13.self_attn.q_proj.weight,q_proj,13,mxfp8,0.0,2097152,6.654937744140625,6.613574981689453,0.041362762451171875,1744552,0.0,True,1.934577465057373,1.934577465057373,7.544964546468691e-07,7.544964546468691e-07
Qwen3-0.6B,model.layers.13.self_attn.q_proj.weight,q_proj,13,mxfp8,1.0,2097152,6.536651611328125,6.495288848876953,0.041362762451171875,1713544,0.08991718292236328,True,1.946707844734192,1.934577465057373,7.703745268372586e-07,7.544964546468691e-07
Qwen3-0.6B,model.layers.13.self_attn.q_proj.weight,q_proj,13,mxfp8,5.0,2097152,6.431949615478516,6.390586853027344,0.041362762451171875,1686097,0.1942591667175293,True,2.041658878326416,1.934577465057373,9.117493391386233e-07,7.544964546468691e-07
Qwen3-0.6B,model.layers.13.self_attn.v_proj.weight,v_proj,13,mxfp4,0.0,1048576,3.9109115600585938,3.86480712890625,0.04610443115234375,512611,0.0,True,10.45836353302002,10.45836353302002,9.442193004360888e-06,9.442193004360888e-06
Qwen3-0.6B,model.layers.13.self_attn.v_proj.weight,v_proj,13,mxfp4,1.0,1048576,3.90948486328125,3.8633804321289062,0.04610443115234375,512424,0.006854057312011719,True,10.468509674072266,10.45836353302002,9.55759605858475e-06,9.442193004360888e-06
Qwen3-0.6B,model.layers.13.self_attn.v_proj.weight,v_proj,13,mxfp4,5.0,1048576,3.8802642822265625,3.8341598510742188,0.04610443115234375,508594,0.07174110412597656,True,11.04758071899414,10.45836353302002,1.2826145393773913e-05,9.442193004360888e-06
Qwen3-0.6B,model.layers.13.self_attn.v_proj.weight,v_proj,13,mxfp8,0.0,1048576,6.679008483886719,6.632904052734375,0.04610443115234375,875431,0.0,True,0.5570984482765198,0.5570984482765198,6.407995556401147e-07,6.407995556401147e-07
Qwen3-0.6B,model.layers.13.self_attn.v_proj.weight,v_proj,13,mxfp8,1.0,1048576,6.571846008300781,6.5257415771484375,0.04610443115234375,861385,0.08226394653320312,True,0.5622609853744507,0.5570984482765198,6.529124902954209e-07,6.407995556401147e-07
Qwen3-0.6B,model.layers.13.self_attn.v_proj.weight,v_proj,13,mxfp8,5.0,1048576,6.47540283203125,6.429298400878906,0.04610443115234375,848744,0.17509174346923828,True,0.6022371649742126,0.5570984482765198,7.83674522608635e-07,6.407995556401147e-07
Qwen3-0.6B,model.layers.14.mlp.down_proj.weight,down_proj,14,mxfp4,0.0,3145728,3.8923975626627603,3.847015380859375,0.045382181803385414,1530553,0.0,True,2.2281551361083984,2.2281551361083984,7.85544398240745e-06,7.85544398240745e-06
Qwen3-0.6B,model.layers.14.mlp.down_proj.weight,down_proj,14,mxfp4,1.0,3145728,3.7625350952148438,3.7171529134114585,0.045382181803385414,1479489,0.23579088846842447,True,3.1646180152893066,2.2281551361083984,1.8367014490650035e-05,7.85544398240745e-06
Qwen3-0.6B,model.layers.14.mlp.down_proj.weight,down_proj,14,mxfp4,5.0,3145728,3.45025634765625,3.4048741658528647,0.045382181803385414,1356696,0.5495859781901041,True,8.25960922241211,2.2281551361083984,4.625395013135858e-05,7.85544398240745e-06
Qwen3-0.6B,model.layers.14.mlp.down_proj.weight,down_proj,14,mxfp8,0.0,3145728,6.705240885416667,6.659858703613281,0.045382181803385414,2636608,0.0,True,0.14154799282550812,0.14154799282550812,5.247570697974879e-07,5.247570697974879e-07
Qwen3-0.6B,model.layers.14.mlp.down_proj.weight,down_proj,14,mxfp8,1.0,3145728,6.431009928385417,6.385627746582031,0.045382181803385414,2528776,0.2873109181722005,True,0.1755100041627884,0.14154799282550812,8.34449394915282e-07,5.247570697974879e-07
Qwen3-0.6B,model.layers.14.mlp.down_proj.weight,down_proj,14,mxfp8,5.0,3145728,6.195849100748698,6.1504669189453125,0.045382181803385414,2436307,0.6093432108561198,True,0.38106095790863037,0.14154799282550812,2.1933014977548737e-06,5.247570697974879e-07
Qwen3-0.6B,model.layers.14.mlp.gate_proj.weight,gate_proj,14,mxfp4,0.0,3145728,3.9041849772135415,3.8636805216471353,0.04050445556640625,1535188,0.0,True,29.61598014831543,29.61598014831543,1.005761805572547e-05,1.005761805572547e-05
Qwen3-0.6B,model.layers.14.mlp.gate_proj.weight,gate_proj,14,mxfp4,1.0,3145728,3.9014205932617188,3.8609161376953125,0.04050445556640625,1534101,0.007780710856119792,True,29.663259506225586,29.61598014831543,1.014285680867033e-05,1.005761805572547e-05
Qwen3-0.6B,model.layers.14.mlp.gate_proj.weight,gate_proj,14,mxfp4,5.0,3145728,3.7904739379882812,3.749969482421875,0.04050445556640625,1490475,0.13863468170166016,True,32.85173034667969,29.61598014831543,1.3216643310443033e-05,1.005761805572547e-05
Qwen3-0.6B,model.layers.14.mlp.gate_proj.weight,gate_proj,14,mxfp8,0.0,3145728,6.658131917317708,6.617627461751302,0.04050445556640625,2618084,0.0,True,1.9305191040039062,1.9305191040039062,6.710659476993897e-07,6.710659476993897e-07
Qwen3-0.6B,model.layers.14.mlp.gate_proj.weight,gate_proj,14,mxfp8,1.0,3145728,6.542449951171875,6.501945495605469,0.04050445556640625,2572596,0.0892038345336914,True,1.9442921876907349,1.9305191040039062,6.82778590999078e-07,6.710659476993897e-07
Qwen3-0.6B,model.layers.14.mlp.gate_proj.weight,gate_proj,14,mxfp8,5.0,3145728,6.432233174641927,6.3917287190755205,0.04050445556640625,2529257,0.19057146708170572,True,2.0549697875976562,1.9305191040039062,7.801751849001448e-07,6.710659476993897e-07
Qwen3-0.6B,model.layers.14.mlp.up_proj.weight,up_proj,14,mxfp4,0.0,3145728,3.9081522623697915,3.865605672200521,0.042546590169270836,1536748,0.0,True,17.647363662719727,17.647363662719727,8.291152880701702e-06,8.291152880701702e-06
Qwen3-0.6B,model.layers.14.mlp.up_proj.weight,up_proj,14,mxfp4,1.0,3145728,3.9074020385742188,3.8648554484049478,0.042546590169270836,1536453,0.003200531005859375,True,17.66041374206543,17.647363662719727,8.32427576824557e-06,8.291152880701702e-06
Qwen3-0.6B,model.layers.14.mlp.up_proj.weight,up_proj,14,mxfp4,5.0,3145728,3.8244603474934897,3.7819137573242188,0.042546590169270836,1503839,0.10856787363688152,True,19.962404251098633,17.647363662719727,1.0649789146555122e-05,8.291152880701702e-06
Qwen3-0.6B,model.layers.14.mlp.up_proj.weight,up_proj,14,mxfp8,0.0,3145728,6.6696319580078125,6.627085367838542,0.042546590169270836,2622606,0.0,True,1.030015230178833,1.030015230178833,5.580916990766127e-07,5.580916990766127e-07
Qwen3-0.6B,model.layers.14.mlp.up_proj.weight,up_proj,14,mxfp8,1.0,3145728,6.548774719238281,6.506228129069011,0.042546590169270836,2575083,0.08648077646891277,True,1.0427865982055664,1.030015230178833,5.686222266376717e-07,5.580916990766127e-07
Qwen3-0.6B,model.layers.14.mlp.up_proj.weight,up_proj,14,mxfp8,5.0,3145728,6.441986083984375,6.3994394938151045,0.042546590169270836,2533092,0.17610836029052734,True,1.1280841827392578,1.030015230178833,6.415868938347558e-07,5.580916990766127e-07
Qwen3-0.6B,model.layers.14.self_attn.k_proj.weight,k_proj,14,mxfp4,0.0,1048576,3.9041671752929688,3.8629913330078125,0.04117584228515625,511727,0.0,True,17.87255096435547,17.87255096435547,7.89808836998418e-06,7.89808836998418e-06
Qwen3-0.6B,model.layers.14.self_attn.k_proj.weight,k_proj,14,mxfp4,1.0,1048576,3.901214599609375,3.8600387573242188,0.04117584228515625,511340,0.008709907531738281,True,17.88454818725586,17.87255096435547,7.987985554791521e-06,7.89808836998418e-06
Qwen3-0.6B,model.layers.14.self_attn.k_proj.weight,k_proj,14,mxfp4,5.0,1048576,3.868865966796875,3.8276901245117188,0.04117584228515625,507100,0.07157421112060547,True,18.356613159179688,17.87255096435547,9.889267857943196e-06,7.89808836998418e-06
Qwen3-0.6B,model.layers.14.self_attn.k_proj.weight,k_proj,14,mxfp8,0.0,1048576,6.657173156738281,6.615997314453125,0.04117584228515625,872569,0.0,True,1.0572242736816406,1.0572242736816406,5.238529752205068e-07,5.238529752205068e-07
Qwen3-0.6B,model.layers.14.self_attn.k_proj.weight,k_proj,14,mxfp8,1.0,1048576,6.551017761230469,6.5098419189453125,0.04117584228515625,858655,0.0871124267578125,True,1.0623180866241455,1.0572242736816406,5.337335551303113e-07,5.238529752205068e-07
Qwen3-0.6B,model.layers.14.self_attn.k_proj.weight,k_proj,14,mxfp8,5.0,1048576,6.451789855957031,6.410614013671875,0.04117584228515625,845649,0.1825695037841797,True,1.0997014045715332,1.0572242736816406,6.091761406423757e-07,5.238529752205068e-07
Qwen3-0.6B,model.layers.14.self_attn.o_proj.weight,o_proj,14,mxfp4,0.0,2097152,3.92559814453125,3.88433837890625,0.041259765625,1029072,0.0,True,2.380964994430542,2.380964994430542,6.518272130051628e-06,6.518272130051628e-06
Qwen3-0.6B,model.layers.14.self_attn.o_proj.weight,o_proj,14,mxfp4,1.0,2097152,3.8022918701171875,3.7610321044921875,0.041259765625,996748,0.14290237426757812,True,2.6882522106170654,2.380964994430542,1.0246831152471714e-05,6.518272130051628e-06
Qwen3-0.6B,model.layers.14.self_attn.o_proj.weight,o_proj,14,mxfp4,5.0,2097152,3.3830718994140625,3.3418121337890625,0.041259765625,886852,0.45731019973754883,True,5.606759548187256,2.380964994430542,3.0669456464238465e-05,6.518272130051628e-06
Qwen3-0.6B,model.layers.14.self_attn.o_proj.weight,o_proj,14,mxfp8,0.0,2097152,6.6436767578125,6.6024169921875,0.041259765625,1741600,0.0,True,0.15323936939239502,0.15323936939239502,4.384708347515698e-07,4.384708347515698e-07
Qwen3-0.6B,model.layers.14.self_attn.o_proj.weight,o_proj,14,mxfp8,1.0,2097152,6.403175354003906,6.361915588378906,0.041259765625,1678554,0.21569538116455078,True,0.16855669021606445,0.15323936939239502,5.6986726804098e-07,4.384708347515698e-07
Qwen3-0.6B,model.layers.14.self_attn.o_proj.weight,o_proj,14,mxfp8,5.0,2097152,6.202053070068359,6.160793304443359,0.041259765625,1625831,0.5062341690063477,True,0.281410813331604,0.15323936939239502,1.4541196833306458e-06,4.384708347515698e-07
Qwen3-0.6B,model.layers.14.self_attn.q_proj.weight,q_proj,14,mxfp4,0.0,2097152,3.9035911560058594,3.8610305786132812,0.042560577392578125,1023303,0.0,True,42.81610107421875,42.81610107421875,1.104763759940397e-05,1.104763759940397e-05
Qwen3-0.6B,model.layers.14.self_attn.q_proj.weight,q_proj,14,mxfp4,1.0,2097152,3.899921417236328,3.85736083984375,0.042560577392578125,1022341,0.011892318725585938,True,42.863216400146484,42.81610107421875,1.1187172276549973e-05,1.104763759940397e-05
Qwen3-0.6B,model.layers.14.self_attn.q_proj.weight,q_proj,14,mxfp4,5.0,2097152,3.8543052673339844,3.8117446899414062,0.042560577392578125,1010383,0.08993959426879883,True,44.545555114746094,42.81610107421875,1.3964051504444797e-05,1.104763759940397e-05
Qwen3-0.6B,model.layers.14.self_attn.q_proj.weight,q_proj,14,mxfp8,0.0,2097152,6.663600921630859,6.621040344238281,0.042560577392578125,1746823,0.0,True,2.393094539642334,2.393094539642334,7.376214057330799e-07,7.376214057330799e-07
Qwen3-0.6B,model.layers.14.self_attn.q_proj.weight,q_proj,14,mxfp8,1.0,2097152,6.562919616699219,6.520359039306641,0.042560577392578125,1720430,0.08550405502319336,True,2.406141519546509,2.393094539642334,7.497962428715255e-07,7.376214057330799e-07
Qwen3-0.6B,model.layers.14.self_attn.q_proj.weight,q_proj,14,mxfp8,5.0,2097152,6.471858978271484,6.429298400878906,0.042560577392578125,1696559,0.18102359771728516,True,2.5035080909729004,2.393094539642334,8.543530043425562e-07,7.376214057330799e-07
Qwen3-0.6B,model.layers.14.self_attn.v_proj.weight,v_proj,14,mxfp4,0.0,1048576,3.9115066528320312,3.865966796875,0.04553985595703125,512689,0.0,True,12.59478759765625,12.59478759765625,8.490129403071478e-06,8.490129403071478e-06
Qwen3-0.6B,model.layers.14.self_attn.v_proj.weight,v_proj,14,mxfp4,1.0,1048576,3.9103927612304688,3.8648529052734375,0.04553985595703125,512543,0.00464630126953125,True,12.601902961730957,12.59478759765625,8.563863048038911e-06,8.490129403071478e-06
Qwen3-0.6B,model.layers.14.self_attn.v_proj.weight,v_proj,14,mxfp4,5.0,1048576,3.89703369140625,3.8514938354492188,0.04553985595703125,510792,0.04732704162597656,True,12.918737411499023,12.59478759765625,1.0665848094504327e-05,8.490129403071478e-06
Qwen3-0.6B,model.layers.14.self_attn.v_proj.weight,v_proj,14,mxfp8,0.0,1048576,6.6820831298828125,6.636543273925781,0.04553985595703125,875834,0.0,True,0.6952203512191772,0.6952203512191772,5.755904339821427e-07,5.755904339821427e-07
Qwen3-0.6B,model.layers.14.self_attn.v_proj.weight,v_proj,14,mxfp8,1.0,1048576,6.582733154296875,6.537193298339844,0.04553985595703125,862812,0.07761478424072266,True,0.7002261281013489,0.6952203512191772,5.852603521816491e-07,5.755904339821427e-07
Qwen3-0.6B,model.layers.14.self_attn.v_proj.weight,v_proj,14,mxfp8,5.0,1048576,6.4950714111328125,6.449531555175781,0.04553985595703125,851322,0.16573333740234375,True,0.7393319010734558,0.6952203512191772,6.763984288227221e-07,5.755904339821427e-07
Qwen3-0.6B,model.layers.15.mlp.down_proj.weight,down_proj,15,mxfp4,0.0,3145728,3.8944371541341147,3.848932902018229,0.045504252115885414,1531355,0.0,True,3.273496389389038,3.273496389389038,7.834204552636947e-06,7.834204552636947e-06
Qwen3-0.6B,model.layers.15.mlp.down_proj.weight,down_proj,15,mxfp4,1.0,3145728,3.80426025390625,3.7587560017903647,0.045504252115885414,1495896,0.1815608342488607,True,3.9861316680908203,3.273496389389038,1.531865018478129e-05,7.834204552636947e-06
Qwen3-0.6B,model.layers.15.mlp.down_proj.weight,down_proj,15,mxfp4,5.0,3145728,3.5286026000976562,3.483098347981771,0.045504252115885414,1387503,0.4873940149943034,True,9.22903823852539,3.273496389389038,4.064664608449675e-05,7.834204552636947e-06
Qwen3-0.6B,model.layers.15.mlp.down_proj.weight,down_proj,15,mxfp8,0.0,3145728,6.702138264973958,6.656634012858073,0.045504252115885414,2635388,0.0,True,0.20613881945610046,0.20613881945610046,5.230891702012741e-07,5.230891702012741e-07
Qwen3-0.6B,model.layers.15.mlp.down_proj.weight,down_proj,15,mxfp8,1.0,3145728,6.448588053385417,6.403083801269531,0.045504252115885414,2535688,0.25052515665690106,True,0.23659496009349823,0.20613881945610046,7.565146802335221e-07,5.230891702012741e-07
Qwen3-0.6B,model.layers.15.mlp.down_proj.weight,down_proj,15,mxfp8,5.0,3145728,6.227902730305989,6.1823984781901045,0.045504252115885414,2448911,0.5388898849487305,True,0.4375387728214264,0.20613881945610046,1.898535742839158e-06,5.230891702012741e-07
Qwen3-0.6B,model.layers.15.mlp.gate_proj.weight,gate_proj,15,mxfp4,0.0,3145728,3.9042587280273438,3.8635889689127603,0.040669759114583336,1535217,0.0,True,38.600914001464844,38.600914001464844,1.0176772775594145e-05,1.0176772775594145e-05
Qwen3-0.6B,model.layers.15.mlp.gate_proj.weight,gate_proj,15,mxfp4,1.0,3145728,3.9026590983072915,3.8619893391927085,0.040669759114583336,1534588,0.004111925760904948,True,38.62255096435547,38.600914001464844,1.0202799785474781e-05,1.0176772775594145e-05
Qwen3-0.6B,model.layers.15.mlp.gate_proj.weight,gate_proj,15,mxfp4,5.0,3145728,3.8084437052408853,3.7677739461263022,0.040669759114583336,1497541,0.12230332692464192,True,41.592689514160156,38.600914001464844,1.2515824892034288e-05,1.0176772775594145e-05
Qwen3-0.6B,model.layers.15.mlp.gate_proj.weight,gate_proj,15,mxfp8,0.0,3145728,6.660362243652344,6.619692484537761,0.040669759114583336,2618961,0.0,True,2.402479648590088,2.402479648590088,6.822359068792139e-07,6.822359068792139e-07
Qwen3-0.6B,model.layers.15.mlp.gate_proj.weight,gate_proj,15,mxfp8,1.0,3145728,6.5437876383463545,6.5031178792317705,0.040669759114583336,2573122,0.08593273162841797,True,2.4166829586029053,2.402479648590088,6.921563340256398e-07,6.822359068792139e-07
Qwen3-0.6B,model.layers.15.mlp.gate_proj.weight,gate_proj,15,mxfp8,5.0,3145728,6.431978861490886,6.391309102376302,0.040669759114583336,2529157,0.18606281280517578,True,2.52669620513916,2.402479648590088,7.679003033445042e-07,6.822359068792139e-07
Qwen3-0.6B,model.layers.15.mlp.up_proj.weight,up_proj,15,mxfp4,0.0,3145728,3.9067713419596353,3.863886515299479,0.04288482666015625,1536205,0.0,True,22.178760528564453,22.178760528564453,8.598457498010248e-06,8.598457498010248e-06
Qwen3-0.6B,model.layers.15.mlp.up_proj.weight,up_proj,15,mxfp4,1.0,3145728,3.9062118530273438,3.8633270263671875,0.04288482666015625,1535985,0.0020551681518554688,True,22.187421798706055,22.178760528564453,8.611341399955563e-06,8.598457498010248e-06
Qwen3-0.6B,model.layers.15.mlp.up_proj.weight,up_proj,15,mxfp4,5.0,3145728,3.839014689127604,3.7961298624674478,0.04288482666015625,1509562,0.09552447001139323,True,24.29064178466797,22.178760528564453,1.03008424048312e-05,8.598457498010248e-06
Qwen3-0.6B,model.layers.15.mlp.up_proj.weight,up_proj,15,mxfp8,0.0,3145728,6.672587076822917,6.629702250162761,0.04288482666015625,2623768,0.0,True,1.2818019390106201,1.2818019390106201,5.770729671894514e-07,5.770729671894514e-07
Qwen3-0.6B,model.layers.15.mlp.up_proj.weight,up_proj,15,mxfp8,1.0,3145728,6.5581309000651045,6.515246073404948,0.04288482666015625,2578762,0.08175977071126302,True,1.294407606124878,1.2818019390106201,5.857208975612593e-07,5.770729671894514e-07
Qwen3-0.6B,model.layers.15.mlp.up_proj.weight,up_proj,15,mxfp8,5.0,3145728,6.449338277180989,6.406453450520833,0.04288482666015625,2535983,0.16022555033365884,True,1.3798441886901855,1.2818019390106201,6.428087431231688e-07,5.770729671894514e-07
Qwen3-0.6B,model.layers.15.self_attn.k_proj.weight,k_proj,15,mxfp4,0.0,1048576,3.9052505493164062,3.8647003173828125,0.04055023193359375,511869,0.0,True,32.73518753051758,32.73518753051758,7.01631506672129e-06,7.01631506672129e-06
Qwen3-0.6B,model.layers.15.self_attn.k_proj.weight,k_proj,15,mxfp4,1.0,1048576,3.904937744140625,3.8643875122070312,0.04055023193359375,511828,0.0010766983032226562,True,32.736595153808594,32.73518753051758,7.021890723990509e-06,7.01631506672129e-06
Qwen3-0.6B,model.layers.15.self_attn.k_proj.weight,k_proj,15,mxfp4,5.0,1048576,3.8930740356445312,3.8525238037109375,0.04055023193359375,510273,0.024776458740234375,True,32.89356994628906,32.73518753051758,7.389080565189943e-06,7.01631506672129e-06
Qwen3-0.6B,model.layers.15.self_attn.k_proj.weight,k_proj,15,mxfp8,0.0,1048576,6.6521148681640625,6.611564636230469,0.04055023193359375,871906,0.0,True,1.9038467407226562,1.9038467407226562,4.6622591298728366e-07,4.6622591298728366e-07
Qwen3-0.6B,model.layers.15.self_attn.k_proj.weight,k_proj,15,mxfp8,1.0,1048576,6.5687713623046875,6.528221130371094,0.04055023193359375,860982,0.05843353271484375,True,1.906252145767212,1.9038467407226562,4.685960277583945e-07,4.6622591298728366e-07
Qwen3-0.6B,model.layers.15.self_attn.k_proj.weight,k_proj,15,mxfp8,5.0,1048576,6.5029144287109375,6.462364196777344,0.04055023193359375,852350,0.11419296264648438,True,1.924046277999878,1.9038467407226562,4.867144980380544e-07,4.6622591298728366e-07
Qwen3-0.6B,model.layers.15.self_attn.o_proj.weight,o_proj,15,mxfp4,0.0,2097152,3.9295120239257812,3.8850326538085938,0.0444793701171875,1030098,0.0,True,3.0589540004730225,3.0589540004730225,7.274387826328166e-06,7.274387826328166e-06
Qwen3-0.6B,model.layers.15.self_attn.o_proj.weight,o_proj,15,mxfp4,1.0,2097152,3.8523025512695312,3.8078231811523438,0.0444793701171875,1009858,0.0923008918762207,True,3.2794535160064697,3.0589540004730225,9.039646101882681e-06,7.274387826328166e-06
Qwen3-0.6B,model.layers.15.self_attn.o_proj.weight,o_proj,15,mxfp4,5.0,2097152,3.486591339111328,3.4421119689941406,0.0444793701171875,913989,0.4019656181335449,True,6.998628616333008,3.0589540004730225,2.854557169484906e-05,7.274387826328166e-06
Qwen3-0.6B,model.layers.15.self_attn.o_proj.weight,o_proj,15,mxfp8,0.0,2097152,6.654163360595703,6.609683990478516,0.0444793701171875,1744349,0.0,True,0.19440957903862,0.19440957903862,4.944032525600051e-07,4.944032525600051e-07
Qwen3-0.6B,model.layers.15.self_attn.o_proj.weight,o_proj,15,mxfp8,1.0,2097152,6.438396453857422,6.393917083740234,0.0444793701171875,1687787,0.17917108535766602,True,0.20914043486118317,0.19440957903862,5.742284656662378e-07,4.944032525600051e-07
Qwen3-0.6B,model.layers.15.self_attn.o_proj.weight,o_proj,15,mxfp8,5.0,2097152,6.242298126220703,6.197818756103516,0.0444793701171875,1636381,0.4354124069213867,True,0.33273544907569885,0.19440957903862,1.256485461453849e-06,4.944032525600051e-07
Qwen3-0.6B,model.layers.15.self_attn.q_proj.weight,q_proj,15,mxfp4,0.0,2097152,3.903484344482422,3.86053466796875,0.042949676513671875,1023275,0.0,True,81.0816650390625,81.0816650390625,1.1369294952601194e-05,1.1369294952601194e-05
Qwen3-0.6B,model.layers.15.self_attn.q_proj.weight,q_proj,15,mxfp4,1.0,2097152,3.9024314880371094,3.8594818115234375,0.042949676513671875,1022999,0.003658771514892578,True,81.094482421875,81.0816650390625,1.1385101970518008e-05,1.1369294952601194e-05
Qwen3-0.6B,model.layers.15.self_attn.q_proj.weight,q_proj,15,mxfp4,5.0,2097152,3.8907203674316406,3.8477706909179688,0.042949676513671875,1019929,0.03672981262207031,True,81.6983642578125,81.0816650390625,1.2059593245794531e-05,1.1369294952601194e-05
Qwen3-0.6B,model.layers.15.self_attn.q_proj.weight,q_proj,15,mxfp8,0.0,2097152,6.662334442138672,6.619384765625,0.042949676513671875,1746491,0.0,True,4.664543151855469,4.664543151855469,7.529137633355276e-07,7.529137633355276e-07
Qwen3-0.6B,model.layers.15.self_attn.q_proj.weight,q_proj,15,mxfp8,1.0,2097152,6.577850341796875,6.534900665283203,0.042949676513671875,1724344,0.061374664306640625,True,4.675826549530029,4.664543151855469,7.583098522445653e-07,7.529137633355276e-07
Qwen3-0.6B,model.layers.15.self_attn.q_proj.weight,q_proj,15,mxfp8,5.0,2097152,6.504467010498047,6.461517333984375,0.042949676513671875,1705107,0.13403034210205078,True,4.7759599685668945,4.664543151855469,8.04398666787165e-07,7.529137633355276e-07
Qwen3-0.6B,model.layers.15.self_attn.v_proj.weight,v_proj,15,mxfp4,0.0,1048576,3.903106689453125,3.8566207885742188,0.04648590087890625,511588,0.0,True,23.724143981933594,23.724143981933594,9.16202952794265e-06,9.16202952794265e-06
Qwen3-0.6B,model.layers.15.self_attn.v_proj.weight,v_proj,15,mxfp4,1.0,1048576,3.9030609130859375,3.8565750122070312,0.04648590087890625,511582,0.000194549560546875,True,23.724483489990234,23.724143981933594,9.164325092569925e-06,9.16202952794265e-06
Qwen3-0.6B,model.layers.15.self_attn.v_proj.weight,v_proj,15,mxfp4,5.0,1048576,3.8997802734375,3.8532943725585938,0.04648590087890625,511152,0.016263961791992188,True,23.84246063232422,23.724143981933594,9.573761417414062e-06,9.16202952794265e-06
Qwen3-0.6B,model.layers.15.self_attn.v_proj.weight,v_proj,15,mxfp8,0.0,1048576,6.6929931640625,6.646507263183594,0.04648590087890625,877264,0.0,True,1.2370336055755615,1.2370336055755615,6.132131602498703e-07,6.132131602498703e-07
Qwen3-0.6B,model.layers.15.self_attn.v_proj.weight,v_proj,15,mxfp8,1.0,1048576,6.6193695068359375,6.572883605957031,0.04648590087890625,867614,0.053028106689453125,True,1.2403242588043213,1.2370336055755615,6.165772674648906e-07,6.132131602498703e-07
Qwen3-0.6B,model.layers.15.self_attn.v_proj.weight,v_proj,15,mxfp8,5.0,1048576,6.556671142578125,6.510185241699219,0.04648590087890625,859396,0.11036014556884766,True,1.2709219455718994,1.2370336055755615,6.458591883529152e-07,6.132131602498703e-07
Qwen3-0.6B,model.layers.16.mlp.down_proj.weight,down_proj,16,mxfp4,0.0,3145728,3.8900680541992188,3.843633015950521,0.046435038248697914,1529637,0.0,True,9.740641593933105,9.740641593933105,8.126466127578169e-06,8.126466127578169e-06
Qwen3-0.6B,model.layers.16.mlp.down_proj.weight,down_proj,16,mxfp4,1.0,3145728,3.850397745768229,3.8039627075195312,0.046435038248697914,1514038,0.10113366444905598,True,10.180188179016113,9.740641593933105,1.1985282071691472e-05,8.126466127578169e-06
Qwen3-0.6B,model.layers.16.mlp.down_proj.weight,down_proj,16,mxfp4,5.0,3145728,3.6551310221354165,3.6086959838867188,0.046435038248697914,1437256,0.3720731735229492,True,15.533575057983398,9.740641593933105,3.190389179508202e-05,8.126466127578169e-06
Qwen3-0.6B,model.layers.16.mlp.down_proj.weight,down_proj,16,mxfp8,0.0,3145728,6.7119140625,6.665479024251302,0.046435038248697914,2639232,0.0,True,0.6119107007980347,0.6119107007980347,5.396454412220919e-07,5.396454412220919e-07
Qwen3-0.6B,model.layers.16.mlp.down_proj.weight,down_proj,16,mxfp8,1.0,3145728,6.526115417480469,6.4796803792317705,0.046435038248697914,2566173,0.17445055643717447,True,0.6363759636878967,0.6119107007980347,6.621081070079526e-07,5.396454412220919e-07
Qwen3-0.6B,model.layers.16.mlp.down_proj.weight,down_proj,16,mxfp8,5.0,3145728,6.3365427652994795,6.290107727050781,0.046435038248697914,2491630,0.41426658630371094,True,0.827714204788208,0.6119107007980347,1.44837122206809e-06,5.396454412220919e-07
Qwen3-0.6B,model.layers.16.mlp.gate_proj.weight,gate_proj,16,mxfp4,0.0,3145728,3.899907430013021,3.858306884765625,0.041600545247395836,1533506,0.0,True,43.36070251464844,43.36070251464844,1.005699687084416e-05,1.005699687084416e-05
Qwen3-0.6B,model.layers.16.mlp.gate_proj.weight,gate_proj,16,mxfp4,1.0,3145728,3.8991546630859375,3.8575541178385415,0.041600545247395836,1533210,0.003173828125,True,43.375301361083984,43.36070251464844,1.0071565156977158e-05,1.005699687084416e-05
Qwen3-0.6B,model.layers.16.mlp.gate_proj.weight,gate_proj,16,mxfp4,5.0,3145728,3.841766357421875,3.800165812174479,0.041600545247395836,1510644,0.11519177754720052,True,46.05332946777344,43.36070251464844,1.1880599231517408e-05,1.005699687084416e-05
Qwen3-0.6B,model.layers.16.mlp.gate_proj.weight,gate_proj,16,mxfp8,0.0,3145728,6.677736918131511,6.636136372884114,0.041600545247395836,2625793,0.0,True,2.9450933933258057,2.9450933933258057,6.743307494616602e-07,6.743307494616602e-07
Qwen3-0.6B,model.layers.16.mlp.gate_proj.weight,gate_proj,16,mxfp8,1.0,3145728,6.565889994303386,6.524289449055989,0.041600545247395836,2581813,0.08577728271484375,True,2.959256172180176,2.9450933933258057,6.822965588071384e-07,6.743307494616602e-07
Qwen3-0.6B,model.layers.16.mlp.gate_proj.weight,gate_proj,16,mxfp8,5.0,3145728,6.4630482991536455,6.42144775390625,0.041600545247395836,2541374,0.17955430348714194,True,3.07358455657959,2.9450933933258057,7.515827178394829e-07,6.743307494616602e-07
Qwen3-0.6B,model.layers.16.mlp.up_proj.weight,up_proj,16,mxfp4,0.0,3145728,3.9000676472981772,3.85479736328125,0.045270284016927086,1533569,0.0,True,27.77484130859375,27.77484130859375,9.282934115617536e-06,9.282934115617536e-06
Qwen3-0.6B,model.layers.16.mlp.up_proj.weight,up_proj,16,mxfp4,1.0,3145728,3.8990910847981772,3.85382080078125,0.045270284016927086,1533185,0.0028944015502929688,True,27.788253784179688,27.77484130859375,9.294392839365173e-06,9.282934115617536e-06
Qwen3-0.6B,model.layers.16.mlp.up_proj.weight,up_proj,16,mxfp4,5.0,3145728,3.8534520467122397,3.8081817626953125,0.045270284016927086,1515239,0.09950510660807292,True,30.013641357421875,27.77484130859375,1.0808719707711134e-05,9.282934115617536e-06
Qwen3-0.6B,model.layers.16.mlp.up_proj.weight,up_proj,16,mxfp8,0.0,3145728,6.698992411295573,6.6537221272786455,0.045270284016927086,2634151,0.0,True,1.637878656387329,1.637878656387329,6.202951112754818e-07,6.202951112754818e-07
Qwen3-0.6B,model.layers.16.mlp.up_proj.weight,up_proj,16,mxfp8,1.0,3145728,6.584737141927083,6.539466857910156,0.045270284016927086,2589224,0.07901891072591145,True,1.6508471965789795,1.637878656387329,6.272932182582736e-07,6.202951112754818e-07
Qwen3-0.6B,model.layers.16.mlp.up_proj.weight,up_proj,16,mxfp8,5.0,3145728,6.47991943359375,6.434649149576823,0.045270284016927086,2548008,0.16581058502197266,True,1.7492733001708984,1.637878656387329,6.845464213256491e-07,6.202951112754818e-07
Qwen3-0.6B,model.layers.16.self_attn.k_proj.weight,k_proj,16,mxfp4,0.0,1048576,3.90057373046875,3.8578262329101562,0.04274749755859375,511256,0.0,True,45.216217041015625,45.216217041015625,7.877207281126175e-06,7.877207281126175e-06
Qwen3-0.6B,model.layers.16.self_attn.k_proj.weight,k_proj,16,mxfp4,1.0,1048576,3.9000320434570312,3.8572845458984375,0.04274749755859375,511185,0.00185394287109375,True,45.2192268371582,45.216217041015625,7.883336365921423e-06,7.877207281126175e-06
Qwen3-0.6B,model.layers.16.self_attn.k_proj.weight,k_proj,16,mxfp4,5.0,1048576,3.8876190185546875,3.8448715209960938,0.04274749755859375,509558,0.03380107879638672,True,45.43714141845703,45.216217041015625,8.16108786239056e-06,7.877207281126175e-06
Qwen3-0.6B,model.layers.16.self_attn.k_proj.weight,k_proj,16,mxfp8,0.0,1048576,6.67169189453125,6.628944396972656,0.04274749755859375,874472,0.0,True,2.5686769485473633,2.5686769485473633,5.163469722901937e-07,5.163469722901937e-07
Qwen3-0.6B,model.layers.16.self_attn.k_proj.weight,k_proj,16,mxfp8,1.0,1048576,6.5870819091796875,6.544334411621094,0.04274749755859375,863382,0.05762958526611328,True,2.5712060928344727,2.5686769485473633,5.182622544452897e-07,5.163469722901937e-07
Qwen3-0.6B,model.layers.16.self_attn.k_proj.weight,k_proj,16,mxfp8,5.0,1048576,6.5244140625,6.481666564941406,0.04274749755859375,855168,0.11612892150878906,True,2.591747283935547,2.5686769485473633,5.344941769180878e-07,5.163469722901937e-07
Qwen3-0.6B,model.layers.16.self_attn.o_proj.weight,o_proj,16,mxfp4,0.0,2097152,3.9106483459472656,3.866535186767578,0.0441131591796875,1025153,0.0,True,5.313743591308594,5.313743591308594,7.1324766395264305e-06,7.1324766395264305e-06
Qwen3-0.6B,model.layers.16.self_attn.o_proj.weight,o_proj,16,mxfp4,1.0,2097152,3.8661842346191406,3.822071075439453,0.0441131591796875,1013497,0.07299661636352539,True,5.494582176208496,5.313743591308594,8.297698514070362e-06,7.1324766395264305e-06
Qwen3-0.6B,model.layers.16.self_attn.o_proj.weight,o_proj,16,mxfp4,5.0,2097152,3.594348907470703,3.5502357482910156,0.0441131591796875,942237,0.33052921295166016,True,8.484359741210938,5.313743591308594,2.2465070287580602e-05,7.1324766395264305e-06
Qwen3-0.6B,model.layers.16.self_attn.o_proj.weight,o_proj,16,mxfp8,0.0,2097152,6.65673828125,6.6126251220703125,0.0441131591796875,1745024,0.0,True,0.34337544441223145,0.34337544441223145,4.799254611498327e-07,4.799254611498327e-07
Qwen3-0.6B,model.layers.16.self_attn.o_proj.weight,o_proj,16,mxfp8,1.0,2097152,6.474086761474609,6.429973602294922,0.0441131591796875,1697143,0.1604633331298828,True,0.3563495874404907,0.34337544441223145,5.37445430381922e-07,4.799254611498327e-07
Qwen3-0.6B,model.layers.16.self_attn.o_proj.weight,o_proj,16,mxfp8,5.0,2097152,6.291801452636719,6.247688293457031,0.0441131591796875,1649358,0.38369035720825195,True,0.4667651653289795,0.34337544441223145,1.0540416042204015e-06,4.799254611498327e-07
Qwen3-0.6B,model.layers.16.self_attn.q_proj.weight,q_proj,16,mxfp4,0.0,2097152,3.901287078857422,3.858795166015625,0.042491912841796875,1022699,0.0,True,116.57186889648438,116.57186889648438,1.3339498764253221e-05,1.3339498764253221e-05
Qwen3-0.6B,model.layers.16.self_attn.q_proj.weight,q_proj,16,mxfp4,1.0,2097152,3.8997535705566406,3.8572616577148438,0.042491912841796875,1022297,0.004769325256347656,True,116.59259796142578,116.57186889648438,1.3359185686567798e-05,1.3339498764253221e-05
Qwen3-0.6B,model.layers.16.self_attn.q_proj.weight,q_proj,16,mxfp4,5.0,2097152,3.8824615478515625,3.8399696350097656,0.042491912841796875,1017764,0.04448080062866211,True,117.43981170654297,116.57186889648438,1.3877448509447277e-05,1.3339498764253221e-05
Qwen3-0.6B,model.layers.16.self_attn.q_proj.weight,q_proj,16,mxfp8,0.0,2097152,6.668689727783203,6.626197814941406,0.042491912841796875,1748157,0.0,True,6.40122127532959,6.40122127532959,8.842918077789363e-07,8.842918077789363e-07
Qwen3-0.6B,model.layers.16.self_attn.q_proj.weight,q_proj,16,mxfp8,1.0,2097152,6.576663970947266,6.534172058105469,0.042491912841796875,1724033,0.07054948806762695,True,6.4166083335876465,6.40122127532959,8.899575050236308e-07,8.842918077789363e-07
Qwen3-0.6B,model.layers.16.self_attn.q_proj.weight,q_proj,16,mxfp8,5.0,2097152,6.5019683837890625,6.459476470947266,0.042491912841796875,1704452,0.14287948608398438,True,6.535874366760254,6.40122127532959,9.316977411799598e-07,8.842918077789363e-07
Qwen3-0.6B,model.layers.16.self_attn.v_proj.weight,v_proj,16,mxfp4,0.0,1048576,3.9029693603515625,3.8574066162109375,0.045562744140625,511570,0.0,True,29.717540740966797,29.717540740966797,9.02593819773756e-06,9.02593819773756e-06
Qwen3-0.6B,model.layers.16.self_attn.v_proj.weight,v_proj,16,mxfp4,1.0,1048576,3.9029541015625,3.857391357421875,0.045562744140625,511568,8.58306884765625e-05,True,29.717662811279297,29.717540740966797,9.026303814607672e-06,9.02593819773756e-06
Qwen3-0.6B,model.layers.16.self_attn.v_proj.weight,v_proj,16,mxfp4,5.0,1048576,3.9013671875,3.855804443359375,0.045562744140625,511360,0.008234977722167969,True,29.77760887145996,29.717540740966797,9.167355528916232e-06,9.02593819773756e-06
Qwen3-0.6B,model.layers.16.self_attn.v_proj.weight,v_proj,16,mxfp8,0.0,1048576,6.68731689453125,6.641754150390625,0.045562744140625,876520,0.0,True,1.467639446258545,1.467639446258545,6.034005082256044e-07,6.034005082256044e-07
Qwen3-0.6B,model.layers.16.self_attn.v_proj.weight,v_proj,16,mxfp8,1.0,1048576,6.6168365478515625,6.5712738037109375,0.045562744140625,867282,0.04797077178955078,True,1.4703125953674316,1.467639446258545,6.05514856033551e-07,6.034005082256044e-07
Qwen3-0.6B,model.layers.16.self_attn.v_proj.weight,v_proj,16,mxfp8,5.0,1048576,6.554359436035156,6.508796691894531,0.045562744140625,859093,0.10084152221679688,True,1.4984705448150635,1.467639446258545,6.26604105491424e-07,6.034005082256044e-07
Qwen3-0.6B,model.layers.17.mlp.down_proj.weight,down_proj,17,mxfp4,0.0,3145728,3.8935368855794272,3.8479792277018228,0.045557657877604164,1531001,0.0,True,10.595771789550781,10.595771789550781,8.10417168395361e-06,8.10417168395361e-06
Qwen3-0.6B,model.layers.17.mlp.down_proj.weight,down_proj,17,mxfp4,1.0,3145728,3.870452880859375,3.824895222981771,0.045557657877604164,1521924,0.06334463755289714,True,10.855757713317871,10.595771789550781,1.001208511297591e-05,8.10417168395361e-06
Qwen3-0.6B,model.layers.17.mlp.down_proj.weight,down_proj,17,mxfp4,5.0,3145728,3.7122217814127603,3.6666641235351562,0.045557657877604164,1459705,0.3075033823649089,True,15.836418151855469,10.595771789550781,2.7229492843616754e-05,8.10417168395361e-06
Qwen3-0.6B,model.layers.17.mlp.down_proj.weight,down_proj,17,mxfp8,0.0,3145728,6.700228373209636,6.654670715332031,0.045557657877604164,2634637,0.0,True,0.6903160810470581,0.6903160810470581,5.42288034921512e-07,5.42288034921512e-07
Qwen3-0.6B,model.layers.17.mlp.down_proj.weight,down_proj,17,mxfp8,1.0,3145728,6.534187316894531,6.488629659016927,0.045557657877604164,2569347,0.14283053080240884,True,0.711905837059021,0.6903160810470581,6.260215741349384e-07,5.42288034921512e-07
Qwen3-0.6B,model.layers.17.mlp.down_proj.weight,down_proj,17,mxfp8,5.0,3145728,6.368214925130208,6.3226572672526045,0.045557657877604164,2504084,0.3510885238647461,True,0.8926348090171814,0.6903160810470581,1.245229668711545e-06,5.42288034921512e-07
Qwen3-0.6B,model.layers.17.mlp.gate_proj.weight,gate_proj,17,mxfp4,0.0,3145728,3.903386433919271,3.8622894287109375,0.041097005208333336,1534874,0.0,True,63.32753372192383,63.32753372192383,1.0110942639585119e-05,1.0110942639585119e-05
Qwen3-0.6B,model.layers.17.mlp.gate_proj.weight,gate_proj,17,mxfp4,1.0,3145728,3.9032389322916665,3.8621419270833335,0.041097005208333336,1534816,0.0010846455891927083,True,63.33110046386719,63.32753372192383,1.011940275930101e-05,1.0110942639585119e-05
Qwen3-0.6B,model.layers.17.mlp.gate_proj.weight,gate_proj,17,mxfp4,5.0,3145728,3.8670730590820312,3.8259760538736978,0.041097005208333336,1520595,0.052779197692871094,True,64.94964599609375,63.32753372192383,1.0977867532346863e-05,1.0110942639585119e-05
Qwen3-0.6B,model.layers.17.mlp.gate_proj.weight,gate_proj,17,mxfp8,0.0,3145728,6.668088277180989,6.626991271972656,0.041097005208333336,2621999,0.0,True,3.9334452152252197,3.9334452152252197,6.73790111704875e-07,6.73790111704875e-07
Qwen3-0.6B,model.layers.17.mlp.gate_proj.weight,gate_proj,17,mxfp8,1.0,3145728,6.5617116292317705,6.5206146240234375,0.041097005208333336,2580170,0.07581647237141927,True,3.9486043453216553,3.9334452152252197,6.799835432502732e-07,6.73790111704875e-07
Qwen3-0.6B,model.layers.17.mlp.gate_proj.weight,gate_proj,17,mxfp8,5.0,3145728,6.474436442057292,6.433339436848958,0.041097005208333336,2545852,0.14745585123697916,True,4.053202152252197,3.9334452152252197,7.208586794149596e-07,6.73790111704875e-07
Qwen3-0.6B,model.layers.17.mlp.up_proj.weight,up_proj,17,mxfp4,0.0,3145728,3.9024810791015625,3.8591028849283853,0.043378194173177086,1534518,0.0,True,45.5261116027832,45.5261116027832,9.809030416363385e-06,9.809030416363385e-06
Qwen3-0.6B,model.layers.17.mlp.up_proj.weight,up_proj,17,mxfp4,1.0,3145728,3.9023717244466147,3.8589935302734375,0.043378194173177086,1534475,0.000484466552734375,True,45.52682113647461,45.5261116027832,9.812366442929488e-06,9.809030416363385e-06
Qwen3-0.6B,model.layers.17.mlp.up_proj.weight,up_proj,17,mxfp4,5.0,3145728,3.884282430013021,3.8409042358398438,0.043378194173177086,1527362,0.03591696421305338,True,46.513832092285156,45.5261116027832,1.0347758689022157e-05,9.809030416363385e-06
Qwen3-0.6B,model.layers.17.mlp.up_proj.weight,up_proj,17,mxfp8,0.0,3145728,6.679799397786458,6.636421203613281,0.043378194173177086,2626604,0.0,True,2.621534824371338,2.621534824371338,6.559205303346971e-07,6.559205303346971e-07
Qwen3-0.6B,model.layers.17.mlp.up_proj.weight,up_proj,17,mxfp8,1.0,3145728,6.575080871582031,6.5317026774088545,0.043378194173177086,2585427,0.07062689463297527,True,2.635585308074951,2.621534824371338,6.616160135308746e-07,6.559205303346971e-07
Qwen3-0.6B,model.layers.17.mlp.up_proj.weight,up_proj,17,mxfp8,5.0,3145728,6.487139383951823,6.4437611897786455,0.043378194173177086,2550847,0.13761393229166666,True,2.7347545623779297,2.621534824371338,6.999426318543556e-07,6.559205303346971e-07
Qwen3-0.6B,model.layers.17.self_attn.k_proj.weight,k_proj,17,mxfp4,0.0,1048576,3.9016036987304688,3.85986328125,0.04174041748046875,511391,0.0,True,126.18263244628906,126.18263244628906,7.324308171519078e-06,7.324308171519078e-06
Qwen3-0.6B,model.layers.17.self_attn.k_proj.weight,k_proj,17,mxfp4,1.0,1048576,3.9016036987304688,3.85986328125,0.04174041748046875,511391,0.0,True,126.18263244628906,126.18263244628906,7.324308171519078e-06,7.324308171519078e-06
Qwen3-0.6B,model.layers.17.self_attn.k_proj.weight,k_proj,17,mxfp4,5.0,1048576,3.9015655517578125,3.8598251342773438,0.04174041748046875,511386,0.0008497238159179688,True,126.18757629394531,126.18263244628906,7.328658284677658e-06,7.324308171519078e-06
Qwen3-0.6B,model.layers.17.self_attn.k_proj.weight,k_proj,17,mxfp8,0.0,1048576,6.65643310546875,6.614692687988281,0.04174041748046875,872472,0.0,True,7.442135810852051,7.442135810852051,4.877440460404614e-07,4.877440460404614e-07
Qwen3-0.6B,model.layers.17.self_attn.k_proj.weight,k_proj,17,mxfp8,1.0,1048576,6.602043151855469,6.560302734375,0.04174041748046875,865343,0.03370952606201172,True,7.4440083503723145,7.442135810852051,4.882801931671565e-07,4.877440460404614e-07
Qwen3-0.6B,model.layers.17.self_attn.k_proj.weight,k_proj,17,mxfp8,5.0,1048576,6.5484619140625,6.506721496582031,0.04174041748046875,858320,0.07567310333251953,True,7.465659141540527,7.442135810852051,4.939994369124179e-07,4.877440460404614e-07
Qwen3-0.6B,model.layers.17.self_attn.o_proj.weight,o_proj,17,mxfp4,0.0,2097152,3.924457550048828,3.881744384765625,0.042713165283203125,1028773,0.0,True,12.886873245239258,12.886873245239258,7.163963346101809e-06,7.163963346101809e-06
Qwen3-0.6B,model.layers.17.self_attn.o_proj.weight,o_proj,17,mxfp4,1.0,2097152,3.918987274169922,3.8762741088867188,0.042713165283203125,1027339,0.014700889587402344,True,12.926870346069336,12.886873245239258,7.306337465706747e-06,7.163963346101809e-06
Qwen3-0.6B,model.layers.17.self_attn.o_proj.weight,o_proj,17,mxfp4,5.0,2097152,3.7988739013671875,3.7561607360839844,0.042713165283203125,995852,0.15511131286621094,True,14.618374824523926,12.886873245239258,1.1677805559884291e-05,7.163963346101809e-06
Qwen3-0.6B,model.layers.17.self_attn.o_proj.weight,o_proj,17,mxfp8,0.0,2097152,6.654563903808594,6.611850738525391,0.042713165283203125,1744454,0.0,True,0.82327800989151,0.82327800989151,4.819230525754392e-07,4.819230525754392e-07
Qwen3-0.6B,model.layers.17.self_attn.o_proj.weight,o_proj,17,mxfp8,1.0,2097152,6.536182403564453,6.49346923828125,0.042713165283203125,1713421,0.10498046875,True,0.8335646986961365,0.82327800989151,5.016760269427323e-07,4.819230525754392e-07
Qwen3-0.6B,model.layers.17.self_attn.o_proj.weight,o_proj,17,mxfp8,5.0,2097152,6.427589416503906,6.384876251220703,0.042713165283203125,1684954,0.22533607482910156,True,0.9089173674583435,0.82327800989151,6.439018420678622e-07,4.819230525754392e-07
Qwen3-0.6B,model.layers.17.self_attn.q_proj.weight,q_proj,17,mxfp4,0.0,2097152,3.8977928161621094,3.853496551513672,0.0442962646484375,1021783,0.0,True,256.60662841796875,256.60662841796875,1.1892621841980144e-05,1.1892621841980144e-05
Qwen3-0.6B,model.layers.17.self_attn.q_proj.weight,q_proj,17,mxfp4,1.0,2097152,3.897754669189453,3.8534584045410156,0.0442962646484375,1021773,0.00013065338134765625,True,256.60723876953125,256.60662841796875,1.1892945622093976e-05,1.1892621841980144e-05
Qwen3-0.6B,model.layers.17.self_attn.q_proj.weight,q_proj,17,mxfp4,5.0,2097152,3.89697265625,3.8526763916015625,0.0442962646484375,1021568,0.004834175109863281,True,256.72088623046875,256.60662841796875,1.1925871149287559e-05,1.1892621841980144e-05
Qwen3-0.6B,model.layers.17.self_attn.q_proj.weight,q_proj,17,mxfp8,0.0,2097152,6.678531646728516,6.634235382080078,0.0442962646484375,1750737,0.0,True,15.392105102539062,15.392105102539062,7.946204050313099e-07,7.946204050313099e-07
Qwen3-0.6B,model.layers.17.self_attn.q_proj.weight,q_proj,17,mxfp8,1.0,2097152,6.622535705566406,6.578239440917969,0.0442962646484375,1736058,0.04063701629638672,True,15.400272369384766,15.392105102539062,7.957460184115916e-07,7.946204050313099e-07
Qwen3-0.6B,model.layers.17.self_attn.q_proj.weight,q_proj,17,mxfp8,5.0,2097152,6.57720947265625,6.5329132080078125,0.0442962646484375,1724176,0.08179521560668945,True,15.46222972869873,15.392105102539062,8.038344390115526e-07,7.946204050313099e-07
Qwen3-0.6B,model.layers.17.self_attn.v_proj.weight,v_proj,17,mxfp4,0.0,1048576,3.8982162475585938,3.8527679443359375,0.04544830322265625,510947,0.0,True,83.43873596191406,83.43873596191406,9.661488547862973e-06,9.661488547862973e-06
Qwen3-0.6B,model.layers.17.self_attn.v_proj.weight,v_proj,17,mxfp4,1.0,1048576,3.8982162475585938,3.8527679443359375,0.04544830322265625,510947,0.0,True,83.43873596191406,83.43873596191406,9.661488547862973e-06,9.661488547862973e-06
Qwen3-0.6B,model.layers.17.self_attn.v_proj.weight,v_proj,17,mxfp4,5.0,1048576,3.8981475830078125,3.8526992797851562,0.04544830322265625,510938,0.00026035308837890625,True,83.44144439697266,83.43873596191406,9.664725439506583e-06,9.661488547862973e-06
Qwen3-0.6B,model.layers.17.self_attn.v_proj.weight,v_proj,17,mxfp8,0.0,1048576,6.6950531005859375,6.649604797363281,0.04544830322265625,877534,0.0,True,4.160564422607422,4.160564422607422,6.400096026482061e-07,6.400096026482061e-07
Qwen3-0.6B,model.layers.17.self_attn.v_proj.weight,v_proj,17,mxfp8,1.0,1048576,6.640510559082031,6.595062255859375,0.04544830322265625,870385,0.03521442413330078,True,4.163535118103027,4.160564422607422,6.40818200281501e-07,6.400096026482061e-07
Qwen3-0.6B,model.layers.17.self_attn.v_proj.weight,v_proj,17,mxfp8,5.0,1048576,6.591270446777344,6.5458221435546875,0.04544830322265625,863931,0.07351303100585938,True,4.188838481903076,4.160564422607422,6.47479737381218e-07,6.400096026482061e-07
Qwen3-0.6B,model.layers.18.mlp.down_proj.weight,down_proj,18,mxfp4,0.0,3145728,3.8892898559570312,3.8426895141601562,0.046600341796875,1529331,0.0,True,16.781375885009766,16.781375885009766,8.834770596877206e-06,8.834770596877206e-06
Qwen3-0.6B,model.layers.18.mlp.down_proj.weight,down_proj,18,mxfp4,1.0,3145728,3.8732503255208335,3.8266499837239585,0.046600341796875,1523024,0.04868189493815104,True,17.00136375427246,16.781375885009766,1.0547006240813062e-05,8.834770596877206e-06
Qwen3-0.6B,model.layers.18.mlp.down_proj.weight,down_proj,18,mxfp4,5.0,3145728,3.7482376098632812,3.7016372680664062,0.046600341796875,1473867,0.26053110758463544,True,21.931867599487305,16.781375885009766,2.5152554371743463e-05,8.834770596877206e-06
Qwen3-0.6B,model.layers.18.mlp.down_proj.weight,down_proj,18,mxfp8,0.0,3145728,6.709643046061198,6.663042704264323,0.046600341796875,2638339,0.0,True,1.093701720237732,1.093701720237732,5.851950959367969e-07,5.851950959367969e-07
Qwen3-0.6B,model.layers.18.mlp.down_proj.weight,down_proj,18,mxfp8,1.0,3145728,6.56622314453125,6.519622802734375,0.046600341796875,2581944,0.13068199157714844,True,1.1150410175323486,1.093701720237732,6.591540113731753e-07,5.851950959367969e-07
Qwen3-0.6B,model.layers.18.mlp.down_proj.weight,down_proj,18,mxfp8,5.0,3145728,6.4063771565755205,6.3597768147786455,0.046600341796875,2519090,0.3132963180541992,True,1.2903425693511963,1.093701720237732,1.1537891850821325e-06,5.851950959367969e-07
Qwen3-0.6B,model.layers.18.mlp.gate_proj.weight,gate_proj,18,mxfp4,0.0,3145728,3.9021224975585938,3.8609339396158853,0.041188557942708336,1534377,0.0,True,79.0837173461914,79.0837173461914,1.0141299753740896e-05,1.0141299753740896e-05
Qwen3-0.6B,model.layers.18.mlp.gate_proj.weight,gate_proj,18,mxfp4,1.0,3145728,3.90203857421875,3.8608500162760415,0.041188557942708336,1534344,0.00035953521728515625,True,79.08442687988281,79.0837173461914,1.0144281986868009e-05,1.0141299753740896e-05
Qwen3-0.6B,model.layers.18.mlp.gate_proj.weight,gate_proj,18,mxfp4,5.0,3145728,3.884735107421875,3.8435465494791665,0.041188557942708336,1527540,0.03105640411376953,True,80.14495086669922,79.0837173461914,1.0600441783026326e-05,1.0141299753740896e-05
Qwen3-0.6B,model.layers.18.mlp.gate_proj.weight,gate_proj,18,mxfp8,0.0,3145728,6.6703135172526045,6.6291249593098955,0.041188557942708336,2622874,0.0,True,4.958986282348633,4.958986282348633,6.740319804521278e-07,6.740319804521278e-07
Qwen3-0.6B,model.layers.18.mlp.gate_proj.weight,gate_proj,18,mxfp8,1.0,3145728,6.575083414713542,6.533894856770833,0.041188557942708336,2585428,0.0705264409383138,True,4.9752655029296875,4.958986282348633,6.796207685511035e-07,6.740319804521278e-07
Qwen3-0.6B,model.layers.18.mlp.gate_proj.weight,gate_proj,18,mxfp8,5.0,3145728,6.495913187662761,6.454724629720052,0.041188557942708336,2554297,0.13693682352701822,True,5.087480068206787,4.958986282348633,7.163581017266551e-07,6.740319804521278e-07
Qwen3-0.6B,model.layers.18.mlp.up_proj.weight,up_proj,18,mxfp4,0.0,3145728,3.9025293986002603,3.8590571085611978,0.0434722900390625,1534537,0.0,True,59.19599533081055,59.19599533081055,1.0006943739426788e-05,1.0006943739426788e-05
Qwen3-0.6B,model.layers.18.mlp.up_proj.weight,up_proj,18,mxfp4,1.0,3145728,3.9025039672851562,3.8590316772460938,0.0434722900390625,1534527,0.00015131632486979166,True,59.19601821899414,59.19599533081055,1.0008202480094042e-05,1.0006943739426788e-05
Qwen3-0.6B,model.layers.18.mlp.up_proj.weight,up_proj,18,mxfp4,5.0,3145728,3.8972676595052085,3.853795369466146,0.0434722900390625,1532468,0.015034039815266928,True,59.67035675048828,59.19599533081055,1.0219310752290767e-05,1.0006943739426788e-05
Qwen3-0.6B,model.layers.18.mlp.up_proj.weight,up_proj,18,mxfp8,0.0,3145728,6.679130554199219,6.635658264160156,0.0434722900390625,2626341,0.0,True,3.585937738418579,3.585937738418579,6.677405508526135e-07,6.677405508526135e-07
Qwen3-0.6B,model.layers.18.mlp.up_proj.weight,up_proj,18,mxfp8,1.0,3145728,6.5916290283203125,6.54815673828125,0.0434722900390625,2591934,0.0616461435953776,True,3.6009716987609863,3.585937738418579,6.728117227794428e-07,6.677405508526135e-07
Qwen3-0.6B,model.layers.18.mlp.up_proj.weight,up_proj,18,mxfp8,5.0,3145728,6.519205729166667,6.4757334391276045,0.0434722900390625,2563456,0.12209447224934895,True,3.707080364227295,3.585937738418579,7.071473078212875e-07,6.677405508526135e-07
Qwen3-0.6B,model.layers.18.self_attn.k_proj.weight,k_proj,18,mxfp4,0.0,1048576,3.904296875,3.8623733520507812,0.04192352294921875,511744,0.0,True,102.12788391113281,102.12788391113281,7.076218935253564e-06,7.076218935253564e-06
Qwen3-0.6B,model.layers.18.self_attn.k_proj.weight,k_proj,18,mxfp4,1.0,1048576,3.9042434692382812,3.8623199462890625,0.04192352294921875,511737,0.0002002716064453125,True,102.12815856933594,102.12788391113281,7.076345355017111e-06,7.076218935253564e-06
Qwen3-0.6B,model.layers.18.self_attn.k_proj.weight,k_proj,18,mxfp4,5.0,1048576,3.9035263061523438,3.861602783203125,0.04192352294921875,511643,0.0034036636352539062,True,102.14923095703125,102.12788391113281,7.084826393111143e-06,7.076218935253564e-06
Qwen3-0.6B,model.layers.18.self_attn.k_proj.weight,k_proj,18,mxfp8,0.0,1048576,6.658134460449219,6.6162109375,0.04192352294921875,872695,0.0,True,5.967652320861816,5.967652320861816,4.705986498265702e-07,4.705986498265702e-07
Qwen3-0.6B,model.layers.18.self_attn.k_proj.weight,k_proj,18,mxfp8,1.0,1048576,6.601539611816406,6.5596160888671875,0.04192352294921875,865277,0.036627769470214844,True,5.969844818115234,5.967652320861816,4.7116350287979003e-07,4.705986498265702e-07
Qwen3-0.6B,model.layers.18.self_attn.k_proj.weight,k_proj,18,mxfp8,5.0,1048576,6.554718017578125,6.512794494628906,0.04192352294921875,859140,0.07857704162597656,True,5.991127014160156,5.967652320861816,4.7642589606766705e-07,4.705986498265702e-07
Qwen3-0.6B,model.layers.18.self_attn.o_proj.weight,o_proj,18,mxfp4,0.0,2097152,3.926959991455078,3.886455535888672,0.04050445556640625,1029429,0.0,True,7.775897979736328,7.775897979736328,6.64027766106301e-06,6.64027766106301e-06
Qwen3-0.6B,model.layers.18.self_attn.o_proj.weight,o_proj,18,mxfp4,1.0,2097152,3.9165992736816406,3.8760948181152344,0.04050445556640625,1026713,0.02218770980834961,True,7.830137729644775,7.775897979736328,6.913286597409751e-06,6.64027766106301e-06
Qwen3-0.6B,model.layers.18.self_attn.o_proj.weight,o_proj,18,mxfp4,5.0,2097152,3.762298583984375,3.7217941284179688,0.04050445556640625,986264,0.18787002563476562,True,9.720266342163086,7.775897979736328,1.3204091374063864e-05,6.64027766106301e-06
Qwen3-0.6B,model.layers.18.self_attn.o_proj.weight,o_proj,18,mxfp8,0.0,2097152,6.649013519287109,6.608509063720703,0.04050445556640625,1742999,0.0,True,0.5044411420822144,0.5044411420822144,4.5322917685552966e-07,4.5322917685552966e-07
Qwen3-0.6B,model.layers.18.self_attn.o_proj.weight,o_proj,18,mxfp8,1.0,2097152,6.505153656005859,6.464649200439453,0.04050445556640625,1705287,0.11921882629394531,True,0.5149587392807007,0.5044411420822144,4.780910103363567e-07,4.5322917685552966e-07
Qwen3-0.6B,model.layers.18.self_attn.o_proj.weight,o_proj,18,mxfp8,5.0,2097152,6.371273040771484,6.330768585205078,0.04050445556640625,1670191,0.2675304412841797,True,0.5934224128723145,0.5044411420822144,6.899407480887021e-07,4.5322917685552966e-07
Qwen3-0.6B,model.layers.18.self_attn.q_proj.weight,q_proj,18,mxfp4,0.0,2097152,3.9018707275390625,3.8595046997070312,0.04236602783203125,1022852,0.0,True,288.0522155761719,288.0522155761719,1.2313306797295809e-05,1.2313306797295809e-05
Qwen3-0.6B,model.layers.18.self_attn.q_proj.weight,q_proj,18,mxfp4,1.0,2097152,3.901836395263672,3.8594703674316406,0.04236602783203125,1022843,0.000125885009765625,True,288.0528259277344,288.0522155761719,1.2313473234826233e-05,1.2313306797295809e-05
Qwen3-0.6B,model.layers.18.self_attn.q_proj.weight,q_proj,18,mxfp4,5.0,2097152,3.9008255004882812,3.85845947265625,0.04236602783203125,1022578,0.006204128265380859,True,288.2066345214844,288.0522155761719,1.2341703040874563e-05,1.2313306797295809e-05
Qwen3-0.6B,model.layers.18.self_attn.q_proj.weight,q_proj,18,mxfp8,0.0,2097152,6.663124084472656,6.620758056640625,0.04236602783203125,1746698,0.0,True,16.783723831176758,16.783723831176758,8.217479035010911e-07,8.217479035010911e-07
Qwen3-0.6B,model.layers.18.self_attn.q_proj.weight,q_proj,18,mxfp8,1.0,2097152,6.604557037353516,6.562191009521484,0.04236602783203125,1731345,0.039870262145996094,True,16.791343688964844,16.783723831176758,8.226967338487157e-07,8.217479035010911e-07
Qwen3-0.6B,model.layers.18.self_attn.q_proj.weight,q_proj,18,mxfp8,5.0,2097152,6.5609130859375,6.518547058105469,0.04236602783203125,1719904,0.08144712448120117,True,16.84906768798828,16.783723831176758,8.298081297652971e-07,8.217479035010911e-07
Qwen3-0.6B,model.layers.18.self_attn.v_proj.weight,v_proj,18,mxfp4,0.0,1048576,3.9088897705078125,3.8609161376953125,0.0479736328125,512346,0.0,True,81.71672058105469,81.71672058105469,8.954009899753146e-06,8.954009899753146e-06
Qwen3-0.6B,model.layers.18.self_attn.v_proj.weight,v_proj,18,mxfp4,1.0,1048576,3.9088897705078125,3.8609161376953125,0.0479736328125,512346,0.0,True,81.71672058105469,81.71672058105469,8.954009899753146e-06,8.954009899753146e-06
Qwen3-0.6B,model.layers.18.self_attn.v_proj.weight,v_proj,18,mxfp4,5.0,1048576,3.9088821411132812,3.8609085083007812,0.0479736328125,512345,3.528594970703125e-05,True,81.71700286865234,81.71672058105469,8.954146323958412e-06,8.954009899753146e-06
Qwen3-0.6B,model.layers.18.self_attn.v_proj.weight,v_proj,18,mxfp8,0.0,1048576,6.702705383300781,6.654731750488281,0.0479736328125,878537,0.0,True,3.899216651916504,3.899216651916504,6.053914489712042e-07,6.053914489712042e-07
Qwen3-0.6B,model.layers.18.self_attn.v_proj.weight,v_proj,18,mxfp8,1.0,1048576,6.651313781738281,6.603340148925781,0.0479736328125,871801,0.032980918884277344,True,3.901881694793701,3.899216651916504,6.06035541750316e-07,6.053914489712042e-07
Qwen3-0.6B,model.layers.18.self_attn.v_proj.weight,v_proj,18,mxfp8,5.0,1048576,6.610382080078125,6.562408447265625,0.0479736328125,866436,0.06616783142089844,True,3.9239041805267334,3.899216651916504,6.112557571213983e-07,6.053914489712042e-07
Qwen3-0.6B,model.layers.19.mlp.down_proj.weight,down_proj,19,mxfp4,0.0,3145728,3.883448282877604,3.8366190592447915,0.0468292236328125,1527034,0.0,True,33.466827392578125,33.466827392578125,9.91681281448109e-06,9.91681281448109e-06
Qwen3-0.6B,model.layers.19.mlp.down_proj.weight,down_proj,19,mxfp4,1.0,3145728,3.8731231689453125,3.8262939453125,0.0468292236328125,1522974,0.03320121765136719,True,33.6441764831543,33.466827392578125,1.1209021067770664e-05,9.91681281448109e-06
Qwen3-0.6B,model.layers.19.mlp.down_proj.weight,down_proj,19,mxfp4,5.0,3145728,3.794036865234375,3.7472076416015625,0.0468292236328125,1491876,0.18813864390055338,True,37.87506103515625,33.466827392578125,2.195313572883606e-05,9.91681281448109e-06
Qwen3-0.6B,model.layers.19.mlp.down_proj.weight,down_proj,19,mxfp8,0.0,3145728,6.712196350097656,6.665367126464844,0.0468292236328125,2639343,0.0,True,2.1453404426574707,2.1453404426574707,6.492364263976924e-07,6.492364263976924e-07
Qwen3-0.6B,model.layers.19.mlp.down_proj.weight,down_proj,19,mxfp8,1.0,3145728,6.589497884114583,6.5426686604817705,0.0468292236328125,2591096,0.10588900248209636,True,2.1655893325805664,2.1453404426574707,7.012178571130789e-07,6.492364263976924e-07
Qwen3-0.6B,model.layers.19.mlp.down_proj.weight,down_proj,19,mxfp8,5.0,3145728,6.464800516764323,6.417971293131511,0.0468292236328125,2542063,0.24452686309814453,True,2.328517436981201,2.1453404426574707,1.0588955774437636e-06,6.492364263976924e-07
Qwen3-0.6B,model.layers.19.mlp.gate_proj.weight,gate_proj,19,mxfp4,0.0,3145728,3.9023869832356772,3.8610356648763022,0.041351318359375,1534481,0.0,True,86.40655517578125,86.40655517578125,9.81062385108089e-06,9.81062385108089e-06
Qwen3-0.6B,model.layers.19.mlp.gate_proj.weight,gate_proj,19,mxfp4,1.0,3145728,3.90234375,3.860992431640625,0.041351318359375,1534464,0.00026734670003255207,True,86.40667724609375,86.40655517578125,9.813120414037257e-06,9.81062385108089e-06
Qwen3-0.6B,model.layers.19.mlp.gate_proj.weight,gate_proj,19,mxfp4,5.0,3145728,3.8990453084309897,3.8576939900716147,0.041351318359375,1533167,0.010181427001953125,True,86.68226623535156,86.40655517578125,9.908207175612915e-06,9.81062385108089e-06
Qwen3-0.6B,model.layers.19.mlp.gate_proj.weight,gate_proj,19,mxfp8,0.0,3145728,6.668670654296875,6.6273193359375,0.041351318359375,2622228,0.0,True,5.571796417236328,5.571796417236328,6.530542009386409e-07,6.530542009386409e-07
Qwen3-0.6B,model.layers.19.mlp.gate_proj.weight,gate_proj,19,mxfp8,1.0,3145728,6.574033101399739,6.532681783040364,0.041351318359375,2585015,0.0689077377319336,True,5.588793754577637,5.571796417236328,6.582714036085235e-07,6.530542009386409e-07
Qwen3-0.6B,model.layers.19.mlp.gate_proj.weight,gate_proj,19,mxfp8,5.0,3145728,6.499463399251302,6.458112080891927,0.041351318359375,2555693,0.1338802973429362,True,5.705960273742676,5.571796417236328,6.928339075784606e-07,6.530542009386409e-07
Qwen3-0.6B,model.layers.19.mlp.up_proj.weight,up_proj,19,mxfp4,0.0,3145728,3.8999125162760415,3.855901082356771,0.044011433919270836,1533508,0.0,True,72.74497985839844,72.74497985839844,1.0971037227136549e-05,1.0971037227136549e-05
Qwen3-0.6B,model.layers.19.mlp.up_proj.weight,up_proj,19,mxfp4,1.0,3145728,3.899836222330729,3.8558247884114585,0.044011433919270836,1533478,0.00013637542724609375,True,72.74507141113281,72.74497985839844,1.0972081327054184e-05,1.0971037227136549e-05
Qwen3-0.6B,model.layers.19.mlp.up_proj.weight,up_proj,19,mxfp4,5.0,3145728,3.8968531290690103,3.8528416951497397,0.044011433919270836,1532305,0.010782877604166666,True,73.103515625,72.74497985839844,1.1106916645076126e-05,1.0971037227136549e-05
Qwen3-0.6B,model.layers.19.mlp.up_proj.weight,up_proj,19,mxfp8,0.0,3145728,6.684608459472656,6.640597025553386,0.044011433919270836,2628495,0.0,True,4.350697994232178,4.350697994232178,7.271569302247372e-07,7.271569302247372e-07
Qwen3-0.6B,model.layers.19.mlp.up_proj.weight,up_proj,19,mxfp8,1.0,3145728,6.596244812011719,6.552233378092448,0.044011433919270836,2593749,0.06407801310221355,True,4.367153644561768,4.350697994232178,7.320350050576963e-07,7.271569302247372e-07
Qwen3-0.6B,model.layers.19.mlp.up_proj.weight,up_proj,19,mxfp8,5.0,3145728,6.523468017578125,6.4794565836588545,0.044011433919270836,2565132,0.12787882486979166,True,4.485076427459717,4.350697994232178,7.655032163711439e-07,7.271569302247372e-07
Qwen3-0.6B,model.layers.19.self_attn.k_proj.weight,k_proj,19,mxfp4,0.0,1048576,3.9006195068359375,3.8592300415039062,0.04138946533203125,511262,0.0,True,185.9263153076172,185.9263153076172,7.174738584581064e-06,7.174738584581064e-06
Qwen3-0.6B,model.layers.19.self_attn.k_proj.weight,k_proj,19,mxfp4,1.0,1048576,3.90057373046875,3.8591842651367188,0.04138946533203125,511256,0.0001125335693359375,True,185.92652893066406,185.9263153076172,7.174770416895626e-06,7.174738584581064e-06
Qwen3-0.6B,model.layers.19.self_attn.k_proj.weight,k_proj,19,mxfp4,5.0,1048576,3.9002685546875,3.8588790893554688,0.04138946533203125,511216,0.0010118484497070312,True,185.9324951171875,185.9263153076172,7.175693099270575e-06,7.174738584581064e-06
Qwen3-0.6B,model.layers.19.self_attn.k_proj.weight,k_proj,19,mxfp8,0.0,1048576,6.655830383300781,6.61444091796875,0.04138946533203125,872393,0.0,True,11.018906593322754,11.018906593322754,4.7480767761953757e-07,4.7480767761953757e-07
Qwen3-0.6B,model.layers.19.self_attn.k_proj.weight,k_proj,19,mxfp8,1.0,1048576,6.612724304199219,6.5713348388671875,0.04138946533203125,866743,0.025485992431640625,True,11.020078659057617,11.018906593322754,4.7495097987848567e-07,4.7480767761953757e-07
Qwen3-0.6B,model.layers.19.self_attn.k_proj.weight,k_proj,19,mxfp8,5.0,1048576,6.578086853027344,6.5366973876953125,0.04138946533203125,862203,0.05377483367919922,True,11.03001880645752,11.018906593322754,4.761930085805943e-07,4.7480767761953757e-07
Qwen3-0.6B,model.layers.19.self_attn.o_proj.weight,o_proj,19,mxfp4,0.0,2097152,3.928844451904297,3.8864097595214844,0.0424346923828125,1029923,0.0,True,13.50085735321045,13.50085735321045,7.345237918343628e-06,7.345237918343628e-06
Qwen3-0.6B,model.layers.19.self_attn.o_proj.weight,o_proj,19,mxfp4,1.0,2097152,3.8953895568847656,3.852954864501953,0.0424346923828125,1021153,0.040979862213134766,True,13.585159301757812,13.50085735321045,9.50591766013531e-06,7.345237918343628e-06
Qwen3-0.6B,model.layers.19.self_attn.o_proj.weight,o_proj,19,mxfp4,5.0,2097152,3.7928123474121094,3.750377655029297,0.0424346923828125,994263,0.16536712646484375,True,15.14084243774414,13.50085735321045,1.433772013115231e-05,7.345237918343628e-06
Qwen3-0.6B,model.layers.19.self_attn.o_proj.weight,o_proj,19,mxfp8,0.0,2097152,6.651252746582031,6.608818054199219,0.0424346923828125,1743586,0.0,True,0.8684327602386475,0.8684327602386475,4.962355433235643e-07,4.962355433235643e-07
Qwen3-0.6B,model.layers.19.self_attn.o_proj.weight,o_proj,19,mxfp8,1.0,2097152,6.5301971435546875,6.487762451171875,0.0424346923828125,1711852,0.12181949615478516,True,0.879309356212616,0.8684327602386475,5.948643888586957e-07,4.962355433235643e-07
Qwen3-0.6B,model.layers.19.self_attn.o_proj.weight,o_proj,19,mxfp8,5.0,2097152,6.423553466796875,6.3811187744140625,0.0424346923828125,1683896,0.2362680435180664,True,0.9471733570098877,0.8684327602386475,8.139942337948014e-07,4.962355433235643e-07
Qwen3-0.6B,model.layers.19.self_attn.q_proj.weight,q_proj,19,mxfp4,0.0,2097152,3.8998374938964844,3.857269287109375,0.042568206787109375,1022319,0.0,True,514.347412109375,514.347412109375,1.3520139873435255e-05,1.3520139873435255e-05
Qwen3-0.6B,model.layers.19.self_attn.q_proj.weight,q_proj,19,mxfp4,1.0,2097152,3.8997840881347656,3.8572158813476562,0.042568206787109375,1022305,0.00021791458129882812,True,514.3482666015625,514.347412109375,1.3520205357053783e-05,1.3520139873435255e-05
Qwen3-0.6B,model.layers.19.self_attn.q_proj.weight,q_proj,19,mxfp4,5.0,2097152,3.899059295654297,3.8564910888671875,0.042568206787109375,1022115,0.0031890869140625,True,514.4146728515625,514.347412109375,1.3525126632885076e-05,1.3520139873435255e-05
Qwen3-0.6B,model.layers.19.self_attn.q_proj.weight,q_proj,19,mxfp8,0.0,2097152,6.668201446533203,6.625633239746094,0.042568206787109375,1748029,0.0,True,31.051891326904297,31.051891326904297,9.099230737774633e-07,9.099230737774633e-07
Qwen3-0.6B,model.layers.19.self_attn.q_proj.weight,q_proj,19,mxfp8,1.0,2097152,6.616024017333984,6.573455810546875,0.042568206787109375,1734351,0.03448343276977539,True,31.060701370239258,31.051891326904297,9.105255003305501e-07,9.099230737774633e-07
Qwen3-0.6B,model.layers.19.self_attn.q_proj.weight,q_proj,19,mxfp8,5.0,2097152,6.571758270263672,6.5291900634765625,0.042568206787109375,1722747,0.0726003646850586,True,31.135528564453125,31.051891326904297,9.15415114377538e-07,9.099230737774633e-07
Qwen3-0.6B,model.layers.19.self_attn.v_proj.weight,v_proj,19,mxfp4,0.0,1048576,3.8992767333984375,3.8528060913085938,0.04647064208984375,511086,0.0,True,136.9052734375,136.9052734375,9.243950444215443e-06,9.243950444215443e-06
Qwen3-0.6B,model.layers.19.self_attn.v_proj.weight,v_proj,19,mxfp4,1.0,1048576,3.8992767333984375,3.8528060913085938,0.04647064208984375,511086,0.0,True,136.9052734375,136.9052734375,9.243950444215443e-06,9.243950444215443e-06
Qwen3-0.6B,model.layers.19.self_attn.v_proj.weight,v_proj,19,mxfp4,5.0,1048576,3.8992767333984375,3.8528060913085938,0.04647064208984375,511086,1.9073486328125e-06,True,136.90530395507812,136.9052734375,9.243958629667759e-06,9.243950444215443e-06
Qwen3-0.6B,model.layers.19.self_attn.v_proj.weight,v_proj,19,mxfp8,0.0,1048576,6.701042175292969,6.654571533203125,0.04647064208984375,878319,0.0,True,6.650511741638184,6.650511741638184,6.150189051368216e-07,6.150189051368216e-07
Qwen3-0.6B,model.layers.19.self_attn.v_proj.weight,v_proj,19,mxfp8,1.0,1048576,6.6549224853515625,6.608451843261719,0.04647064208984375,872274,0.02591419219970703,True,6.651989936828613,6.650511741638184,6.152038167783758e-07,6.150189051368216e-07
Qwen3-0.6B,model.layers.19.self_attn.v_proj.weight,v_proj,19,mxfp8,5.0,1048576,6.618492126464844,6.572021484375,0.04647064208984375,867499,0.054657936096191406,True,6.6706414222717285,6.650511741638184,6.177309614940896e-07,6.150189051368216e-07
Qwen3-0.6B,model.layers.2.mlp.down_proj.weight,down_proj,2,mxfp4,0.0,3145728,3.9087549845377603,3.865107218424479,0.04364776611328125,1536985,0.0,True,200.48643493652344,200.48643493652344,7.962542440509424e-06,7.962542440509424e-06
Qwen3-0.6B,model.layers.2.mlp.down_proj.weight,down_proj,2,mxfp4,1.0,3145728,3.4205525716145835,3.3769048055013022,0.04364776611328125,1345016,0.5941638946533203,True,201.882080078125,200.48643493652344,4.623712084139697e-05,7.962542440509424e-06
Qwen3-0.6B,model.layers.2.mlp.down_proj.weight,down_proj,2,mxfp4,5.0,3145728,3.338740030924479,3.2950922648111978,0.04364776611328125,1312846,0.6621735890706381,True,202.35826110839844,200.48643493652344,5.5663480452494696e-05,7.962542440509424e-06
Qwen3-0.6B,model.layers.2.mlp.down_proj.weight,down_proj,2,mxfp8,0.0,3145728,6.6889088948567705,6.645261128743489,0.04364776611328125,2630186,0.0,True,7.143416881561279,7.143416881561279,5.384775363381777e-07,5.384775363381777e-07
Qwen3-0.6B,model.layers.2.mlp.down_proj.weight,down_proj,2,mxfp8,1.0,3145728,6.1291859944661455,6.085538228352864,0.04364776611328125,2410094,0.6352459589640299,True,7.202548503875732,7.143416881561279,2.237525450254907e-06,5.384775363381777e-07
Qwen3-0.6B,model.layers.2.mlp.down_proj.weight,down_proj,2,mxfp8,5.0,3145728,5.972768147786458,5.929120381673177,0.04364776611328125,2348588,0.7817420959472656,True,7.254015922546387,7.143416881561279,3.366624923728523e-06,5.384775363381777e-07
Qwen3-0.6B,model.layers.2.mlp.gate_proj.weight,gate_proj,2,mxfp4,0.0,3145728,3.949529012044271,3.9101638793945312,0.039365132649739586,1553018,0.0,True,73.37730407714844,73.37730407714844,2.1363943233154714e-05,2.1363943233154714e-05
Qwen3-0.6B,model.layers.2.mlp.gate_proj.weight,gate_proj,2,mxfp4,1.0,3145728,3.9402999877929688,3.900934855143229,0.039365132649739586,1549389,0.015550931294759115,True,73.58322143554688,73.37730407714844,2.163198951166123e-05,2.1363943233154714e-05
Qwen3-0.6B,model.layers.2.mlp.gate_proj.weight,gate_proj,2,mxfp4,5.0,3145728,3.70635986328125,3.6669947306315103,0.039365132649739586,1457400,0.1848147710164388,True,84.83065795898438,73.37730407714844,3.467372516752221e-05,2.1363943233154714e-05
Qwen3-0.6B,model.layers.2.mlp.gate_proj.weight,gate_proj,2,mxfp8,0.0,3145728,6.644381205240886,6.6050160725911455,0.039365132649739586,2612677,0.0,True,4.713466644287109,4.713466644287109,1.44943953728216e-06,1.44943953728216e-06
Qwen3-0.6B,model.layers.2.mlp.gate_proj.weight,gate_proj,2,mxfp8,1.0,3145728,6.497047424316406,6.457682291666667,0.039365132649739586,2554743,0.10617923736572266,True,4.747876167297363,4.713466644287109,1.4860394230709062e-06,1.44943953728216e-06
Qwen3-0.6B,model.layers.2.mlp.gate_proj.weight,gate_proj,2,mxfp8,5.0,3145728,6.371559143066406,6.332194010416667,0.039365132649739586,2505399,0.23918851216634116,True,5.0465545654296875,4.713466644287109,1.8109054735759855e-06,1.44943953728216e-06
Qwen3-0.6B,model.layers.2.mlp.up_proj.weight,up_proj,2,mxfp4,0.0,3145728,3.9178695678710938,3.8773829142252603,0.040486653645833336,1540569,0.0,True,11.815073013305664,11.815073013305664,7.693223778915126e-06,7.693223778915126e-06
Qwen3-0.6B,model.layers.2.mlp.up_proj.weight,up_proj,2,mxfp4,1.0,3145728,3.9174575805664062,3.8769709269205728,0.040486653645833336,1540407,0.0020558039347330728,True,11.819175720214844,11.815073013305664,7.70646602177294e-06,7.693223778915126e-06
Qwen3-0.6B,model.layers.2.mlp.up_proj.weight,up_proj,2,mxfp4,5.0,3145728,3.7257410685221353,3.6852544148763022,0.040486653645833336,1465021,0.16404342651367188,True,14.114021301269531,11.815073013305664,1.0290231330145616e-05,7.693223778915126e-06
Qwen3-0.6B,model.layers.2.mlp.up_proj.weight,up_proj,2,mxfp8,0.0,3145728,6.654917399088542,6.614430745442708,0.040486653645833336,2616820,0.0,True,0.575049102306366,0.575049102306366,5.262918421067297e-07,5.262918421067297e-07
Qwen3-0.6B,model.layers.2.mlp.up_proj.weight,up_proj,2,mxfp8,1.0,3145728,6.5100453694661455,6.4695587158203125,0.040486653645833336,2559854,0.1025851567586263,True,0.5921265482902527,0.575049102306366,5.458704208649579e-07,5.262918421067297e-07
Qwen3-0.6B,model.layers.2.mlp.up_proj.weight,up_proj,2,mxfp8,5.0,3145728,6.374753316243489,6.334266662597656,0.040486653645833336,2506655,0.2053979237874349,True,0.7237769961357117,0.575049102306366,6.93253980443842e-07,5.262918421067297e-07
Qwen3-0.6B,model.layers.2.self_attn.k_proj.weight,k_proj,2,mxfp4,0.0,1048576,3.9098129272460938,3.8653182983398438,0.04449462890625,512467,0.0,True,0.3828531801700592,0.3828531801700592,1.0655881851562299e-05,1.0655881851562299e-05
Qwen3-0.6B,model.layers.2.self_attn.k_proj.weight,k_proj,2,mxfp4,1.0,1048576,3.2579116821289062,3.2134170532226562,0.04449462890625,427021,0.5157852172851562,True,0.8978305459022522,0.3828531801700592,4.778206493938342e-05,1.0655881851562299e-05
Qwen3-0.6B,model.layers.2.self_attn.k_proj.weight,k_proj,2,mxfp4,5.0,1048576,3.0101089477539062,2.9656143188476562,0.04449462890625,394541,0.6504678726196289,True,1.4046138525009155,0.3828531801700592,7.266440661624074e-05,1.0655881851562299e-05
Qwen3-0.6B,model.layers.2.self_attn.k_proj.weight,k_proj,2,mxfp8,0.0,1048576,6.6603240966796875,6.6158294677734375,0.04449462890625,872982,0.0,True,0.025516964495182037,0.025516964495182037,7.17545731276914e-07,7.17545731276914e-07
Qwen3-0.6B,model.layers.2.self_attn.k_proj.weight,k_proj,2,mxfp8,1.0,1048576,6.123786926269531,6.079292297363281,0.04449462890625,802657,0.5500268936157227,True,0.04721081256866455,0.025516964495182037,2.286679773533251e-06,7.17545731276914e-07
Qwen3-0.6B,model.layers.2.self_attn.k_proj.weight,k_proj,2,mxfp8,5.0,1048576,5.943351745605469,5.898857116699219,0.04449462890625,779007,0.7320699691772461,True,0.08124112337827682,0.025516964495182037,4.206409812468337e-06,7.17545731276914e-07
Qwen3-0.6B,model.layers.2.self_attn.o_proj.weight,o_proj,2,mxfp4,0.0,2097152,3.94622802734375,3.90057373046875,0.045654296875,1034480,0.0,True,0.10382641106843948,0.10382641106843948,8.988029549072962e-06,8.988029549072962e-06
Qwen3-0.6B,model.layers.2.self_attn.o_proj.weight,o_proj,2,mxfp4,1.0,2097152,3.0199127197265625,2.9742584228515625,0.045654296875,791652,0.6426587104797363,True,0.5974835753440857,0.10382641106843948,5.9993075410602614e-05,8.988029549072962e-06
Qwen3-0.6B,model.layers.2.self_attn.o_proj.weight,o_proj,2,mxfp4,5.0,2097152,2.9569129943847656,2.9112586975097656,0.045654296875,775137,0.6650800704956055,True,0.667705237865448,0.10382641106843948,6.309007585514337e-05,8.988029549072962e-06
Qwen3-0.6B,model.layers.2.self_attn.o_proj.weight,o_proj,2,mxfp8,0.0,2097152,6.655513763427734,6.609859466552734,0.045654296875,1744703,0.0,True,0.006984297186136246,0.006984297186136246,6.079576451156754e-07,6.079576451156754e-07
Qwen3-0.6B,model.layers.2.self_attn.o_proj.weight,o_proj,2,mxfp8,1.0,2097152,5.947978973388672,5.902324676513672,0.045654296875,1559227,0.7086629867553711,True,0.03287198022007942,0.006984297186136246,3.453320914559299e-06,6.079576451156754e-07
Qwen3-0.6B,model.layers.2.self_attn.o_proj.weight,o_proj,2,mxfp8,5.0,2097152,5.888591766357422,5.842937469482422,0.045654296875,1543659,0.7638335227966309,True,0.042010076344013214,0.006984297186136246,4.037971393699991e-06,6.079576451156754e-07
Qwen3-0.6B,model.layers.2.self_attn.q_proj.weight,q_proj,2,mxfp4,0.0,2097152,3.9157257080078125,3.8731727600097656,0.042552947998046875,1026484,0.0,True,0.7012747526168823,0.7012747526168823,1.2148215319029987e-05,1.2148215319029987e-05
Qwen3-0.6B,model.layers.2.self_attn.q_proj.weight,q_proj,2,mxfp4,1.0,2097152,3.484363555908203,3.4418106079101562,0.042552947998046875,913405,0.5224270820617676,True,1.895566701889038,0.7012747526168823,5.5224154493771493e-05,1.2148215319029987e-05
Qwen3-0.6B,model.layers.2.self_attn.q_proj.weight,q_proj,2,mxfp4,5.0,2097152,3.347320556640625,3.304767608642578,0.042552947998046875,877480,0.646613597869873,True,2.8670992851257324,0.7012747526168823,7.92834980529733e-05,1.2148215319029987e-05
Qwen3-0.6B,model.layers.2.self_attn.q_proj.weight,q_proj,2,mxfp8,0.0,2097152,6.667610168457031,6.625057220458984,0.042552947998046875,1747874,0.0,True,0.04165482521057129,0.04165482521057129,7.990151402736956e-07,7.990151402736956e-07
Qwen3-0.6B,model.layers.2.self_attn.q_proj.weight,q_proj,2,mxfp8,1.0,2097152,6.138599395751953,6.096046447753906,0.042552947998046875,1609197,0.5575551986694336,True,0.08961799740791321,0.04165482521057129,2.5363342501805164e-06,7.990151402736956e-07
Qwen3-0.6B,model.layers.2.self_attn.q_proj.weight,q_proj,2,mxfp8,5.0,2097152,5.959690093994141,5.917137145996094,0.042552947998046875,1562297,0.756319522857666,True,0.16273491084575653,0.04165482521057129,4.633559456124203e-06,7.990151402736956e-07
Qwen3-0.6B,model.layers.2.self_attn.v_proj.weight,v_proj,2,mxfp4,0.0,1048576,3.8979110717773438,3.8555068969726562,0.0424041748046875,510907,0.0,True,0.23239505290985107,0.23239505290985107,1.0445276529935654e-05,1.0445276529935654e-05
Qwen3-0.6B,model.layers.2.self_attn.v_proj.weight,v_proj,2,mxfp4,1.0,1048576,3.2164459228515625,3.174041748046875,0.0424041748046875,421586,0.530552864074707,True,0.8332544565200806,0.23239505290985107,5.367564153857529e-05,1.0445276529935654e-05
Qwen3-0.6B,model.layers.2.self_attn.v_proj.weight,v_proj,2,mxfp4,5.0,1048576,2.965545654296875,2.9231414794921875,0.0424041748046875,388700,0.6518888473510742,True,1.264563798904419,0.23239505290985107,7.497490878449753e-05,1.0445276529935654e-05
Qwen3-0.6B,model.layers.2.self_attn.v_proj.weight,v_proj,2,mxfp8,0.0,1048576,6.671844482421875,6.6294403076171875,0.0424041748046875,874492,0.0,True,0.013017693534493446,0.013017693534493446,6.903611620145966e-07,6.903611620145966e-07
Qwen3-0.6B,model.layers.2.self_attn.v_proj.weight,v_proj,2,mxfp8,1.0,1048576,6.11358642578125,6.0711822509765625,0.0424041748046875,801320,0.5450830459594727,True,0.03544173017144203,0.013017693534493446,2.3060495095705846e-06,6.903611620145966e-07
Qwen3-0.6B,model.layers.2.self_attn.v_proj.weight,v_proj,2,mxfp8,5.0,1048576,5.9159698486328125,5.873565673828125,0.0424041748046875,775418,0.7608489990234375,True,0.07152953743934631,0.013017693534493446,4.437707048055017e-06,6.903611620145966e-07
Qwen3-0.6B,model.layers.20.mlp.down_proj.weight,down_proj,20,mxfp4,0.0,3145728,3.8860041300455728,3.8420130411783853,0.0439910888671875,1528039,0.0,True,41.973960876464844,41.973960876464844,1.0836960427695885e-05,1.0836960427695885e-05
Qwen3-0.6B,model.layers.20.mlp.down_proj.weight,down_proj,20,mxfp4,1.0,3145728,3.8786341349283853,3.8346430460611978,0.0439910888671875,1525141,0.025286356608072918,True,42.12429428100586,41.973960876464844,1.1769020602514502e-05,1.0836960427695885e-05
Qwen3-0.6B,model.layers.20.mlp.down_proj.weight,down_proj,20,mxfp4,5.0,3145728,3.811370849609375,3.7673797607421875,0.0439910888671875,1498692,0.15871556599934897,True,46.13685607910156,41.973960876464844,2.1716061382903717e-05,1.0836960427695885e-05
Qwen3-0.6B,model.layers.20.mlp.down_proj.weight,down_proj,20,mxfp8,0.0,3145728,6.6897023518880205,6.645711263020833,0.0439910888671875,2630498,0.0,True,2.6895174980163574,2.6895174980163574,7.061850624268118e-07,7.061850624268118e-07
Qwen3-0.6B,model.layers.20.mlp.down_proj.weight,down_proj,20,mxfp8,1.0,3145728,6.573445638020833,6.5294545491536455,0.0439910888671875,2584784,0.09697628021240234,True,2.7096805572509766,2.6895174980163574,7.489281870221021e-07,7.061850624268118e-07
Qwen3-0.6B,model.layers.20.mlp.down_proj.weight,down_proj,20,mxfp8,5.0,3145728,6.463493347167969,6.419502258300781,0.0439910888671875,2541549,0.2222426732381185,True,2.8748276233673096,2.6895174980163574,1.078759055417322e-06,7.061850624268118e-07
Qwen3-0.6B,model.layers.20.mlp.gate_proj.weight,gate_proj,20,mxfp4,0.0,3145728,3.9042231241861978,3.8628768920898438,0.041346232096354164,1535203,0.0,True,98.25813293457031,98.25813293457031,1.0238484719593544e-05,1.0238484719593544e-05
Qwen3-0.6B,model.layers.20.mlp.gate_proj.weight,gate_proj,20,mxfp4,1.0,3145728,3.9041900634765625,3.8628438313802085,0.041346232096354164,1535190,0.00020885467529296875,True,98.25816345214844,98.25813293457031,1.0240863957733382e-05,1.0238484719593544e-05
Qwen3-0.6B,model.layers.20.mlp.gate_proj.weight,gate_proj,20,mxfp4,5.0,3145728,3.9033584594726562,3.8620122273763022,0.041346232096354164,1534863,0.004027048746744792,True,98.36917114257812,98.25813293457031,1.0281695722369477e-05,1.0238484719593544e-05
Qwen3-0.6B,model.layers.20.mlp.gate_proj.weight,gate_proj,20,mxfp8,0.0,3145728,6.6657358805338545,6.6243896484375,0.041346232096354164,2621074,0.0,True,6.33690881729126,6.33690881729126,6.805062753301172e-07,6.805062753301172e-07
Qwen3-0.6B,model.layers.20.mlp.gate_proj.weight,gate_proj,20,mxfp8,1.0,3145728,6.571919759114583,6.5305735270182295,0.041346232096354164,2584184,0.06202538808186849,True,6.353985786437988,6.33690881729126,6.852685601188568e-07,6.805062753301172e-07
Qwen3-0.6B,model.layers.20.mlp.gate_proj.weight,gate_proj,20,mxfp8,5.0,3145728,6.504071553548177,6.462725321451823,0.041346232096354164,2557505,0.12077649434407552,True,6.474863529205322,6.33690881729126,7.175399332481902e-07,6.805062753301172e-07
Qwen3-0.6B,model.layers.20.mlp.up_proj.weight,up_proj,20,mxfp4,0.0,3145728,3.8964258829752603,3.8539962768554688,0.042429606119791664,1532137,0.0,True,90.04522705078125,90.04522705078125,1.2034931387461256e-05,1.2034931387461256e-05
Qwen3-0.6B,model.layers.20.mlp.up_proj.weight,up_proj,20,mxfp4,1.0,3145728,3.8964106241861978,3.8539810180664062,0.042429606119791664,1532131,0.00012652079264322916,True,90.04530334472656,90.04522705078125,1.2036078260280192e-05,1.2034931387461256e-05
Qwen3-0.6B,model.layers.20.mlp.up_proj.weight,up_proj,20,mxfp4,5.0,3145728,3.8953018188476562,3.8528722127278647,0.042429606119791664,1531695,0.0055840810139973955,True,90.23458099365234,90.04522705078125,1.210460777656408e-05,1.2034931387461256e-05
Qwen3-0.6B,model.layers.20.mlp.up_proj.weight,up_proj,20,mxfp8,0.0,3145728,6.675971984863281,6.633542378743489,0.042429606119791664,2625099,0.0,True,5.352101802825928,5.352101802825928,7.94535026216181e-07,7.94535026216181e-07
Qwen3-0.6B,model.layers.20.mlp.up_proj.weight,up_proj,20,mxfp8,1.0,3145728,6.5949656168619795,6.5525360107421875,0.042429606119791664,2593246,0.060441017150878906,True,5.369204998016357,5.352101802825928,7.991316124389414e-07,7.94535026216181e-07
Qwen3-0.6B,model.layers.20.mlp.up_proj.weight,up_proj,20,mxfp8,5.0,3145728,6.527743021647136,6.485313415527344,0.042429606119791664,2566813,0.11283810933430989,True,5.491552829742432,5.352101802825928,8.303907748086203e-07,7.94535026216181e-07
Qwen3-0.6B,model.layers.20.self_attn.k_proj.weight,k_proj,20,mxfp4,0.0,1048576,3.9003219604492188,3.8557281494140625,0.04459381103515625,511223,0.0,True,247.6971893310547,247.6971893310547,8.46885632199701e-06,8.46885632199701e-06
Qwen3-0.6B,model.layers.20.self_attn.k_proj.weight,k_proj,20,mxfp4,1.0,1048576,3.9003219604492188,3.8557281494140625,0.04459381103515625,511223,0.0,True,247.6971893310547,247.6971893310547,8.46885632199701e-06,8.46885632199701e-06
Qwen3-0.6B,model.layers.20.self_attn.k_proj.weight,k_proj,20,mxfp4,5.0,1048576,3.9002838134765625,3.8556900024414062,0.04459381103515625,511218,0.00015544891357421875,True,247.69818115234375,247.6971893310547,8.46900002215989e-06,8.46885632199701e-06
Qwen3-0.6B,model.layers.20.self_attn.k_proj.weight,k_proj,20,mxfp8,0.0,1048576,6.682075500488281,6.637481689453125,0.04459381103515625,875833,0.0,True,13.950569152832031,13.950569152832031,5.59196678295848e-07,5.59196678295848e-07
Qwen3-0.6B,model.layers.20.self_attn.k_proj.weight,k_proj,20,mxfp8,1.0,1048576,6.6416168212890625,6.597023010253906,0.04459381103515625,870530,0.024423599243164062,True,13.951763153076172,13.950569152832031,5.593242349277716e-07,5.59196678295848e-07
Qwen3-0.6B,model.layers.20.self_attn.k_proj.weight,k_proj,20,mxfp8,5.0,1048576,6.6063995361328125,6.561805725097656,0.04459381103515625,865914,0.054656982421875,True,13.967190742492676,13.950569152832031,5.612430982182559e-07,5.59196678295848e-07
Qwen3-0.6B,model.layers.20.self_attn.o_proj.weight,o_proj,20,mxfp4,0.0,2097152,3.9063682556152344,3.8614158630371094,0.044952392578125,1024031,0.0,True,14.888838768005371,14.888838768005371,8.221190910262521e-06,8.221190910262521e-06
Qwen3-0.6B,model.layers.20.self_attn.o_proj.weight,o_proj,20,mxfp4,1.0,2097152,3.9039535522460938,3.8590011596679688,0.044952392578125,1023398,0.009585857391357422,True,14.917702674865723,14.888838768005371,8.334933227160946e-06,8.221190910262521e-06
Qwen3-0.6B,model.layers.20.self_attn.o_proj.weight,o_proj,20,mxfp4,5.0,2097152,3.8427085876464844,3.7977561950683594,0.044952392578125,1007343,0.1347823143005371,True,16.78973388671875,14.888838768005371,1.3520087122742552e-05,8.221190910262521e-06
Qwen3-0.6B,model.layers.20.self_attn.o_proj.weight,o_proj,20,mxfp8,0.0,2097152,6.671360015869141,6.626407623291016,0.044952392578125,1748857,0.0,True,0.9492361545562744,0.9492361545562744,5.476674687088234e-07,5.476674687088234e-07
Qwen3-0.6B,model.layers.20.self_attn.o_proj.weight,o_proj,20,mxfp8,1.0,2097152,6.551311492919922,6.506359100341797,0.044952392578125,1717387,0.0998539924621582,True,0.9605906009674072,0.9492361545562744,5.676503747054085e-07,5.476674687088234e-07
Qwen3-0.6B,model.layers.20.self_attn.o_proj.weight,o_proj,20,mxfp8,5.0,2097152,6.438556671142578,6.393604278564453,0.044952392578125,1687829,0.21964693069458008,True,1.0466656684875488,0.9492361545562744,7.297309707610111e-07,5.476674687088234e-07
Qwen3-0.6B,model.layers.20.self_attn.q_proj.weight,q_proj,20,mxfp4,0.0,2097152,3.890178680419922,3.845672607421875,0.044506072998046875,1019787,0.0,True,624.426513671875,624.426513671875,1.5013252777862363e-05,1.5013252777862363e-05
Qwen3-0.6B,model.layers.20.self_attn.q_proj.weight,q_proj,20,mxfp4,1.0,2097152,3.890178680419922,3.845672607421875,0.044506072998046875,1019787,9.5367431640625e-07,True,624.426513671875,624.426513671875,1.5013252777862363e-05,1.5013252777862363e-05
Qwen3-0.6B,model.layers.20.self_attn.q_proj.weight,q_proj,20,mxfp4,5.0,2097152,3.8894691467285156,3.8449630737304688,0.044506072998046875,1019601,0.0006299018859863281,True,624.44482421875,624.426513671875,1.5014555174275301e-05,1.5013252777862363e-05
Qwen3-0.6B,model.layers.20.self_attn.q_proj.weight,q_proj,20,mxfp8,0.0,2097152,6.693580627441406,6.649074554443359,0.044506072998046875,1754682,0.0,True,36.421669006347656,36.421669006347656,9.982956044041202e-07,9.982956044041202e-07
Qwen3-0.6B,model.layers.20.self_attn.q_proj.weight,q_proj,20,mxfp8,1.0,2097152,6.646720886230469,6.602214813232422,0.044506072998046875,1742398,0.032616615295410156,True,36.430118560791016,36.421669006347656,9.988091278501088e-07,9.982956044041202e-07
Qwen3-0.6B,model.layers.20.self_attn.q_proj.weight,q_proj,20,mxfp8,5.0,2097152,6.607002258300781,6.562496185302734,0.044506072998046875,1731986,0.06600427627563477,True,36.49726104736328,36.421669006347656,1.002734393296123e-06,9.982956044041202e-07
Qwen3-0.6B,model.layers.20.self_attn.v_proj.weight,v_proj,20,mxfp4,0.0,1048576,3.8929061889648438,3.8453598022460938,0.04754638671875,510251,0.0,True,199.7384796142578,199.7384796142578,1.0184883649344556e-05,1.0184883649344556e-05
Qwen3-0.6B,model.layers.20.self_attn.v_proj.weight,v_proj,20,mxfp4,1.0,1048576,3.8929061889648438,3.8453598022460938,0.04754638671875,510251,0.0,True,199.7384796142578,199.7384796142578,1.0184883649344556e-05,1.0184883649344556e-05
Qwen3-0.6B,model.layers.20.self_attn.v_proj.weight,v_proj,20,mxfp4,5.0,1048576,3.8929061889648438,3.8453598022460938,0.04754638671875,510251,5.7220458984375e-06,True,199.73855590820312,199.7384796142578,1.0184889106312767e-05,1.0184883649344556e-05
Qwen3-0.6B,model.layers.20.self_attn.v_proj.weight,v_proj,20,mxfp8,0.0,1048576,6.720848083496094,6.673301696777344,0.04754638671875,880915,0.0,True,10.105507850646973,10.105507850646973,6.72682176627859e-07,6.72682176627859e-07
Qwen3-0.6B,model.layers.20.self_attn.v_proj.weight,v_proj,20,mxfp8,1.0,1048576,6.679237365722656,6.631690979003906,0.04754638671875,875461,0.024641990661621094,True,10.107332229614258,10.105507850646973,6.729048891429557e-07,6.72682176627859e-07
Qwen3-0.6B,model.layers.20.self_attn.v_proj.weight,v_proj,20,mxfp8,5.0,1048576,6.643058776855469,6.595512390136719,0.04754638671875,870719,0.05467987060546875,True,10.129690170288086,10.105507850646973,6.758439781151537e-07,6.72682176627859e-07
Qwen3-0.6B,model.layers.21.mlp.down_proj.weight,down_proj,21,mxfp4,0.0,3145728,3.884638468424479,3.8453292846679688,0.039309183756510414,1527502,0.0,True,65.48189544677734,65.48189544677734,1.2195523595437407e-05,1.2195523595437407e-05
Qwen3-0.6B,model.layers.21.mlp.down_proj.weight,down_proj,21,mxfp4,1.0,3145728,3.877080281575521,3.8377710978190103,0.039309183756510414,1524530,0.022600491841634113,True,65.6448974609375,65.48189544677734,1.3276409845275339e-05,1.2195523595437407e-05
Qwen3-0.6B,model.layers.21.mlp.down_proj.weight,down_proj,21,mxfp4,5.0,3145728,3.8151321411132812,3.775822957356771,0.039309183756510414,1500171,0.14041868845621744,True,69.76570129394531,65.48189544677734,2.3807850084267557e-05,1.2195523595437407e-05
Qwen3-0.6B,model.layers.21.mlp.down_proj.weight,down_proj,21,mxfp8,0.0,3145728,6.662885030110677,6.623575846354167,0.039309183756510414,2619953,0.0,True,4.136927604675293,4.136927604675293,7.881574219936738e-07,7.881574219936738e-07
Qwen3-0.6B,model.layers.21.mlp.down_proj.weight,down_proj,21,mxfp8,1.0,3145728,6.561642964680989,6.5223337809244795,0.039309183756510414,2580143,0.09155495961507161,True,4.1591081619262695,4.136927604675293,8.376751452487952e-07,7.881574219936738e-07
Qwen3-0.6B,model.layers.21.mlp.down_proj.weight,down_proj,21,mxfp8,5.0,3145728,6.460123697916667,6.420814514160156,0.039309183756510414,2540224,0.2057927449544271,True,4.33289909362793,4.136927604675293,1.1770347327910713e-06,7.881574219936738e-07
Qwen3-0.6B,model.layers.21.mlp.gate_proj.weight,gate_proj,21,mxfp4,0.0,3145728,3.9207000732421875,3.878667195638021,0.042032877604166664,1541682,0.0,True,110.08087158203125,110.08087158203125,1.0711863978940528e-05,1.0711863978940528e-05
Qwen3-0.6B,model.layers.21.mlp.gate_proj.weight,gate_proj,21,mxfp4,1.0,3145728,3.9206746419270835,3.8786417643229165,0.042032877604166664,1541672,0.00022570292154947916,True,110.08087158203125,110.08087158203125,1.0714961717894766e-05,1.0711863978940528e-05
Qwen3-0.6B,model.layers.21.mlp.gate_proj.weight,gate_proj,21,mxfp4,5.0,3145728,3.9198481241861978,3.8778152465820312,0.042032877604166664,1541347,0.0025927225748697915,True,110.15021514892578,110.08087158203125,1.0739699064288288e-05,1.0711863978940528e-05
Qwen3-0.6B,model.layers.21.mlp.gate_proj.weight,gate_proj,21,mxfp8,0.0,3145728,6.656422932942708,6.614390055338542,0.042032877604166664,2617412,0.0,True,7.079137802124023,7.079137802124023,7.153300884965574e-07,7.153300884965574e-07
Qwen3-0.6B,model.layers.21.mlp.gate_proj.weight,gate_proj,21,mxfp8,1.0,3145728,6.575263977050781,6.533231099446614,0.042032877604166664,2585499,0.05459912618001302,True,7.096190452575684,7.079137802124023,7.195371836132836e-07,7.153300884965574e-07
Qwen3-0.6B,model.layers.21.mlp.gate_proj.weight,gate_proj,21,mxfp8,5.0,3145728,6.506706237792969,6.464673360188802,0.042032877604166664,2558541,0.11546007792154948,True,7.230282783508301,7.079137802124023,7.508976409553725e-07,7.153300884965574e-07
Qwen3-0.6B,model.layers.21.mlp.up_proj.weight,up_proj,21,mxfp4,0.0,3145728,3.892725626627604,3.8527323404947915,0.0399932861328125,1530682,0.0,True,106.33329772949219,106.33329772949219,1.3654230315296445e-05,1.3654230315296445e-05
Qwen3-0.6B,model.layers.21.mlp.up_proj.weight,up_proj,21,mxfp4,1.0,3145728,3.8927179972330728,3.8527247111002603,0.0399932861328125,1530679,0.00011348724365234375,True,106.33332824707031,106.33329772949219,1.3655549082614016e-05,1.3654230315296445e-05
Qwen3-0.6B,model.layers.21.mlp.up_proj.weight,up_proj,21,mxfp4,5.0,3145728,3.8923721313476562,3.8523788452148438,0.0399932861328125,1530543,0.0023063023885091147,True,106.43428802490234,106.33329772949219,1.3689445040654391e-05,1.3654230315296445e-05
Qwen3-0.6B,model.layers.21.mlp.up_proj.weight,up_proj,21,mxfp8,0.0,3145728,6.661420186360677,6.621426900227864,0.0399932861328125,2619377,0.0,True,6.330340385437012,6.330340385437012,8.963189088717627e-07,8.963189088717627e-07
Qwen3-0.6B,model.layers.21.mlp.up_proj.weight,up_proj,21,mxfp8,1.0,3145728,6.579332987467448,6.539339701334636,0.0399932861328125,2587099,0.054117838541666664,True,6.349287033081055,6.330340385437012,9.007062544696964e-07,8.963189088717627e-07
Qwen3-0.6B,model.layers.21.mlp.up_proj.weight,up_proj,21,mxfp8,5.0,3145728,6.512133280436198,6.472139994303386,0.0399932861328125,2560675,0.10656070709228516,True,6.494145393371582,6.330340385437012,9.322306482317799e-07,8.963189088717627e-07
Qwen3-0.6B,model.layers.21.self_attn.k_proj.weight,k_proj,21,mxfp4,0.0,1048576,3.9000625610351562,3.8561477661132812,0.043914794921875,511189,0.0,True,391.8137512207031,391.8137512207031,8.908067684387788e-06,8.908067684387788e-06
Qwen3-0.6B,model.layers.21.self_attn.k_proj.weight,k_proj,21,mxfp4,1.0,1048576,3.9000244140625,3.856109619140625,0.043914794921875,511184,0.0001926422119140625,True,391.8141174316406,391.8137512207031,8.908096788218245e-06,8.908067684387788e-06
Qwen3-0.6B,model.layers.21.self_attn.k_proj.weight,k_proj,21,mxfp4,5.0,1048576,3.8994216918945312,3.8555068969726562,0.043914794921875,511105,0.0022573471069335938,True,391.83221435546875,391.8137512207031,8.9096129158861e-06,8.908067684387788e-06
Qwen3-0.6B,model.layers.21.self_attn.k_proj.weight,k_proj,21,mxfp8,0.0,1048576,6.684440612792969,6.640525817871094,0.043914794921875,876143,0.0,True,23.775959014892578,23.775959014892578,5.844447628078342e-07,5.844447628078342e-07
Qwen3-0.6B,model.layers.21.self_attn.k_proj.weight,k_proj,21,mxfp8,1.0,1048576,6.642738342285156,6.598823547363281,0.043914794921875,870677,0.021753311157226562,True,23.777462005615234,23.775959014892578,5.845464556841762e-07,5.844447628078342e-07
Qwen3-0.6B,model.layers.21.self_attn.k_proj.weight,k_proj,21,mxfp8,5.0,1048576,6.61663818359375,6.572723388671875,0.043914794921875,867256,0.04531383514404297,True,23.789325714111328,23.775959014892578,5.853133870914462e-07,5.844447628078342e-07
Qwen3-0.6B,model.layers.21.self_attn.o_proj.weight,o_proj,21,mxfp4,0.0,2097152,3.912525177001953,3.8670883178710938,0.045436859130859375,1025645,0.0,True,18.982830047607422,18.982830047607422,9.192786819767207e-06,9.192786819767207e-06
Qwen3-0.6B,model.layers.21.self_attn.o_proj.weight,o_proj,21,mxfp4,1.0,2097152,3.9118728637695312,3.866436004638672,0.045436859130859375,1025474,0.002575397491455078,True,18.990068435668945,18.982830047607422,9.203450645145494e-06,9.192786819767207e-06
Qwen3-0.6B,model.layers.21.self_attn.o_proj.weight,o_proj,21,mxfp4,5.0,2097152,3.8759498596191406,3.8305130004882812,0.045436859130859375,1016057,0.07541704177856445,True,20.075855255126953,18.982830047607422,1.0659045074135065e-05,9.192786819767207e-06
Qwen3-0.6B,model.layers.21.self_attn.o_proj.weight,o_proj,21,mxfp8,0.0,2097152,6.666965484619141,6.621528625488281,0.045436859130859375,1747705,0.0,True,1.2324237823486328,1.2324237823486328,6.225155289030226e-07,6.225155289030226e-07
Qwen3-0.6B,model.layers.21.self_attn.o_proj.weight,o_proj,21,mxfp8,1.0,2097152,6.563571929931641,6.518135070800781,0.045436859130859375,1720601,0.08149957656860352,True,1.2433478832244873,1.2324237823486328,6.330762971629156e-07,6.225155289030226e-07
Qwen3-0.6B,model.layers.21.self_attn.o_proj.weight,o_proj,21,mxfp8,5.0,2097152,6.466739654541016,6.421302795410156,0.045436859130859375,1695217,0.16969919204711914,True,1.3246350288391113,1.2324237823486328,7.091344969012425e-07,6.225155289030226e-07
Qwen3-0.6B,model.layers.21.self_attn.q_proj.weight,q_proj,21,mxfp4,0.0,2097152,3.891040802001953,3.8476524353027344,0.04338836669921875,1020013,0.0,True,1055.8443603515625,1055.8443603515625,1.543288271932397e-05,1.543288271932397e-05
Qwen3-0.6B,model.layers.21.self_attn.q_proj.weight,q_proj,21,mxfp4,1.0,2097152,3.8910369873046875,3.8476486206054688,0.04338836669921875,1020012,7.62939453125e-06,True,1055.8443603515625,1055.8443603515625,1.5432884538313374e-05,1.543288271932397e-05
Qwen3-0.6B,model.layers.21.self_attn.q_proj.weight,q_proj,21,mxfp4,5.0,2097152,3.8909454345703125,3.8475570678710938,0.04338836669921875,1019988,0.00041103363037109375,True,1055.85546875,1055.8443603515625,1.5433301086886786e-05,1.543288271932397e-05
Qwen3-0.6B,model.layers.21.self_attn.q_proj.weight,q_proj,21,mxfp8,0.0,2097152,6.6937103271484375,6.650321960449219,0.04338836669921875,1754716,0.0,True,62.79389190673828,62.79389190673828,1.0191748742727214e-06,1.0191748742727214e-06
Qwen3-0.6B,model.layers.21.self_attn.q_proj.weight,q_proj,21,mxfp8,1.0,2097152,6.655330657958984,6.611942291259766,0.04338836669921875,1744655,0.021252155303955078,True,62.79790496826172,62.79389190673828,1.0193018624704564e-06,1.0191748742727214e-06
Qwen3-0.6B,model.layers.21.self_attn.q_proj.weight,q_proj,21,mxfp8,5.0,2097152,6.625614166259766,6.582225799560547,0.04338836669921875,1736865,0.04562568664550781,True,62.851646423339844,62.79389190673828,1.021298203340848e-06,1.0191748742727214e-06
Qwen3-0.6B,model.layers.21.self_attn.v_proj.weight,v_proj,21,mxfp4,0.0,1048576,3.8950347900390625,3.8468475341796875,0.048187255859375,510530,0.0,True,342.20196533203125,342.20196533203125,1.1439566151238978e-05,1.1439566151238978e-05
Qwen3-0.6B,model.layers.21.self_attn.v_proj.weight,v_proj,21,mxfp4,1.0,1048576,3.8950347900390625,3.8468475341796875,0.048187255859375,510530,0.0,True,342.20196533203125,342.20196533203125,1.1439566151238978e-05,1.1439566151238978e-05
Qwen3-0.6B,model.layers.21.self_attn.v_proj.weight,v_proj,21,mxfp4,5.0,1048576,3.8950347900390625,3.8468475341796875,0.048187255859375,510530,0.0,True,342.20196533203125,342.20196533203125,1.1439566151238978e-05,1.1439566151238978e-05
Qwen3-0.6B,model.layers.21.self_attn.v_proj.weight,v_proj,21,mxfp8,0.0,1048576,6.7180938720703125,6.6699066162109375,0.048187255859375,880554,0.0,True,18.758949279785156,18.758949279785156,7.632909273525001e-07,7.632909273525001e-07
Qwen3-0.6B,model.layers.21.self_attn.v_proj.weight,v_proj,21,mxfp8,1.0,1048576,6.6835784912109375,6.6353912353515625,0.048187255859375,876030,0.018896102905273438,True,18.760366439819336,18.758949279785156,7.633794893990853e-07,7.632909273525001e-07
Qwen3-0.6B,model.layers.21.self_attn.v_proj.weight,v_proj,21,mxfp8,5.0,1048576,6.659446716308594,6.611259460449219,0.048187255859375,872867,0.041103363037109375,True,18.77198028564453,18.758949279785156,7.641083357157186e-07,7.632909273525001e-07
Qwen3-0.6B,model.layers.22.mlp.down_proj.weight,down_proj,22,mxfp4,0.0,3145728,3.884709676106771,3.8483963012695312,0.036313374837239586,1527530,0.0,True,74.24510192871094,74.24510192871094,1.3454672625812236e-05,1.3454672625812236e-05
Qwen3-0.6B,model.layers.22.mlp.down_proj.weight,down_proj,22,mxfp4,1.0,3145728,3.8767547607421875,3.8404413859049478,0.036313374837239586,1524402,0.019155184427897137,True,74.40438842773438,74.24510192871094,1.4113121324044187e-05,1.3454672625812236e-05
Qwen3-0.6B,model.layers.22.mlp.down_proj.weight,down_proj,22,mxfp4,5.0,3145728,3.7991765340169272,3.7628631591796875,0.036313374837239586,1493897,0.1314366658528646,True,78.8718490600586,74.24510192871094,2.4000613848329522e-05,1.3454672625812236e-05
Qwen3-0.6B,model.layers.22.mlp.down_proj.weight,down_proj,22,mxfp8,0.0,3145728,6.6479034423828125,6.611590067545573,0.036313374837239586,2614062,0.0,True,4.608089447021484,4.608089447021484,8.738061865187774e-07,8.738061865187774e-07
Qwen3-0.6B,model.layers.22.mlp.down_proj.weight,down_proj,22,mxfp8,1.0,3145728,6.539594014485677,6.5032806396484375,0.036313374837239586,2571473,0.08988571166992188,True,4.6322150230407715,4.608089447021484,9.120861363953736e-07,8.738061865187774e-07
Qwen3-0.6B,model.layers.22.mlp.down_proj.weight,down_proj,22,mxfp8,5.0,3145728,6.440289815266927,6.4039764404296875,0.036313374837239586,2532425,0.19558270772298178,True,4.815384864807129,4.608089447021484,1.2000651850030408e-06,8.738061865187774e-07
Qwen3-0.6B,model.layers.22.mlp.gate_proj.weight,gate_proj,22,mxfp4,0.0,3145728,3.908564249674479,3.8659388224283853,0.04262542724609375,1536910,0.0,True,122.03385925292969,122.03385925292969,1.1335526323819067e-05,1.1335526323819067e-05
Qwen3-0.6B,model.layers.22.mlp.gate_proj.weight,gate_proj,22,mxfp4,1.0,3145728,3.9085489908854165,3.8659235636393228,0.04262542724609375,1536904,0.0002075831095377604,True,122.03389739990234,122.03385925292969,1.1338667718518991e-05,1.1335526323819067e-05
Qwen3-0.6B,model.layers.22.mlp.gate_proj.weight,gate_proj,22,mxfp4,5.0,3145728,3.907831827799479,3.8652064005533853,0.04262542724609375,1536622,0.0023368199666341147,True,122.1041488647461,122.03385925292969,1.1367946171958465e-05,1.1335526323819067e-05
Qwen3-0.6B,model.layers.22.mlp.gate_proj.weight,gate_proj,22,mxfp8,0.0,3145728,6.658335367838542,6.615709940592448,0.04262542724609375,2618164,0.0,True,7.859798908233643,7.859798908233643,7.537325927842176e-07,7.537325927842176e-07
Qwen3-0.6B,model.layers.22.mlp.gate_proj.weight,gate_proj,22,mxfp8,1.0,3145728,6.581451416015625,6.538825988769531,0.04262542724609375,2587932,0.05145708719889323,True,7.8752264976501465,7.859798908233643,7.571622404611844e-07,7.537325927842176e-07
Qwen3-0.6B,model.layers.22.mlp.gate_proj.weight,gate_proj,22,mxfp8,5.0,3145728,6.5128733317057295,6.470247904459636,0.04262542724609375,2560966,0.10956446329752605,True,8.013970375061035,7.859798908233643,7.860984965191165e-07,7.537325927842176e-07
Qwen3-0.6B,model.layers.22.mlp.up_proj.weight,up_proj,22,mxfp4,0.0,3145728,3.8884862263997397,3.8506978352864585,0.03778839111328125,1529015,0.0,True,120.74757385253906,120.74757385253906,1.4651025594503153e-05,1.4651025594503153e-05
Qwen3-0.6B,model.layers.22.mlp.up_proj.weight,up_proj,22,mxfp4,1.0,3145728,3.8884811401367188,3.8506927490234375,0.03778839111328125,1529013,0.00011316935221354167,True,120.74760437011719,120.74757385253906,1.4652458958153147e-05,1.4651025594503153e-05
Qwen3-0.6B,model.layers.22.mlp.up_proj.weight,up_proj,22,mxfp4,5.0,3145728,3.887822469075521,3.8500340779622397,0.03778839111328125,1528754,0.0025059382120768228,True,120.85298156738281,120.74757385253906,1.4694574019813444e-05,1.4651025594503153e-05
Qwen3-0.6B,model.layers.22.mlp.up_proj.weight,up_proj,22,mxfp8,0.0,3145728,6.6536407470703125,6.615852355957031,0.03778839111328125,2616318,0.0,True,7.141361236572266,7.141361236572266,9.542629868519725e-07,9.542629868519725e-07
Qwen3-0.6B,model.layers.22.mlp.up_proj.weight,up_proj,22,mxfp8,1.0,3145728,6.5752003987630205,6.537412007649739,0.03778839111328125,2585474,0.051767985026041664,True,7.161266326904297,7.141361236572266,9.583801556800609e-07,9.542629868519725e-07
Qwen3-0.6B,model.layers.22.mlp.up_proj.weight,up_proj,22,mxfp8,5.0,3145728,6.5042775472005205,6.466489156087239,0.03778839111328125,2557586,0.10349814097086589,True,7.318637371063232,7.141361236572266,9.889447483146796e-07,9.542629868519725e-07
Qwen3-0.6B,model.layers.22.self_attn.k_proj.weight,k_proj,22,mxfp4,0.0,1048576,3.9011611938476562,3.8579254150390625,0.04323577880859375,511333,0.0,True,485.22955322265625,485.22955322265625,9.15778218768537e-06,9.15778218768537e-06
Qwen3-0.6B,model.layers.22.self_attn.k_proj.weight,k_proj,22,mxfp4,1.0,1048576,3.9011611938476562,3.8579254150390625,0.04323577880859375,511333,0.0,True,485.22955322265625,485.22955322265625,9.15778218768537e-06,9.15778218768537e-06
Qwen3-0.6B,model.layers.22.self_attn.k_proj.weight,k_proj,22,mxfp4,5.0,1048576,3.9009017944335938,3.857666015625,0.04323577880859375,511299,0.0006227493286132812,True,485.2347717285156,485.22955322265625,9.158196917269379e-06,9.15778218768537e-06
Qwen3-0.6B,model.layers.22.self_attn.k_proj.weight,k_proj,22,mxfp8,0.0,1048576,6.670623779296875,6.627388000488281,0.04323577880859375,874332,0.0,True,28.914661407470703,28.914661407470703,6.123239018052118e-07,6.123239018052118e-07
Qwen3-0.6B,model.layers.22.self_attn.k_proj.weight,k_proj,22,mxfp8,1.0,1048576,6.632606506347656,6.5893707275390625,0.04323577880859375,869349,0.021648406982421875,True,28.916160583496094,28.914661407470703,6.12420990364626e-07,6.123239018052118e-07
Qwen3-0.6B,model.layers.22.self_attn.k_proj.weight,k_proj,22,mxfp8,5.0,1048576,6.60772705078125,6.564491271972656,0.04323577880859375,866088,0.04338645935058594,True,28.927616119384766,28.914661407470703,6.131198801995197e-07,6.123239018052118e-07
Qwen3-0.6B,model.layers.22.self_attn.o_proj.weight,o_proj,22,mxfp4,0.0,2097152,3.911426544189453,3.866497039794922,0.04492950439453125,1025357,0.0,True,25.141942977905273,25.141942977905273,9.114015483646654e-06,9.114015483646654e-06
Qwen3-0.6B,model.layers.22.self_attn.o_proj.weight,o_proj,22,mxfp4,1.0,2097152,3.9110069274902344,3.866077423095703,0.04492950439453125,1025247,0.0017838478088378906,True,25.14816665649414,25.141942977905273,9.127001248998567e-06,9.114015483646654e-06
Qwen3-0.6B,model.layers.22.self_attn.o_proj.weight,o_proj,22,mxfp4,5.0,2097152,3.8813934326171875,3.8364639282226562,0.04492950439453125,1017484,0.05546998977661133,True,26.079519271850586,25.141942977905273,1.0666517482604831e-05,9.114015483646654e-06
Qwen3-0.6B,model.layers.22.self_attn.o_proj.weight,o_proj,22,mxfp8,0.0,2097152,6.656593322753906,6.611663818359375,0.04492950439453125,1744986,0.0,True,1.602914571762085,1.602914571762085,6.071394409445929e-07,6.071394409445929e-07
Qwen3-0.6B,model.layers.22.self_attn.o_proj.weight,o_proj,22,mxfp8,1.0,2097152,6.559791564941406,6.514862060546875,0.04492950439453125,1719610,0.07343912124633789,True,1.6126532554626465,1.602914571762085,6.169606194816879e-07,6.071394409445929e-07
Qwen3-0.6B,model.layers.22.self_attn.o_proj.weight,o_proj,22,mxfp8,5.0,2097152,6.479015350341797,6.434085845947266,0.04492950439453125,1698435,0.14539623260498047,True,1.6810336112976074,1.602914571762085,6.810586796746065e-07,6.071394409445929e-07
Qwen3-0.6B,model.layers.22.self_attn.q_proj.weight,q_proj,22,mxfp4,0.0,2097152,3.8932723999023438,3.8515167236328125,0.04175567626953125,1020598,0.0,True,1155.0289306640625,1155.0289306640625,1.4882641153235454e-05,1.4882641153235454e-05
Qwen3-0.6B,model.layers.22.self_attn.q_proj.weight,q_proj,22,mxfp4,1.0,2097152,3.8932571411132812,3.85150146484375,0.04175567626953125,1020594,3.814697265625e-05,True,1155.0291748046875,1155.0289306640625,1.488264933868777e-05,1.4882641153235454e-05
Qwen3-0.6B,model.layers.22.self_attn.q_proj.weight,q_proj,22,mxfp4,5.0,2097152,3.8928794860839844,3.851123809814453,0.04175567626953125,1020495,0.0016241073608398438,True,1155.0703125,1155.0289306640625,1.4884216398058925e-05,1.4882641153235454e-05
Qwen3-0.6B,model.layers.22.self_attn.q_proj.weight,q_proj,22,mxfp8,0.0,2097152,6.676288604736328,6.634532928466797,0.04175567626953125,1750149,0.0,True,66.84461975097656,66.84461975097656,9.851231652646675e-07,9.851231652646675e-07
Qwen3-0.6B,model.layers.22.self_attn.q_proj.weight,q_proj,22,mxfp8,1.0,2097152,6.638629913330078,6.596874237060547,0.04175567626953125,1740277,0.020940303802490234,True,66.84812927246094,66.84461975097656,9.852233233687002e-07,9.851231652646675e-07
Qwen3-0.6B,model.layers.22.self_attn.q_proj.weight,q_proj,22,mxfp8,5.0,2097152,6.609527587890625,6.567771911621094,0.04175567626953125,1732648,0.044765472412109375,True,66.88880157470703,66.84461975097656,9.865705123957014e-07,9.851231652646675e-07
Qwen3-0.6B,model.layers.22.self_attn.v_proj.weight,v_proj,22,mxfp4,0.0,1048576,3.8858261108398438,3.838531494140625,0.04729461669921875,509323,0.0,True,412.023681640625,412.023681640625,1.1371291293471586e-05,1.1371291293471586e-05
Qwen3-0.6B,model.layers.22.self_attn.v_proj.weight,v_proj,22,mxfp4,1.0,1048576,3.8858261108398438,3.838531494140625,0.04729461669921875,509323,0.0,True,412.023681640625,412.023681640625,1.1371291293471586e-05,1.1371291293471586e-05
Qwen3-0.6B,model.layers.22.self_attn.v_proj.weight,v_proj,22,mxfp4,5.0,1048576,3.8858261108398438,3.838531494140625,0.04729461669921875,509323,9.5367431640625e-07,True,412.023681640625,412.023681640625,1.1371292202966288e-05,1.1371291293471586e-05
Qwen3-0.6B,model.layers.22.self_attn.v_proj.weight,v_proj,22,mxfp8,0.0,1048576,6.718170166015625,6.670875549316406,0.04729461669921875,880564,0.0,True,21.971759796142578,21.971759796142578,7.467000386895961e-07,7.467000386895961e-07
Qwen3-0.6B,model.layers.22.self_attn.v_proj.weight,v_proj,22,mxfp8,1.0,1048576,6.683685302734375,6.636390686035156,0.04729461669921875,876044,0.01867198944091797,True,21.973154067993164,21.971759796142578,7.467839964192535e-07,7.467000386895961e-07
Qwen3-0.6B,model.layers.22.self_attn.v_proj.weight,v_proj,22,mxfp8,5.0,1048576,6.65997314453125,6.612678527832031,0.04729461669921875,872936,0.037349700927734375,True,21.983789443969727,21.971759796142578,7.473860819118272e-07,7.467000386895961e-07
Qwen3-0.6B,model.layers.23.mlp.down_proj.weight,down_proj,23,mxfp4,0.0,3145728,3.9352035522460938,3.901524861653646,0.033678690592447914,1547385,0.0,True,79.7196044921875,79.7196044921875,1.4165798347676173e-05,1.4165798347676173e-05
Qwen3-0.6B,model.layers.23.mlp.down_proj.weight,down_proj,23,mxfp4,1.0,3145728,3.9312642415364585,3.8975855509440103,0.033678690592447914,1545836,0.010939915974934896,True,79.81671142578125,79.7196044921875,1.4416596059163567e-05,1.4165798347676173e-05
Qwen3-0.6B,model.layers.23.mlp.down_proj.weight,down_proj,23,mxfp4,5.0,3145728,3.8239847819010415,3.7903060913085938,0.033678690592447914,1503652,0.09460608164469402,True,83.62992858886719,79.7196044921875,2.043622953351587e-05,1.4165798347676173e-05
Qwen3-0.6B,model.layers.23.mlp.down_proj.weight,down_proj,23,mxfp8,0.0,3145728,6.632530212402344,6.5988515218098955,0.033678690592447914,2608017,0.0,True,5.02208137512207,5.02208137512207,9.205473929796426e-07,9.205473929796426e-07
Qwen3-0.6B,model.layers.23.mlp.down_proj.weight,down_proj,23,mxfp8,1.0,3145728,6.532391866048177,6.4987131754557295,0.033678690592447914,2568641,0.0783071517944336,True,5.045125484466553,5.02208137512207,9.439509085495956e-07,9.205473929796426e-07
Qwen3-0.6B,model.layers.23.mlp.down_proj.weight,down_proj,23,mxfp8,5.0,3145728,6.441965738932292,6.408287048339844,0.033678690592447914,2533084,0.16685009002685547,True,5.222258567810059,5.02208137512207,1.1185984476469457e-06,9.205473929796426e-07
Qwen3-0.6B,model.layers.23.mlp.gate_proj.weight,gate_proj,23,mxfp4,0.0,3145728,3.9080683390299478,3.8656209309895835,0.042447408040364586,1536715,0.0,True,137.62393188476562,137.62393188476562,1.1730379810614977e-05,1.1730379810614977e-05
Qwen3-0.6B,model.layers.23.mlp.gate_proj.weight,gate_proj,23,mxfp4,1.0,3145728,3.9080276489257812,3.8655802408854165,0.042447408040364586,1536699,0.0002269744873046875,True,137.6239471435547,137.62393188476562,1.1734133295249194e-05,1.1730379810614977e-05
Qwen3-0.6B,model.layers.23.mlp.gate_proj.weight,gate_proj,23,mxfp4,5.0,3145728,3.9075139363606772,3.8650665283203125,0.042447408040364586,1536497,0.0017595291137695312,True,137.67478942871094,137.62393188476562,1.1756962521758396e-05,1.1730379810614977e-05
Qwen3-0.6B,model.layers.23.mlp.gate_proj.weight,gate_proj,23,mxfp8,0.0,3145728,6.655413309733073,6.612965901692708,0.042447408040364586,2617015,0.0,True,9.100826263427734,9.100826263427734,7.809588282725599e-07,7.809588282725599e-07
Qwen3-0.6B,model.layers.23.mlp.gate_proj.weight,gate_proj,23,mxfp8,1.0,3145728,6.586290995279948,6.543843587239583,0.042447408040364586,2589835,0.04610665639241537,True,9.113807678222656,9.100826263427734,7.835390078980708e-07,7.809588282725599e-07
Qwen3-0.6B,model.layers.23.mlp.gate_proj.weight,gate_proj,23,mxfp8,5.0,3145728,6.512789408365886,6.4703420003255205,0.042447408040364586,2560933,0.10233529408772786,True,9.249100685119629,9.100826263427734,8.087869787232194e-07,7.809588282725599e-07
Qwen3-0.6B,model.layers.23.mlp.up_proj.weight,up_proj,23,mxfp4,0.0,3145728,3.8845621744791665,3.8495381673177085,0.035024007161458336,1527472,0.0,True,138.429443359375,138.429443359375,1.5172987332334742e-05,1.5172987332334742e-05
Qwen3-0.6B,model.layers.23.mlp.up_proj.weight,up_proj,23,mxfp4,1.0,3145728,3.8845596313476562,3.8495356241861978,0.035024007161458336,1527471,0.00012079874674479167,True,138.42945861816406,138.429443359375,1.517473083367804e-05,1.5172987332334742e-05
Qwen3-0.6B,model.layers.23.mlp.up_proj.weight,up_proj,23,mxfp4,5.0,3145728,3.8840001424153647,3.8489761352539062,0.035024007161458336,1527251,0.0020049413045247397,True,138.5128936767578,138.429443359375,1.5208116565190721e-05,1.5172987332334742e-05
Qwen3-0.6B,model.layers.23.mlp.up_proj.weight,up_proj,23,mxfp8,0.0,3145728,6.642509460449219,6.607485453287761,0.035024007161458336,2611941,0.0,True,8.257620811462402,8.257620811462402,9.86118607215758e-07,9.86118607215758e-07
Qwen3-0.6B,model.layers.23.mlp.up_proj.weight,up_proj,23,mxfp8,1.0,3145728,6.569285074869792,6.534261067708333,0.035024007161458336,2583148,0.04565080006917318,True,8.27792739868164,8.257620811462402,9.898994903778657e-07,9.86118607215758e-07
Qwen3-0.6B,model.layers.23.mlp.up_proj.weight,up_proj,23,mxfp8,5.0,3145728,6.500114440917969,6.465090433756511,0.035024007161458336,2555949,0.09726333618164062,True,8.44625186920166,8.257620811462402,1.0194144124398008e-06,9.86118607215758e-07
Qwen3-0.6B,model.layers.23.self_attn.k_proj.weight,k_proj,23,mxfp4,0.0,1048576,3.9006118774414062,3.8562393188476562,0.04437255859375,511261,0.0,True,641.174560546875,641.174560546875,8.73684803082142e-06,8.73684803082142e-06
Qwen3-0.6B,model.layers.23.self_attn.k_proj.weight,k_proj,23,mxfp4,1.0,1048576,3.9006118774414062,3.8562393188476562,0.04437255859375,511261,0.0,True,641.174560546875,641.174560546875,8.73684803082142e-06,8.73684803082142e-06
Qwen3-0.6B,model.layers.23.self_attn.k_proj.weight,k_proj,23,mxfp4,5.0,1048576,3.9006118774414062,3.8562393188476562,0.04437255859375,511261,3.814697265625e-06,True,641.1746215820312,641.174560546875,8.736853487789631e-06,8.73684803082142e-06
Qwen3-0.6B,model.layers.23.self_attn.k_proj.weight,k_proj,23,mxfp8,0.0,1048576,6.6792449951171875,6.6348724365234375,0.04437255859375,875462,0.0,True,36.239715576171875,36.239715576171875,5.830096370118554e-07,5.830096370118554e-07
Qwen3-0.6B,model.layers.23.self_attn.k_proj.weight,k_proj,23,mxfp8,1.0,1048576,6.643585205078125,6.599212646484375,0.04437255859375,870788,0.01936626434326172,True,36.2411994934082,36.239715576171875,5.830937652717694e-07,5.830096370118554e-07
Qwen3-0.6B,model.layers.23.self_attn.k_proj.weight,k_proj,23,mxfp8,5.0,1048576,6.618186950683594,6.573814392089844,0.04437255859375,867459,0.03900718688964844,True,36.253482818603516,36.239715576171875,5.837403591613111e-07,5.830096370118554e-07
Qwen3-0.6B,model.layers.23.self_attn.o_proj.weight,o_proj,23,mxfp4,0.0,2097152,3.912220001220703,3.867198944091797,0.04502105712890625,1025565,0.0,True,25.875965118408203,25.875965118408203,9.34350464376621e-06,9.34350464376621e-06
Qwen3-0.6B,model.layers.23.self_attn.o_proj.weight,o_proj,23,mxfp4,1.0,2097152,3.9112014770507812,3.866180419921875,0.04502105712890625,1025298,0.0029630661010742188,True,25.88481903076172,25.875965118408203,9.355482688988559e-06,9.34350464376621e-06
Qwen3-0.6B,model.layers.23.self_attn.o_proj.weight,o_proj,23,mxfp4,5.0,2097152,3.885669708251953,3.840648651123047,0.04502105712890625,1018605,0.057647705078125,True,26.706771850585938,25.875965118408203,1.0407256013422739e-05,9.34350464376621e-06
Qwen3-0.6B,model.layers.23.self_attn.o_proj.weight,o_proj,23,mxfp8,0.0,2097152,6.665885925292969,6.6208648681640625,0.04502105712890625,1747422,0.0,True,1.6451255083084106,1.6451255083084106,6.277983857216896e-07,6.277983857216896e-07
Qwen3-0.6B,model.layers.23.self_attn.o_proj.weight,o_proj,23,mxfp8,1.0,2097152,6.56329345703125,6.518272399902344,0.04502105712890625,1720528,0.07853460311889648,True,1.6558979749679565,1.6451255083084106,6.387161874954472e-07,6.277983857216896e-07
Qwen3-0.6B,model.layers.23.self_attn.o_proj.weight,o_proj,23,mxfp8,5.0,2097152,6.467803955078125,6.422782897949219,0.04502105712890625,1695496,0.1596388816833496,True,1.735242486000061,1.6451255083084106,7.138367550396651e-07,6.277983857216896e-07
Qwen3-0.6B,model.layers.23.self_attn.q_proj.weight,q_proj,23,mxfp4,0.0,2097152,3.8920936584472656,3.8493614196777344,0.04273223876953125,1020289,0.0,True,1374.734375,1374.734375,1.2482360034482554e-05,1.2482360034482554e-05
Qwen3-0.6B,model.layers.23.self_attn.q_proj.weight,q_proj,23,mxfp4,1.0,2097152,3.8920936584472656,3.8493614196777344,0.04273223876953125,1020289,0.0,True,1374.734375,1374.734375,1.2482360034482554e-05,1.2482360034482554e-05
Qwen3-0.6B,model.layers.23.self_attn.q_proj.weight,q_proj,23,mxfp4,5.0,2097152,3.89208984375,3.8493576049804688,0.04273223876953125,1020288,1.0013580322265625e-05,True,1374.7347412109375,1374.734375,1.248236821993487e-05,1.2482360034482554e-05
Qwen3-0.6B,model.layers.23.self_attn.q_proj.weight,q_proj,23,mxfp8,0.0,2097152,6.683902740478516,6.641170501708984,0.04273223876953125,1752145,0.0,True,77.93359375,77.93359375,8.230600201386551e-07,8.230600201386551e-07
Qwen3-0.6B,model.layers.23.self_attn.q_proj.weight,q_proj,23,mxfp8,1.0,2097152,6.649742126464844,6.6070098876953125,0.04273223876953125,1743190,0.017412662506103516,True,77.93684387207031,77.93359375,8.231405672631809e-07,8.230600201386551e-07
Qwen3-0.6B,model.layers.23.self_attn.q_proj.weight,q_proj,23,mxfp8,5.0,2097152,6.628810882568359,6.586078643798828,0.04273223876953125,1737703,0.03405189514160156,True,77.96154022216797,77.93359375,8.237234965235984e-07,8.230600201386551e-07
Qwen3-0.6B,model.layers.23.self_attn.v_proj.weight,v_proj,23,mxfp4,0.0,1048576,3.8845062255859375,3.8373565673828125,0.047149658203125,509150,0.0,True,472.76708984375,472.76708984375,1.0846939403563738e-05,1.0846939403563738e-05
Qwen3-0.6B,model.layers.23.self_attn.v_proj.weight,v_proj,23,mxfp4,1.0,1048576,3.8845062255859375,3.8373565673828125,0.047149658203125,509150,0.0,True,472.76708984375,472.76708984375,1.0846939403563738e-05,1.0846939403563738e-05
Qwen3-0.6B,model.layers.23.self_attn.v_proj.weight,v_proj,23,mxfp4,5.0,1048576,3.8845062255859375,3.8373565673828125,0.047149658203125,509150,0.0,True,472.76708984375,472.76708984375,1.0846939403563738e-05,1.0846939403563738e-05
Qwen3-0.6B,model.layers.23.self_attn.v_proj.weight,v_proj,23,mxfp8,0.0,1048576,6.722503662109375,6.67535400390625,0.047149658203125,881132,0.0,True,24.54755973815918,24.54755973815918,7.11585812496196e-07,7.11585812496196e-07
Qwen3-0.6B,model.layers.23.self_attn.v_proj.weight,v_proj,23,mxfp8,1.0,1048576,6.685508728027344,6.638359069824219,0.047149658203125,876283,0.017894744873046875,True,24.54904556274414,24.54755973815918,7.116623237379827e-07,7.11585812496196e-07
Qwen3-0.6B,model.layers.23.self_attn.v_proj.weight,v_proj,23,mxfp8,5.0,1048576,6.6630859375,6.615936279296875,0.047149658203125,873344,0.03665351867675781,True,24.56098175048828,24.54755973815918,7.122389433789067e-07,7.11585812496196e-07
Qwen3-0.6B,model.layers.24.mlp.down_proj.weight,down_proj,24,mxfp4,0.0,3145728,3.9105911254882812,3.8778762817382812,0.03271484375,1537707,0.0,True,94.98265075683594,94.98265075683594,1.4543348697770853e-05,1.4543348697770853e-05
Qwen3-0.6B,model.layers.24.mlp.down_proj.weight,down_proj,24,mxfp4,1.0,3145728,3.908747355143229,3.876032511393229,0.03271484375,1536982,0.005077362060546875,True,95.030517578125,94.98265075683594,1.4684294001199305e-05,1.4543348697770853e-05
Qwen3-0.6B,model.layers.24.mlp.down_proj.weight,down_proj,24,mxfp4,5.0,3145728,3.8516031901041665,3.8188883463541665,0.03271484375,1514512,0.0567022959391276,True,97.54468536376953,94.98265075683594,1.767797402862925e-05,1.4543348697770853e-05
Qwen3-0.6B,model.layers.24.mlp.down_proj.weight,down_proj,24,mxfp8,0.0,3145728,6.629183451334636,6.596468607584636,0.03271484375,2606701,0.0,True,5.981966018676758,5.981966018676758,9.45661042806023e-07,9.45661042806023e-07
Qwen3-0.6B,model.layers.24.mlp.down_proj.weight,down_proj,24,mxfp8,1.0,3145728,6.536298116048177,6.503583272298177,0.03271484375,2570177,0.06839338938395183,True,6.003373146057129,5.981966018676758,9.60779743763851e-07,9.45661042806023e-07
Qwen3-0.6B,model.layers.24.mlp.down_proj.weight,down_proj,24,mxfp8,5.0,3145728,6.459645589192708,6.426930745442708,0.03271484375,2540036,0.14269733428955078,True,6.169381618499756,5.981966018676758,1.07467201360123e-06,9.45661042806023e-07
Qwen3-0.6B,model.layers.24.mlp.gate_proj.weight,gate_proj,24,mxfp4,0.0,3145728,3.9102656046549478,3.8670730590820312,0.043192545572916664,1537579,0.0,True,128.117431640625,128.117431640625,1.1409949365770444e-05,1.1409949365770444e-05
Qwen3-0.6B,model.layers.24.mlp.gate_proj.weight,gate_proj,24,mxfp4,1.0,3145728,3.9103978474934897,3.8672053019205728,0.043192545572916664,1537631,0.0007460912068684896,True,128.11773681640625,128.117431640625,1.1422122042858973e-05,1.1409949365770444e-05
Qwen3-0.6B,model.layers.24.mlp.gate_proj.weight,gate_proj,24,mxfp4,5.0,3145728,3.9097112019856772,3.8665186564127603,0.043192545572916664,1537361,0.003070831298828125,True,128.1847686767578,128.117431640625,1.1458808330644388e-05,1.1409949365770444e-05
Qwen3-0.6B,model.layers.24.mlp.gate_proj.weight,gate_proj,24,mxfp8,0.0,3145728,6.659495035807292,6.616302490234375,0.043192545572916664,2618620,0.0,True,8.609036445617676,8.609036445617676,7.643716344318818e-07,7.643716344318818e-07
Qwen3-0.6B,model.layers.24.mlp.gate_proj.weight,gate_proj,24,mxfp8,1.0,3145728,6.580434163411458,6.537241617838542,0.043192545572916664,2587532,0.04931227366129557,True,8.621647834777832,8.609036445617676,7.672066999475646e-07,7.643716344318818e-07
Qwen3-0.6B,model.layers.24.mlp.gate_proj.weight,gate_proj,24,mxfp8,5.0,3145728,6.512420654296875,6.469228108723958,0.043192545572916664,2560788,0.10348955790201823,True,8.765039443969727,8.609036445617676,7.955461001074582e-07,7.643716344318818e-07
Qwen3-0.6B,model.layers.24.mlp.up_proj.weight,up_proj,24,mxfp4,0.0,3145728,3.8818817138671875,3.8487065633138022,0.033175150553385414,1526418,0.0,True,131.88778686523438,131.88778686523438,1.5488565622945316e-05,1.5488565622945316e-05
Qwen3-0.6B,model.layers.24.mlp.up_proj.weight,up_proj,24,mxfp4,1.0,3145728,3.8818639119466147,3.848688761393229,0.033175150553385414,1526411,0.00047016143798828125,True,131.88818359375,131.88778686523438,1.54952776938444e-05,1.5488565622945316e-05
Qwen3-0.6B,model.layers.24.mlp.up_proj.weight,up_proj,24,mxfp4,5.0,3145728,3.8810882568359375,3.8479131062825522,0.033175150553385414,1526106,0.003074010213216146,True,132.0183563232422,131.88778686523438,1.556040115247015e-05,1.5488565622945316e-05
Qwen3-0.6B,model.layers.24.mlp.up_proj.weight,up_proj,24,mxfp8,0.0,3145728,6.639495849609375,6.606320699055989,0.033175150553385414,2610756,0.0,True,7.718446731567383,7.718446731567383,1.0055092616312322e-06,1.0055092616312322e-06
Qwen3-0.6B,model.layers.24.mlp.up_proj.weight,up_proj,24,mxfp8,1.0,3145728,6.5613454182942705,6.528170267740886,0.033175150553385414,2580026,0.05069541931152344,True,7.7396039962768555,7.718446731567383,1.0097995755131706e-06,1.0055092616312322e-06
Qwen3-0.6B,model.layers.24.mlp.up_proj.weight,up_proj,24,mxfp8,5.0,3145728,6.490715026855469,6.457539876302083,0.033175150553385414,2552253,0.10486857096354167,True,7.906288146972656,7.718446731567383,1.0409864898974774e-06,1.0055092616312322e-06
Qwen3-0.6B,model.layers.24.self_attn.k_proj.weight,k_proj,24,mxfp4,0.0,1048576,3.8954620361328125,3.85211181640625,0.0433502197265625,510586,0.0,True,1074.564697265625,1074.564697265625,8.765217899053823e-06,8.765217899053823e-06
Qwen3-0.6B,model.layers.24.self_attn.k_proj.weight,k_proj,24,mxfp4,1.0,1048576,3.8954620361328125,3.85211181640625,0.0433502197265625,510586,0.0,True,1074.564697265625,1074.564697265625,8.765217899053823e-06,8.765217899053823e-06
Qwen3-0.6B,model.layers.24.self_attn.k_proj.weight,k_proj,24,mxfp4,5.0,1048576,3.8954620361328125,3.85211181640625,0.0433502197265625,510586,0.0,True,1074.564697265625,1074.564697265625,8.765217899053823e-06,8.765217899053823e-06
Qwen3-0.6B,model.layers.24.self_attn.k_proj.weight,k_proj,24,mxfp8,0.0,1048576,6.684577941894531,6.641227722167969,0.0433502197265625,876161,0.0,True,64.78853607177734,64.78853607177734,5.841862389388552e-07,5.841862389388552e-07
Qwen3-0.6B,model.layers.24.self_attn.k_proj.weight,k_proj,24,mxfp8,1.0,1048576,6.650856018066406,6.607505798339844,0.0433502197265625,871741,0.015529632568359375,True,64.78971099853516,64.78853607177734,5.842327936989022e-07,5.841862389388552e-07
Qwen3-0.6B,model.layers.24.self_attn.k_proj.weight,k_proj,24,mxfp8,5.0,1048576,6.627937316894531,6.584587097167969,0.0433502197265625,868737,0.03482818603515625,True,64.80261993408203,64.78853607177734,5.847580268891761e-07,5.841862389388552e-07
Qwen3-0.6B,model.layers.24.self_attn.o_proj.weight,o_proj,24,mxfp4,0.0,2097152,3.9081497192382812,3.863178253173828,0.044971466064453125,1024498,0.0,True,34.232330322265625,34.232330322265625,9.499306543148123e-06,9.499306543148123e-06
Qwen3-0.6B,model.layers.24.self_attn.o_proj.weight,o_proj,24,mxfp4,1.0,2097152,3.9076194763183594,3.8626480102539062,0.044971466064453125,1024359,0.0018148422241210938,True,34.23873519897461,34.232330322265625,9.510422387393191e-06,9.499306543148123e-06
Qwen3-0.6B,model.layers.24.self_attn.o_proj.weight,o_proj,24,mxfp4,5.0,2097152,3.890491485595703,3.84552001953125,0.044971466064453125,1019869,0.0421137809753418,True,34.96342468261719,34.232330322265625,1.0703620318963658e-05,9.499306543148123e-06
Qwen3-0.6B,model.layers.24.self_attn.o_proj.weight,o_proj,24,mxfp8,0.0,2097152,6.6685028076171875,6.623531341552734,0.044971466064453125,1748108,0.0,True,2.1674246788024902,2.1674246788024902,6.371388394654787e-07,6.371388394654787e-07
Qwen3-0.6B,model.layers.24.self_attn.o_proj.weight,o_proj,24,mxfp8,1.0,2097152,6.579833984375,6.534862518310547,0.044971466064453125,1724864,0.06505775451660156,True,2.176758289337158,2.1674246788024902,6.447821760957595e-07,6.371388394654787e-07
Qwen3-0.6B,model.layers.24.self_attn.o_proj.weight,o_proj,24,mxfp8,5.0,2097152,6.503284454345703,6.45831298828125,0.044971466064453125,1704797,0.13538503646850586,True,2.248534917831421,2.1674246788024902,7.019573331490392e-07,6.371388394654787e-07
Qwen3-0.6B,model.layers.24.self_attn.q_proj.weight,q_proj,24,mxfp4,0.0,2097152,3.887042999267578,3.844085693359375,0.042957305908203125,1018965,0.0,True,2634.348876953125,2634.348876953125,1.449839874112513e-05,1.449839874112513e-05
Qwen3-0.6B,model.layers.24.self_attn.q_proj.weight,q_proj,24,mxfp4,1.0,2097152,3.887042999267578,3.844085693359375,0.042957305908203125,1018965,0.0,True,2634.348876953125,2634.348876953125,1.449839874112513e-05,1.449839874112513e-05
Qwen3-0.6B,model.layers.24.self_attn.q_proj.weight,q_proj,24,mxfp4,5.0,2097152,3.8870315551757812,3.844074249267578,0.042957305908203125,1018962,6.0558319091796875e-05,True,2634.350830078125,2634.348876953125,1.4498455129796639e-05,1.449839874112513e-05
Qwen3-0.6B,model.layers.24.self_attn.q_proj.weight,q_proj,24,mxfp8,0.0,2097152,6.700183868408203,6.6572265625,0.042957305908203125,1756413,0.0,True,152.05612182617188,152.05612182617188,9.480696121499932e-07,9.480696121499932e-07
Qwen3-0.6B,model.layers.24.self_attn.q_proj.weight,q_proj,24,mxfp8,1.0,2097152,6.669593811035156,6.626636505126953,0.042957305908203125,1748394,0.015221118927001953,True,152.05990600585938,152.05612182617188,9.481407232669881e-07,9.480696121499932e-07
Qwen3-0.6B,model.layers.24.self_attn.q_proj.weight,q_proj,24,mxfp8,5.0,2097152,6.651268005371094,6.608310699462891,0.042957305908203125,1743590,0.03177785873413086,True,152.09169006347656,152.05612182617188,9.486938665759226e-07,9.480696121499932e-07
Qwen3-0.6B,model.layers.24.self_attn.v_proj.weight,v_proj,24,mxfp4,0.0,1048576,3.8863296508789062,3.84002685546875,0.04630279541015625,509389,0.0,True,750.9758911132812,750.9758911132812,1.0611494872136973e-05,1.0611494872136973e-05
Qwen3-0.6B,model.layers.24.self_attn.v_proj.weight,v_proj,24,mxfp4,1.0,1048576,3.8863296508789062,3.84002685546875,0.04630279541015625,509389,0.0,True,750.9758911132812,750.9758911132812,1.0611494872136973e-05,1.0611494872136973e-05
Qwen3-0.6B,model.layers.24.self_attn.v_proj.weight,v_proj,24,mxfp4,5.0,1048576,3.8863296508789062,3.84002685546875,0.04630279541015625,509389,0.0,True,750.9758911132812,750.9758911132812,1.0611494872136973e-05,1.0611494872136973e-05
Qwen3-0.6B,model.layers.24.self_attn.v_proj.weight,v_proj,24,mxfp8,0.0,1048576,6.725517272949219,6.6792144775390625,0.04630279541015625,881527,0.0,True,40.072364807128906,40.072364807128906,6.967618446651613e-07,6.967618446651613e-07
Qwen3-0.6B,model.layers.24.self_attn.v_proj.weight,v_proj,24,mxfp8,1.0,1048576,6.696922302246094,6.6506195068359375,0.04630279541015625,877779,0.014275550842285156,True,40.07372283935547,40.072364807128906,6.96814254297351e-07,6.967618446651613e-07
Qwen3-0.6B,model.layers.24.self_attn.v_proj.weight,v_proj,24,mxfp8,5.0,1048576,6.677833557128906,6.63153076171875,0.04630279541015625,875277,0.030992507934570312,True,40.086326599121094,40.072364807128906,6.97285940987058e-07,6.967618446651613e-07
Qwen3-0.6B,model.layers.25.mlp.down_proj.weight,down_proj,25,mxfp4,0.0,3145728,3.9360249837239585,3.9019978841145835,0.034027099609375,1547708,0.0,True,122.26030731201172,122.26030731201172,1.4425469089474063e-05,1.4425469089474063e-05
Qwen3-0.6B,model.layers.25.mlp.down_proj.weight,down_proj,25,mxfp4,1.0,3145728,3.93548583984375,3.901458740234375,0.034027099609375,1547496,0.0022090276082356772,True,122.28219604492188,122.26030731201172,1.4532978639181238e-05,1.4425469089474063e-05
Qwen3-0.6B,model.layers.25.mlp.down_proj.weight,down_proj,25,mxfp4,5.0,3145728,3.9100774129231772,3.8760503133138022,0.034027099609375,1537505,0.029439608256022137,True,123.60985565185547,122.26030731201172,1.6013231288525276e-05,1.4425469089474063e-05
Qwen3-0.6B,model.layers.25.mlp.down_proj.weight,down_proj,25,mxfp8,0.0,3145728,6.632316589355469,6.598289489746094,0.034027099609375,2607933,0.0,True,7.3888258934021,7.3888258934021,9.421922300134611e-07,9.421922300134611e-07
Qwen3-0.6B,model.layers.25.mlp.down_proj.weight,down_proj,25,mxfp8,1.0,3145728,6.5477142333984375,6.5136871337890625,0.034027099609375,2574666,0.058513641357421875,True,7.407230377197266,7.3888258934021,9.524193842480599e-07,9.421922300134611e-07
Qwen3-0.6B,model.layers.25.mlp.down_proj.weight,down_proj,25,mxfp8,5.0,3145728,6.478543599446614,6.444516499837239,0.034027099609375,2547467,0.12285105387369792,True,7.551819801330566,7.3888258934021,1.0264385537084308e-06,9.421922300134611e-07
Qwen3-0.6B,model.layers.25.mlp.gate_proj.weight,gate_proj,25,mxfp4,0.0,3145728,3.913355509440104,3.8695297241210938,0.043825785319010414,1538794,0.0,True,125.2951431274414,125.2951431274414,1.0951741387543734e-05,1.0951741387543734e-05
Qwen3-0.6B,model.layers.25.mlp.gate_proj.weight,gate_proj,25,mxfp4,1.0,3145728,3.9135411580403647,3.869715372721354,0.043825785319010414,1538867,0.0006380081176757812,True,125.295166015625,125.2951431274414,1.09608035927522e-05,1.0951741387543734e-05
Qwen3-0.6B,model.layers.25.mlp.gate_proj.weight,gate_proj,25,mxfp4,5.0,3145728,3.9124526977539062,3.868626912434896,0.043825785319010414,1538439,0.003146489461263021,True,125.36660766601562,125.2951431274414,1.0998679499607533e-05,1.0951741387543734e-05
Qwen3-0.6B,model.layers.25.mlp.gate_proj.weight,gate_proj,25,mxfp8,0.0,3145728,6.661557515462239,6.6177317301432295,0.043825785319010414,2619431,0.0,True,8.047552108764648,8.047552108764648,7.361779807979474e-07,7.361779807979474e-07
Qwen3-0.6B,model.layers.25.mlp.gate_proj.weight,gate_proj,25,mxfp8,1.0,3145728,6.583747863769531,6.5399220784505205,0.043825785319010414,2588835,0.05233001708984375,True,8.062135696411133,8.047552108764648,7.3942720746345e-07,7.361779807979474e-07
Qwen3-0.6B,model.layers.25.mlp.gate_proj.weight,gate_proj,25,mxfp8,5.0,3145728,6.514137268066406,6.4703114827473955,0.043825785319010414,2561463,0.10564994812011719,True,8.198829650878906,8.047552108764648,7.674260018575296e-07,7.361779807979474e-07
Qwen3-0.6B,model.layers.25.mlp.up_proj.weight,up_proj,25,mxfp4,0.0,3145728,3.88275146484375,3.8496526082356772,0.033098856608072914,1526760,0.0,True,136.0675048828125,136.0675048828125,1.5710047591710463e-05,1.5710047591710463e-05
Qwen3-0.6B,model.layers.25.mlp.up_proj.weight,up_proj,25,mxfp4,1.0,3145728,3.8827133178710938,3.849614461263021,0.033098856608072914,1526745,0.0003350575764973958,True,136.06753540039062,136.0675048828125,1.571438042446971e-05,1.5710047591710463e-05
Qwen3-0.6B,model.layers.25.mlp.up_proj.weight,up_proj,25,mxfp4,5.0,3145728,3.882013956705729,3.8489151000976562,0.033098856608072914,1526470,0.0030810038248697915,True,136.209716796875,136.0675048828125,1.5786119547556154e-05,1.5710047591710463e-05
Qwen3-0.6B,model.layers.25.mlp.up_proj.weight,up_proj,25,mxfp8,0.0,3145728,6.6381785074869795,6.605079650878906,0.033098856608072914,2610238,0.0,True,8.234977722167969,8.234977722167969,1.0224820243820432e-06,1.0224820243820432e-06
Qwen3-0.6B,model.layers.25.mlp.up_proj.weight,up_proj,25,mxfp8,1.0,3145728,6.557116190592448,6.524017333984375,0.033098856608072914,2578363,0.05310885111490885,True,8.256670951843262,8.234977722167969,1.026982431540091e-06,1.0224820243820432e-06
Qwen3-0.6B,model.layers.25.mlp.up_proj.weight,up_proj,25,mxfp8,5.0,3145728,6.4949289957682295,6.461830139160156,0.033098856608072914,2553910,0.0996090571085612,True,8.416430473327637,8.234977722167969,1.058706743606308e-06,1.0224820243820432e-06
Qwen3-0.6B,model.layers.25.self_attn.k_proj.weight,k_proj,25,mxfp4,0.0,1048576,3.89691162109375,3.8534393310546875,0.0434722900390625,510776,0.0,True,1214.2109375,1214.2109375,7.689026460866444e-06,7.689026460866444e-06
Qwen3-0.6B,model.layers.25.self_attn.k_proj.weight,k_proj,25,mxfp4,1.0,1048576,3.89691162109375,3.8534393310546875,0.0434722900390625,510776,0.0,True,1214.2109375,1214.2109375,7.689026460866444e-06,7.689026460866444e-06
Qwen3-0.6B,model.layers.25.self_attn.k_proj.weight,k_proj,25,mxfp4,5.0,1048576,3.8969039916992188,3.8534317016601562,0.0434722900390625,510775,3.0517578125e-05,True,1214.211181640625,1214.2109375,7.689033736824058e-06,7.689026460866444e-06
Qwen3-0.6B,model.layers.25.self_attn.k_proj.weight,k_proj,25,mxfp8,0.0,1048576,6.686302185058594,6.642829895019531,0.0434722900390625,876387,0.0,True,76.39466857910156,76.39466857910156,5.084006033939659e-07,5.084006033939659e-07
Qwen3-0.6B,model.layers.25.self_attn.k_proj.weight,k_proj,25,mxfp8,1.0,1048576,6.658943176269531,6.615470886230469,0.0434722900390625,872801,0.013614654541015625,True,76.395263671875,76.39466857910156,5.084193048787711e-07,5.084006033939659e-07
Qwen3-0.6B,model.layers.25.self_attn.k_proj.weight,k_proj,25,mxfp8,5.0,1048576,6.63885498046875,6.5953826904296875,0.0434722900390625,870168,0.030017852783203125,True,76.40371704101562,76.39466857910156,5.087234740130953e-07,5.084006033939659e-07
Qwen3-0.6B,model.layers.25.self_attn.o_proj.weight,o_proj,25,mxfp4,0.0,2097152,3.9027023315429688,3.8596038818359375,0.04309844970703125,1023070,0.0,True,44.21272277832031,44.21272277832031,1.039753078657668e-05,1.039753078657668e-05
Qwen3-0.6B,model.layers.25.self_attn.o_proj.weight,o_proj,25,mxfp4,1.0,2097152,3.9024581909179688,3.8593597412109375,0.04309844970703125,1023006,0.0003647804260253906,True,44.21407699584961,44.21272277832031,1.039860217133537e-05,1.039753078657668e-05
Qwen3-0.6B,model.layers.25.self_attn.o_proj.weight,o_proj,25,mxfp4,5.0,2097152,3.8962936401367188,3.8531951904296875,0.04309844970703125,1021390,0.015427589416503906,True,44.520172119140625,44.21272277832031,1.0617903171805665e-05,1.039753078657668e-05
Qwen3-0.6B,model.layers.25.self_attn.o_proj.weight,o_proj,25,mxfp8,0.0,2097152,6.661216735839844,6.6181182861328125,0.04309844970703125,1746198,0.0,True,2.760849714279175,2.760849714279175,6.892274768688367e-07,6.892274768688367e-07
Qwen3-0.6B,model.layers.25.self_attn.o_proj.weight,o_proj,25,mxfp8,1.0,2097152,6.577648162841797,6.534549713134766,0.04309844970703125,1724291,0.058261871337890625,True,2.7698254585266113,2.760849714279175,6.930558242856932e-07,6.892274768688367e-07
Qwen3-0.6B,model.layers.25.self_attn.o_proj.weight,o_proj,25,mxfp8,5.0,2097152,6.522144317626953,6.479045867919922,0.04309844970703125,1709741,0.11301708221435547,True,2.838329315185547,2.760849714279175,7.210236958599126e-07,6.892274768688367e-07
Qwen3-0.6B,model.layers.25.self_attn.q_proj.weight,q_proj,25,mxfp4,0.0,2097152,3.8849868774414062,3.8420028686523438,0.0429840087890625,1018426,0.0,True,3224.103515625,3224.103515625,1.483794767409563e-05,1.483794767409563e-05
Qwen3-0.6B,model.layers.25.self_attn.q_proj.weight,q_proj,25,mxfp4,1.0,2097152,3.8849868774414062,3.8420028686523438,0.0429840087890625,1018426,0.0,True,3224.103515625,3224.103515625,1.483794767409563e-05,1.483794767409563e-05
Qwen3-0.6B,model.layers.25.self_attn.q_proj.weight,q_proj,25,mxfp4,5.0,2097152,3.8849449157714844,3.841960906982422,0.0429840087890625,1018415,0.0002269744873046875,True,3224.111328125,3224.103515625,1.4838115930615459e-05,1.483794767409563e-05
Qwen3-0.6B,model.layers.25.self_attn.q_proj.weight,q_proj,25,mxfp8,0.0,2097152,6.712696075439453,6.669712066650391,0.0429840087890625,1759693,0.0,True,183.27752685546875,183.27752685546875,9.736479569255607e-07,9.736479569255607e-07
Qwen3-0.6B,model.layers.25.self_attn.q_proj.weight,q_proj,25,mxfp8,1.0,2097152,6.682411193847656,6.639427185058594,0.0429840087890625,1751754,0.01746368408203125,True,183.28195190429688,183.27752685546875,9.737235586726456e-07,9.736479569255607e-07
Qwen3-0.6B,model.layers.25.self_attn.q_proj.weight,q_proj,25,mxfp8,5.0,2097152,6.663642883300781,6.620658874511719,0.0429840087890625,1746834,0.034544944763183594,True,183.31686401367188,183.27752685546875,9.74289832811337e-07,9.736479569255607e-07
Qwen3-0.6B,model.layers.25.self_attn.v_proj.weight,v_proj,25,mxfp4,0.0,1048576,3.8788909912109375,3.8326644897460938,0.04622650146484375,508414,0.0,True,1162.937744140625,1162.937744140625,1.2811617125407793e-05,1.2811617125407793e-05
Qwen3-0.6B,model.layers.25.self_attn.v_proj.weight,v_proj,25,mxfp4,1.0,1048576,3.8788909912109375,3.8326644897460938,0.04622650146484375,508414,0.0,True,1162.937744140625,1162.937744140625,1.2811617125407793e-05,1.2811617125407793e-05
Qwen3-0.6B,model.layers.25.self_attn.v_proj.weight,v_proj,25,mxfp4,5.0,1048576,3.8788909912109375,3.8326644897460938,0.04622650146484375,508414,0.0,True,1162.937744140625,1162.937744140625,1.2811617125407793e-05,1.2811617125407793e-05
Qwen3-0.6B,model.layers.25.self_attn.v_proj.weight,v_proj,25,mxfp8,0.0,1048576,6.733154296875,6.686927795410156,0.04622650146484375,882528,0.0,True,66.28912353515625,66.28912353515625,8.407639597862726e-07,8.407639597862726e-07
Qwen3-0.6B,model.layers.25.self_attn.v_proj.weight,v_proj,25,mxfp8,1.0,1048576,6.702491760253906,6.6562652587890625,0.04622650146484375,878509,0.013642311096191406,True,66.29061889648438,66.28912353515625,8.408139251514513e-07,8.407639597862726e-07
Qwen3-0.6B,model.layers.25.self_attn.v_proj.weight,v_proj,25,mxfp8,5.0,1048576,6.686347961425781,6.6401214599609375,0.04622650146484375,876393,0.028586387634277344,True,66.30424499511719,66.28912353515625,8.412680472247303e-07,8.407639597862726e-07
Qwen3-0.6B,model.layers.26.mlp.down_proj.weight,down_proj,26,mxfp4,0.0,3145728,3.8867899576822915,3.848108927408854,0.0386810302734375,1528348,0.0,True,198.9965362548828,198.9965362548828,1.3449392099573743e-05,1.3449392099573743e-05
Qwen3-0.6B,model.layers.26.mlp.down_proj.weight,down_proj,26,mxfp4,1.0,3145728,3.8867518107096353,3.8480707804361978,0.0386810302734375,1528333,0.0008338292439778646,True,199.00315856933594,198.9965362548828,1.3481636415235698e-05,1.3449392099573743e-05
Qwen3-0.6B,model.layers.26.mlp.down_proj.weight,down_proj,26,mxfp4,5.0,3145728,3.8832575480143228,3.8445765177408853,0.0386810302734375,1526959,0.012658119201660156,True,199.5029296875,198.9965362548828,1.4109362382441759e-05,1.3449392099573743e-05
Qwen3-0.6B,model.layers.26.mlp.down_proj.weight,down_proj,26,mxfp8,0.0,3145728,6.658103942871094,6.619422912597656,0.0386810302734375,2618073,0.0,True,12.066253662109375,12.066253662109375,8.768399197833787e-07,8.768399197833787e-07
Qwen3-0.6B,model.layers.26.mlp.down_proj.weight,down_proj,26,mxfp8,1.0,3145728,6.5921630859375,6.5534820556640625,0.0386810302734375,2592144,0.04739983876546224,True,12.080708503723145,12.066253662109375,8.824474662105786e-07,8.768399197833787e-07
Qwen3-0.6B,model.layers.26.mlp.down_proj.weight,down_proj,26,mxfp8,5.0,3145728,6.5376841227213545,6.499003092447917,0.0386810302734375,2570722,0.09618409474690755,True,12.19823169708252,12.066253662109375,9.226362749359396e-07,8.768399197833787e-07
Qwen3-0.6B,model.layers.26.mlp.gate_proj.weight,gate_proj,26,mxfp4,0.0,3145728,3.9137471516927085,3.8705469767252603,0.043200174967447914,1538948,0.0,True,138.95394897460938,138.95394897460938,1.0646814189385623e-05,1.0646814189385623e-05
Qwen3-0.6B,model.layers.26.mlp.gate_proj.weight,gate_proj,26,mxfp4,1.0,3145728,3.9137471516927085,3.8705469767252603,0.043200174967447914,1538948,0.0,True,138.95394897460938,138.95394897460938,1.0646814189385623e-05,1.0646814189385623e-05
Qwen3-0.6B,model.layers.26.mlp.gate_proj.weight,gate_proj,26,mxfp4,5.0,3145728,3.913548787434896,3.8703486124674478,0.043200174967447914,1538870,0.0007575352986653646,True,138.97511291503906,138.95394897460938,1.0653903700585943e-05,1.0646814189385623e-05
Qwen3-0.6B,model.layers.26.mlp.gate_proj.weight,gate_proj,26,mxfp8,0.0,3145728,6.656209309895833,6.613009134928386,0.043200174967447914,2617328,0.0,True,8.944674491882324,8.944674491882324,7.155132948355458e-07,7.155132948355458e-07
Qwen3-0.6B,model.layers.26.mlp.gate_proj.weight,gate_proj,26,mxfp8,1.0,3145728,6.584938049316406,6.541737874348958,0.043200174967447914,2589303,0.050290425618489586,True,8.95821762084961,8.944674491882324,7.183381853792525e-07,7.155132948355458e-07
Qwen3-0.6B,model.layers.26.mlp.gate_proj.weight,gate_proj,26,mxfp8,5.0,3145728,6.5077463785807295,6.464546203613281,0.043200174967447914,2558950,0.10778395334879558,True,9.098005294799805,8.944674491882324,7.46629041259439e-07,7.155132948355458e-07
Qwen3-0.6B,model.layers.26.mlp.up_proj.weight,up_proj,26,mxfp4,0.0,3145728,3.8842849731445312,3.8498916625976562,0.034393310546875,1527363,0.0,True,165.37149047851562,165.37149047851562,1.5369454558822326e-05,1.5369454558822326e-05
Qwen3-0.6B,model.layers.26.mlp.up_proj.weight,up_proj,26,mxfp4,1.0,3145728,3.88427734375,3.849884033203125,0.034393310546875,1527360,5.3723653157552086e-05,True,165.37203979492188,165.37149047851562,1.536957461212296e-05,1.5369454558822326e-05
Qwen3-0.6B,model.layers.26.mlp.up_proj.weight,up_proj,26,mxfp4,5.0,3145728,3.8835601806640625,3.8491668701171875,0.034393310546875,1527078,0.0016434987386067708,True,165.46707153320312,165.37149047851562,1.539526965643745e-05,1.5369454558822326e-05
Qwen3-0.6B,model.layers.26.mlp.up_proj.weight,up_proj,26,mxfp8,0.0,3145728,6.6434377034505205,6.6090443929036455,0.034393310546875,2612306,0.0,True,9.112914085388184,9.112914085388184,9.941676353264484e-07,9.941676353264484e-07
Qwen3-0.6B,model.layers.26.mlp.up_proj.weight,up_proj,26,mxfp8,1.0,3145728,6.567128499348958,6.532735188802083,0.034393310546875,2582300,0.05001672108968099,True,9.133950233459473,9.112914085388184,9.98293216980528e-07,9.941676353264484e-07
Qwen3-0.6B,model.layers.26.mlp.up_proj.weight,up_proj,26,mxfp8,5.0,3145728,6.5043792724609375,6.4699859619140625,0.034393310546875,2557626,0.10158252716064453,True,9.291645050048828,9.112914085388184,1.028103042699513e-06,9.941676353264484e-07
Qwen3-0.6B,model.layers.26.self_attn.k_proj.weight,k_proj,26,mxfp4,0.0,1048576,3.9020156860351562,3.8590164184570312,0.042999267578125,511445,0.0,True,1184.3470458984375,1184.3470458984375,7.415587788273115e-06,7.415587788273115e-06
Qwen3-0.6B,model.layers.26.self_attn.k_proj.weight,k_proj,26,mxfp4,1.0,1048576,3.9020156860351562,3.8590164184570312,0.042999267578125,511445,0.0,True,1184.3470458984375,1184.3470458984375,7.415587788273115e-06,7.415587788273115e-06
Qwen3-0.6B,model.layers.26.self_attn.k_proj.weight,k_proj,26,mxfp4,5.0,1048576,3.9019775390625,3.858978271484375,0.042999267578125,511440,0.00011444091796875,True,1184.34765625,1184.3470458984375,7.415610525640659e-06,7.415587788273115e-06
Qwen3-0.6B,model.layers.26.self_attn.k_proj.weight,k_proj,26,mxfp8,0.0,1048576,6.6762847900390625,6.6332855224609375,0.042999267578125,875074,0.0,True,71.62893676757812,71.62893676757812,4.973340992364683e-07,4.973340992364683e-07
Qwen3-0.6B,model.layers.26.self_attn.k_proj.weight,k_proj,26,mxfp8,1.0,1048576,6.647697448730469,6.604698181152344,0.042999267578125,871327,0.013051986694335938,True,71.62950134277344,71.62893676757812,4.973501290805871e-07,4.973340992364683e-07
Qwen3-0.6B,model.layers.26.self_attn.k_proj.weight,k_proj,26,mxfp8,5.0,1048576,6.630317687988281,6.587318420410156,0.042999267578125,869049,0.028801918029785156,True,71.63540649414062,71.62893676757812,4.975378260496655e-07,4.973340992364683e-07
Qwen3-0.6B,model.layers.26.self_attn.o_proj.weight,o_proj,26,mxfp4,0.0,2097152,3.9139060974121094,3.866241455078125,0.047664642333984375,1026007,0.0,True,110.84907531738281,110.84907531738281,1.0281330105499364e-05,1.0281330105499364e-05
Qwen3-0.6B,model.layers.26.self_attn.o_proj.weight,o_proj,26,mxfp4,1.0,2097152,3.9138336181640625,3.866168975830078,0.047664642333984375,1025988,7.43865966796875e-05,True,110.84931945800781,110.84907531738281,1.028144106385298e-05,1.0281330105499364e-05
Qwen3-0.6B,model.layers.26.self_attn.o_proj.weight,o_proj,26,mxfp4,5.0,2097152,3.9123382568359375,3.864673614501953,0.047664642333984375,1025596,0.003620624542236328,True,110.91771697998047,110.84907531738281,1.0323455171601381e-05,1.0281330105499364e-05
Qwen3-0.6B,model.layers.26.self_attn.o_proj.weight,o_proj,26,mxfp8,0.0,2097152,6.662590026855469,6.614925384521484,0.047664642333984375,1746558,0.0,True,7.220149993896484,7.220149993896484,6.89314731516788e-07,6.89314731516788e-07
Qwen3-0.6B,model.layers.26.self_attn.o_proj.weight,o_proj,26,mxfp8,1.0,2097152,6.59613037109375,6.548465728759766,0.047664642333984375,1729136,0.044530391693115234,True,7.227099895477295,7.220149993896484,6.914233949828485e-07,6.89314731516788e-07
Qwen3-0.6B,model.layers.26.self_attn.o_proj.weight,o_proj,26,mxfp8,5.0,2097152,6.535896301269531,6.488231658935547,0.047664642333984375,1713346,0.09621906280517578,True,7.291934967041016,7.220149993896484,7.106198154360754e-07,6.89314731516788e-07
Qwen3-0.6B,model.layers.26.self_attn.q_proj.weight,q_proj,26,mxfp4,0.0,2097152,3.8836135864257812,3.8408470153808594,0.042766571044921875,1018066,0.0,True,3351.942626953125,3351.942626953125,1.7227395801455714e-05,1.7227395801455714e-05
Qwen3-0.6B,model.layers.26.self_attn.q_proj.weight,q_proj,26,mxfp4,1.0,2097152,3.8836135864257812,3.8408470153808594,0.042766571044921875,1018066,5.245208740234375e-06,True,3351.942626953125,3351.942626953125,1.7227395801455714e-05,1.7227395801455714e-05
Qwen3-0.6B,model.layers.26.self_attn.q_proj.weight,q_proj,26,mxfp4,5.0,2097152,3.883403778076172,3.84063720703125,0.042766571044921875,1018011,0.0009360313415527344,True,3351.978759765625,3351.942626953125,1.7228139768121764e-05,1.7227395801455714e-05
Qwen3-0.6B,model.layers.26.self_attn.q_proj.weight,q_proj,26,mxfp8,0.0,2097152,6.717155456542969,6.674388885498047,0.042766571044921875,1760862,0.0,True,175.8147430419922,175.8147430419922,1.1256603329456993e-06,1.1256603329456993e-06
Qwen3-0.6B,model.layers.26.self_attn.q_proj.weight,q_proj,26,mxfp8,1.0,2097152,6.687343597412109,6.6445770263671875,0.042766571044921875,1753047,0.01692962646484375,True,175.81967163085938,175.8147430419922,1.125736389440135e-06,1.1256603329456993e-06
Qwen3-0.6B,model.layers.26.self_attn.q_proj.weight,q_proj,26,mxfp8,5.0,2097152,6.668460845947266,6.625694274902344,0.042766571044921875,1748097,0.03562164306640625,True,175.858154296875,175.8147430419922,1.126299139286857e-06,1.1256603329456993e-06
Qwen3-0.6B,model.layers.26.self_attn.v_proj.weight,v_proj,26,mxfp4,0.0,1048576,3.88836669921875,3.844818115234375,0.043548583984375,509656,0.0,True,1213.022705078125,1213.022705078125,1.172817064798437e-05,1.172817064798437e-05
Qwen3-0.6B,model.layers.26.self_attn.v_proj.weight,v_proj,26,mxfp4,1.0,1048576,3.88836669921875,3.844818115234375,0.043548583984375,509656,0.0,True,1213.022705078125,1213.022705078125,1.172817064798437e-05,1.172817064798437e-05
Qwen3-0.6B,model.layers.26.self_attn.v_proj.weight,v_proj,26,mxfp4,5.0,1048576,3.88836669921875,3.844818115234375,0.043548583984375,509656,0.0,True,1213.022705078125,1213.022705078125,1.172817064798437e-05,1.172817064798437e-05
Qwen3-0.6B,model.layers.26.self_attn.v_proj.weight,v_proj,26,mxfp8,0.0,1048576,6.697998046875,6.654449462890625,0.043548583984375,877920,0.0,True,71.09642028808594,71.09642028808594,7.672730362173752e-07,7.672730362173752e-07
Qwen3-0.6B,model.layers.26.self_attn.v_proj.weight,v_proj,26,mxfp8,1.0,1048576,6.671966552734375,6.62841796875,0.043548583984375,874508,0.012263298034667969,True,71.0976333618164,71.09642028808594,7.673131676710909e-07,7.672730362173752e-07
Qwen3-0.6B,model.layers.26.self_attn.v_proj.weight,v_proj,26,mxfp8,5.0,1048576,6.6531829833984375,6.6096343994140625,0.043548583984375,872046,0.02669811248779297,True,71.11015319824219,71.09642028808594,7.677140274608973e-07,7.672730362173752e-07
Qwen3-0.6B,model.layers.27.mlp.down_proj.weight,down_proj,27,mxfp4,0.0,3145728,3.8958714803059897,3.8508834838867188,0.044987996419270836,1531919,0.0,True,909.2735595703125,909.2735595703125,1.0209104402747471e-05,1.0209104402747471e-05
Qwen3-0.6B,model.layers.27.mlp.down_proj.weight,down_proj,27,mxfp4,1.0,3145728,3.894983927408854,3.8499959309895835,0.044987996419270836,1531570,0.00391387939453125,True,909.2942504882812,909.2735595703125,1.0384580491518136e-05,1.0209104402747471e-05
Qwen3-0.6B,model.layers.27.mlp.down_proj.weight,down_proj,27,mxfp4,5.0,3145728,3.8873062133789062,3.8423182169596353,0.044987996419270836,1528551,0.03375021616617838,True,910.0324096679688,909.2735595703125,1.1643799552985001e-05,1.0209104402747471e-05
Qwen3-0.6B,model.layers.27.mlp.down_proj.weight,down_proj,27,mxfp8,0.0,3145728,6.701805114746094,6.656817118326823,0.044987996419270836,2635257,0.0,True,34.33430480957031,34.33430480957031,6.765911280126602e-07,6.765911280126602e-07
Qwen3-0.6B,model.layers.27.mlp.down_proj.weight,down_proj,27,mxfp8,1.0,3145728,6.627703348795573,6.582715352376302,0.044987996419270836,2606119,0.056655565897623696,True,34.34690475463867,34.33430480957031,6.869072421977762e-07,6.765911280126602e-07
Qwen3-0.6B,model.layers.27.mlp.down_proj.weight,down_proj,27,mxfp8,5.0,3145728,6.57220458984375,6.5272165934244795,0.044987996419270836,2584296,0.11613305409749348,True,34.445831298828125,34.33430480957031,7.512145998589403e-07,6.765911280126602e-07
Qwen3-0.6B,model.layers.27.mlp.gate_proj.weight,gate_proj,27,mxfp4,0.0,3145728,3.9141693115234375,3.8740463256835938,0.04012298583984375,1539114,0.0,True,475.4769592285156,475.4769592285156,1.2617866559594404e-05,1.2617866559594404e-05
Qwen3-0.6B,model.layers.27.mlp.gate_proj.weight,gate_proj,27,mxfp4,1.0,3145728,3.9141362508138022,3.8740132649739585,0.04012298583984375,1539101,0.00024763743082682293,True,475.47735595703125,475.4769592285156,1.2620407687791158e-05,1.2617866559594404e-05
Qwen3-0.6B,model.layers.27.mlp.gate_proj.weight,gate_proj,27,mxfp4,5.0,3145728,3.9134750366210938,3.87335205078125,0.04012298583984375,1538841,0.0014168421427408855,True,475.50628662109375,475.4769592285156,1.2626794159587007e-05,1.2617866559594404e-05
Qwen3-0.6B,model.layers.27.mlp.gate_proj.weight,gate_proj,27,mxfp8,0.0,3145728,6.650156656901042,6.610033671061198,0.04012298583984375,2614948,0.0,True,34.74931335449219,34.74931335449219,8.389670256292447e-07,8.389670256292447e-07
Qwen3-0.6B,model.layers.27.mlp.gate_proj.weight,gate_proj,27,mxfp8,1.0,3145728,6.5918528238932295,6.551729838053386,0.04012298583984375,2592022,0.039054552714029946,True,34.757720947265625,34.74931335449219,8.401468676311197e-07,8.389670256292447e-07
Qwen3-0.6B,model.layers.27.mlp.gate_proj.weight,gate_proj,27,mxfp8,5.0,3145728,6.541900634765625,6.501777648925781,0.04012298583984375,2572380,0.08136336008707683,True,34.855506896972656,34.74931335449219,8.534562425666081e-07,8.389670256292447e-07
Qwen3-0.6B,model.layers.27.mlp.up_proj.weight,up_proj,27,mxfp4,0.0,3145728,3.88934326171875,3.8516438802083335,0.037699381510416664,1529352,0.0,True,308.23565673828125,308.23565673828125,1.426933886250481e-05,1.426933886250481e-05
Qwen3-0.6B,model.layers.27.mlp.up_proj.weight,up_proj,27,mxfp4,1.0,3145728,3.8893152872721353,3.8516159057617188,0.037699381510416664,1529341,0.00014750162760416666,True,308.23583984375,308.23565673828125,1.4270818610384595e-05,1.426933886250481e-05
Qwen3-0.6B,model.layers.27.mlp.up_proj.weight,up_proj,27,mxfp4,5.0,3145728,3.8892669677734375,3.851567586263021,0.037699381510416664,1529322,0.0006090799967447916,True,308.2452392578125,308.23565673828125,1.4276333786256146e-05,1.426933886250481e-05
Qwen3-0.6B,model.layers.27.mlp.up_proj.weight,up_proj,27,mxfp8,0.0,3145728,6.6563771565755205,6.6186777750651045,0.037699381510416664,2617394,0.0,True,14.489269256591797,14.489269256591797,9.314850899500016e-07,9.314850899500016e-07
Qwen3-0.6B,model.layers.27.mlp.up_proj.weight,up_proj,27,mxfp8,1.0,3145728,6.596356709798177,6.558657328287761,0.037699381510416664,2593793,0.0369561513264974,True,14.49920654296875,14.489269256591797,9.328838928013283e-07,9.314850899500016e-07
Qwen3-0.6B,model.layers.27.mlp.up_proj.weight,up_proj,27,mxfp8,5.0,3145728,6.5430959065755205,6.5053965250651045,0.037699381510416664,2572850,0.08214664459228516,True,14.642919540405273,14.489269256591797,9.525920177111402e-07,9.314850899500016e-07
Qwen3-0.6B,model.layers.27.self_attn.k_proj.weight,k_proj,27,mxfp4,0.0,1048576,3.911041259765625,3.8667678833007812,0.04427337646484375,512628,0.0,True,1350.454345703125,1350.454345703125,1.112541212933138e-05,1.112541212933138e-05
Qwen3-0.6B,model.layers.27.self_attn.k_proj.weight,k_proj,27,mxfp4,1.0,1048576,3.911041259765625,3.8667678833007812,0.04427337646484375,512628,0.0,True,1350.454345703125,1350.454345703125,1.112541212933138e-05,1.112541212933138e-05
Qwen3-0.6B,model.layers.27.self_attn.k_proj.weight,k_proj,27,mxfp4,5.0,1048576,3.911041259765625,3.8667678833007812,0.04427337646484375,512628,0.0,True,1350.454345703125,1350.454345703125,1.112541212933138e-05,1.112541212933138e-05
Qwen3-0.6B,model.layers.27.self_attn.k_proj.weight,k_proj,27,mxfp8,0.0,1048576,6.6611175537109375,6.616844177246094,0.04427337646484375,873086,0.0,True,83.7576675415039,83.7576675415039,7.45818397263065e-07,7.45818397263065e-07
Qwen3-0.6B,model.layers.27.self_attn.k_proj.weight,k_proj,27,mxfp8,1.0,1048576,6.637702941894531,6.5934295654296875,0.04427337646484375,870017,0.011424064636230469,True,83.7583999633789,83.7576675415039,7.458336312993197e-07,7.45818397263065e-07
Qwen3-0.6B,model.layers.27.self_attn.k_proj.weight,k_proj,27,mxfp8,5.0,1048576,6.6244659423828125,6.580192565917969,0.04427337646484375,868282,0.023428916931152344,True,83.76576232910156,83.7576675415039,7.460004098902573e-07,7.45818397263065e-07
Qwen3-0.6B,model.layers.27.self_attn.o_proj.weight,o_proj,27,mxfp4,0.0,2097152,3.9075393676757812,3.8639450073242188,0.0435943603515625,1024338,0.0,True,80.42222595214844,80.42222595214844,1.1369640560587868e-05,1.1369640560587868e-05
Qwen3-0.6B,model.layers.27.self_attn.o_proj.weight,o_proj,27,mxfp4,1.0,2097152,3.9050979614257812,3.8615036010742188,0.0435943603515625,1023698,0.007914543151855469,True,80.45459747314453,80.42222595214844,1.1948072824452538e-05,1.1369640560587868e-05
Qwen3-0.6B,model.layers.27.self_attn.o_proj.weight,o_proj,27,mxfp4,5.0,2097152,3.896923065185547,3.8533287048339844,0.0435943603515625,1021555,0.030762195587158203,True,80.82037353515625,80.42222595214844,1.4564890079782344e-05,1.1369640560587868e-05
Qwen3-0.6B,model.layers.27.self_attn.o_proj.weight,o_proj,27,mxfp8,0.0,2097152,6.655246734619141,6.611652374267578,0.0435943603515625,1744633,0.0,True,5.292151927947998,5.292151927947998,7.587535719721927e-07,7.587535719721927e-07
Qwen3-0.6B,model.layers.27.self_attn.o_proj.weight,o_proj,27,mxfp8,1.0,2097152,6.5826416015625,6.5390472412109375,0.0435943603515625,1725600,0.05220365524291992,True,5.301158905029297,5.292151927947998,7.814040827724966e-07,7.587535719721927e-07
Qwen3-0.6B,model.layers.27.self_attn.o_proj.weight,o_proj,27,mxfp8,5.0,2097152,6.520183563232422,6.476589202880859,0.0435943603515625,1709227,0.11306095123291016,True,5.377777576446533,5.292151927947998,9.254554242943414e-07,7.587535719721927e-07
Qwen3-0.6B,model.layers.27.self_attn.q_proj.weight,q_proj,27,mxfp4,0.0,2097152,3.8976173400878906,3.8566665649414062,0.040950775146484375,1021737,0.0,True,2483.14599609375,2483.14599609375,1.2566168152261525e-05,1.2566168152261525e-05
Qwen3-0.6B,model.layers.27.self_attn.q_proj.weight,q_proj,27,mxfp4,1.0,2097152,3.8976173400878906,3.8566665649414062,0.040950775146484375,1021737,0.0,True,2483.14599609375,2483.14599609375,1.2566168152261525e-05,1.2566168152261525e-05
Qwen3-0.6B,model.layers.27.self_attn.q_proj.weight,q_proj,27,mxfp4,5.0,2097152,3.8976173400878906,3.8566665649414062,0.040950775146484375,1021737,0.0,True,2483.14599609375,2483.14599609375,1.2566168152261525e-05,1.2566168152261525e-05
Qwen3-0.6B,model.layers.27.self_attn.q_proj.weight,q_proj,27,mxfp8,0.0,2097152,6.655643463134766,6.614692687988281,0.040950775146484375,1744737,0.0,True,138.8898162841797,138.8898162841797,8.252629868366057e-07,8.252629868366057e-07
Qwen3-0.6B,model.layers.27.self_attn.q_proj.weight,q_proj,27,mxfp8,1.0,2097152,6.629726409912109,6.588775634765625,0.040950775146484375,1737943,0.011204719543457031,True,138.891357421875,138.8898162841797,8.252792440543999e-07,8.252629868366057e-07
Qwen3-0.6B,model.layers.27.self_attn.q_proj.weight,q_proj,27,mxfp8,5.0,2097152,6.6130523681640625,6.572101593017578,0.040950775146484375,1733572,0.02367687225341797,True,138.91102600097656,138.8898162841797,8.255057082351414e-07,8.252629868366057e-07
Qwen3-0.6B,model.layers.27.self_attn.v_proj.weight,v_proj,27,mxfp4,0.0,1048576,3.8790740966796875,3.841888427734375,0.0371856689453125,508438,0.0,True,1010.275146484375,1010.275146484375,1.3706598110729828e-05,1.3706598110729828e-05
Qwen3-0.6B,model.layers.27.self_attn.v_proj.weight,v_proj,27,mxfp4,1.0,1048576,3.8790740966796875,3.841888427734375,0.0371856689453125,508438,0.0,True,1010.275146484375,1010.275146484375,1.3706598110729828e-05,1.3706598110729828e-05
Qwen3-0.6B,model.layers.27.self_attn.v_proj.weight,v_proj,27,mxfp4,5.0,1048576,3.8790740966796875,3.841888427734375,0.0371856689453125,508438,0.0,True,1010.275146484375,1010.275146484375,1.3706598110729828e-05,1.3706598110729828e-05
Qwen3-0.6B,model.layers.27.self_attn.v_proj.weight,v_proj,27,mxfp8,0.0,1048576,6.666893005371094,6.629707336425781,0.0371856689453125,873843,0.0,True,50.18788528442383,50.18788528442383,8.877036634657998e-07,8.877036634657998e-07
Qwen3-0.6B,model.layers.27.self_attn.v_proj.weight,v_proj,27,mxfp8,1.0,1048576,6.642601013183594,6.605415344238281,0.0371856689453125,870659,0.010149002075195312,True,50.188785552978516,50.18788528442383,8.877234449755633e-07,8.877036634657998e-07
Qwen3-0.6B,model.layers.27.self_attn.v_proj.weight,v_proj,27,mxfp8,5.0,1048576,6.628364562988281,6.591178894042969,0.0371856689453125,868793,0.022912025451660156,True,50.19999313354492,50.18788528442383,8.879812298800971e-07,8.877036634657998e-07
Qwen3-0.6B,model.layers.3.mlp.down_proj.weight,down_proj,3,mxfp4,0.0,3145728,3.9107538859049478,3.8668950398763022,0.043858846028645836,1537771,0.0,True,0.6107861995697021,0.6107861995697021,8.039779459068086e-06,8.039779459068086e-06
Qwen3-0.6B,model.layers.3.mlp.down_proj.weight,down_proj,3,mxfp4,1.0,3145728,3.5436197916666665,3.499760945638021,0.043858846028645836,1393408,0.4919637044270833,True,2.1389079093933105,0.6107861995697021,3.8656758988508955e-05,8.039779459068086e-06
Qwen3-0.6B,model.layers.3.mlp.down_proj.weight,down_proj,3,mxfp4,5.0,3145728,3.3565546671549478,3.3126958211263022,0.043858846028645836,1319851,0.6539405186971029,True,3.6546638011932373,0.6107861995697021,5.640741437673569e-05,8.039779459068086e-06
Qwen3-0.6B,model.layers.3.mlp.down_proj.weight,down_proj,3,mxfp8,0.0,3145728,6.677663167317708,6.6338043212890625,0.043858846028645836,2625764,0.0,True,0.04091794788837433,0.04091794788837433,5.480934532897663e-07,5.480934532897663e-07
Qwen3-0.6B,model.layers.3.mlp.down_proj.weight,down_proj,3,mxfp8,1.0,3145728,6.171702067057292,6.1278432210286455,0.043858846028645836,2426812,0.5199108123779297,True,0.09871770441532135,0.04091794788837433,1.7538374095238396e-06,5.480934532897663e-07
Qwen3-0.6B,model.layers.3.mlp.down_proj.weight,down_proj,3,mxfp8,5.0,3145728,5.937004089355469,5.893145243326823,0.043858846028645836,2334525,0.7434790929158529,True,0.21092456579208374,0.04091794788837433,3.328559614601545e-06,5.480934532897663e-07
Qwen3-0.6B,model.layers.3.mlp.gate_proj.weight,gate_proj,3,mxfp4,0.0,3145728,3.9580485026041665,3.9214655558268228,0.03658294677734375,1556368,0.0,True,74.07495880126953,74.07495880126953,2.1284589820425026e-05,2.1284589820425026e-05
Qwen3-0.6B,model.layers.3.mlp.gate_proj.weight,gate_proj,3,mxfp4,1.0,3145728,3.953821818033854,3.9172388712565103,0.03658294677734375,1554706,0.008506457010904947,True,74.20512390136719,74.07495880126953,2.1429399566841312e-05,2.1284589820425026e-05
Qwen3-0.6B,model.layers.3.mlp.gate_proj.weight,gate_proj,3,mxfp4,5.0,3145728,3.7464701334635415,3.7098871866861978,0.03658294677734375,1473172,0.1449718475341797,True,85.27212524414062,74.07495880126953,3.146145900245756e-05,2.1284589820425026e-05
Qwen3-0.6B,model.layers.3.mlp.gate_proj.weight,gate_proj,3,mxfp8,0.0,3145728,6.634396870930989,6.5978139241536455,0.03658294677734375,2608751,0.0,True,4.829095840454102,4.829095840454102,1.42956116633286e-06,1.42956116633286e-06
Qwen3-0.6B,model.layers.3.mlp.gate_proj.weight,gate_proj,3,mxfp8,1.0,3145728,6.4908396402994795,6.454256693522136,0.03658294677734375,2552302,0.09688472747802734,True,4.870462894439697,4.829095840454102,1.4638861784987967e-06,1.42956116633286e-06
Qwen3-0.6B,model.layers.3.mlp.gate_proj.weight,gate_proj,3,mxfp8,5.0,3145728,6.366739908854167,6.330156962076823,0.03658294677734375,2503504,0.1927789052327474,True,5.1497883796691895,4.829095840454102,1.6932858670770656e-06,1.42956116633286e-06
Qwen3-0.6B,model.layers.3.mlp.up_proj.weight,up_proj,3,mxfp4,0.0,3145728,3.9191309611002603,3.8764368693033853,0.042694091796875,1541065,0.0,True,15.912455558776855,15.912455558776855,8.348538358404767e-06,8.348538358404767e-06
Qwen3-0.6B,model.layers.3.mlp.up_proj.weight,up_proj,3,mxfp4,1.0,3145728,3.9186604817708335,3.8759663899739585,0.042694091796875,1540880,0.002017339070638021,True,15.918259620666504,15.912455558776855,8.36209346743999e-06,8.348538358404767e-06
Qwen3-0.6B,model.layers.3.mlp.up_proj.weight,up_proj,3,mxfp4,5.0,3145728,3.7950592041015625,3.7523651123046875,0.042694091796875,1492278,0.1301403045654297,True,18.2658748626709,15.912455558776855,1.0435728654556442e-05,8.348538358404767e-06
Qwen3-0.6B,model.layers.3.mlp.up_proj.weight,up_proj,3,mxfp8,0.0,3145728,6.661506652832031,6.618812561035156,0.042694091796875,2619411,0.0,True,0.8190302848815918,0.8190302848815918,5.719545583815488e-07,5.719545583815488e-07
Qwen3-0.6B,model.layers.3.mlp.up_proj.weight,up_proj,3,mxfp8,1.0,3145728,6.534639994303386,6.491945902506511,0.042694091796875,2569525,0.08381589253743489,True,0.8302539587020874,0.8190302848815918,5.811544383504952e-07,5.719545583815488e-07
Qwen3-0.6B,model.layers.3.mlp.up_proj.weight,up_proj,3,mxfp8,5.0,3145728,6.4132639567057295,6.3705698649088545,0.042694091796875,2521798,0.17804527282714844,True,0.9404535293579102,0.8190302848815918,6.763687565580767e-07,5.719545583815488e-07
Qwen3-0.6B,model.layers.3.self_attn.k_proj.weight,k_proj,3,mxfp4,0.0,1048576,3.9057159423828125,3.8613128662109375,0.044403076171875,511930,0.0,True,2.5697648525238037,2.5697648525238037,1.1400671610317659e-05,1.1400671610317659e-05
Qwen3-0.6B,model.layers.3.self_attn.k_proj.weight,k_proj,3,mxfp4,1.0,1048576,3.824981689453125,3.78057861328125,0.044403076171875,501348,0.13499164581298828,True,2.782015085220337,2.5697648525238037,1.3495953680831008e-05,1.1400671610317659e-05
Qwen3-0.6B,model.layers.3.self_attn.k_proj.weight,k_proj,3,mxfp4,5.0,1048576,3.440216064453125,3.39581298828125,0.044403076171875,450916,0.46335411071777344,True,5.559436798095703,2.5697648525238037,3.9110222132876515e-05,1.1400671610317659e-05
Qwen3-0.6B,model.layers.3.self_attn.k_proj.weight,k_proj,3,mxfp8,0.0,1048576,6.668159484863281,6.623756408691406,0.044403076171875,874009,0.0,True,0.15717434883117676,0.15717434883117676,7.553319960607041e-07,7.553319960607041e-07
Qwen3-0.6B,model.layers.3.self_attn.k_proj.weight,k_proj,3,mxfp8,1.0,1048576,6.406341552734375,6.3619384765625,0.044403076171875,839692,0.2112894058227539,True,0.16949734091758728,0.15717434883117676,8.735930236980494e-07,7.553319960607041e-07
Qwen3-0.6B,model.layers.3.self_attn.k_proj.weight,k_proj,3,mxfp8,5.0,1048576,6.165229797363281,6.120826721191406,0.044403076171875,808089,0.4942445755004883,True,0.2782427668571472,0.15717434883117676,1.9040858205698896e-06,7.553319960607041e-07
Qwen3-0.6B,model.layers.3.self_attn.o_proj.weight,o_proj,3,mxfp4,0.0,2097152,3.9269180297851562,3.8816909790039062,0.04522705078125,1029418,0.0,True,0.15401038527488708,0.15401038527488708,1.0521354852244258e-05,1.0521354852244258e-05
Qwen3-0.6B,model.layers.3.self_attn.o_proj.weight,o_proj,3,mxfp4,1.0,2097152,3.0277938842773438,2.9825668334960938,0.04522705078125,793718,0.6403112411499023,True,0.8521064519882202,0.15401038527488708,7.251006900332868e-05,1.0521354852244258e-05
Qwen3-0.6B,model.layers.3.self_attn.o_proj.weight,o_proj,3,mxfp4,5.0,2097152,2.966838836669922,2.921611785888672,0.04522705078125,777739,0.6637511253356934,True,0.946344256401062,0.15401038527488708,7.567429565824568e-05,1.0521354852244258e-05
Qwen3-0.6B,model.layers.3.self_attn.o_proj.weight,o_proj,3,mxfp8,0.0,2097152,6.656688690185547,6.611461639404297,0.04522705078125,1745011,0.0,True,0.010069208219647408,0.010069208219647408,7.026797561593412e-07,7.026797561593412e-07
Qwen3-0.6B,model.layers.3.self_attn.o_proj.weight,o_proj,3,mxfp8,1.0,2097152,5.964633941650391,5.919406890869141,0.04522705078125,1563593,0.7076401710510254,True,0.0461769625544548,0.010069208219647408,4.074322532687802e-06,7.026797561593412e-07
Qwen3-0.6B,model.layers.3.self_attn.o_proj.weight,o_proj,3,mxfp8,5.0,2097152,5.891254425048828,5.846027374267578,0.04522705078125,1544357,0.7618098258972168,True,0.0586620569229126,0.010069208219647408,4.8364709073212e-06,7.026797561593412e-07
Qwen3-0.6B,model.layers.3.self_attn.q_proj.weight,q_proj,3,mxfp4,0.0,2097152,3.9007186889648438,3.858104705810547,0.042613983154296875,1022550,0.0,True,5.340672492980957,5.340672492980957,1.2271795640117489e-05,1.2271795640117489e-05
Qwen3-0.6B,model.layers.3.self_attn.q_proj.weight,q_proj,3,mxfp4,1.0,2097152,3.818195343017578,3.7755813598632812,0.042613983154296875,1000917,0.11374187469482422,True,5.7212677001953125,5.340672492980957,1.414545658917632e-05,1.2271795640117489e-05
Qwen3-0.6B,model.layers.3.self_attn.q_proj.weight,q_proj,3,mxfp4,5.0,2097152,3.319812774658203,3.2771987915039062,0.042613983154296875,870269,0.46696996688842773,True,12.339593887329102,5.340672492980957,4.4824701035395265e-05,1.2271795640117489e-05
Qwen3-0.6B,model.layers.3.self_attn.q_proj.weight,q_proj,3,mxfp8,0.0,2097152,6.663719177246094,6.621105194091797,0.042613983154296875,1746854,0.0,True,0.3221413791179657,0.3221413791179657,8.131871709338157e-07,8.131871709338157e-07
Qwen3-0.6B,model.layers.3.self_attn.q_proj.weight,q_proj,3,mxfp8,1.0,2097152,6.4369964599609375,6.394382476806641,0.042613983154296875,1687420,0.19642972946166992,True,0.3504883646965027,0.3221413791179657,9.515537158222287e-07,8.131871709338157e-07
Qwen3-0.6B,model.layers.3.self_attn.q_proj.weight,q_proj,3,mxfp8,5.0,2097152,6.206859588623047,6.16424560546875,0.042613983154296875,1627091,0.4819517135620117,True,0.5827279090881348,0.3221413791179657,2.0361396764201345e-06,8.131871709338157e-07
Qwen3-0.6B,model.layers.3.self_attn.v_proj.weight,v_proj,3,mxfp4,0.0,1048576,3.8935623168945312,3.8511734008789062,0.042388916015625,510337,0.0,True,1.9041157960891724,1.9041157960891724,1.2131701623729896e-05,1.2131701623729896e-05
Qwen3-0.6B,model.layers.3.self_attn.v_proj.weight,v_proj,3,mxfp4,1.0,1048576,3.8682327270507812,3.8258438110351562,0.042388916015625,507017,0.058124542236328125,True,2.009519100189209,1.9041157960891724,1.3186434443923645e-05,1.2131701623729896e-05
Qwen3-0.6B,model.layers.3.self_attn.v_proj.weight,v_proj,3,mxfp4,5.0,1048576,3.5224990844726562,3.4801101684570312,0.042388916015625,461701,0.4440183639526367,True,5.913675785064697,1.9041157960891724,4.962395178154111e-05,1.2131701623729896e-05
Qwen3-0.6B,model.layers.3.self_attn.v_proj.weight,v_proj,3,mxfp8,0.0,1048576,6.673957824707031,6.631568908691406,0.042388916015625,874769,0.0,True,0.10618641972541809,0.10618641972541809,7.944527169456705e-07,7.944527169456705e-07
Qwen3-0.6B,model.layers.3.self_attn.v_proj.weight,v_proj,3,mxfp8,1.0,1048576,6.44891357421875,6.406524658203125,0.042388916015625,845272,0.1597118377685547,True,0.11804579198360443,0.10618641972541809,9.08163883650559e-07,7.944527169456705e-07
Qwen3-0.6B,model.layers.3.self_attn.v_proj.weight,v_proj,3,mxfp8,5.0,1048576,6.226432800292969,6.184043884277344,0.042388916015625,816111,0.40943145751953125,True,0.22543595731258392,0.10618641972541809,1.9051660729019204e-06,7.944527169456705e-07
Qwen3-0.6B,model.layers.4.mlp.down_proj.weight,down_proj,4,mxfp4,0.0,3145728,3.9061991373697915,3.861546834309896,0.044652303059895836,1535980,0.0,True,0.757026195526123,0.757026195526123,8.205898666346911e-06,8.205898666346911e-06
Qwen3-0.6B,model.layers.4.mlp.down_proj.weight,down_proj,4,mxfp4,1.0,3145728,3.571812947591146,3.52716064453125,0.044652303059895836,1404494,0.46105416615804035,True,2.2735471725463867,0.757026195526123,3.655867840279825e-05,8.205898666346911e-06
Qwen3-0.6B,model.layers.4.mlp.down_proj.weight,down_proj,4,mxfp4,5.0,3145728,3.3579839070638022,3.3133316040039062,0.044652303059895836,1320413,0.6464462280273438,True,4.309551239013672,0.757026195526123,5.71365344512742e-05,8.205898666346911e-06
Qwen3-0.6B,model.layers.4.mlp.down_proj.weight,down_proj,4,mxfp8,0.0,3145728,6.687703450520833,6.6430511474609375,0.044652303059895836,2629712,0.0,True,0.05028977990150452,0.05028977990150452,5.572638883677428e-07,5.572638883677428e-07
Qwen3-0.6B,model.layers.4.mlp.down_proj.weight,down_proj,4,mxfp8,1.0,3145728,6.236796061197917,6.1921437581380205,0.044652303059895836,2452408,0.4866615931193034,True,0.10636553913354874,0.05028977990150452,1.632568796594569e-06,5.572638883677428e-07
Qwen3-0.6B,model.layers.4.mlp.down_proj.weight,down_proj,4,mxfp8,5.0,3145728,5.976295471191406,5.931643168131511,0.044652303059895836,2349975,0.7345399856567383,True,0.23851563036441803,0.05028977990150452,3.275128619861789e-06,5.572638883677428e-07
Qwen3-0.6B,model.layers.4.mlp.gate_proj.weight,gate_proj,4,mxfp4,0.0,3145728,3.9670486450195312,3.9318440755208335,0.035204569498697914,1559907,0.0,True,58.58091354370117,58.58091354370117,1.9399898519623093e-05,1.9399898519623093e-05
Qwen3-0.6B,model.layers.4.mlp.gate_proj.weight,gate_proj,4,mxfp4,1.0,3145728,3.9653447469075522,3.930140177408854,0.035204569498697914,1559237,0.0050284067789713545,True,58.648399353027344,58.58091354370117,1.9482604329823516e-05,1.9399898519623093e-05
Qwen3-0.6B,model.layers.4.mlp.gate_proj.weight,gate_proj,4,mxfp4,5.0,3145728,3.7602361043294272,3.725031534830729,0.035204569498697914,1478585,0.140472412109375,True,69.49866485595703,58.58091354370117,2.9135533623048104e-05,1.9399898519623093e-05
Qwen3-0.6B,model.layers.4.mlp.gate_proj.weight,gate_proj,4,mxfp8,0.0,3145728,6.628377278645833,6.593172709147136,0.035204569498697914,2606384,0.0,True,3.9505367279052734,3.9505367279052734,1.3036229802310118e-06,1.3036229802310118e-06
Qwen3-0.6B,model.layers.4.mlp.gate_proj.weight,gate_proj,4,mxfp8,1.0,3145728,6.4828948974609375,6.447690327962239,0.035204569498697914,2549178,0.10146617889404297,True,3.9940896034240723,3.9505367279052734,1.3384269550442696e-06,1.3036229802310118e-06
Qwen3-0.6B,model.layers.4.mlp.gate_proj.weight,gate_proj,4,mxfp8,5.0,3145728,6.364850362141927,6.3296457926432295,0.035204569498697914,2502761,0.19823455810546875,True,4.271365642547607,3.9505367279052734,1.5574238432236598e-06,1.3036229802310118e-06
Qwen3-0.6B,model.layers.4.mlp.up_proj.weight,up_proj,4,mxfp4,0.0,3145728,3.9176508585611978,3.875147501627604,0.04250335693359375,1540483,0.0,True,14.957343101501465,14.957343101501465,8.494794201396871e-06,8.494794201396871e-06
Qwen3-0.6B,model.layers.4.mlp.up_proj.weight,up_proj,4,mxfp4,1.0,3145728,3.9174575805664062,3.8749542236328125,0.04250335693359375,1540407,0.001354217529296875,True,14.960514068603516,14.957343101501465,8.503490789735224e-06,8.494794201396871e-06
Qwen3-0.6B,model.layers.4.mlp.up_proj.weight,up_proj,4,mxfp4,5.0,3145728,3.8089014689127603,3.7663981119791665,0.04250335693359375,1497721,0.11961046854654948,True,17.22233009338379,14.957343101501465,1.0394735909358133e-05,8.494794201396871e-06
Qwen3-0.6B,model.layers.4.mlp.up_proj.weight,up_proj,4,mxfp8,0.0,3145728,6.6616566975911455,6.619153340657552,0.04250335693359375,2619470,0.0,True,0.8448840379714966,0.8448840379714966,5.822320758852584e-07,5.822320758852584e-07
Qwen3-0.6B,model.layers.4.mlp.up_proj.weight,up_proj,4,mxfp8,1.0,3145728,6.53997802734375,6.497474670410156,0.04250335693359375,2571624,0.08458360036214192,True,0.8563070893287659,0.8448840379714966,5.913314566896588e-07,5.822320758852584e-07
Qwen3-0.6B,model.layers.4.mlp.up_proj.weight,up_proj,4,mxfp8,5.0,3145728,6.4296824137369795,6.387179056803386,0.04250335693359375,2528254,0.17055288950602213,True,0.9501608610153198,0.8448840379714966,6.684220466013358e-07,5.822320758852584e-07
Qwen3-0.6B,model.layers.4.self_attn.k_proj.weight,k_proj,4,mxfp4,0.0,1048576,3.904937744140625,3.8600692749023438,0.04486846923828125,511828,0.0,True,2.810633897781372,2.810633897781372,1.0818819646374322e-05,1.0818819646374322e-05
Qwen3-0.6B,model.layers.4.self_attn.k_proj.weight,k_proj,4,mxfp4,1.0,1048576,3.8133773803710938,3.7685089111328125,0.04486846923828125,499827,0.12704849243164062,True,3.0189754962921143,2.810633897781372,1.2920638255309314e-05,1.0818819646374322e-05
Qwen3-0.6B,model.layers.4.self_attn.k_proj.weight,k_proj,4,mxfp4,5.0,1048576,3.3164825439453125,3.2716140747070312,0.04486846923828125,434698,0.46698951721191406,True,5.927181243896484,2.810633897781372,3.983919305028394e-05,1.0818819646374322e-05
Qwen3-0.6B,model.layers.4.self_attn.k_proj.weight,k_proj,4,mxfp8,0.0,1048576,6.6682891845703125,6.623420715332031,0.04486846923828125,874026,0.0,True,0.1711978316307068,0.1711978316307068,7.223849820547912e-07,7.223849820547912e-07
Qwen3-0.6B,model.layers.4.self_attn.k_proj.weight,k_proj,4,mxfp8,1.0,1048576,6.414276123046875,6.369407653808594,0.04486846923828125,840732,0.197998046875,True,0.18205231428146362,0.1711978316307068,8.27192479846417e-07,7.223849820547912e-07
Qwen3-0.6B,model.layers.4.self_attn.k_proj.weight,k_proj,4,mxfp8,5.0,1048576,6.1648101806640625,6.119941711425781,0.04486846923828125,808034,0.4785785675048828,True,0.2873694896697998,0.1711978316307068,1.8294379060534993e-06,7.223849820547912e-07
Qwen3-0.6B,model.layers.4.self_attn.o_proj.weight,o_proj,4,mxfp4,0.0,2097152,3.9065322875976562,3.8614158630371094,0.045116424560546875,1024074,0.0,True,0.30549266934394836,0.30549266934394836,9.869982022792101e-06,9.869982022792101e-06
Qwen3-0.6B,model.layers.4.self_attn.o_proj.weight,o_proj,4,mxfp4,1.0,2097152,3.1753082275390625,3.1301918029785156,0.045116424560546875,832388,0.5658268928527832,True,1.2615280151367188,0.30549266934394836,5.884056008653715e-05,9.869982022792101e-06
Qwen3-0.6B,model.layers.4.self_attn.o_proj.weight,o_proj,4,mxfp4,5.0,2097152,2.9755516052246094,2.9304351806640625,0.045116424560546875,780023,0.6544604301452637,True,1.8148939609527588,0.30549266934394836,6.999311153776944e-05,9.869982022792101e-06
Qwen3-0.6B,model.layers.4.self_attn.o_proj.weight,o_proj,4,mxfp8,0.0,2097152,6.660961151123047,6.6158447265625,0.045116424560546875,1746131,0.0,True,0.020044252276420593,0.020044252276420593,6.589235681531136e-07,6.589235681531136e-07
Qwen3-0.6B,model.layers.4.self_attn.o_proj.weight,o_proj,4,mxfp8,1.0,2097152,6.103424072265625,6.058307647705078,0.045116424560546875,1599976,0.6113028526306152,True,0.060704879462718964,0.020044252276420593,2.967311502288794e-06,6.589235681531136e-07
Qwen3-0.6B,model.layers.4.self_attn.o_proj.weight,o_proj,4,mxfp8,5.0,2097152,5.954826354980469,5.909709930419922,0.045116424560546875,1561022,0.7587089538574219,True,0.10627145320177078,0.020044252276420593,4.281982455722755e-06,6.589235681531136e-07
Qwen3-0.6B,model.layers.4.self_attn.q_proj.weight,q_proj,4,mxfp4,0.0,2097152,3.897613525390625,3.855998992919922,0.041614532470703125,1021736,0.0,True,5.095178127288818,5.095178127288818,1.1576148608583026e-05,1.1576148608583026e-05
Qwen3-0.6B,model.layers.4.self_attn.q_proj.weight,q_proj,4,mxfp4,1.0,2097152,3.8120765686035156,3.7704620361328125,0.041614532470703125,999313,0.10698461532592773,True,5.462728977203369,5.095178127288818,1.341606184723787e-05,1.1576148608583026e-05
Qwen3-0.6B,model.layers.4.self_attn.q_proj.weight,q_proj,4,mxfp4,5.0,2097152,3.311595916748047,3.2699813842773438,0.041614532470703125,868115,0.45850038528442383,True,11.921758651733398,5.095178127288818,4.3348889448679984e-05,1.1576148608583026e-05
Qwen3-0.6B,model.layers.4.self_attn.q_proj.weight,q_proj,4,mxfp8,0.0,2097152,6.661190032958984,6.619575500488281,0.041614532470703125,1746191,0.0,True,0.29500165581703186,0.29500165581703186,7.617405231030716e-07,7.617405231030716e-07
Qwen3-0.6B,model.layers.4.self_attn.q_proj.weight,q_proj,4,mxfp8,1.0,2097152,6.433235168457031,6.391620635986328,0.041614532470703125,1686434,0.18515443801879883,True,0.31767964363098145,0.29500165581703186,8.720214736968046e-07,7.617405231030716e-07
Qwen3-0.6B,model.layers.4.self_attn.q_proj.weight,q_proj,4,mxfp8,5.0,2097152,6.1873779296875,6.145763397216797,0.041614532470703125,1621984,0.45974111557006836,True,0.5319809913635254,0.29500165581703186,1.8813909719028743e-06,7.617405231030716e-07
Qwen3-0.6B,model.layers.4.self_attn.v_proj.weight,v_proj,4,mxfp4,0.0,1048576,3.8898544311523438,3.8479843139648438,0.0418701171875,509851,0.0,True,1.9084234237670898,1.9084234237670898,1.1693178748828359e-05,1.1693178748828359e-05
Qwen3-0.6B,model.layers.4.self_attn.v_proj.weight,v_proj,4,mxfp4,1.0,1048576,3.8629989624023438,3.8211288452148438,0.0418701171875,506331,0.06298828125,True,2.019272804260254,1.9084234237670898,1.279892421734985e-05,1.1693178748828359e-05
Qwen3-0.6B,model.layers.4.self_attn.v_proj.weight,v_proj,4,mxfp4,5.0,1048576,3.5110931396484375,3.4692230224609375,0.0418701171875,460206,0.4572563171386719,True,5.873995304107666,1.9084234237670898,4.906622052658349e-05,1.1693178748828359e-05
Qwen3-0.6B,model.layers.4.self_attn.v_proj.weight,v_proj,4,mxfp8,0.0,1048576,6.67730712890625,6.63543701171875,0.0418701171875,875208,0.0,True,0.10040600597858429,0.10040600597858429,7.665800012546242e-07,7.665800012546242e-07
Qwen3-0.6B,model.layers.4.self_attn.v_proj.weight,v_proj,4,mxfp8,1.0,1048576,6.468116760253906,6.426246643066406,0.0418701171875,847789,0.16587352752685547,True,0.1117236316204071,0.10040600597858429,8.764149015405565e-07,7.665800012546242e-07
Qwen3-0.6B,model.layers.4.self_attn.v_proj.weight,v_proj,4,mxfp8,5.0,1048576,6.222740173339844,6.180870056152344,0.0418701171875,815627,0.4395322799682617,True,0.2190905064344406,0.10040600597858429,1.8764765172818443e-06,7.665800012546242e-07
Qwen3-0.6B,model.layers.5.mlp.down_proj.weight,down_proj,5,mxfp4,0.0,3145728,3.9069544474283853,3.8617095947265625,0.045244852701822914,1536277,0.0,True,0.7818435430526733,0.7818435430526733,9.102345757128205e-06,9.102345757128205e-06
Qwen3-0.6B,model.layers.5.mlp.down_proj.weight,down_proj,5,mxfp4,1.0,3145728,3.569666544596354,3.5244216918945312,0.045244852701822914,1403650,0.4557615915934245,True,2.5664312839508057,0.7818435430526733,3.884437319356948e-05,9.102345757128205e-06
Qwen3-0.6B,model.layers.5.mlp.down_proj.weight,down_proj,5,mxfp4,5.0,3145728,3.3526026407877603,3.3073577880859375,0.045244852701822914,1318297,0.6506732304890951,True,4.778202533721924,0.7818435430526733,6.32307564956136e-05,9.102345757128205e-06
Qwen3-0.6B,model.layers.5.mlp.down_proj.weight,down_proj,5,mxfp8,0.0,3145728,6.687141418457031,6.641896565755208,0.045244852701822914,2629491,0.0,True,0.05195403844118118,0.05195403844118118,6.187254371070594e-07,6.187254371070594e-07
Qwen3-0.6B,model.layers.5.mlp.down_proj.weight,down_proj,5,mxfp8,1.0,3145728,6.2197621663411455,6.174517313639323,0.045244852701822914,2445710,0.460446039835612,True,0.11567138135433197,0.05195403844118118,1.6974248637779965e-06,6.187254371070594e-07
Qwen3-0.6B,model.layers.5.mlp.down_proj.weight,down_proj,5,mxfp8,5.0,3145728,5.951449076334636,5.9062042236328125,0.045244852701822914,2340205,0.7409788767496744,True,0.2707720994949341,0.05195403844118118,3.6711137454403797e-06,6.187254371070594e-07
Qwen3-0.6B,model.layers.5.mlp.gate_proj.weight,gate_proj,5,mxfp4,0.0,3145728,3.9210637410481772,3.8841832478841147,0.0368804931640625,1541825,0.0,True,31.431652069091797,31.431652069091797,1.5645415260223672e-05,1.5645415260223672e-05
Qwen3-0.6B,model.layers.5.mlp.gate_proj.weight,gate_proj,5,mxfp4,1.0,3145728,3.9081192016601562,3.8712387084960938,0.0368804931640625,1536735,0.004635175069173177,True,31.474206924438477,31.431652069091797,1.5714713299530558e-05,1.5645415260223672e-05
Qwen3-0.6B,model.layers.5.mlp.gate_proj.weight,gate_proj,5,mxfp4,5.0,3145728,3.7700398763020835,3.733159383138021,0.0368804931640625,1482440,0.15400981903076172,True,41.28364181518555,31.431652069091797,2.6225883630104363e-05,1.5645415260223672e-05
Qwen3-0.6B,model.layers.5.mlp.gate_proj.weight,gate_proj,5,mxfp8,0.0,3145728,6.637746175130208,6.6008656819661455,0.0368804931640625,2610068,0.0,True,2.0358057022094727,2.0358057022094727,1.0353770676374552e-06,1.0353770676374552e-06
Qwen3-0.6B,model.layers.5.mlp.gate_proj.weight,gate_proj,5,mxfp8,1.0,3145728,6.4882151285807295,6.451334635416667,0.0368804931640625,2551270,0.10562578837076823,True,2.0740468502044678,2.0358057022094727,1.0722923207140411e-06,1.0353770676374552e-06
Qwen3-0.6B,model.layers.5.mlp.gate_proj.weight,gate_proj,5,mxfp8,5.0,3145728,6.363024393717448,6.326143900553386,0.0368804931640625,2502043,0.2119131088256836,True,2.315807580947876,2.0358057022094727,1.3025314729020465e-06,1.0353770676374552e-06
Qwen3-0.6B,model.layers.5.mlp.up_proj.weight,up_proj,5,mxfp4,0.0,3145728,3.91363525390625,3.8696161905924478,0.044019063313802086,1538904,0.0,True,13.456384658813477,13.456384658813477,9.455609870201442e-06,9.455609870201442e-06
Qwen3-0.6B,model.layers.5.mlp.up_proj.weight,up_proj,5,mxfp4,1.0,3145728,3.913294474283854,3.8692754109700522,0.044019063313802086,1538770,0.0018968582153320312,True,13.460750579833984,13.456384658813477,9.46914678934263e-06,9.455609870201442e-06
Qwen3-0.6B,model.layers.5.mlp.up_proj.weight,up_proj,5,mxfp4,5.0,3145728,3.8095932006835938,3.7655741373697915,0.044019063313802086,1497993,0.11898422241210938,True,15.469230651855469,13.456384658813477,1.1384840036043897e-05,9.455609870201442e-06
Qwen3-0.6B,model.layers.5.mlp.up_proj.weight,up_proj,5,mxfp8,0.0,3145728,6.669303894042969,6.625284830729167,0.044019063313802086,2622477,0.0,True,0.7877642512321472,0.7877642512321472,6.441375148824591e-07,6.441375148824591e-07
Qwen3-0.6B,model.layers.5.mlp.up_proj.weight,up_proj,5,mxfp8,1.0,3145728,6.526507059733073,6.4824879964192705,0.044019063313802086,2566327,0.1052096684773763,True,0.8112157583236694,0.7877642512321472,6.684580853288935e-07,6.441375148824591e-07
Qwen3-0.6B,model.layers.5.mlp.up_proj.weight,up_proj,5,mxfp8,5.0,3145728,6.3728179931640625,6.328798929850261,0.044019063313802086,2505894,0.21574179331461588,True,0.9739213585853577,0.7877642512321472,8.302561695927579e-07,6.441375148824591e-07
Qwen3-0.6B,model.layers.5.self_attn.k_proj.weight,k_proj,5,mxfp4,0.0,1048576,3.9058456420898438,3.8623275756835938,0.04351806640625,511947,0.0,True,4.287902355194092,4.287902355194092,1.0484064659976866e-05,1.0484064659976866e-05
Qwen3-0.6B,model.layers.5.self_attn.k_proj.weight,k_proj,5,mxfp4,1.0,1048576,3.8723831176757812,3.8288650512695312,0.04351806640625,507561,0.05146312713623047,True,4.404054641723633,4.287902355194092,1.1357224138919264e-05,1.0484064659976866e-05
Qwen3-0.6B,model.layers.5.self_attn.k_proj.weight,k_proj,5,mxfp4,5.0,1048576,3.5256195068359375,3.4821014404296875,0.04351806640625,462110,0.3636636734008789,True,7.527037143707275,4.287902355194092,3.279958764323965e-05,1.0484064659976866e-05
Qwen3-0.6B,model.layers.5.self_attn.k_proj.weight,k_proj,5,mxfp8,0.0,1048576,6.660621643066406,6.617103576660156,0.04351806640625,873021,0.0,True,0.2576383650302887,0.2576383650302887,7.008671332187077e-07,7.008671332187077e-07
Qwen3-0.6B,model.layers.5.self_attn.k_proj.weight,k_proj,5,mxfp8,1.0,1048576,6.468894958496094,6.425376892089844,0.04351806640625,847891,0.16112041473388672,True,0.26575109362602234,0.2576383650302887,7.506189945161168e-07,7.008671332187077e-07
Qwen3-0.6B,model.layers.5.self_attn.k_proj.weight,k_proj,5,mxfp8,5.0,1048576,6.2526702880859375,6.2091522216796875,0.04351806640625,819550,0.39857006072998047,True,0.35441091656684875,0.2576383650302887,1.347338866253267e-06,7.008671332187077e-07
Qwen3-0.6B,model.layers.5.self_attn.o_proj.weight,o_proj,5,mxfp4,0.0,2097152,3.9663734436035156,3.919208526611328,0.0471649169921875,1039761,0.0,True,0.3587964177131653,0.3587964177131653,9.7115698736161e-06,9.7115698736161e-06
Qwen3-0.6B,model.layers.5.self_attn.o_proj.weight,o_proj,5,mxfp4,1.0,2097152,3.2261314392089844,3.178966522216797,0.0471649169921875,845711,0.539177417755127,True,1.31159508228302,0.3587964177131653,5.265477011562325e-05,9.7115698736161e-06
Qwen3-0.6B,model.layers.5.self_attn.o_proj.weight,o_proj,5,mxfp4,5.0,2097152,2.995075225830078,2.9479103088378906,0.0471649169921875,785141,0.6582207679748535,True,2.003113269805908,0.3587964177131653,6.673759344266728e-05,9.7115698736161e-06
Qwen3-0.6B,model.layers.5.self_attn.o_proj.weight,o_proj,5,mxfp8,0.0,2097152,6.655574798583984,6.608409881591797,0.0471649169921875,1744719,0.0,True,0.023561956360936165,0.023561956360936165,6.514354708997416e-07,6.514354708997416e-07
Qwen3-0.6B,model.layers.5.self_attn.o_proj.weight,o_proj,5,mxfp8,1.0,2097152,6.093669891357422,6.046504974365234,0.0471649169921875,1597419,0.5967130661010742,True,0.06254196912050247,0.023561956360936165,2.7212026907363907e-06,6.514354708997416e-07
Qwen3-0.6B,model.layers.5.self_attn.o_proj.weight,o_proj,5,mxfp8,5.0,2097152,5.891941070556641,5.844776153564453,0.0471649169921875,1544537,0.757166862487793,True,0.11748971790075302,0.023561956360936165,4.086189164809184e-06,6.514354708997416e-07
Qwen3-0.6B,model.layers.5.self_attn.q_proj.weight,q_proj,5,mxfp4,0.0,2097152,3.898448944091797,3.8564796447753906,0.04196929931640625,1021955,0.0,True,8.335308074951172,8.335308074951172,1.249710112460889e-05,1.249710112460889e-05
Qwen3-0.6B,model.layers.5.self_attn.q_proj.weight,q_proj,5,mxfp4,1.0,2097152,3.8680496215820312,3.826080322265625,0.04196929931640625,1013986,0.056525230407714844,True,8.583681106567383,8.335308074951172,1.340964445262216e-05,1.249710112460889e-05
Qwen3-0.6B,model.layers.5.self_attn.q_proj.weight,q_proj,5,mxfp4,5.0,2097152,3.5284690856933594,3.486499786376953,0.04196929931640625,924967,0.39034223556518555,True,15.923561096191406,8.335308074951172,3.7748181057395414e-05,1.249710112460889e-05
Qwen3-0.6B,model.layers.5.self_attn.q_proj.weight,q_proj,5,mxfp8,0.0,2097152,6.666187286376953,6.624217987060547,0.04196929931640625,1747501,0.0,True,0.4685211777687073,0.4685211777687073,8.280568977170333e-07,8.280568977170333e-07
Qwen3-0.6B,model.layers.5.self_attn.q_proj.weight,q_proj,5,mxfp8,1.0,2097152,6.492877960205078,6.450908660888672,0.04196929931640625,1702069,0.13649368286132812,True,0.4850892722606659,0.4685211777687073,8.760279115449521e-07,8.280568977170333e-07
Qwen3-0.6B,model.layers.5.self_attn.q_proj.weight,q_proj,5,mxfp8,5.0,2097152,6.306087493896484,6.264118194580078,0.04196929931640625,1653103,0.3726058006286621,True,0.709195077419281,0.4685211777687073,1.6319264659614419e-06,8.280568977170333e-07
Qwen3-0.6B,model.layers.5.self_attn.v_proj.weight,v_proj,5,mxfp4,0.0,1048576,3.900665283203125,3.8552474975585938,0.04541778564453125,511268,0.0,True,2.9617676734924316,2.9617676734924316,1.0778539035527501e-05,1.0778539035527501e-05
Qwen3-0.6B,model.layers.5.self_attn.v_proj.weight,v_proj,5,mxfp4,1.0,1048576,3.8798446655273438,3.8344268798828125,0.04541778564453125,508539,0.04925060272216797,True,3.059509515762329,2.9617676734924316,1.1530877600307576e-05,1.0778539035527501e-05
Qwen3-0.6B,model.layers.5.self_attn.v_proj.weight,v_proj,5,mxfp4,5.0,1048576,3.60595703125,3.5605392456054688,0.04541778564453125,472640,0.39782047271728516,True,6.829452991485596,2.9617676734924316,3.739042585948482e-05,1.0778539035527501e-05
Qwen3-0.6B,model.layers.5.self_attn.v_proj.weight,v_proj,5,mxfp8,0.0,1048576,6.688819885253906,6.643402099609375,0.04541778564453125,876717,0.0,True,0.15488006174564362,0.15488006174564362,7.194893214546028e-07,7.194893214546028e-07
Qwen3-0.6B,model.layers.5.self_attn.v_proj.weight,v_proj,5,mxfp8,1.0,1048576,6.524421691894531,6.47900390625,0.04541778564453125,855169,0.14243507385253906,True,0.16230016946792603,0.15488006174564362,7.626302931384998e-07,7.194893214546028e-07
Qwen3-0.6B,model.layers.5.self_attn.v_proj.weight,v_proj,5,mxfp8,5.0,1048576,6.317695617675781,6.27227783203125,0.04541778564453125,828073,0.3798561096191406,True,0.2532222867012024,0.15488006174564362,1.3691490039491327e-06,7.194893214546028e-07
Qwen3-0.6B,model.layers.6.mlp.down_proj.weight,down_proj,6,mxfp4,0.0,3145728,3.902654012044271,3.8570327758789062,0.045621236165364586,1534586,0.0,True,0.9305325746536255,0.9305325746536255,8.838824214763008e-06,8.838824214763008e-06
Qwen3-0.6B,model.layers.6.mlp.down_proj.weight,down_proj,6,mxfp4,1.0,3145728,3.6004791259765625,3.5548578898111978,0.045621236165364586,1415766,0.42313385009765625,True,2.6484646797180176,0.9305325746536255,3.476854908512905e-05,8.838824214763008e-06
Qwen3-0.6B,model.layers.6.mlp.down_proj.weight,down_proj,6,mxfp4,5.0,3145728,3.3529841105143228,3.3073628743489585,0.045621236165364586,1318447,0.6439666748046875,True,5.447971343994141,0.9305325746536255,6.110264803282917e-05,8.838824214763008e-06
Qwen3-0.6B,model.layers.6.mlp.down_proj.weight,down_proj,6,mxfp8,0.0,3145728,6.693135579427083,6.647514343261719,0.045621236165364586,2631848,0.0,True,0.06166527047753334,0.06166527047753334,5.972582926005998e-07,5.972582926005998e-07
Qwen3-0.6B,model.layers.6.mlp.down_proj.weight,down_proj,6,mxfp8,1.0,3145728,6.272972106933594,6.2273508707682295,0.045621236165364586,2466633,0.4251365661621094,True,0.11738844215869904,0.06166527047753334,1.4378200603459845e-06,5.972582926005998e-07
Qwen3-0.6B,model.layers.6.mlp.down_proj.weight,down_proj,6,mxfp8,5.0,3145728,5.9721934000651045,5.926572163899739,0.045621236165364586,2348362,0.7183329264322916,True,0.29451656341552734,0.06166527047753334,3.424308715693769e-06,5.972582926005998e-07
Qwen3-0.6B,model.layers.6.mlp.gate_proj.weight,gate_proj,6,mxfp4,0.0,3145728,3.9214579264322915,3.8841959635416665,0.037261962890625,1541980,0.0,True,39.838130950927734,39.838130950927734,1.4840113180980552e-05,1.4840113180980552e-05
Qwen3-0.6B,model.layers.6.mlp.gate_proj.weight,gate_proj,6,mxfp4,1.0,3145728,3.9093526204427085,3.8720906575520835,0.037261962890625,1537220,0.002368927001953125,True,39.85551452636719,39.838130950927734,1.4874647604301572e-05,1.4840113180980552e-05
Qwen3-0.6B,model.layers.6.mlp.gate_proj.weight,gate_proj,6,mxfp4,5.0,3145728,3.8287226359049478,3.7914606730143228,0.037261962890625,1505515,0.1013959248860677,True,44.599613189697266,39.838130950927734,1.931237602548208e-05,1.4840113180980552e-05
Qwen3-0.6B,model.layers.6.mlp.gate_proj.weight,gate_proj,6,mxfp8,0.0,3145728,6.639701843261719,6.602439880371094,0.037261962890625,2610837,0.0,True,2.692122220993042,2.692122220993042,9.81420157586399e-07,9.81420157586399e-07
Qwen3-0.6B,model.layers.6.mlp.gate_proj.weight,gate_proj,6,mxfp8,1.0,3145728,6.490267435709636,6.453005472819011,0.037261962890625,2552077,0.1044162114461263,True,2.732200860977173,2.692122220993042,1.0157517635889235e-06,9.81420157586399e-07
Qwen3-0.6B,model.layers.6.mlp.gate_proj.weight,gate_proj,6,mxfp8,5.0,3145728,6.369873046875,6.332611083984375,0.037261962890625,2504736,0.19859441121419272,True,2.9741759300231934,2.692122220993042,1.2184873412479647e-06,9.81420157586399e-07
Qwen3-0.6B,model.layers.6.mlp.up_proj.weight,up_proj,6,mxfp4,0.0,3145728,3.9122289021809897,3.8690160115559897,0.043212890625,1538351,0.0,True,15.612937927246094,15.612937927246094,9.379772563988809e-06,9.379772563988809e-06
Qwen3-0.6B,model.layers.6.mlp.up_proj.weight,up_proj,6,mxfp4,1.0,3145728,3.9119745890299478,3.8687616984049478,0.043212890625,1538251,0.0012989044189453125,True,15.61558723449707,15.612937927246094,9.389407750859391e-06,9.379772563988809e-06
Qwen3-0.6B,model.layers.6.mlp.up_proj.weight,up_proj,6,mxfp4,5.0,3145728,3.8184636433919272,3.7752507527669272,0.043212890625,1501481,0.11177857716878255,True,17.73059844970703,15.612937927246094,1.1218769941478968e-05,9.379772563988809e-06
Qwen3-0.6B,model.layers.6.mlp.up_proj.weight,up_proj,6,mxfp8,0.0,3145728,6.6655222574869795,6.6223093668619795,0.043212890625,2620990,0.0,True,0.9085241556167603,0.9085241556167603,6.364875844155904e-07,6.364875844155904e-07
Qwen3-0.6B,model.layers.6.mlp.up_proj.weight,up_proj,6,mxfp8,1.0,3145728,6.539685567220052,6.496472676595052,0.043212890625,2571509,0.08736165364583333,True,0.9228450059890747,0.9085241556167603,6.48791854018782e-07,6.364875844155904e-07
Qwen3-0.6B,model.layers.6.mlp.up_proj.weight,up_proj,6,mxfp8,5.0,3145728,6.4119618733723955,6.3687489827473955,0.043212890625,2521286,0.18479315439860025,True,1.0649937391281128,0.9085241556167603,7.715506740169076e-07,6.364875844155904e-07
Qwen3-0.6B,model.layers.6.self_attn.k_proj.weight,k_proj,6,mxfp4,0.0,1048576,3.9090042114257812,3.8665924072265625,0.04241180419921875,512361,0.0,True,2.632448196411133,2.632448196411133,1.0369181836722419e-05,1.0369181836722419e-05
Qwen3-0.6B,model.layers.6.self_attn.k_proj.weight,k_proj,6,mxfp4,1.0,1048576,3.7887344360351562,3.7463226318359375,0.04241180419921875,496597,0.16388988494873047,True,2.850320816040039,2.632448196411133,1.2670648175117094e-05,1.0369181836722419e-05
Qwen3-0.6B,model.layers.6.self_attn.k_proj.weight,k_proj,6,mxfp4,5.0,1048576,3.3359375,3.2935256958007812,0.04241180419921875,437248,0.47060203552246094,True,5.234194755554199,2.632448196411133,3.5416262107901275e-05,1.0369181836722419e-05
Qwen3-0.6B,model.layers.6.self_attn.k_proj.weight,k_proj,6,mxfp8,0.0,1048576,6.65618896484375,6.613777160644531,0.04241180419921875,872440,0.0,True,0.160826176404953,0.160826176404953,6.924544777575647e-07,6.924544777575647e-07
Qwen3-0.6B,model.layers.6.self_attn.k_proj.weight,k_proj,6,mxfp8,1.0,1048576,6.39453125,6.352119445800781,0.04241180419921875,838144,0.23671722412109375,True,0.17204365134239197,0.160826176404953,8.040388479457761e-07,6.924544777575647e-07
Qwen3-0.6B,model.layers.6.self_attn.k_proj.weight,k_proj,6,mxfp8,5.0,1048576,6.168968200683594,6.126556396484375,0.04241180419921875,808579,0.5060110092163086,True,0.2657352089881897,0.160826176404953,1.724582034512423e-06,6.924544777575647e-07
Qwen3-0.6B,model.layers.6.self_attn.o_proj.weight,o_proj,6,mxfp4,0.0,2097152,3.932788848876953,3.8846511840820312,0.048137664794921875,1030957,0.0,True,0.3813249170780182,0.3813249170780182,8.516353773302399e-06,8.516353773302399e-06
Qwen3-0.6B,model.layers.6.self_attn.o_proj.weight,o_proj,6,mxfp4,1.0,2097152,3.2649688720703125,3.2168312072753906,0.048137664794921875,855892,0.5131115913391113,True,1.2172777652740479,0.3813249170780182,4.329526564106345e-05,8.516353773302399e-06
Qwen3-0.6B,model.layers.6.self_attn.o_proj.weight,o_proj,6,mxfp4,5.0,2097152,3.0108108520507812,2.9626731872558594,0.048137664794921875,789266,0.6531219482421875,True,2.035527467727661,0.3813249170780182,6.0376100009307265e-05,8.516353773302399e-06
Qwen3-0.6B,model.layers.6.self_attn.o_proj.weight,o_proj,6,mxfp8,0.0,2097152,6.657989501953125,6.609851837158203,0.048137664794921875,1745352,0.0,True,0.024924246594309807,0.024924246594309807,5.705990133719752e-07,5.705990133719752e-07
Qwen3-0.6B,model.layers.6.self_attn.o_proj.weight,o_proj,6,mxfp8,1.0,2097152,6.106815338134766,6.058677673339844,0.048137664794921875,1600865,0.5755758285522461,True,0.06034480035305023,0.024924246594309807,2.119731107086409e-06,5.705990133719752e-07
Qwen3-0.6B,model.layers.6.self_attn.o_proj.weight,o_proj,6,mxfp8,5.0,2097152,5.891452789306641,5.843315124511719,0.048137664794921875,1544409,0.7593464851379395,True,0.11768779158592224,0.024924246594309807,3.6170420116832247e-06,5.705990133719752e-07
Qwen3-0.6B,model.layers.6.self_attn.q_proj.weight,q_proj,6,mxfp4,0.0,2097152,3.902576446533203,3.859935760498047,0.04264068603515625,1023037,0.0,True,5.4094038009643555,5.4094038009643555,1.2251050065970048e-05,1.2251050065970048e-05
Qwen3-0.6B,model.layers.6.self_attn.q_proj.weight,q_proj,6,mxfp4,1.0,2097152,3.7842369079589844,3.741596221923828,0.04264068603515625,992015,0.14601993560791016,True,5.890190601348877,5.4094038009643555,1.480498758610338e-05,1.2251050065970048e-05
Qwen3-0.6B,model.layers.6.self_attn.q_proj.weight,q_proj,6,mxfp4,5.0,2097152,3.3101158142089844,3.267475128173828,0.04264068603515625,867727,0.4778561592102051,True,11.874321937561035,5.4094038009643555,4.3115844164276496e-05,1.2251050065970048e-05
Qwen3-0.6B,model.layers.6.self_attn.q_proj.weight,q_proj,6,mxfp8,0.0,2097152,6.661586761474609,6.618946075439453,0.04264068603515625,1746295,0.0,True,0.318833589553833,0.318833589553833,8.214028071051871e-07,8.214028071051871e-07
Qwen3-0.6B,model.layers.6.self_attn.q_proj.weight,q_proj,6,mxfp8,1.0,2097152,6.4035797119140625,6.360939025878906,0.04264068603515625,1678660,0.2225341796875,True,0.34977787733078003,0.318833589553833,9.78376533566916e-07,8.214028071051871e-07
Qwen3-0.6B,model.layers.6.self_attn.q_proj.weight,q_proj,6,mxfp8,5.0,2097152,6.173805236816406,6.13116455078125,0.04264068603515625,1618426,0.5066814422607422,True,0.5759365558624268,0.318833589553833,2.0608672457456123e-06,8.214028071051871e-07
Qwen3-0.6B,model.layers.6.self_attn.v_proj.weight,v_proj,6,mxfp4,0.0,1048576,3.8967056274414062,3.8533554077148438,0.0433502197265625,510749,0.0,True,1.6763001680374146,1.6763001680374146,1.064756179403048e-05,1.064756179403048e-05
Qwen3-0.6B,model.layers.6.self_attn.v_proj.weight,v_proj,6,mxfp4,1.0,1048576,3.8668441772460938,3.8234939575195312,0.0433502197265625,506835,0.07002830505371094,True,1.7892018556594849,1.6763001680374146,1.1924614227609709e-05,1.064756179403048e-05
Qwen3-0.6B,model.layers.6.self_attn.v_proj.weight,v_proj,6,mxfp4,5.0,1048576,3.5337905883789062,3.4904403686523438,0.0433502197265625,463181,0.4485006332397461,True,5.12258243560791,1.6763001680374146,4.3737531086662784e-05,1.064756179403048e-05
Qwen3-0.6B,model.layers.6.self_attn.v_proj.weight,v_proj,6,mxfp8,0.0,1048576,6.676887512207031,6.633537292480469,0.0433502197265625,875153,0.0,True,0.09087766706943512,0.09087766706943512,7.019663144092192e-07,7.019663144092192e-07
Qwen3-0.6B,model.layers.6.self_attn.v_proj.weight,v_proj,6,mxfp8,1.0,1048576,6.4486236572265625,6.4052734375,0.0433502197265625,845234,0.1659221649169922,True,0.09994712471961975,0.09087766706943512,7.898570402176119e-07,7.019663144092192e-07
Qwen3-0.6B,model.layers.6.self_attn.v_proj.weight,v_proj,6,mxfp8,5.0,1048576,6.2237091064453125,6.18035888671875,0.0433502197265625,815754,0.43567943572998047,True,0.2054850459098816,0.09087766706943512,1.8245702904096106e-06,7.019663144092192e-07
Qwen3-0.6B,model.layers.7.mlp.down_proj.weight,down_proj,7,mxfp4,0.0,3145728,3.905736287434896,3.8598047892252603,0.045931498209635414,1535798,0.0,True,1.0227525234222412,1.0227525234222412,8.551706741855014e-06,8.551706741855014e-06
Qwen3-0.6B,model.layers.7.mlp.down_proj.weight,down_proj,7,mxfp4,1.0,3145728,3.611017862955729,3.5650863647460938,0.045931498209635414,1419910,0.42241954803466797,True,2.6799981594085693,1.0227525234222412,3.3270855055889115e-05,8.551706741855014e-06
Qwen3-0.6B,model.layers.7.mlp.down_proj.weight,down_proj,7,mxfp4,5.0,3145728,3.3601888020833335,3.3142573038736978,0.045931498209635414,1321280,0.6425339380900065,True,5.459422588348389,1.0227525234222412,5.8742985856952146e-05,8.551706741855014e-06
Qwen3-0.6B,model.layers.7.mlp.down_proj.weight,down_proj,7,mxfp8,0.0,3145728,6.693430582682292,6.647499084472656,0.045931498209635414,2631964,0.0,True,0.0653640478849411,0.0653640478849411,5.800127951260947e-07,5.800127951260947e-07
Qwen3-0.6B,model.layers.7.mlp.down_proj.weight,down_proj,7,mxfp8,1.0,3145728,6.275952657063802,6.230021158854167,0.045931498209635414,2467805,0.4409281412760417,True,0.11841079592704773,0.0653640478849411,1.355649033030204e-06,5.800127951260947e-07
Qwen3-0.6B,model.layers.7.mlp.down_proj.weight,down_proj,7,mxfp8,5.0,3145728,5.9940643310546875,5.948132832845052,0.045931498209635414,2356962,0.731565793355306,True,0.29238778352737427,0.0653640478849411,3.2801665383885847e-06,5.800127951260947e-07
Qwen3-0.6B,model.layers.7.mlp.gate_proj.weight,gate_proj,7,mxfp4,0.0,3145728,3.9467442830403647,3.909393310546875,0.037350972493489586,1551923,0.0,True,41.898353576660156,41.898353576660156,1.4991877833381295e-05,1.4991877833381295e-05
Qwen3-0.6B,model.layers.7.mlp.gate_proj.weight,gate_proj,7,mxfp4,1.0,3145728,3.9347152709960938,3.897364298502604,0.037350972493489586,1547193,0.0024426778157552085,True,41.913902282714844,41.898353576660156,1.5011188224889338e-05,1.4991877833381295e-05
Qwen3-0.6B,model.layers.7.mlp.gate_proj.weight,gate_proj,7,mxfp4,5.0,3145728,3.8359451293945312,3.7985941569010415,0.037350972493489586,1508355,0.09574826558430989,True,46.330543518066406,41.898353576660156,1.8788516172207892e-05,1.4991877833381295e-05
Qwen3-0.6B,model.layers.7.mlp.gate_proj.weight,gate_proj,7,mxfp8,0.0,3145728,6.6369578043619795,6.599606831868489,0.037350972493489586,2609758,0.0,True,2.7610597610473633,2.7610597610473633,9.920951242747833e-07,9.920951242747833e-07
Qwen3-0.6B,model.layers.7.mlp.gate_proj.weight,gate_proj,7,mxfp8,1.0,3145728,6.497904459635417,6.460553487141927,0.037350972493489586,2555080,0.10200023651123047,True,2.802198886871338,2.7610597610473633,1.0241806194244418e-06,9.920951242747833e-07
Qwen3-0.6B,model.layers.7.mlp.gate_proj.weight,gate_proj,7,mxfp8,5.0,3145728,6.361470540364583,6.324119567871094,0.037350972493489586,2501432,0.20583343505859375,True,3.0555620193481445,2.7610597610473633,1.2183641047158744e-06,9.920951242747833e-07
Qwen3-0.6B,model.layers.7.mlp.up_proj.weight,up_proj,7,mxfp4,0.0,3145728,3.9141921997070312,3.8710149129231772,0.043177286783854164,1539123,0.0,True,17.339263916015625,17.339263916015625,9.268677786167245e-06,9.268677786167245e-06
Qwen3-0.6B,model.layers.7.mlp.up_proj.weight,up_proj,7,mxfp4,1.0,3145728,3.9137471516927085,3.870569864908854,0.043177286783854164,1538948,0.0012044906616210938,True,17.34408950805664,17.339263916015625,9.275674528907984e-06,9.268677786167245e-06
Qwen3-0.6B,model.layers.7.mlp.up_proj.weight,up_proj,7,mxfp4,5.0,3145728,3.822906494140625,3.779729207356771,0.043177286783854164,1503228,0.11016464233398438,True,19.601890563964844,17.339263916015625,1.1097203241661191e-05,9.268677786167245e-06
Qwen3-0.6B,model.layers.7.mlp.up_proj.weight,up_proj,7,mxfp8,0.0,3145728,6.664960225423177,6.621782938639323,0.043177286783854164,2620769,0.0,True,1.005824089050293,1.005824089050293,6.301564212662925e-07,6.301564212662925e-07
Qwen3-0.6B,model.layers.7.mlp.up_proj.weight,up_proj,7,mxfp8,1.0,3145728,6.552960713704427,6.509783426920573,0.043177286783854164,2576729,0.08245372772216797,True,1.0177180767059326,1.005824089050293,6.390271209966158e-07,6.301564212662925e-07
Qwen3-0.6B,model.layers.7.mlp.up_proj.weight,up_proj,7,mxfp8,5.0,3145728,6.455080668131511,6.411903381347656,0.043177286783854164,2538241,0.1706508000691732,True,1.1114027500152588,1.005824089050293,7.103556640686293e-07,6.301564212662925e-07
Qwen3-0.6B,model.layers.7.self_attn.k_proj.weight,k_proj,7,mxfp4,0.0,1048576,3.949432373046875,3.9061508178710938,0.04328155517578125,517660,0.0,True,5.212969779968262,5.212969779968262,9.423863048141357e-06,9.423863048141357e-06
Qwen3-0.6B,model.layers.7.self_attn.k_proj.weight,k_proj,7,mxfp4,1.0,1048576,3.9123992919921875,3.8691177368164062,0.04328155517578125,512806,0.014769554138183594,True,5.231245040893555,5.212969779968262,9.536513971397653e-06,9.423863048141357e-06
Qwen3-0.6B,model.layers.7.self_attn.k_proj.weight,k_proj,7,mxfp4,5.0,1048576,3.689910888671875,3.6466293334960938,0.04328155517578125,483644,0.23486709594726562,True,6.883520126342773,5.212969779968262,1.8047523553832434e-05,9.423863048141357e-06
Qwen3-0.6B,model.layers.7.self_attn.k_proj.weight,k_proj,7,mxfp8,0.0,1048576,6.653770446777344,6.6104888916015625,0.04328155517578125,872123,0.0,True,0.3267744183540344,0.3267744183540344,6.424883167710504e-07,6.424883167710504e-07
Qwen3-0.6B,model.layers.7.self_attn.k_proj.weight,k_proj,7,mxfp8,1.0,1048576,6.467536926269531,6.42425537109375,0.04328155517578125,847713,0.15116119384765625,True,0.3364969491958618,0.3267744183540344,6.870149036330986e-07,6.424883167710504e-07
Qwen3-0.6B,model.layers.7.self_attn.k_proj.weight,k_proj,7,mxfp8,5.0,1048576,6.298637390136719,6.2553558349609375,0.04328155517578125,825575,0.3280029296875,True,0.3993959128856659,0.3267744183540344,9.82200617727358e-07,6.424883167710504e-07
Qwen3-0.6B,model.layers.7.self_attn.o_proj.weight,o_proj,7,mxfp4,0.0,2097152,3.9173240661621094,3.8727684020996094,0.0445556640625,1026903,0.0,True,0.5531708598136902,0.5531708598136902,8.749191692913882e-06,8.749191692913882e-06
Qwen3-0.6B,model.layers.7.self_attn.o_proj.weight,o_proj,7,mxfp4,1.0,2097152,3.4602203369140625,3.4156646728515625,0.0445556640625,907076,0.4091835021972656,True,1.560685396194458,0.5531708598136902,3.35951590386685e-05,8.749191692913882e-06
Qwen3-0.6B,model.layers.7.self_attn.o_proj.weight,o_proj,7,mxfp4,5.0,2097152,3.0363616943359375,2.9918060302734375,0.0445556640625,795964,0.6398406028747559,True,3.2637791633605957,0.5531708598136902,5.983333176118322e-05,8.749191692913882e-06
Qwen3-0.6B,model.layers.7.self_attn.o_proj.weight,o_proj,7,mxfp8,0.0,2097152,6.6553192138671875,6.6107635498046875,0.0445556640625,1744652,0.0,True,0.03682349994778633,0.03682349994778633,5.950504373686272e-07,5.950504373686272e-07
Qwen3-0.6B,model.layers.7.self_attn.o_proj.weight,o_proj,7,mxfp8,1.0,2097152,6.228355407714844,6.183799743652344,0.0445556640625,1632726,0.43893861770629883,True,0.07299396395683289,0.03682349994778633,1.5037014691188233e-06,5.950504373686272e-07
Qwen3-0.6B,model.layers.7.self_attn.o_proj.weight,o_proj,7,mxfp8,5.0,2097152,5.938835144042969,5.894279479980469,0.0445556640625,1556830,0.7198352813720703,True,0.18039663136005402,0.03682349994778633,3.422130475883023e-06,5.950504373686272e-07
Qwen3-0.6B,model.layers.7.self_attn.q_proj.weight,q_proj,7,mxfp4,0.0,2097152,3.9062232971191406,3.8628501892089844,0.04337310791015625,1023993,0.0,True,10.090703010559082,10.090703010559082,1.1180969522683881e-05,1.1180969522683881e-05
Qwen3-0.6B,model.layers.7.self_attn.q_proj.weight,q_proj,7,mxfp4,1.0,2097152,3.901153564453125,3.8577804565429688,0.04337310791015625,1022664,0.01656341552734375,True,10.160898208618164,10.090703010559082,1.1391970474505797e-05,1.1180969522683881e-05
Qwen3-0.6B,model.layers.7.self_attn.q_proj.weight,q_proj,7,mxfp4,5.0,2097152,3.667400360107422,3.6240272521972656,0.04337310791015625,961387,0.26421213150024414,True,15.880999565124512,10.090703010559082,2.5901688786689192e-05,1.1180969522683881e-05
Qwen3-0.6B,model.layers.7.self_attn.q_proj.weight,q_proj,7,mxfp8,0.0,2097152,6.663074493408203,6.619701385498047,0.04337310791015625,1746685,0.0,True,0.5889639258384705,0.5889639258384705,7.457610422534344e-07,7.457610422534344e-07
Qwen3-0.6B,model.layers.7.self_attn.q_proj.weight,q_proj,7,mxfp8,1.0,2097152,6.484016418457031,6.440643310546875,0.04337310791015625,1699746,0.1292557716369629,True,0.608949601650238,0.5889639258384705,7.90340550338442e-07,7.457610422534344e-07
Qwen3-0.6B,model.layers.7.self_attn.q_proj.weight,q_proj,7,mxfp8,5.0,2097152,6.324977874755859,6.281604766845703,0.04337310791015625,1658055,0.3188138008117676,True,0.7626911401748657,0.5889639258384705,1.1544906328708748e-06,7.457610422534344e-07
Qwen3-0.6B,model.layers.7.self_attn.v_proj.weight,v_proj,7,mxfp4,0.0,1048576,3.901885986328125,3.856048583984375,0.04583740234375,511428,0.0,True,3.425600528717041,3.425600528717041,1.042574513121508e-05,1.042574513121508e-05
Qwen3-0.6B,model.layers.7.self_attn.v_proj.weight,v_proj,7,mxfp4,1.0,1048576,3.90069580078125,3.8548583984375,0.04583740234375,511272,0.0055103302001953125,True,3.4352121353149414,3.425600528717041,1.0508172636036761e-05,1.042574513121508e-05
Qwen3-0.6B,model.layers.7.self_attn.v_proj.weight,v_proj,7,mxfp4,5.0,1048576,3.7700424194335938,3.7242050170898438,0.04583740234375,494147,0.22698974609375,True,5.650015830993652,3.425600528717041,2.182325260946527e-05,1.042574513121508e-05
Qwen3-0.6B,model.layers.7.self_attn.v_proj.weight,v_proj,7,mxfp8,0.0,1048576,6.6868743896484375,6.6410369873046875,0.04583740234375,876462,0.0,True,0.1843724250793457,0.1843724250793457,6.972235837565677e-07,6.972235837565677e-07
Qwen3-0.6B,model.layers.7.self_attn.v_proj.weight,v_proj,7,mxfp8,1.0,1048576,6.516822814941406,6.470985412597656,0.04583740234375,854173,0.12838172912597656,True,0.1936996877193451,0.1843724250793457,7.38376456865808e-07,6.972235837565677e-07
Qwen3-0.6B,model.layers.7.self_attn.v_proj.weight,v_proj,7,mxfp8,5.0,1048576,6.349739074707031,6.303901672363281,0.04583740234375,832273,0.29358768463134766,True,0.2647645175457001,0.1843724250793457,1.071981159839197e-06,6.972235837565677e-07
Qwen3-0.6B,model.layers.8.mlp.down_proj.weight,down_proj,8,mxfp4,0.0,3145728,3.9017664591471353,3.8564885457356772,0.045277913411458336,1534237,0.0,True,1.0177899599075317,1.0177899599075317,8.721225640329067e-06,8.721225640329067e-06
Qwen3-0.6B,model.layers.8.mlp.down_proj.weight,down_proj,8,mxfp4,1.0,3145728,3.6352157592773438,3.5899378458658853,0.045277913411458336,1429425,0.39168326059977215,True,2.6065356731414795,1.0177899599075317,3.125445800833404e-05,8.721225640329067e-06
Qwen3-0.6B,model.layers.8.mlp.down_proj.weight,down_proj,8,mxfp4,5.0,3145728,3.3574930826822915,3.3122151692708335,0.045277913411458336,1320220,0.6391696929931641,True,5.9137043952941895,1.0177899599075317,5.9710222558351234e-05,8.721225640329067e-06
Qwen3-0.6B,model.layers.8.mlp.down_proj.weight,down_proj,8,mxfp8,0.0,3145728,6.690305074055989,6.645027160644531,0.045277913411458336,2630735,0.0,True,0.06674306094646454,0.06674306094646454,5.851802598044742e-07,5.851802598044742e-07
Qwen3-0.6B,model.layers.8.mlp.down_proj.weight,down_proj,8,mxfp8,1.0,3145728,6.328631083170573,6.283353169759114,0.045277913411458336,2488519,0.4022347132364909,True,0.1174093633890152,0.06674306094646454,1.2830997775381547e-06,5.851802598044742e-07
Qwen3-0.6B,model.layers.8.mlp.down_proj.weight,down_proj,8,mxfp8,5.0,3145728,6.032844543457031,5.987566630045573,0.045277913411458336,2372211,0.7291402816772461,True,0.3096873164176941,0.06674306094646454,3.2762718547019176e-06,5.851802598044742e-07
Qwen3-0.6B,model.layers.8.mlp.gate_proj.weight,gate_proj,8,mxfp4,0.0,3145728,3.9239095052083335,3.8857447306315103,0.038164774576822914,1542944,0.0,True,40.523746490478516,40.523746490478516,1.4397242011909839e-05,1.4397242011909839e-05
Qwen3-0.6B,model.layers.8.mlp.gate_proj.weight,gate_proj,8,mxfp4,1.0,3145728,3.9233907063802085,3.8852259318033853,0.038164774576822914,1542740,0.0023218790690104165,True,40.539833068847656,40.523746490478516,1.442070151824737e-05,1.4397242011909839e-05
Qwen3-0.6B,model.layers.8.mlp.gate_proj.weight,gate_proj,8,mxfp4,5.0,3145728,3.831720987955729,3.7935562133789062,0.038164774576822914,1506694,0.10085868835449219,True,44.72277069091797,40.523746490478516,1.8081154848914593e-05,1.4397242011909839e-05
Qwen3-0.6B,model.layers.8.mlp.gate_proj.weight,gate_proj,8,mxfp8,0.0,3145728,6.640724182128906,6.602559407552083,0.038164774576822914,2611239,0.0,True,2.7038044929504395,2.7038044929504395,9.541128065393423e-07,9.541128065393423e-07
Qwen3-0.6B,model.layers.8.mlp.gate_proj.weight,gate_proj,8,mxfp8,1.0,3145728,6.4996185302734375,6.461453755696614,0.038164774576822914,2555754,0.09941673278808594,True,2.743020534515381,2.7038044929504395,9.849335356193478e-07,9.541128065393423e-07
Qwen3-0.6B,model.layers.8.mlp.gate_proj.weight,gate_proj,8,mxfp8,5.0,3145728,6.388682047526042,6.350517272949219,0.038164774576822914,2512132,0.18445873260498047,True,2.980370044708252,2.7038044929504395,1.1683578122756444e-06,9.541128065393423e-07
Qwen3-0.6B,model.layers.8.mlp.up_proj.weight,up_proj,8,mxfp4,0.0,3145728,3.9112396240234375,3.8682963053385415,0.042943318684895836,1537962,0.0,True,17.463672637939453,17.463672637939453,9.26192933548009e-06,9.26192933548009e-06
Qwen3-0.6B,model.layers.8.mlp.up_proj.weight,up_proj,8,mxfp4,1.0,3145728,3.9113286336263022,3.8683853149414062,0.042943318684895836,1537997,0.000789642333984375,True,17.466045379638672,17.463672637939453,9.266496817872394e-06,9.26192933548009e-06
Qwen3-0.6B,model.layers.8.mlp.up_proj.weight,up_proj,8,mxfp4,5.0,3145728,3.8360799153645835,3.7931365966796875,0.042943318684895836,1508408,0.09781646728515625,True,19.437793731689453,17.463672637939453,1.0910150194831658e-05,9.26192933548009e-06
Qwen3-0.6B,model.layers.8.mlp.up_proj.weight,up_proj,8,mxfp8,0.0,3145728,6.665575663248698,6.622632344563802,0.042943318684895836,2621011,0.0,True,1.01431143283844,1.01431143283844,6.275423061197216e-07,6.275423061197216e-07
Qwen3-0.6B,model.layers.8.mlp.up_proj.weight,up_proj,8,mxfp8,1.0,3145728,6.542269388834636,6.499326070149739,0.042943318684895836,2572525,0.08203760782877605,True,1.0272228717803955,1.01431143283844,6.374466465786099e-07,6.275423061197216e-07
Qwen3-0.6B,model.layers.8.mlp.up_proj.weight,up_proj,8,mxfp8,5.0,3145728,6.4344533284505205,6.391510009765625,0.042943318684895836,2530130,0.16115824381510416,True,1.1244549751281738,1.01431143283844,7.119467113625433e-07,6.275423061197216e-07
Qwen3-0.6B,model.layers.8.self_attn.k_proj.weight,k_proj,8,mxfp4,0.0,1048576,3.90802001953125,3.86474609375,0.04327392578125,512232,0.0,True,5.077522277832031,5.077522277832031,1.004630667011952e-05,1.004630667011952e-05
Qwen3-0.6B,model.layers.8.self_attn.k_proj.weight,k_proj,8,mxfp4,1.0,1048576,3.8996810913085938,3.8564071655273438,0.04327392578125,511139,0.023180007934570312,True,5.114208221435547,5.077522277832031,1.0270476195728406e-05,1.004630667011952e-05
Qwen3-0.6B,model.layers.8.self_attn.k_proj.weight,k_proj,8,mxfp4,5.0,1048576,3.6650009155273438,3.6217269897460938,0.04327392578125,480379,0.26550960540771484,True,7.0398054122924805,5.077522277832031,1.8979513697559014e-05,1.004630667011952e-05
Qwen3-0.6B,model.layers.8.self_attn.k_proj.weight,k_proj,8,mxfp8,0.0,1048576,6.6618499755859375,6.6185760498046875,0.04327392578125,873182,0.0,True,0.2941318452358246,0.2941318452358246,6.673369057352829e-07,6.673369057352829e-07
Qwen3-0.6B,model.layers.8.self_attn.k_proj.weight,k_proj,8,mxfp8,1.0,1048576,6.46734619140625,6.424072265625,0.04327392578125,847688,0.14471912384033203,True,0.30470335483551025,0.2941318452358246,7.113753781595733e-07,6.673369057352829e-07
Qwen3-0.6B,model.layers.8.self_attn.k_proj.weight,k_proj,8,mxfp8,5.0,1048576,6.30767822265625,6.264404296875,0.04327392578125,826760,0.3193807601928711,True,0.3714461326599121,0.2941318452358246,9.934235549735604e-07,6.673369057352829e-07
Qwen3-0.6B,model.layers.8.self_attn.o_proj.weight,o_proj,8,mxfp4,0.0,2097152,3.9626121520996094,3.9185028076171875,0.044109344482421875,1038775,0.0,True,0.6521036028862,0.6521036028862,8.345727110281587e-06,8.345727110281587e-06
Qwen3-0.6B,model.layers.8.self_attn.o_proj.weight,o_proj,8,mxfp4,1.0,2097152,3.408252716064453,3.3641433715820312,0.044109344482421875,893453,0.4392242431640625,True,1.5427604913711548,0.6521036028862,3.701006426126696e-05,8.345727110281587e-06
Qwen3-0.6B,model.layers.8.self_attn.o_proj.weight,o_proj,8,mxfp4,5.0,2097152,3.081317901611328,3.0372085571289062,0.044109344482421875,807749,0.6280517578125,True,2.847721576690674,0.6521036028862,5.7312645367346704e-05,8.345727110281587e-06
Qwen3-0.6B,model.layers.8.self_attn.o_proj.weight,o_proj,8,mxfp8,0.0,2097152,6.65191650390625,6.607807159423828,0.044109344482421875,1743760,0.0,True,0.04296746850013733,0.04296746850013733,5.663158617608133e-07,5.663158617608133e-07
Qwen3-0.6B,model.layers.8.self_attn.o_proj.weight,o_proj,8,mxfp8,1.0,2097152,6.208286285400391,6.164176940917969,0.044109344482421875,1627465,0.4872417449951172,True,0.07865074276924133,0.04296746850013733,1.7418586821804638e-06,5.663158617608133e-07
Qwen3-0.6B,model.layers.8.self_attn.o_proj.weight,o_proj,8,mxfp8,5.0,2097152,5.951011657714844,5.906902313232422,0.044109344482421875,1560022,0.7109251022338867,True,0.15864959359169006,0.04296746850013733,3.3284104574704543e-06,5.663158617608133e-07
Qwen3-0.6B,model.layers.8.self_attn.q_proj.weight,q_proj,8,mxfp4,0.0,2097152,3.9014511108398438,3.8599510192871094,0.041500091552734375,1022742,0.0,True,11.24113655090332,11.24113655090332,1.1990288840024732e-05,1.1990288840024732e-05
Qwen3-0.6B,model.layers.8.self_attn.q_proj.weight,q_proj,8,mxfp4,1.0,2097152,3.8878173828125,3.8463172912597656,0.041500091552734375,1019168,0.033278465270996094,True,11.393263816833496,11.24113655090332,1.240172605321277e-05,1.1990288840024732e-05
Qwen3-0.6B,model.layers.8.self_attn.q_proj.weight,q_proj,8,mxfp4,5.0,2097152,3.651935577392578,3.6104354858398438,0.041500091552734375,957333,0.2784123420715332,True,17.127172470092773,11.24113655090332,2.513858999009244e-05,1.1990288840024732e-05
Qwen3-0.6B,model.layers.8.self_attn.q_proj.weight,q_proj,8,mxfp8,0.0,2097152,6.659908294677734,6.618408203125,0.041500091552734375,1745855,0.0,True,0.6714317798614502,0.6714317798614502,7.923417797428556e-07,7.923417797428556e-07
Qwen3-0.6B,model.layers.8.self_attn.q_proj.weight,q_proj,8,mxfp8,1.0,2097152,6.486392974853516,6.444892883300781,0.041500091552734375,1700369,0.13663387298583984,True,0.6943246126174927,0.6714317798614502,8.394247856813308e-07,7.923417797428556e-07
Qwen3-0.6B,model.layers.8.self_attn.q_proj.weight,q_proj,8,mxfp8,5.0,2097152,6.336277008056641,6.294776916503906,0.041500091552734375,1661017,0.32076454162597656,True,0.8488715887069702,0.6714317798614502,1.1663779559967224e-06,7.923417797428556e-07
Qwen3-0.6B,model.layers.8.self_attn.v_proj.weight,v_proj,8,mxfp4,0.0,1048576,3.9002838134765625,3.8543472290039062,0.04593658447265625,511218,0.0,True,3.830185890197754,3.830185890197754,1.037935544445645e-05,1.037935544445645e-05
Qwen3-0.6B,model.layers.8.self_attn.v_proj.weight,v_proj,8,mxfp4,1.0,1048576,3.899017333984375,3.8530807495117188,0.04593658447265625,511052,0.0061435699462890625,True,3.840313673019409,3.830185890197754,1.0481402568984777e-05,1.037935544445645e-05
Qwen3-0.6B,model.layers.8.self_attn.v_proj.weight,v_proj,8,mxfp4,5.0,1048576,3.80511474609375,3.7591781616210938,0.04593658447265625,498744,0.17937564849853516,True,5.516218185424805,3.830185890197754,1.82441872311756e-05,1.037935544445645e-05
Qwen3-0.6B,model.layers.8.self_attn.v_proj.weight,v_proj,8,mxfp8,0.0,1048576,6.6846160888671875,6.638679504394531,0.04593658447265625,876166,0.0,True,0.21376772224903107,0.21376772224903107,6.92379217070993e-07,6.92379217070993e-07
Qwen3-0.6B,model.layers.8.self_attn.v_proj.weight,v_proj,8,mxfp8,1.0,1048576,6.5238494873046875,6.477912902832031,0.04593658447265625,855094,0.12410926818847656,True,0.22357316315174103,0.21376772224903107,7.326101467697299e-07,6.92379217070993e-07
Qwen3-0.6B,model.layers.8.self_attn.v_proj.weight,v_proj,8,mxfp8,5.0,1048576,6.379241943359375,6.333305358886719,0.04593658447265625,836140,0.26944828033447266,True,0.2896495759487152,0.21376772224903107,1.0167874506805674e-06,6.92379217070993e-07
Qwen3-0.6B,model.layers.9.mlp.down_proj.weight,down_proj,9,mxfp4,0.0,3145728,3.8956171671549478,3.8507003784179688,0.044916788736979164,1531819,0.0,True,1.2260864973068237,1.2260864973068237,8.293290193250868e-06,8.293290193250868e-06
Qwen3-0.6B,model.layers.9.mlp.down_proj.weight,down_proj,9,mxfp4,1.0,3145728,3.6638895670572915,3.6189727783203125,0.044916788736979164,1440700,0.35247357686360675,True,2.637178897857666,1.2260864973068237,2.7676513127516955e-05,8.293290193250868e-06
Qwen3-0.6B,model.layers.9.mlp.down_proj.weight,down_proj,9,mxfp4,5.0,3145728,3.3664423624674478,3.3215255737304688,0.044916788736979164,1323739,0.6220013300577799,True,6.503048896789551,1.2260864973068237,5.587955820374191e-05,8.293290193250868e-06
Qwen3-0.6B,model.layers.9.mlp.down_proj.weight,down_proj,9,mxfp8,0.0,3145728,6.694857279459636,6.649940490722656,0.044916788736979164,2632525,0.0,True,0.07986430078744888,0.07986430078744888,5.575960813075653e-07,5.575960813075653e-07
Qwen3-0.6B,model.layers.9.mlp.down_proj.weight,down_proj,9,mxfp8,1.0,3145728,6.303718566894531,6.258801778157552,0.044916788736979164,2478723,0.3706830342610677,True,0.12418767064809799,0.07986430078744888,1.13274631985405e-06,5.575960813075653e-07
Qwen3-0.6B,model.layers.9.mlp.down_proj.weight,down_proj,9,mxfp8,5.0,3145728,6.0219777425130205,5.977060953776042,0.044916788736979164,2367938,0.6827526092529297,True,0.32190409302711487,0.07986430078744888,2.935803649961599e-06,5.575960813075653e-07
Qwen3-0.6B,model.layers.9.mlp.gate_proj.weight,gate_proj,9,mxfp4,0.0,3145728,3.9255905151367188,3.886774698893229,0.038815816243489586,1543605,0.0,True,45.02920150756836,45.02920150756836,1.5202021131699439e-05,1.5202021131699439e-05
Qwen3-0.6B,model.layers.9.mlp.gate_proj.weight,gate_proj,9,mxfp4,1.0,3145728,3.913365681966146,3.8745498657226562,0.038815816243489586,1538798,0.004806200663248698,True,45.0650520324707,45.02920150756836,1.5258166058629286e-05,1.5202021131699439e-05
Qwen3-0.6B,model.layers.9.mlp.gate_proj.weight,gate_proj,9,mxfp4,5.0,3145728,3.8210678100585938,3.782251993815104,0.038815816243489586,1502505,0.11778767903645833,True,50.05882263183594,45.02920150756836,1.983688707696274e-05,1.5202021131699439e-05
Qwen3-0.6B,model.layers.9.mlp.gate_proj.weight,gate_proj,9,mxfp8,0.0,3145728,6.642951965332031,6.604136149088542,0.038815816243489586,2612115,0.0,True,2.9061107635498047,2.9061107635498047,1.0156365988223115e-06,1.0156365988223115e-06
Qwen3-0.6B,model.layers.9.mlp.gate_proj.weight,gate_proj,9,mxfp8,1.0,3145728,6.5036468505859375,6.464831034342448,0.038815816243489586,2557338,0.10419845581054688,True,2.9477999210357666,2.9061107635498047,1.0498332585484604e-06,1.0156365988223115e-06
Qwen3-0.6B,model.layers.9.mlp.gate_proj.weight,gate_proj,9,mxfp8,5.0,3145728,6.3746287027994795,6.335812886555989,0.038815816243489586,2506606,0.21001084645589194,True,3.204223155975342,2.9061107635498047,1.2594701956913923e-06,1.0156365988223115e-06
Qwen3-0.6B,model.layers.9.mlp.up_proj.weight,up_proj,9,mxfp4,0.0,3145728,3.909856160481771,3.867401123046875,0.042455037434895836,1537418,0.0,True,19.407316207885742,19.407316207885742,9.496805432718247e-06,9.496805432718247e-06
Qwen3-0.6B,model.layers.9.mlp.up_proj.weight,up_proj,9,mxfp4,1.0,3145728,3.9095128377278647,3.8670578002929688,0.042455037434895836,1537283,0.0015163421630859375,True,19.412017822265625,19.407316207885742,9.50742560235085e-06,9.496805432718247e-06
Qwen3-0.6B,model.layers.9.mlp.up_proj.weight,up_proj,9,mxfp4,5.0,3145728,3.8195393880208335,3.7770843505859375,0.042455037434895836,1501904,0.1107190450032552,True,21.631807327270508,19.407316207885742,1.153500397776952e-05,9.496805432718247e-06
Qwen3-0.6B,model.layers.9.mlp.up_proj.weight,up_proj,9,mxfp8,0.0,3145728,6.665631612141927,6.623176574707031,0.042455037434895836,2621033,0.0,True,1.065706729888916,1.065706729888916,6.393434546225762e-07,6.393434546225762e-07
Qwen3-0.6B,model.layers.9.mlp.up_proj.weight,up_proj,9,mxfp8,1.0,3145728,6.5374704996744795,6.495015462239583,0.042455037434895836,2570638,0.09065723419189453,True,1.0802803039550781,1.065706729888916,6.514976007565565e-07,6.393434546225762e-07
Qwen3-0.6B,model.layers.9.mlp.up_proj.weight,up_proj,9,mxfp8,5.0,3145728,6.42413330078125,6.3816782633463545,0.042455037434895836,2526072,0.17997074127197266,True,1.2011466026306152,1.065706729888916,7.52648986690474e-07,6.393434546225762e-07
Qwen3-0.6B,model.layers.9.self_attn.k_proj.weight,k_proj,9,mxfp4,0.0,1048576,3.9055938720703125,3.8631744384765625,0.04241943359375,511914,0.0,True,9.909037590026855,9.909037590026855,9.697962923382875e-06,9.697962923382875e-06
Qwen3-0.6B,model.layers.9.self_attn.k_proj.weight,k_proj,9,mxfp4,1.0,1048576,3.9024429321289062,3.8600234985351562,0.04241943359375,511501,0.01019287109375,True,9.92483901977539,9.909037590026855,9.740511814015917e-06,9.697962923382875e-06
Qwen3-0.6B,model.layers.9.self_attn.k_proj.weight,k_proj,9,mxfp4,5.0,1048576,3.7661056518554688,3.7236862182617188,0.04241943359375,493631,0.1575908660888672,True,11.023262023925781,9.909037590026855,1.252136098628398e-05,9.697962923382875e-06
Qwen3-0.6B,model.layers.9.self_attn.k_proj.weight,k_proj,9,mxfp8,0.0,1048576,6.663078308105469,6.620658874511719,0.04241943359375,873343,0.0,True,0.5828206539154053,0.5828206539154053,6.475448799392325e-07,6.475448799392325e-07
Qwen3-0.6B,model.layers.9.self_attn.k_proj.weight,k_proj,9,mxfp8,1.0,1048576,6.52783203125,6.48541259765625,0.04241943359375,855616,0.09731006622314453,True,0.588241457939148,0.5828206539154053,6.60516093375918e-07,6.475448799392325e-07
Qwen3-0.6B,model.layers.9.self_attn.k_proj.weight,k_proj,9,mxfp8,5.0,1048576,6.3935546875,6.35113525390625,0.04241943359375,838016,0.21682262420654297,True,0.6375924348831177,0.5828206539154053,7.810659781171125e-07,6.475448799392325e-07
Qwen3-0.6B,model.layers.9.self_attn.o_proj.weight,o_proj,9,mxfp4,0.0,2097152,3.9289512634277344,3.884990692138672,0.0439605712890625,1029951,0.0,True,1.1502604484558105,1.1502604484558105,8.54638528835494e-06,8.54638528835494e-06
Qwen3-0.6B,model.layers.9.self_attn.o_proj.weight,o_proj,9,mxfp4,1.0,2097152,3.564990997314453,3.5210304260253906,0.0439605712890625,934541,0.3470020294189453,True,1.9676716327667236,1.1502604484558105,3.136338636977598e-05,8.54638528835494e-06
Qwen3-0.6B,model.layers.9.self_attn.o_proj.weight,o_proj,9,mxfp4,5.0,2097152,3.13702392578125,3.0930633544921875,0.0439605712890625,822352,0.5903172492980957,True,4.276583671569824,1.1502604484558105,5.371847510104999e-05,8.54638528835494e-06
Qwen3-0.6B,model.layers.9.self_attn.o_proj.weight,o_proj,9,mxfp8,0.0,2097152,6.652996063232422,6.609035491943359,0.0439605712890625,1744043,0.0,True,0.0743761956691742,0.0743761956691742,5.730570364903542e-07,5.730570364903542e-07
Qwen3-0.6B,model.layers.9.self_attn.o_proj.weight,o_proj,9,mxfp8,1.0,2097152,6.290107727050781,6.246147155761719,0.0439605712890625,1648914,0.3936924934387207,True,0.10333004593849182,0.0743761956691742,1.475570684306149e-06,5.730570364903542e-07
Qwen3-0.6B,model.layers.9.self_attn.o_proj.weight,o_proj,9,mxfp8,5.0,2097152,6.038921356201172,5.994960784912109,0.0439605712890625,1583067,0.6657824516296387,True,0.21816140413284302,0.0743761956691742,2.9547095437010285e-06,5.730570364903542e-07
Qwen3-0.6B,model.layers.9.self_attn.q_proj.weight,q_proj,9,mxfp4,0.0,2097152,3.899993896484375,3.8583335876464844,0.041660308837890625,1022360,0.0,True,22.301677703857422,22.301677703857422,1.2022106602671556e-05,1.2022106602671556e-05
Qwen3-0.6B,model.layers.9.self_attn.q_proj.weight,q_proj,9,mxfp4,1.0,2097152,3.8971405029296875,3.855480194091797,0.041660308837890625,1021612,0.01166677474975586,True,22.34290313720703,22.301677703857422,1.2080357009836007e-05,1.2022106602671556e-05
Qwen3-0.6B,model.layers.9.self_attn.q_proj.weight,q_proj,9,mxfp4,5.0,2097152,3.799510955810547,3.7578506469726562,0.041660308837890625,996019,0.1575922966003418,True,25.027488708496094,22.301677703857422,1.5595960576320067e-05,1.2022106602671556e-05
Qwen3-0.6B,model.layers.9.self_attn.q_proj.weight,q_proj,9,mxfp8,0.0,2097152,6.665760040283203,6.6240997314453125,0.041660308837890625,1747389,0.0,True,1.2786147594451904,1.2786147594451904,7.946065920805268e-07,7.946065920805268e-07
Qwen3-0.6B,model.layers.9.self_attn.q_proj.weight,q_proj,9,mxfp8,1.0,2097152,6.526576995849609,6.484916687011719,0.041660308837890625,1710903,0.10549592971801758,True,1.296898603439331,1.2786147594451904,8.172959269359126e-07,7.946065920805268e-07
Qwen3-0.6B,model.layers.9.self_attn.q_proj.weight,q_proj,9,mxfp8,5.0,2097152,6.391017913818359,6.349357604980469,0.041660308837890625,1675367,0.2350773811340332,True,1.435213327407837,1.2786147594451904,9.84545067694853e-07,7.946065920805268e-07
Qwen3-0.6B,model.layers.9.self_attn.v_proj.weight,v_proj,9,mxfp4,0.0,1048576,3.894622802734375,3.8504791259765625,0.0441436767578125,510476,0.0,True,6.678679466247559,6.678679466247559,9.946948921424337e-06,9.946948921424337e-06
Qwen3-0.6B,model.layers.9.self_attn.v_proj.weight,v_proj,9,mxfp4,1.0,1048576,3.8943557739257812,3.8502120971679688,0.0441436767578125,510441,0.0017185211181640625,True,6.681828498840332,6.678679466247559,9.959968338080216e-06,9.946948921424337e-06
Qwen3-0.6B,model.layers.9.self_attn.v_proj.weight,v_proj,9,mxfp4,5.0,1048576,3.8338241577148438,3.7896804809570312,0.0441436767578125,502507,0.1141519546508789,True,7.491194725036621,6.678679466247559,1.198328573082108e-05,9.946948921424337e-06
Qwen3-0.6B,model.layers.9.self_attn.v_proj.weight,v_proj,9,mxfp8,0.0,1048576,6.692573547363281,6.648429870605469,0.0441436767578125,877209,0.0,True,0.3503798842430115,0.3503798842430115,6.590259999939008e-07,6.590259999939008e-07
Qwen3-0.6B,model.layers.9.self_attn.v_proj.weight,v_proj,9,mxfp8,1.0,1048576,6.558929443359375,6.5147857666015625,0.0441436767578125,859692,0.09660816192626953,True,0.3561842441558838,0.3503798842430115,6.727620984747773e-07,6.590259999939008e-07
Qwen3-0.6B,model.layers.9.self_attn.v_proj.weight,v_proj,9,mxfp8,5.0,1048576,6.44403076171875,6.3998870849609375,0.0441436767578125,844632,0.19163799285888672,True,0.3982105851173401,0.3503798842430115,7.735200142633403e-07,6.590259999939008e-07
