n_params,rows,cols,sqnr_db,nmse,max_abs_err,rms_weight,kurtosis,block_kurtosis,block_crest,code_entropy,code_entropy_ratio,scale_entropy,scale_span,zero_rate,top_level_rate,sat_rate,sat_block_rate,n_blocks,bits_per_value,bytes_bf16,bytes_mx,model,tensor,fmt,role,layer,dtype
777912320,151936,5120,18.775873351703435,0.013256005171169625,0.12890625,0.018785392538647604,3.6333479489996225,2.84716388281394,2.374835640859885,3.8490560594583223,0.9622640148645806,1.133444548358548,16,0.08350091820116694,0.05468990772636176,0.021554992213004158,0.40834068291912384,24309760,4.25,1555824640,413265920,Qwen3-14B,model.embed_tokens.weight,mxfp4,embed_tokens,-1,bfloat16
777912320,151936,5120,30.527278988052355,0.0008856703405228879,0.060546875,0.018785392538647604,3.6333479489996225,2.84716388281394,2.374835640859885,6.504963400252741,0.8131204250315927,1.133444548358548,16,8.665629566067291e-05,0.00978879727730755,0.006700512211967539,0.16527168511741785,24309760,8.25,1555824640,802222080,Qwen3-14B,model.embed_tokens.weight,mxfp8,embed_tokens,-1,bfloat16
89128960,5120,17408,18.57818351218227,0.013873359771477025,0.15625,0.02271842636558784,4.31739867084361,3.0068609349867876,2.4326730615952434,3.8562509323121468,0.9640627330780367,0.824681073886665,5,0.08984525343951057,0.062212012795840994,0.02552914338953355,0.5067271513097427,2785280,4.25,178257920,47349760,Qwen3-14B,model.layers.0.mlp.down_proj.weight,mxfp4,down_proj,0,bfloat16
89128960,5120,17408,30.252250861688935,0.000943571715133209,0.060546875,0.02271842636558784,4.31739867084361,3.0068609349867876,2.4326730615952434,6.551375730588879,0.8189219663236099,0.824681073886665,5,5.0600837258731616e-06,0.011729644326602711,0.00803534563849954,0.21564761891084558,2785280,8.25,178257920,91914240,Qwen3-14B,model.layers.0.mlp.down_proj.weight,mxfp8,down_proj,0,bfloat16
89128960,17408,5120,18.658365426996284,0.013619571917557088,0.203125,0.020472162847127356,85.41587952505897,3.1421551872702205,2.4490984411800607,3.8393026387775437,0.9598256596943859,0.8095541969894878,8,0.09297193639418658,0.05203277363496668,0.020296220218434052,0.4191488826976103,2785280,4.25,178257920,47349760,Qwen3-14B,model.layers.0.mlp.gate_proj.weight,mxfp4,gate_proj,0,bfloat16
89128960,17408,5120,30.397855621655317,0.0009124612662617657,0.0625,0.020472162847127356,85.41587952505897,3.1421551872702205,2.4490984411800607,6.549641380316996,0.8187051725396245,0.8095541969894878,8,5.789364085477941e-06,0.009128301283892463,0.00623007381663603,0.16136654124540442,2785280,8.25,178257920,91914240,Qwen3-14B,model.layers.0.mlp.gate_proj.weight,mxfp8,gate_proj,0,bfloat16
89128960,17408,5120,18.77944077849333,0.01324512075688143,0.060546875,0.019265687063585456,3.3621630848804673,2.931498650943532,2.4059031318215762,3.838345710873884,0.959586427718471,0.7367824642550931,6,0.08840190663057215,0.049779869528377756,0.01894387637867647,0.3915505801930147,2785280,4.25,178257920,47349760,Qwen3-14B,model.layers.0.mlp.up_proj.weight,mxfp4,up_proj,0,bfloat16
89128960,17408,5120,30.59525822361382,0.0008719150572595719,0.029296875,0.019265687063585456,3.3621630848804673,2.931498650943532,2.4059031318215762,6.522109154452066,0.8152636443065082,0.7367824642550931,6,5.463992848115809e-06,0.008412967008702895,0.00570980520809398,0.14420237821691176,2785280,8.25,178257920,91914240,Qwen3-14B,model.layers.0.mlp.up_proj.weight,mxfp8,up_proj,0,bfloat16
5242880,1024,5120,18.584634491265433,0.013852767679841954,0.068359375,0.026180925156728797,3.7612020955742045,2.9029638290405275,2.39095401763916,3.8595857669550324,0.9648964417387581,1.1314397656719712,5,0.08631381988525391,0.06487598419189453,0.02859077453613281,0.44345703125,163840,4.25,10485760,2785280,Qwen3-14B,model.layers.0.self_attn.k_proj.weight,mxfp4,k_proj,0,bfloat16
5242880,1024,5120,30.258311497161067,0.0009422558669979001,0.0302734375,0.026180925156728797,3.7612020955742045,2.9029638290405275,2.39095401763916,6.5370345321493595,0.8171293165186699,1.1314397656719712,5,5.14984130859375e-06,0.014052772521972656,0.00982666015625,0.23092041015625,163840,8.25,10485760,5406720,Qwen3-14B,model.layers.0.self_attn.k_proj.weight,mxfp8,k_proj,0,bfloat16
26214400,5120,5120,18.695432276271536,0.013503824104608266,0.123046875,0.02233360207634552,5.640002131875926,2.8988691329956056,2.393433074951172,3.8515517766984853,0.9628879441746213,0.8582648322494001,6,0.08484611511230469,0.05678215026855469,0.02264514923095703,0.43659423828125,819200,4.25,52428800,13926400,Qwen3-14B,model.layers.0.self_attn.o_proj.weight,mxfp4,o_proj,0,bfloat16
26214400,5120,5120,30.41845354299049,0.0009081438489089552,0.060546875,0.02233360207634552,5.640002131875926,2.8988691329956056,2.393433074951172,6.516262411810997,0.8145328014763746,0.8582648322494001,6,5.950927734375e-06,0.010309677124023437,0.0070502090454101565,0.179171142578125,819200,8.25,52428800,27033600,Qwen3-14B,model.layers.0.self_attn.o_proj.weight,mxfp8,o_proj,0,bfloat16
26214400,5120,5120,18.657536611151095,0.013622171350585074,0.0625,0.02244489470045556,3.9120147637547174,2.8646462631225584,2.3803847885131835,3.854101145702674,0.9635252864256685,1.2302993302784357,6,0.08580528259277344,0.060381622314453126,0.026019706726074218,0.41094482421875,819200,4.25,52428800,13926400,Qwen3-14B,model.layers.0.self_attn.q_proj.weight,mxfp4,q_proj,0,bfloat16
26214400,5120,5120,30.348434632795666,0.0009229040179229202,0.0302734375,0.02244489470045556,3.9120147637547174,2.8646462631225584,2.3803847885131835,6.527977475170232,0.815997184396279,1.2302993302784357,6,5.645751953125e-06,0.012588653564453125,0.00881622314453125,0.204814453125,819200,8.25,52428800,27033600,Qwen3-14B,model.layers.0.self_attn.q_proj.weight,mxfp8,q_proj,0,bfloat16
5242880,1024,5120,18.606624422875363,0.013782803284427516,0.03076171875,0.023557245801978988,3.3049469711511468,2.9296543121337892,2.4066471099853515,3.8589349476323043,0.9647337369080761,0.9098071924930956,3,0.08666973114013672,0.06315803527832031,0.026532554626464845,0.48060302734375,163840,4.25,10485760,2785280,Qwen3-14B,model.layers.0.self_attn.v_proj.weight,mxfp4,v_proj,0,bfloat16
5242880,1024,5120,30.26363089016327,0.0009411024650670434,0.01513671875,0.023557245801978988,3.3049469711511468,2.9296543121337892,2.4066471099853515,6.536359254684916,0.8170449068356145,0.9098071924930956,3,7.62939453125e-06,0.01244659423828125,0.008615493774414062,0.21884765625,163840,8.25,10485760,5406720,Qwen3-14B,model.layers.0.self_attn.v_proj.weight,mxfp8,v_proj,0,bfloat16
89128960,5120,17408,17.999002894968296,0.015852571129043348,0.23046875,0.015824048979966605,13.303127805211739,5.911094934800092,3.0971858305089612,2.8901511085038374,0.7225377771259593,0.9180593574550013,8,0.49196982664220473,0.04238809697768268,0.01897889305563534,0.42076344209558825,2785280,4.25,178257920,47349760,Qwen3-14B,model.layers.1.mlp.down_proj.weight,mxfp4,down_proj,1,bfloat16
89128960,5120,17408,29.903726098619995,0.001022415418291723,0.10546875,0.015824048979966605,13.303127805211739,5.911094934800092,3.0971858305089612,7.291094016740956,0.9113867520926195,0.9180593574550013,8,5.0286685719209556e-05,0.009347242467543659,0.006594231549431296,0.17684792911305147,2785280,8.25,178257920,91914240,Qwen3-14B,model.layers.1.mlp.down_proj.weight,mxfp8,down_proj,1,bfloat16
89128960,17408,5120,18.29976368747801,0.014791888730368343,0.0615234375,0.017055665066587445,9.827333227656782,9.878463745117188,3.50597765305463,3.4109474906246904,0.8527368726561726,2.8481093352445037,12,0.29499209908878105,0.038512465533088236,0.01857289706959444,0.42564733168658087,2785280,4.25,178257920,47349760,Qwen3-14B,model.layers.1.mlp.gate_proj.weight,mxfp4,gate_proj,1,bfloat16
89128960,17408,5120,30.20754238944873,0.0009533354903720333,0.0302734375,0.017055665066587445,9.827333227656782,9.878463745117188,3.50597765305463,7.1864799760862015,0.8983099970107752,2.8481093352445037,12,7.435293758616728e-05,0.00996874640969669,0.007214164733886719,0.20082936006433824,2785280,8.25,178257920,91914240,Qwen3-14B,model.layers.1.mlp.gate_proj.weight,mxfp8,gate_proj,1,bfloat16
89128960,17408,5120,18.668643301353253,0.013587378383219101,0.1171875,0.011664777853597477,8.321844994655184,4.165164566040039,2.748558156630572,3.7534133659912445,0.9383533414978111,2.2709739701733938,10,0.1306967118207146,0.04379990521599265,0.019448044720818014,0.37444924747242647,2785280,4.25,178257920,47349760,Qwen3-14B,model.layers.1.mlp.up_proj.weight,mxfp4,up_proj,1,bfloat16
89128960,17408,5120,30.554793477297565,0.0008800769615285045,0.0302734375,0.011664777853597477,8.321844994655184,4.165164566040039,2.748558156630572,6.705913472294271,0.8382391840367839,2.2709739701733938,10,9.435765883501839e-06,0.009752172582289751,0.006947988622328814,0.17200855928308822,2785280,8.25,178257920,91914240,Qwen3-14B,model.layers.1.mlp.up_proj.weight,mxfp8,up_proj,1,bfloat16
5242880,1024,5120,18.220000090277544,0.015066070348686412,0.0595703125,0.01821230601070453,5.38813186935264,3.972946548461914,2.7232484817504883,3.744206572058115,0.9360516430145287,1.0107144841139928,5,0.13076610565185548,0.04679393768310547,0.020399856567382812,0.41876220703125,163840,4.25,10485760,2785280,Qwen3-14B,model.layers.1.self_attn.k_proj.weight,mxfp4,k_proj,1,bfloat16
5242880,1024,5120,30.148561567015047,0.0009663708990818057,0.0283203125,0.01821230601070453,5.38813186935264,3.972946548461914,2.7232484817504883,6.713141451518422,0.8391426814398028,1.0107144841139928,5,8.7738037109375e-06,0.009955024719238282,0.007002449035644532,0.181182861328125,163840,8.25,10485760,5406720,Qwen3-14B,model.layers.1.self_attn.k_proj.weight,mxfp8,k_proj,1,bfloat16
26214400,5120,5120,18.745680112712908,0.013348485335912989,0.1171875,0.021944930067495254,4.905678128247919,2.8524100494384768,2.3761473083496094,3.850738200125479,0.9626845500313698,0.8726529763854628,6,0.08337043762207032,0.0556229019165039,0.021972808837890625,0.41859130859375,819200,4.25,52428800,13926400,Qwen3-14B,model.layers.1.self_attn.o_proj.weight,mxfp4,o_proj,1,bfloat16
26214400,5120,5120,30.482914503671484,0.0008947640974355384,0.0546875,0.021944930067495254,4.905678128247919,2.8524100494384768,2.3761473083496094,6.505193694798818,0.8131492118498522,0.8726529763854628,6,5.53131103515625e-06,0.009969825744628907,0.006812973022460938,0.16954833984375,819200,8.25,52428800,27033600,Qwen3-14B,model.layers.1.self_attn.o_proj.weight,mxfp8,o_proj,1,bfloat16
26214400,5120,5120,18.0429830929285,0.01569284519925965,0.0615234375,0.015661104926674222,6.5475912922618456,4.574043197631836,2.8602523040771484,3.6303368654579997,0.9075842163644999,1.0918976607403552,6,0.17853832244873047,0.04335811614990234,0.019416351318359375,0.391302490234375,819200,4.25,52428800,13926400,Qwen3-14B,model.layers.1.self_attn.q_proj.weight,mxfp4,q_proj,1,bfloat16
26214400,5120,5120,30.149825181948348,0.0009660897665508112,0.0302734375,0.015661104926674222,6.5475912922618456,4.574043197631836,2.8602523040771484,6.8475389220742295,0.8559423652592787,1.0918976607403552,6,1.07574462890625e-05,0.009725875854492187,0.0069094085693359375,0.175313720703125,819200,8.25,52428800,27033600,Qwen3-14B,model.layers.1.self_attn.q_proj.weight,mxfp8,q_proj,1,bfloat16
5242880,1024,5120,18.24631901018486,0.014975043719487536,0.03076171875,0.019782532473734182,4.611325442071558,3.8510345458984374,2.699645233154297,3.7628297168802516,0.9407074292200629,0.9709724293125968,4,0.12386550903320312,0.04927806854248047,0.021877098083496093,0.446942138671875,163840,4.25,10485760,2785280,Qwen3-14B,model.layers.1.self_attn.v_proj.weight,mxfp4,v_proj,1,bfloat16
5242880,1024,5120,30.101944466325868,0.0009767997805503045,0.01513671875,0.019782532473734182,4.611325442071558,3.8510345458984374,2.699645233154297,6.691072255287822,0.8363840319109778,0.9709724293125968,4,6.29425048828125e-06,0.010682487487792968,0.0075408935546875,0.198602294921875,163840,8.25,10485760,5406720,Qwen3-14B,model.layers.1.self_attn.v_proj.weight,mxfp8,v_proj,1,bfloat16
89128960,5120,17408,17.89372607464813,0.016241546974084434,0.23046875,0.014623924295493375,28.10877442681241,6.974099372414981,3.282689173081342,2.648833036274413,0.6622082590686033,1.0023998047844458,9,0.5527951408835018,0.03963021671070772,0.018303523344152115,0.4139242733226103,2785280,4.25,178257920,47349760,Qwen3-14B,model.layers.2.mlp.down_proj.weight,mxfp4,down_proj,2,bfloat16
89128960,5120,17408,29.764013949549337,0.0010558412010601246,0.10546875,0.014623924295493375,28.10877442681241,6.974099372414981,3.282689173081342,7.333141949300509,0.9166427436625636,1.0023998047844458,9,6.34137321920956e-05,0.00921461441937615,0.006556219213149127,0.17727732938878676,2785280,8.25,178257920,91914240,Qwen3-14B,model.layers.2.mlp.down_proj.weight,mxfp8,down_proj,2,bfloat16
89128960,17408,5120,18.49786900589472,0.014132308179492205,0.0615234375,0.015823870596730422,8.973028274002688,10.20936844769646,3.493773920395795,3.4477299877612495,0.8619324969403124,3.0131907094564694,11,0.29097379796645223,0.041936549018411075,0.019715387680951286,0.42758501838235297,2785280,4.25,178257920,47349760,Qwen3-14B,model.layers.2.mlp.gate_proj.weight,mxfp4,gate_proj,2,bfloat16
89128960,17408,5120,30.240235756055206,0.0009461857964291205,0.0302734375,0.015823870596730422,8.973028274002688,10.20936844769646,3.493773920395795,7.187174629110128,0.898396828638766,3.0131907094564694,11,5.202573888442096e-05,0.010079552145565258,0.007241439819335937,0.19809426700367647,2785280,8.25,178257920,91914240,Qwen3-14B,model.layers.2.mlp.gate_proj.weight,mxfp8,gate_proj,2,bfloat16
89128960,17408,5120,18.754710687124817,0.013320757779183814,0.080078125,0.012188975444348547,9.781139824023494,3.7863790848675896,2.640971307193532,3.802909471175005,0.9507273677937512,2.326836133007764,10,0.10567994959214154,0.04673036687514361,0.019791255277745865,0.39871826171875,2785280,4.25,178257920,47349760,Qwen3-14B,model.layers.2.mlp.up_proj.weight,mxfp4,up_proj,2,bfloat16
89128960,17408,5120,30.597715391946373,0.000871421881271555,0.029296875,0.012188975444348547,9.781139824023494,3.7863790848675896,2.640971307193532,6.610923656723003,0.8263654570903753,2.326836133007764,10,6.630841423483456e-06,0.009613396139705882,0.006775396010454964,0.17321490119485294,2785280,8.25,178257920,91914240,Qwen3-14B,model.layers.2.mlp.up_proj.weight,mxfp8,up_proj,2,bfloat16
5242880,1024,5120,18.58623640226867,0.013847658978303711,0.0615234375,0.023424409150928457,3.8541536385498087,2.972609519958496,2.4170446395874023,3.8566254153125468,0.9641563538281367,0.95114998016582,4,0.08724288940429688,0.06167030334472656,0.025637054443359376,0.474371337890625,163840,4.25,10485760,2785280,Qwen3-14B,model.layers.2.self_attn.k_proj.weight,mxfp4,k_proj,2,bfloat16
5242880,1024,5120,30.27413488909175,0.000938829031990258,0.0302734375,0.023424409150928457,3.8541536385498087,2.972609519958496,2.4170446395874023,6.537126433387147,0.8171408041733934,0.95114998016582,4,6.103515625e-06,0.012002372741699218,0.008278083801269532,0.2126953125,163840,8.25,10485760,5406720,Qwen3-14B,model.layers.2.self_attn.k_proj.weight,mxfp8,k_proj,2,bfloat16
26214400,5120,5120,18.672198831398145,0.01357625907043423,0.109375,0.023517621104537992,3.7644057072845993,2.830994071960449,2.368190231323242,3.865111587642869,0.9662778969107173,0.855980548147452,5,0.08165985107421875,0.06484832763671874,0.02658397674560547,0.49419189453125,819200,4.25,52428800,13926400,Qwen3-14B,model.layers.2.self_attn.o_proj.weight,mxfp4,o_proj,2,bfloat16
26214400,5120,5120,30.309673302544297,0.0009311779205704537,0.046875,0.023517621104537992,3.7644057072845993,2.830994071960449,2.368190231323242,6.507414159271317,0.8134267699089146,0.855980548147452,5,5.79833984375e-06,0.012209320068359375,0.00833850860595703,0.21533935546875,819200,8.25,52428800,27033600,Qwen3-14B,model.layers.2.self_attn.o_proj.weight,mxfp8,o_proj,2,bfloat16
26214400,5120,5120,18.655076091036676,0.013629891255995275,0.0595703125,0.020779899404492118,3.729302584836136,2.984261131286621,2.422815399169922,3.8469072564817806,0.9617268141204451,0.8308939948184013,5,0.08858867645263672,0.05546718597412109,0.022212791442871093,0.43690673828125,819200,4.25,52428800,13926400,Qwen3-14B,model.layers.2.self_attn.q_proj.weight,mxfp4,q_proj,2,bfloat16
26214400,5120,5120,30.39535557441099,0.0009129866823305484,0.0283203125,0.020779899404492118,3.729302584836136,2.984261131286621,2.422815399169922,6.534927303224365,0.8168659129030457,0.8308939948184013,5,5.5694580078125e-06,0.010142364501953126,0.006944541931152344,0.178277587890625,819200,8.25,52428800,27033600,Qwen3-14B,model.layers.2.self_attn.q_proj.weight,mxfp8,q_proj,2,bfloat16
5242880,1024,5120,18.563547796928926,0.013920191833492778,0.03076171875,0.024747213851640686,3.227310698282931,2.9382556915283202,2.408432197570801,3.862666618342807,0.9656666545857018,0.9516408585824199,3,0.08932704925537109,0.06779251098632813,0.029479598999023436,0.502655029296875,163840,4.25,10485760,2785280,Qwen3-14B,model.layers.2.self_attn.v_proj.weight,mxfp4,v_proj,2,bfloat16
5242880,1024,5120,30.18907241373394,0.0009573985350716157,0.01513671875,0.024747213851640686,3.227310698282931,2.9382556915283202,2.408432197570801,6.555289894661012,0.8194112368326265,0.9516408585824199,3,6.4849853515625e-06,0.014086151123046875,0.009817886352539062,0.246026611328125,163840,8.25,10485760,5406720,Qwen3-14B,model.layers.2.self_attn.v_proj.weight,mxfp8,v_proj,2,bfloat16
89128960,17408,5120,18.547956759996385,0.013970254697867161,0.060546875,0.020264174186812388,5.722496404484891,6.994699859619141,3.008982680825626,3.710496846764343,0.9276242116910858,2.6155277078337473,11,0.19069548214183135,0.05285603018367992,0.023968977086684284,0.4421454934512868,2785280,4.25,178257920,47349760,Qwen3-14B,model.layers.3.mlp.gate_proj.weight,mxfp4,gate_proj,3,bfloat16
89128960,17408,5120,30.22262083118801,0.0009500313064920733,0.029296875,0.020264174186812388,5.722496404484891,6.994699859619141,3.008982680825626,6.927413414464233,0.8659266768080291,2.6155277078337473,11,2.374088062959559e-05,0.012006546469295725,0.008575203839470358,0.2194659064797794,2785280,8.25,178257920,91914240,Qwen3-14B,model.layers.3.mlp.gate_proj.weight,mxfp8,gate_proj,3,bfloat16
5242880,1024,5120,18.60352870416284,0.013792631383683973,0.109375,0.02315057522690406,4.176609766339433,2.952650451660156,2.4105958938598633,3.8554928511781523,0.9638732127945381,0.958876480251958,5,0.08610782623291016,0.06019802093505859,0.024734687805175782,0.46307373046875,163840,4.25,10485760,2785280,Qwen3-14B,model.layers.3.self_attn.k_proj.weight,mxfp4,k_proj,3,bfloat16
5242880,1024,5120,30.3220985238299,0.00092851761589637,0.046875,0.02315057522690406,4.176609766339433,2.952650451660156,2.4105958938598633,6.529425137128911,0.8161781421411138,0.958876480251958,5,5.340576171875e-06,0.011469268798828125,0.007867431640625,0.20140380859375,163840,8.25,10485760,5406720,Qwen3-14B,model.layers.3.self_attn.k_proj.weight,mxfp8,k_proj,3,bfloat16
26214400,5120,5120,18.669103237931772,0.013585939497467375,0.072265625,0.02367226798609486,3.470467345579575,2.8265524673461915,2.3663679504394532,3.8672113998155773,0.9668028499538943,0.8467724843950473,5,0.08129158020019531,0.06626453399658203,0.02727874755859375,0.5069482421875,819200,4.25,52428800,13926400,Qwen3-14B,model.layers.3.self_attn.o_proj.weight,mxfp4,o_proj,3,bfloat16
26214400,5120,5120,30.298379606876217,0.0009336025716282037,0.0302734375,0.02367226798609486,3.470467345579575,2.8265524673461915,2.3663679504394532,6.506978435006397,0.8133723043757997,0.8467724843950473,5,5.53131103515625e-06,0.012527313232421875,0.008570938110351563,0.22253173828125,819200,8.25,52428800,27033600,Qwen3-14B,model.layers.3.self_attn.o_proj.weight,mxfp8,o_proj,3,bfloat16
26214400,5120,5120,18.678067372842452,0.013557926110576646,0.0625,0.020684071085953923,3.6878124583570973,2.984614028930664,2.424061279296875,3.8439027698646995,0.9609756924661749,0.7962195334490765,5,0.08838794708251953,0.05351245880126953,0.021201629638671875,0.423153076171875,819200,4.25,52428800,13926400,Qwen3-14B,model.layers.3.self_attn.q_proj.weight,mxfp4,q_proj,3,bfloat16
26214400,5120,5120,30.447430579423607,0.000902104692814434,0.0234375,0.020684071085953923,3.6878124583570973,2.984614028930664,2.424061279296875,6.530337893500519,0.8162922366875649,0.7962195334490765,5,6.06536865234375e-06,0.00963420867919922,0.006602134704589844,0.168748779296875,819200,8.25,52428800,27033600,Qwen3-14B,model.layers.3.self_attn.q_proj.weight,mxfp8,q_proj,3,bfloat16
5242880,1024,5120,18.566326161443566,0.013911289349085032,0.03076171875,0.025133205352051245,3.2091195236958026,2.929721450805664,2.405110549926758,3.862327496971769,0.9655818742429423,0.9713348725174897,3,0.08926982879638672,0.06785640716552735,0.02966899871826172,0.49254150390625,163840,4.25,10485760,2785280,Qwen3-14B,model.layers.3.self_attn.v_proj.weight,mxfp4,v_proj,3,bfloat16
5242880,1024,5120,30.204792873661045,0.0009539392376010879,0.01513671875,0.025133205352051245,3.2091195236958026,2.929721450805664,2.405110549926758,6.55548229142647,0.8194352864283088,0.9713348725174897,3,7.82012939453125e-06,0.014316368103027343,0.00998382568359375,0.2478759765625,163840,8.25,10485760,5406720,Qwen3-14B,model.layers.3.self_attn.v_proj.weight,mxfp8,v_proj,3,bfloat16
89128960,5120,17408,18.128064935428394,0.015388401410102663,0.2421875,0.018075507074766142,6.827478413694403,4.7482666015625,2.8651077270507814,3.317391596976807,0.8293478992442017,0.8454017291283283,7,0.36122684478759765,0.04841906603644876,0.021063995361328126,0.45628374885110295,2785280,4.25,178257920,47349760,Qwen3-14B,model.layers.3.mlp.down_proj.weight,mxfp4,down_proj,3,bfloat16
89128960,5120,17408,29.996024921996685,0.0010009157145461805,0.0859375,0.018075507074766142,6.827478413694403,4.7482666015625,2.8651077270507814,7.184531019901728,0.898066377487716,0.8454017291283283,7,3.380494959214154e-05,0.010098995881922104,0.007030610477223116,0.19080846449908087,2785280,8.25,178257920,91914240,Qwen3-14B,model.layers.3.mlp.down_proj.weight,mxfp8,down_proj,3,bfloat16
89128960,17408,5120,18.79387388290413,0.013201175712353807,0.09375,0.015263601733422649,5.851715672193072,3.1422951530007754,2.4601830089793486,3.8362936793012645,0.9590734198253161,2.03026063048743,10,0.08973034129423253,0.05048501631792854,0.02010355556712431,0.3897963579963235,2785280,4.25,178257920,47349760,Qwen3-14B,model.layers.3.mlp.up_proj.weight,mxfp4,up_proj,3,bfloat16
89128960,17408,5120,30.614278823013432,0.000868104720309282,0.03125,0.015263601733422649,5.851715672193072,3.1422951530007754,2.4601830089793486,6.534546740734164,0.8168183425917706,2.03026063048743,10,5.823023178998161e-06,0.00928646536434398,0.006408478231991039,0.15809721105238972,2785280,8.25,178257920,91914240,Qwen3-14B,model.layers.3.mlp.up_proj.weight,mxfp8,up_proj,3,bfloat16
89128960,5120,17408,18.1531147703643,0.015299897557948463,0.125,0.019305949975264716,8.124502849266833,4.24226962818819,2.7548471338608684,3.5588666564767886,0.8897166641191971,0.8371273014583545,7,0.2610988841337316,0.050943767323213464,0.021800938774557674,0.4681349810431985,2785280,4.25,178257920,47349760,Qwen3-14B,model.layers.4.mlp.down_proj.weight,mxfp4,down_proj,4,bfloat16
89128960,5120,17408,30.053342289290995,0.00098779260620722,0.060546875,0.019305949975264716,8.124502849266833,4.24226962818819,2.7548471338608684,7.030792273477537,0.8788490341846922,0.8371273014583545,7,2.0105698529411764e-05,0.010335271498736214,0.007164540010340074,0.19496711282169119,2785280,8.25,178257920,91914240,Qwen3-14B,model.layers.4.mlp.down_proj.weight,mxfp8,down_proj,4,bfloat16
89128960,17408,5120,18.541217698078253,0.01399194953809132,0.109375,0.02174081076314277,4.819871378409775,5.734528440587661,2.8609875510720646,3.7631284206902227,0.9407821051725557,2.308074970295569,10,0.15518133500043083,0.05570816713220933,0.025154663534725414,0.44426197725183825,2785280,4.25,178257920,47349760,Qwen3-14B,model.layers.4.mlp.gate_proj.weight,mxfp4,gate_proj,4,bfloat16
89128960,17408,5120,30.215018633016598,0.0009516957649385626,0.046875,0.02174081076314277,4.819871378409775,5.734528440587661,2.8609875510720646,6.802821015207769,0.8503526269009711,2.308074970295569,10,1.1578728170955882e-05,0.01255665947409237,0.008893360811121324,0.22392865349264707,2785280,8.25,178257920,91914240,Qwen3-14B,model.layers.4.mlp.gate_proj.weight,mxfp8,gate_proj,4,bfloat16
89128960,17408,5120,18.710035541549463,0.013458493399241532,0.115234375,0.017419736326400155,5.285657656415043,3.415334342507755,2.5227409474989946,3.8327556151261866,0.9581889037815466,1.9295268674281558,9,0.09456713059369255,0.05120858585133272,0.020354484109317554,0.4177788229549632,2785280,4.25,178257920,47349760,Qwen3-14B,model.layers.4.mlp.up_proj.weight,mxfp4,up_proj,4,bfloat16
89128960,17408,5120,30.47593328975229,0.0008962035729824535,0.052734375,0.017419736326400155,5.285657656415043,3.415334342507755,2.5227409474989946,6.562530224453733,0.8203162780567166,1.9295268674281558,9,5.823023178998161e-06,0.00926060396082261,0.006328347150017234,0.1645084156709559,2785280,8.25,178257920,91914240,Qwen3-14B,model.layers.4.mlp.up_proj.weight,mxfp8,up_proj,4,bfloat16
5242880,1024,5120,18.593971923632232,0.013823015902117963,0.060546875,0.023651606400995867,3.589768762559779,2.951436233520508,2.411297607421875,3.8603780227107016,0.9650945056776754,0.9623071673974515,5,0.08603801727294921,0.06389579772949219,0.0267242431640625,0.488751220703125,163840,4.25,10485760,2785280,Qwen3-14B,model.layers.4.self_attn.k_proj.weight,mxfp4,k_proj,4,bfloat16
5242880,1024,5120,30.256080726114135,0.0009427399848318374,0.0283203125,0.023651606400995867,3.589768762559779,2.951436233520508,2.411297607421875,6.533085206922774,0.8166356508653467,0.9623071673974515,5,5.53131103515625e-06,0.012495040893554688,0.008609962463378907,0.220343017578125,163840,8.25,10485760,5406720,Qwen3-14B,model.layers.4.self_attn.k_proj.weight,mxfp8,k_proj,4,bfloat16
26214400,5120,5120,18.69041085062164,0.013519446606761918,0.0625,0.02372291900097295,3.926794253655227,2.82871639251709,2.3673973846435548,3.8622829787867454,0.9655707446966864,0.9032105353136741,4,0.08204113006591797,0.06298179626464843,0.025789451599121094,0.4727001953125,819200,4.25,52428800,13926400,Qwen3-14B,model.layers.4.self_attn.o_proj.weight,mxfp4,o_proj,4,bfloat16
26214400,5120,5120,30.3534995295341,0.0009218283218064469,0.0302734375,0.02372291900097295,3.926794253655227,2.82871639251709,2.3673973846435548,6.507673118594308,0.8134591398242885,0.9032105353136741,4,5.68389892578125e-06,0.011872024536132812,0.00814300537109375,0.2065576171875,819200,8.25,52428800,27033600,Qwen3-14B,model.layers.4.self_attn.o_proj.weight,mxfp8,o_proj,4,bfloat16
26214400,5120,5120,18.653833858786236,0.01363379043337843,0.060546875,0.02147533161393845,3.6154284954561278,2.9600128173828124,2.415423927307129,3.8506566744852306,0.9626641686213077,0.8333772663576886,5,0.087120361328125,0.05704814910888672,0.022860107421875,0.4490625,819200,4.25,52428800,13926400,Qwen3-14B,model.layers.4.self_attn.q_proj.weight,mxfp4,q_proj,4,bfloat16
26214400,5120,5120,30.37903098585224,0.0009164249434848244,0.029296875,0.02147533161393845,3.6154284954561278,2.9600128173828124,2.415423927307129,6.528715820380651,0.8160894775475813,0.8333772663576886,5,5.83648681640625e-06,0.010427818298339844,0.007147331237792969,0.18501708984375,819200,8.25,52428800,27033600,Qwen3-14B,model.layers.4.self_attn.q_proj.weight,mxfp8,q_proj,4,bfloat16
5242880,1024,5120,18.586651834379417,0.013846334419208134,0.03125,0.025293573718402834,3.3794969433637485,2.955424690246582,2.415825843811035,3.856090904299306,0.9640227260748265,1.014180995564741,3,0.090460205078125,0.06390209197998047,0.027869987487792968,0.464691162109375,163840,4.25,10485760,2785280,Qwen3-14B,model.layers.4.self_attn.v_proj.weight,mxfp4,v_proj,4,bfloat16
5242880,1024,5120,30.271284614228215,0.0009394453877576399,0.01513671875,0.025293573718402834,3.3794969433637485,2.955424690246582,2.415825843811035,6.556652997972009,0.8195816247465011,1.014180995564741,3,4.1961669921875e-06,0.013484382629394531,0.009380149841308593,0.22958984375,163840,8.25,10485760,5406720,Qwen3-14B,model.layers.4.self_attn.v_proj.weight,mxfp8,v_proj,4,bfloat16
89128960,5120,17408,18.420376925299863,0.014386737099752654,0.123046875,0.020617485902434233,4.81003309355657,3.441479267793543,2.5573387145996094,3.7931038522441876,0.9482759630610469,0.7691378585499885,6,0.1405437245088465,0.05528492647058823,0.022777018827550552,0.48296042049632354,2785280,4.25,178257920,47349760,Qwen3-14B,model.layers.5.mlp.down_proj.weight,mxfp4,down_proj,5,bfloat16
89128960,5120,17408,30.207004249767998,0.0009534536266744867,0.060546875,0.020617485902434233,4.81003309355657,3.441479267793543,2.5573387145996094,6.740344535299341,0.8425430669124176,0.7691378585499885,6,9.087955250459559e-06,0.010519734550924862,0.007214097415699679,0.19672995174632352,2785280,8.25,178257920,91914240,Qwen3-14B,model.layers.5.mlp.down_proj.weight,mxfp8,down_proj,5,bfloat16
89128960,17408,5120,18.66006760987322,0.013614234880023461,0.0625,0.027517027945908448,4.021617796109695,4.0339448816636025,2.5877372853896197,3.8152972478826244,0.9538243119706561,1.77369439650773,10,0.11571121215820312,0.053125549765194166,0.023680754268870636,0.3689700855928309,2785280,4.25,178257920,47349760,Qwen3-14B,model.layers.5.mlp.gate_proj.weight,mxfp4,gate_proj,5,bfloat16
89128960,17408,5120,30.469750769847458,0.0008974802970508843,0.0302734375,0.027517027945908448,4.021617796109695,4.0339448816636025,2.5877372853896197,6.659522120242115,0.8324402650302644,1.77369439650773,10,1.0636273552389705e-05,0.01184239107019761,0.008403845394358915,0.19076573988970588,2785280,8.25,178257920,91914240,Qwen3-14B,model.layers.5.mlp.gate_proj.weight,mxfp8,gate_proj,5,bfloat16
89128960,17408,5120,18.722454266588922,0.013420063578575649,0.1171875,0.01940094818778446,3.972809543399118,3.0316696166992188,2.4292211981380687,3.8475719166422704,0.9618929791605676,1.3155783204063658,8,0.08760444416719325,0.0550934398875517,0.021552489785587086,0.44588479434742645,2785280,4.25,178257920,47349760,Qwen3-14B,model.layers.5.mlp.up_proj.weight,mxfp4,up_proj,5,bfloat16
89128960,17408,5120,30.450297261093834,0.0009015094299716315,0.0546875,0.01940094818778446,3.972809543399118,3.0316696166992188,2.4292211981380687,6.528924025533891,0.8161155031917364,1.3155783204063658,8,5.419114056755515e-06,0.009630371542537914,0.006548859091366039,0.173040771484375,2785280,8.25,178257920,91914240,Qwen3-14B,model.layers.5.mlp.up_proj.weight,mxfp8,up_proj,5,bfloat16
5242880,1024,5120,18.574173180896278,0.013886176527576066,0.060546875,0.023150318766136196,4.042480480532655,2.977596664428711,2.4199039459228517,3.8541970345752374,0.9635492586438094,1.0368132711233302,4,0.08743324279785156,0.060675621032714844,0.02569236755371094,0.455792236328125,163840,4.25,10485760,2785280,Qwen3-14B,model.layers.5.self_attn.k_proj.weight,mxfp4,k_proj,5,bfloat16
5242880,1024,5120,30.278333884476275,0.0009379217596639286,0.02734375,0.023150318766136196,4.042480480532655,2.977596664428711,2.4199039459228517,6.537613632800194,0.8172017041000242,1.0368132711233302,4,4.1961669921875e-06,0.012091445922851562,0.00838642120361328,0.209552001953125,163840,8.25,10485760,5406720,Qwen3-14B,model.layers.5.self_attn.k_proj.weight,mxfp8,k_proj,5,bfloat16
26214400,5120,5120,18.69347276552222,0.013509918324080999,0.109375,0.02298435524447569,5.150047192028161,2.85788932800293,2.378737564086914,3.8556526467933954,0.9639131616983488,0.9560692781458333,5,0.08374759674072266,0.0593829345703125,0.024378929138183594,0.43941162109375,819200,4.25,52428800,13926400,Qwen3-14B,model.layers.5.self_attn.o_proj.weight,mxfp4,o_proj,5,bfloat16
26214400,5120,5120,30.384323448239417,0.0009153088366335032,0.03515625,0.02298435524447569,5.150047192028161,2.85788932800293,2.378737564086914,6.514269600064805,0.8142837000081006,0.9560692781458333,5,5.14984130859375e-06,0.011345291137695312,0.007812309265136719,0.192716064453125,819200,8.25,52428800,27033600,Qwen3-14B,model.layers.5.self_attn.o_proj.weight,mxfp8,o_proj,5,bfloat16
26214400,5120,5120,18.61500567269082,0.013756230134555321,0.060546875,0.020900348772014708,3.9025122019450507,3.0485992431640625,2.4456884384155275,3.844816897791829,0.9612042244479573,1.0097642952103068,6,0.089654541015625,0.05567405700683594,0.022846221923828125,0.43556396484375,819200,4.25,52428800,13926400,Qwen3-14B,model.layers.5.self_attn.q_proj.weight,mxfp4,q_proj,5,bfloat16
26214400,5120,5120,30.3580348480109,0.000920866162956567,0.029296875,0.020900348772014708,3.9025122019450507,3.0485992431640625,2.4456884384155275,6.542818146549019,0.8178522683186273,1.0097642952103068,6,6.06536865234375e-06,0.01063507080078125,0.007335128784179687,0.18608642578125,819200,8.25,52428800,27033600,Qwen3-14B,model.layers.5.self_attn.q_proj.weight,mxfp8,q_proj,5,bfloat16
5242880,1024,5120,18.64068486985072,0.013675131557172756,0.03125,0.02547315426348275,3.5514464136956407,2.943951416015625,2.411051368713379,3.8515959926743433,0.9628989981685858,1.0734499516948024,3,0.08974056243896485,0.06051006317138672,0.025930213928222656,0.4356689453125,163840,4.25,10485760,2785280,Qwen3-14B,model.layers.5.self_attn.v_proj.weight,mxfp4,v_proj,5,bfloat16
5242880,1024,5120,30.371824624006862,0.0009179468536686955,0.01513671875,0.02547315426348275,3.5514464136956407,2.943951416015625,2.411051368713379,6.549248009646455,0.8186560012058068,1.0734499516948024,3,5.53131103515625e-06,0.0124114990234375,0.008686065673828125,0.209112548828125,163840,8.25,10485760,5406720,Qwen3-14B,model.layers.5.self_attn.v_proj.weight,mxfp8,v_proj,5,bfloat16
89128960,5120,17408,18.529310338517316,0.014030364896630485,0.25,0.021956177809263434,7.0613915096708295,3.1028542911305146,2.4594075820025276,3.851852256844328,0.962963064211082,0.7830825411414527,6,0.0897858227000517,0.059539233936982995,0.024108639885397517,0.5018231560202205,2785280,4.25,178257920,47349760,Qwen3-14B,model.layers.6.mlp.down_proj.weight,mxfp4,down_proj,6,bfloat16
89128960,5120,17408,30.253117260104467,0.000943383495495686,0.08984375,0.021956177809263434,7.0613915096708295,3.1028542911305146,2.4594075820025276,6.549708926109227,0.8187136157636534,0.7830825411414527,6,5.351795869715073e-06,0.010984409556669347,0.007496945998247932,0.20499411190257352,2785280,8.25,178257920,91914240,Qwen3-14B,model.layers.6.mlp.down_proj.weight,mxfp8,down_proj,6,bfloat16
89128960,17408,5120,18.616124542465492,0.013752686583282872,0.0859375,0.027674935419922858,3.493606678097992,3.049805764590993,2.4329873028923483,3.8492162441138156,0.9623040610284539,1.1929748243871963,9,0.09066763485179227,0.061458553987390856,0.027529032090130974,0.4123815199908088,2785280,4.25,178257920,47349760,Qwen3-14B,model.layers.6.mlp.gate_proj.weight,mxfp4,gate_proj,6,bfloat16
89128960,17408,5120,30.347526321975515,0.0009230970600656264,0.0302734375,0.027674935419922858,3.493606678097992,3.049805764590993,2.4329873028923483,6.5567219354111455,0.8195902419263932,1.1929748243871963,9,5.53131103515625e-06,0.013672907212201288,0.00967393762925092,0.22224444221047795,2785280,8.25,178257920,91914240,Qwen3-14B,model.layers.6.mlp.gate_proj.weight,mxfp8,gate_proj,6,bfloat16
89128960,17408,5120,18.68429032913201,0.013538513024006016,0.087890625,0.02134079961476844,3.8510047271136845,3.025827710768756,2.4198629042681525,3.8514653623623536,0.9628663405905884,0.965766156506643,8,0.0875060474171358,0.05748110378489775,0.02292024949017693,0.45558363970588234,2785280,4.25,178257920,47349760,Qwen3-14B,model.layers.6.mlp.up_proj.weight,mxfp4,up_proj,6,bfloat16
89128960,17408,5120,30.398717197362338,0.0009122802654621145,0.0302734375,0.02134079961476844,3.8510047271136845,3.025827710768756,2.4198629042681525,6.530483582087133,0.8163104477608917,0.965766156506643,8,5.306917078354779e-06,0.010382831797880285,0.007086686527027803,0.18444680606617647,2785280,8.25,178257920,91914240,Qwen3-14B,model.layers.6.mlp.up_proj.weight,mxfp8,up_proj,6,bfloat16
5242880,1024,5120,18.579953801331264,0.013867705807549037,0.0595703125,0.023135431126321368,3.9647021465463412,2.9807716369628907,2.422493743896484,3.856222386540373,0.9640555966350932,1.1432097929080074,5,0.08700542449951172,0.061967086791992185,0.026179695129394533,0.46824951171875,163840,4.25,10485760,2785280,Qwen3-14B,model.layers.6.self_attn.k_proj.weight,mxfp4,k_proj,6,bfloat16
5242880,1024,5120,30.265494467538726,0.0009406987203492807,0.0283203125,0.023135431126321368,3.9647021465463412,2.9807716369628907,2.422493743896484,6.538104115247372,0.8172630144059215,1.1432097929080074,5,4.1961669921875e-06,0.012388038635253906,0.008590316772460938,0.215765380859375,163840,8.25,10485760,5406720,Qwen3-14B,model.layers.6.self_attn.k_proj.weight,mxfp8,k_proj,6,bfloat16
26214400,5120,5120,18.675798034804487,0.013565012444542293,0.22265625,0.02370169174164883,5.711390013784838,2.846627502441406,2.3743242263793944,3.8611962439295717,0.9652990609823929,0.9889251531656258,5,0.08292591094970703,0.06275733947753906,0.025949020385742188,0.467542724609375,819200,4.25,52428800,13926400,Qwen3-14B,model.layers.6.self_attn.o_proj.weight,mxfp4,o_proj,6,bfloat16
26214400,5120,5120,30.339371853267156,0.0009248319283764493,0.09765625,0.02370169174164883,5.711390013784838,2.846627502441406,2.3743242263793944,6.513502060076327,0.8141877575095409,0.9889251531656258,5,5.035400390625e-06,0.01204833984375,0.0082855224609375,0.208094482421875,819200,8.25,52428800,27033600,Qwen3-14B,model.layers.6.self_attn.o_proj.weight,mxfp8,o_proj,6,bfloat16
26214400,5120,5120,18.638138751052267,0.013683151165853264,0.0615234375,0.02149706834007978,3.947113420065333,2.957147674560547,2.413918113708496,3.8517635308097153,0.9629408827024288,0.9612018418973705,5,0.08584896087646485,0.057784957885742186,0.02358112335205078,0.44547607421875,819200,4.25,52428800,13926400,Qwen3-14B,model.layers.6.self_attn.q_proj.weight,mxfp4,q_proj,6,bfloat16
26214400,5120,5120,30.363160258551034,0.0009197800259371788,0.0302734375,0.02149706834007978,3.947113420065333,2.957147674560547,2.413918113708496,6.524720071759348,0.8155900089699185,0.9612018418973705,5,5.4168701171875e-06,0.010905876159667968,0.007497673034667969,0.190523681640625,819200,8.25,52428800,27033600,Qwen3-14B,model.layers.6.self_attn.q_proj.weight,mxfp8,q_proj,6,bfloat16
5242880,1024,5120,18.631061155142763,0.013705468458311994,0.03125,0.02590370789147152,3.429023879668328,2.9378940582275392,2.407744026184082,3.8536924799585086,0.9634231199896272,1.0599916669251337,4,0.08961162567138672,0.06219139099121094,0.026977348327636718,0.440972900390625,163840,4.25,10485760,2785280,Qwen3-14B,model.layers.6.self_attn.v_proj.weight,mxfp4,v_proj,6,bfloat16
5242880,1024,5120,30.341418034624674,0.0009243962958268967,0.01513671875,0.02590370789147152,3.429023879668328,2.9378940582275392,2.407744026184082,6.551738612457669,0.8189673265572086,1.0599916669251337,4,6.67572021484375e-06,0.013075828552246094,0.009152603149414063,0.218878173828125,163840,8.25,10485760,5406720,Qwen3-14B,model.layers.6.self_attn.v_proj.weight,mxfp8,v_proj,6,bfloat16
89128960,5120,17408,18.581587413210507,0.01386249040886147,0.2421875,0.02180666060841326,7.104382589637823,3.0303000506232767,2.4377314848058362,3.8555318481362186,0.9638829620340547,0.7623484781521146,7,0.08645024019129136,0.060119224997127754,0.02427717096665326,0.5029799517463235,2785280,4.25,178257920,47349760,Qwen3-14B,model.layers.7.mlp.down_proj.weight,mxfp4,down_proj,7,bfloat16
89128960,5120,17408,30.273542851204187,0.0009389570235414078,0.109375,0.02180666060841326,7.104382589637823,3.0303000506232767,2.4377314848058362,6.531081216835924,0.8163851521044905,0.7623484781521146,7,5.161061006433824e-06,0.011028166378245633,0.007512743332806756,0.20504329905790442,2785280,8.25,178257920,91914240,Qwen3-14B,model.layers.7.mlp.down_proj.weight,mxfp8,down_proj,7,bfloat16
89128960,17408,5120,18.668126187876236,0.01358899632567376,0.107421875,0.029342209390613508,3.433236600993796,2.9567550883573643,2.413152986414292,3.8421747386872163,0.9605436846718041,1.0452361233654885,6,0.08989344204173369,0.0566349141737994,0.025152284958783317,0.36496043485753676,2785280,4.25,178257920,47349760,Qwen3-14B,model.layers.7.mlp.gate_proj.weight,mxfp4,gate_proj,7,bfloat16
89128960,17408,5120,30.46879654430736,0.0008976775117858388,0.044921875,0.029342209390613508,3.433236600993796,2.9567550883573643,2.413152986414292,6.545387596040499,0.8181734495050623,1.0452361233654885,6,5.553750430836397e-06,0.01254258997300092,0.008888390484978172,0.19602768841911763,2785280,8.25,178257920,91914240,Qwen3-14B,model.layers.7.mlp.gate_proj.weight,mxfp8,gate_proj,7,bfloat16
89128960,17408,5120,18.668928880993274,0.013586484945421948,0.15625,0.02156443735457638,3.5353305956964567,2.910078261880314,2.396870085772346,3.8562853536037265,0.9640713384009316,0.7798965053062851,7,0.08506028792437385,0.059665343340705425,0.023964567745433134,0.4711339613970588,2785280,4.25,178257920,47349760,Qwen3-14B,model.layers.7.mlp.up_proj.weight,mxfp4,up_proj,7,bfloat16
89128960,17408,5120,30.350254507713498,0.0009225173636852988,0.0390625,0.02156443735457638,3.5353305956964567,2.910078261880314,2.396870085772346,6.5204584512951715,0.8150573064118964,0.7798965053062851,7,5.037644330193015e-06,0.010886764526367188,0.007434306425206801,0.19442210477941177,2785280,8.25,178257920,91914240,Qwen3-14B,model.layers.7.mlp.up_proj.weight,mxfp8,up_proj,7,bfloat16
5242880,1024,5120,18.56147138944926,0.013926848814504048,0.09765625,0.024326018842524368,4.151201633497855,3.0163702011108398,2.4340600967407227,3.8539744604240354,0.9634936151060088,1.1091270195441945,5,0.08823928833007813,0.06136264801025391,0.026018714904785155,0.461224365234375,163840,4.25,10485760,2785280,Qwen3-14B,model.layers.7.self_attn.k_proj.weight,mxfp4,k_proj,7,bfloat16
5242880,1024,5120,30.276622114770557,0.0009382915139591713,0.03515625,0.024326018842524368,4.151201633497855,3.0163702011108398,2.4340600967407227,6.543287803308557,0.8179109754135696,1.1091270195441945,5,6.29425048828125e-06,0.012370681762695313,0.008605766296386718,0.21551513671875,163840,8.25,10485760,5406720,Qwen3-14B,model.layers.7.self_attn.k_proj.weight,mxfp8,k_proj,7,bfloat16
26214400,5120,5120,18.636635079309414,0.013687889547504075,0.20703125,0.024907561484835007,3.95414288393255,2.839607009887695,2.371477737426758,3.866461167352685,0.9666152918381713,1.0112748615439748,6,0.0830307388305664,0.06714118957519531,0.028612632751464844,0.48849853515625,819200,4.25,52428800,13926400,Qwen3-14B,model.layers.7.self_attn.o_proj.weight,mxfp4,o_proj,7,bfloat16
26214400,5120,5120,30.267004886315796,0.0009403716146589325,0.08203125,0.024907561484835007,3.95414288393255,2.839607009887695,2.371477737426758,6.519789211098536,0.814973651387317,1.0112748615439748,6,4.425048828125e-06,0.013516807556152343,0.00938426971435547,0.233399658203125,819200,8.25,52428800,27033600,Qwen3-14B,model.layers.7.self_attn.o_proj.weight,mxfp8,o_proj,7,bfloat16
26214400,5120,5120,18.581687365702383,0.013862171368539017,0.07421875,0.023069617801260902,3.982081766499854,2.9971741104125975,2.4255370330810546,3.8546926466847102,0.9636731616711776,1.0062920974422367,6,0.08685218811035156,0.06056949615478516,0.0253009033203125,0.464456787109375,819200,4.25,52428800,13926400,Qwen3-14B,model.layers.7.self_attn.q_proj.weight,mxfp4,q_proj,7,bfloat16
26214400,5120,5120,30.28299363294778,0.0009369159592541876,0.0302734375,0.023069617801260902,3.982081766499854,2.9971741104125975,2.4255370330810546,6.534797626789662,0.8168497033487078,1.0062920974422367,6,4.119873046875e-06,0.011861953735351562,0.008203277587890625,0.208076171875,819200,8.25,52428800,27033600,Qwen3-14B,model.layers.7.self_attn.q_proj.weight,mxfp8,q_proj,7,bfloat16
5242880,1024,5120,18.600874043902227,0.013801064818775095,0.03125,0.02702846811841776,3.306463409776447,2.9617240905761717,2.4174142837524415,3.8524770471260195,0.9631192617815049,1.0207424631221422,3,0.09187965393066407,0.0635751724243164,0.028319549560546876,0.438372802734375,163840,4.25,10485760,2785280,Qwen3-14B,model.layers.7.self_attn.v_proj.weight,mxfp4,v_proj,7,bfloat16
5242880,1024,5120,30.313616562881656,0.0009303328233742256,0.01513671875,0.02702846811841776,3.306463409776447,2.9617240905761717,2.4174142837524415,6.565154375197963,0.8206442968997454,1.0207424631221422,3,5.14984130859375e-06,0.013977622985839844,0.009827232360839844,0.231793212890625,163840,8.25,10485760,5406720,Qwen3-14B,model.layers.7.self_attn.v_proj.weight,mxfp8,v_proj,7,bfloat16
89128960,5120,17408,18.577308827199918,0.013876154198307936,0.21484375,0.023160229810377804,3.7654310927145005,2.942029930563534,2.4075310202205884,3.866505761652827,0.9666264404132068,0.8414456955630251,7,0.08401595844941981,0.0671451119815602,0.027978897094726562,0.5331880457261029,2785280,4.25,178257920,47349760,Qwen3-14B,model.layers.8.mlp.down_proj.weight,mxfp4,down_proj,8,bfloat16
89128960,5120,17408,30.197685143646495,0.0009555017474344533,0.08984375,0.023160229810377804,3.7654310927145005,2.942029930563534,2.4075310202205884,6.525602223918513,0.8157002779898141,0.8414456955630251,7,5.968879250919118e-06,0.012940664852366729,0.00887618345372817,0.2366824879365809,2785280,8.25,178257920,91914240,Qwen3-14B,model.layers.8.mlp.down_proj.weight,mxfp8,down_proj,8,bfloat16
89128960,17408,5120,18.633901869595356,0.013696506660819884,0.119140625,0.028314524478875926,4.057194599648821,2.954540387321921,2.4087165383731617,3.8535960550442203,0.9633990137610551,1.1065489433316023,5,0.08736382652731503,0.06076270832734949,0.026120365367216222,0.43264626895680147,2785280,4.25,178257920,47349760,Qwen3-14B,model.layers.8.mlp.gate_proj.weight,mxfp4,gate_proj,8,bfloat16
89128960,17408,5120,30.398105525485857,0.0009124087624850312,0.056640625,0.028314524478875926,4.057194599648821,2.954540387321921,2.4087165383731617,6.537343835859025,0.8171679794823781,1.1065489433316023,5,4.947886747472427e-06,0.012560530269847197,0.008773220286649817,0.21005356732536765,2785280,8.25,178257920,91914240,Qwen3-14B,model.layers.8.mlp.gate_proj.weight,mxfp8,gate_proj,8,bfloat16
89128960,17408,5120,18.607917928785863,0.013778698815329907,0.09765625,0.023071251663476885,3.1845664387838393,2.903860092163086,2.395984638438505,3.866574118204243,0.9666435295510607,0.7981840586302529,4,0.08379053228041705,0.066883165696088,0.02772633047664867,0.5296533921185662,2785280,4.25,178257920,47349760,Qwen3-14B,model.layers.8.mlp.up_proj.weight,mxfp4,up_proj,8,bfloat16
89128960,17408,5120,30.218405115955818,0.000950953953707529,0.03515625,0.023071251663476885,3.1845664387838393,2.903860092163086,2.395984638438505,6.5230354396664865,0.8153794299583108,0.7981840586302529,4,5.183500402113971e-06,0.01278088513542624,0.008746382769416361,0.23276798023897058,2785280,8.25,178257920,91914240,Qwen3-14B,model.layers.8.mlp.up_proj.weight,mxfp8,up_proj,8,bfloat16
5242880,1024,5120,18.58694758173408,0.013845391538854326,0.0615234375,0.02429802402772276,3.8505683780882256,2.983644485473633,2.4225671768188475,3.8568021724262787,0.9642005431065697,1.0936494142592537,5,0.08716087341308594,0.06260204315185547,0.026595306396484376,0.46927490234375,163840,4.25,10485760,2785280,Qwen3-14B,model.layers.8.self_attn.k_proj.weight,mxfp4,k_proj,8,bfloat16
5242880,1024,5120,30.279116845570616,0.0009377526831304274,0.0302734375,0.02429802402772276,3.8505683780882256,2.983644485473633,2.4225671768188475,6.5389628170024,0.8173703521253,1.0936494142592537,5,5.53131103515625e-06,0.0125762939453125,0.008734512329101562,0.21953125,163840,8.25,10485760,5406720,Qwen3-14B,model.layers.8.self_attn.k_proj.weight,mxfp8,k_proj,8,bfloat16
26214400,5120,5120,18.644096957563367,0.013664391742299624,0.16015625,0.024671008118371793,3.8812553168897104,2.8388167953491212,2.3715531539916994,3.8670000425799205,0.9667500106449801,0.9570265036514463,6,0.08242401123046875,0.06706146240234374,0.02821979522705078,0.497928466796875,819200,4.25,52428800,13926400,Qwen3-14B,model.layers.8.self_attn.o_proj.weight,mxfp4,o_proj,8,bfloat16
26214400,5120,5120,30.272041269056473,0.0009392817260030891,0.03515625,0.024671008118371793,3.8812553168897104,2.8388167953491212,2.3715531539916994,6.515883178515682,0.8144853973144602,0.9570265036514463,6,5.45501708984375e-06,0.013220062255859375,0.0091339111328125,0.231390380859375,819200,8.25,52428800,27033600,Qwen3-14B,model.layers.8.self_attn.o_proj.weight,mxfp8,o_proj,8,bfloat16
26214400,5120,5120,18.608479759574024,0.013776916431065801,0.111328125,0.02267137384419442,3.9250920994112835,2.9652655792236327,2.414982223510742,3.8558963997452467,0.9639740999363117,0.975426655313282,6,0.085855712890625,0.06065372467041016,0.025135650634765624,0.465863037109375,819200,4.25,52428800,13926400,Qwen3-14B,model.layers.8.self_attn.q_proj.weight,mxfp4,q_proj,8,bfloat16
26214400,5120,5120,30.30153692297409,0.0009329240902448741,0.048828125,0.02267137384419442,3.9250920994112835,2.9652655792236327,2.414982223510742,6.528825783459168,0.816103222932396,0.975426655313282,6,5.79833984375e-06,0.011677703857421874,0.008052864074707032,0.205384521484375,819200,8.25,52428800,27033600,Qwen3-14B,model.layers.8.self_attn.q_proj.weight,mxfp8,q_proj,8,bfloat16
5242880,1024,5120,18.593587519243137,0.013824239464325776,0.0615234375,0.026829491969826737,3.3104493924161855,2.9555381774902343,2.4150922775268553,3.855026950244889,0.9637567375612223,1.0300544915969874,3,0.09011631011962891,0.06436328887939453,0.028660392761230467,0.44449462890625,163840,4.25,10485760,2785280,Qwen3-14B,model.layers.8.self_attn.v_proj.weight,mxfp4,v_proj,8,bfloat16
5242880,1024,5120,30.292342063925638,0.000934901364431301,0.0302734375,0.026829491969826737,3.3104493924161855,2.9555381774902343,2.4150922775268553,6.557963343644533,0.8197454179555667,1.0300544915969874,3,4.9591064453125e-06,0.014120674133300782,0.0099365234375,0.234454345703125,163840,8.25,10485760,5406720,Qwen3-14B,model.layers.8.self_attn.v_proj.weight,mxfp8,v_proj,8,bfloat16
89128960,17408,5120,18.564212961078248,0.013918059984272443,0.1015625,0.025640526025494034,3.331924917450949,2.905992036707261,2.394129315544577,3.866926952845247,0.9667317382113118,1.0025760679466473,6,0.08530065873089959,0.06968764136819279,0.03071579652674058,0.49669440774356616,2785280,4.25,178257920,47349760,Qwen3-14B,model.layers.9.mlp.gate_proj.weight,mxfp4,gate_proj,9,bfloat16
89128960,17408,5120,30.187741114837884,0.0009576920637815539,0.0302734375,0.025640526025494034,3.331924917450949,2.905992036707261,2.394129315544577,6.537278073972256,0.817159759246532,1.0025760679466473,6,5.374235265395221e-06,0.014876029070685892,0.010385580623851103,0.2547381232766544,2785280,8.25,178257920,91914240,Qwen3-14B,model.layers.9.mlp.gate_proj.weight,mxfp8,gate_proj,9,bfloat16
5242880,1024,5120,18.545517005519955,0.01397810503177737,0.1171875,0.024197310525629425,4.427392960349742,3.0093555450439453,2.428076171875,3.8536378116540337,0.9634094529135084,1.1403750737756873,6,0.08787784576416016,0.06109333038330078,0.026075172424316406,0.450262451171875,163840,4.25,10485760,2785280,Qwen3-14B,model.layers.9.self_attn.k_proj.weight,mxfp4,k_proj,9,bfloat16
5242880,1024,5120,30.268043187466386,0.0009401468196723359,0.0546875,0.024197310525629425,4.427392960349742,3.0093555450439453,2.428076171875,6.541278608085262,0.8176598260106578,1.1403750737756873,6,5.340576171875e-06,0.012501144409179687,0.00870208740234375,0.21444091796875,163840,8.25,10485760,5406720,Qwen3-14B,model.layers.9.self_attn.k_proj.weight,mxfp8,k_proj,9,bfloat16
26214400,5120,5120,18.66613009736351,0.013595243492573482,0.1875,0.024083436691346733,4.419864392324063,2.8364527893066405,2.370445327758789,3.865016238156064,0.966254059539016,0.8989659336875814,5,0.0821451187133789,0.0651413345336914,0.026977500915527343,0.490458984375,819200,4.25,52428800,13926400,Qwen3-14B,model.layers.9.self_attn.o_proj.weight,mxfp4,o_proj,9,bfloat16
26214400,5120,5120,30.30377661540038,0.0009324430976414163,0.0625,0.024083436691346733,4.419864392324063,2.8364527893066405,2.370445327758789,6.5114422191634596,0.8139302773954324,0.8989659336875814,5,4.46319580078125e-06,0.01249481201171875,0.008572540283203124,0.21863525390625,819200,8.25,52428800,27033600,Qwen3-14B,model.layers.9.self_attn.o_proj.weight,mxfp8,o_proj,9,bfloat16
26214400,5120,5120,18.596606253014897,0.013814633724438944,0.0615234375,0.022778093596512804,3.8167543511490334,2.977205543518066,2.420762062072754,3.8540994213705657,0.9635248553426414,1.0139575791632227,5,0.08669185638427734,0.060250167846679685,0.02521259307861328,0.4575341796875,819200,4.25,52428800,13926400,Qwen3-14B,model.layers.9.self_attn.q_proj.weight,mxfp4,q_proj,9,bfloat16
26214400,5120,5120,30.2866513642089,0.000936127198586903,0.0302734375,0.022778093596512804,3.8167543511490334,2.977205543518066,2.420762062072754,6.5335888996736005,0.8166986124592001,1.0139575791632227,5,5.68389892578125e-06,0.011868743896484376,0.008230476379394532,0.207115478515625,819200,8.25,52428800,27033600,Qwen3-14B,model.layers.9.self_attn.q_proj.weight,mxfp8,q_proj,9,bfloat16
5242880,1024,5120,18.6140179983706,0.013759358937907414,0.052734375,0.0267834651803178,3.350504416907147,2.943537139892578,2.4095211029052734,3.8551717899231828,0.9637929474807957,1.0386379797650098,3,0.0889577865600586,0.06320037841796874,0.02783622741699219,0.44222412109375,163840,4.25,10485760,2785280,Qwen3-14B,model.layers.9.self_attn.v_proj.weight,mxfp4,v_proj,9,bfloat16
5242880,1024,5120,30.325827612954456,0.0009277206822587839,0.021484375,0.0267834651803178,3.350504416907147,2.943537139892578,2.4095211029052734,6.548676831410608,0.818584603926326,1.0386379797650098,3,4.9591064453125e-06,0.013608360290527343,0.009528160095214844,0.2264892578125,163840,8.25,10485760,5406720,Qwen3-14B,model.layers.9.self_attn.v_proj.weight,mxfp8,v_proj,9,bfloat16
89128960,5120,17408,18.559101684874616,0.013934449998535377,0.234375,0.02464653098801258,3.7101304849805725,2.8928934433880973,2.391033935546875,3.8701060653125707,0.9675265163281427,0.9473499339233205,7,0.08409881591796875,0.07112567004035501,0.030974792031680836,0.5242995318244486,2785280,4.25,178257920,47349760,Qwen3-14B,model.layers.10.mlp.down_proj.weight,mxfp4,down_proj,10,bfloat16
89128960,5120,17408,30.142171467878924,0.0009677938393572898,0.05859375,0.02464653098801258,3.7101304849805725,2.8928934433880973,2.391033935546875,6.531747607400581,0.8164684509250726,0.9473499339233205,7,5.318136776194853e-06,0.014808363073012408,0.010272923637838924,0.2597871668198529,2785280,8.25,178257920,91914240,Qwen3-14B,model.layers.10.mlp.down_proj.weight,mxfp8,down_proj,10,bfloat16
89128960,17408,5120,18.566735113994287,0.013909979456914134,0.109375,0.025567569550204484,3.178283723829891,2.8683508031508502,2.381915709551643,3.8699948675530207,0.9674987168882552,0.9792801406603536,5,0.08422759560977712,0.07155051511876723,0.03163140240837546,0.5073346306295956,2785280,4.25,178257920,47349760,Qwen3-14B,model.layers.10.mlp.gate_proj.weight,mxfp4,gate_proj,10,bfloat16
89128960,17408,5120,30.158393056136067,0.0009641857183959532,0.03515625,0.025567569550204484,3.178283723829891,2.8683508031508502,2.381915709551643,6.533161450899945,0.8166451813624931,0.9792801406603536,5,5.284477682674632e-06,0.015316581726074219,0.010691048117244945,0.26275347541360294,2785280,8.25,178257920,91914240,Qwen3-14B,model.layers.10.mlp.gate_proj.weight,mxfp8,gate_proj,10,bfloat16
89128960,17408,5120,18.568622245249603,0.013903936493961013,0.123046875,0.02451939457053427,3.148740379404662,2.8780973097857308,2.3864115097943475,3.871211137107195,0.9678027842767988,0.9109062397378832,5,0.0836077746223001,0.07154610577751608,0.030930743497960708,0.5330085305606618,2785280,4.25,178257920,47349760,Qwen3-14B,model.layers.10.mlp.up_proj.weight,mxfp4,up_proj,10,bfloat16
89128960,17408,5120,30.148018999697726,0.0009664916360566894,0.060546875,0.02451939457053427,3.148740379404662,2.8780973097857308,2.3864115097943475,6.528760859874794,0.8160951074843492,0.9109062397378832,5,4.667394301470589e-06,0.014695257299086627,0.010175357145421645,0.2599630916819853,2785280,8.25,178257920,91914240,Qwen3-14B,model.layers.10.mlp.up_proj.weight,mxfp8,up_proj,10,bfloat16
5242880,1024,5120,18.588218218736582,0.013841341316199077,0.1171875,0.024546625730971692,4.135657920924473,2.944876480102539,2.40944881439209,3.8596066280308596,0.9649016570077149,1.0915818206716978,6,0.08619918823242187,0.06407222747802735,0.027417564392089845,0.470538330078125,163840,4.25,10485760,2785280,Qwen3-14B,model.layers.10.self_attn.k_proj.weight,mxfp4,k_proj,10,bfloat16
5242880,1024,5120,30.268084662546435,0.0009401378413223818,0.02734375,0.024546625730971692,4.135657920924473,2.944876480102539,2.40944881439209,6.535585378125995,0.8169481722657493,1.0915818206716978,6,4.76837158203125e-06,0.013098716735839844,0.009091949462890625,0.22569580078125,163840,8.25,10485760,5406720,Qwen3-14B,model.layers.10.self_attn.k_proj.weight,mxfp8,k_proj,10,bfloat16
26214400,5120,5120,18.62639002462315,0.013720217545844005,0.1875,0.02477509035673563,3.583057665158938,2.8410165405273435,2.372755012512207,3.8682666081239447,0.9670666520309862,0.9464000182174754,6,0.08270526885986328,0.06844642639160156,0.029217491149902342,0.502374267578125,819200,4.25,52428800,13926400,Qwen3-14B,model.layers.10.self_attn.o_proj.weight,mxfp4,o_proj,10,bfloat16
26214400,5120,5120,30.241143404576224,0.0009459880701308595,0.0625,0.02477509035673563,3.583057665158938,2.8410165405273435,2.372755012512207,6.519721708972899,0.8149652136216123,0.9464000182174754,6,5.5694580078125e-06,0.013821372985839844,0.009561614990234375,0.240465087890625,819200,8.25,52428800,27033600,Qwen3-14B,model.layers.10.self_attn.o_proj.weight,mxfp8,o_proj,10,bfloat16
26214400,5120,5120,18.605751586504304,0.013785573603066157,0.0615234375,0.02342776811731667,3.494044935450315,2.919620590209961,2.399703063964844,3.8614978414974646,0.9653744603743661,0.9653798460423619,5,0.08459007263183593,0.06408267974853515,0.02692436218261719,0.483935546875,819200,4.25,52428800,13926400,Qwen3-14B,model.layers.10.self_attn.q_proj.weight,mxfp4,q_proj,10,bfloat16
26214400,5120,5120,30.258019992102966,0.0009423191147666652,0.0302734375,0.02342776811731667,3.494044935450315,2.919620590209961,2.399703063964844,6.526087946879928,0.815760993359991,0.9653798460423619,5,4.76837158203125e-06,0.012642478942871094,0.008738861083984376,0.221900634765625,819200,8.25,52428800,27033600,Qwen3-14B,model.layers.10.self_attn.q_proj.weight,mxfp8,q_proj,10,bfloat16
5242880,1024,5120,18.55471983583596,0.013948516368717063,0.0615234375,0.02689285277238098,3.3078495410716666,2.9431957244873046,2.408705139160156,3.8585198108444,0.9646299527111,1.033669679693962,4,0.08946418762207031,0.06706275939941406,0.03038444519042969,0.453070068359375,163840,4.25,10485760,2785280,Qwen3-14B,model.layers.10.self_attn.v_proj.weight,mxfp4,v_proj,10,bfloat16
5242880,1024,5120,30.227585583978115,0.0009489458734945577,0.0302734375,0.02689285277238098,3.3078495410716666,2.9431957244873046,2.408705139160156,6.557506593785694,0.8196883242232117,1.033669679693962,4,4.1961669921875e-06,0.015070152282714844,0.010622406005859375,0.248687744140625,163840,8.25,10485760,5406720,Qwen3-14B,model.layers.10.self_attn.v_proj.weight,mxfp8,v_proj,10,bfloat16
89128960,5120,17408,18.563290091660093,0.013921017865911685,0.12109375,0.02459781809014342,3.5198378835619732,2.894195018095129,2.3915837007410388,3.8695046859304574,0.9673761714826143,0.9624210684618074,7,0.08422731511733111,0.07075712540570428,0.030843992794261258,0.5191388298483456,2785280,4.25,178257920,47349760,Qwen3-14B,model.layers.11.mlp.down_proj.weight,mxfp4,down_proj,11,bfloat16
89128960,5120,17408,30.148445648384126,0.0009663966930744187,0.0546875,0.02459781809014342,3.5198378835619732,2.894195018095129,2.3915837007410388,6.532078425398629,0.8165098031748286,0.9624210684618074,7,4.981545840992647e-06,0.01477226930506089,0.01026449764476103,0.2585671817555147,2785280,8.25,178257920,91914240,Qwen3-14B,model.layers.11.mlp.down_proj.weight,mxfp8,down_proj,11,bfloat16
89128960,17408,5120,18.570529341546095,0.013897832266116137,0.123046875,0.02555825631416821,3.186746912554444,2.8759447883157168,2.384199265872731,3.869227241769291,0.9673068104423227,0.9833512430476467,5,0.08446495953728171,0.07101428088019876,0.03133417017319623,0.5045295266544118,2785280,4.25,178257920,47349760,Qwen3-14B,model.layers.11.mlp.gate_proj.weight,mxfp4,gate_proj,11,bfloat16
89128960,17408,5120,30.167726018609248,0.00096211591384213,0.060546875,0.02555825631416821,3.186746912554444,2.8759447883157168,2.384199265872731,6.533894626831102,0.8167368283538877,0.9833512430476467,5,4.7571518841911765e-06,0.015143832038430607,0.010565656774184282,0.2598334817325368,2785280,8.25,178257920,91914240,Qwen3-14B,model.layers.11.mlp.gate_proj.weight,mxfp8,gate_proj,11,bfloat16
89128960,17408,5120,18.565102658566378,0.01391520901673062,0.123046875,0.024583094441500548,3.159503574384599,2.885548400878906,2.3888404285206515,3.8706005462874473,0.9676501365718618,0.919499673357313,5,0.08398565404555376,0.07127983990837546,0.030898397109087775,0.5303782743566177,2785280,4.25,178257920,47349760,Qwen3-14B,model.layers.11.mlp.up_proj.weight,mxfp4,up_proj,11,bfloat16
89128960,17408,5120,30.14545156993234,0.0009670631683026653,0.060546875,0.024583094441500548,3.159503574384599,2.885548400878906,2.3888404285206515,6.530957542370389,0.8163696927962987,0.919499673357313,5,5.026424632352941e-06,0.01470197789809283,0.010194138919605928,0.2595986758961397,2785280,8.25,178257920,91914240,Qwen3-14B,model.layers.11.mlp.up_proj.weight,mxfp8,up_proj,11,bfloat16
5242880,1024,5120,18.562374655034514,0.013923952545802955,0.123046875,0.024556939711464,4.117632433981225,2.9638507843017576,2.415511131286621,3.8599688637507965,0.9649922159376991,1.0348503643575702,6,0.08629608154296875,0.06426563262939453,0.027444839477539062,0.47991943359375,163840,4.25,10485760,2785280,Qwen3-14B,model.layers.11.self_attn.k_proj.weight,mxfp4,k_proj,11,bfloat16
5242880,1024,5120,30.25174663463406,0.0009436812725941479,0.060546875,0.024556939711464,4.117632433981225,2.9638507843017576,2.415511131286621,6.535969538527054,0.8169961923158817,1.0348503643575702,6,4.76837158203125e-06,0.01305217742919922,0.0090545654296875,0.226800537109375,163840,8.25,10485760,5406720,Qwen3-14B,model.layers.11.self_attn.k_proj.weight,mxfp8,k_proj,11,bfloat16
26214400,5120,5120,18.63569712706623,0.013690846060590177,0.2421875,0.0250488201312374,3.89674046411844,2.8367531585693357,2.3702588272094727,3.86626971678088,0.96656742919522,1.0070801337377635,6,0.08320659637451172,0.06725894927978515,0.02885356903076172,0.483885498046875,819200,4.25,52428800,13926400,Qwen3-14B,model.layers.11.self_attn.o_proj.weight,mxfp4,o_proj,11,bfloat16
26214400,5120,5120,30.26820773097048,0.0009401112004950155,0.1171875,0.0250488201312374,3.89674046411844,2.8367531585693357,2.3702588272094727,6.5214910704546245,0.8151863838068281,1.0070801337377635,6,5.30242919921875e-06,0.01371753692626953,0.009513702392578125,0.23441650390625,819200,8.25,52428800,27033600,Qwen3-14B,model.layers.11.self_attn.o_proj.weight,mxfp8,o_proj,11,bfloat16
26214400,5120,5120,18.605851114879684,0.013785257679175846,0.0615234375,0.023419777607037996,3.605335653054553,2.920511703491211,2.399168586730957,3.861616350239173,0.9654040875597932,0.9455348612894061,4,0.08434207916259766,0.06391914367675781,0.026764907836914063,0.48541259765625,819200,4.25,52428800,13926400,Qwen3-14B,model.layers.11.self_attn.q_proj.weight,mxfp4,q_proj,11,bfloat16
26214400,5120,5120,30.262096322453857,0.0009414350598141291,0.0302734375,0.023419777607037996,3.605335653054553,2.920511703491211,2.399168586730957,6.524219660471449,0.8155274575589311,0.9455348612894061,4,4.730224609375e-06,0.01249176025390625,0.008621368408203125,0.22004638671875,819200,8.25,52428800,27033600,Qwen3-14B,model.layers.11.self_attn.q_proj.weight,mxfp8,q_proj,11,bfloat16
5242880,1024,5120,18.6085484410441,0.013776698557841279,0.03125,0.027665728080432085,3.2225095155411965,2.936944580078125,2.4089393615722656,3.851492262696235,0.9628730656740587,1.0103239148854009,3,0.09110698699951172,0.06323394775390626,0.028545379638671875,0.415966796875,163840,4.25,10485760,2785280,Qwen3-14B,model.layers.11.self_attn.v_proj.weight,mxfp4,v_proj,11,bfloat16
5242880,1024,5120,30.33716007183041,0.0009253030481210651,0.01513671875,0.027665728080432085,3.2225095155411965,2.936944580078125,2.4089393615722656,6.561976391423316,0.8202470489279144,1.0103239148854009,3,5.53131103515625e-06,0.01417713165283203,0.01002349853515625,0.229803466796875,163840,8.25,10485760,5406720,Qwen3-14B,model.layers.11.self_attn.v_proj.weight,mxfp8,v_proj,11,bfloat16
89128960,5120,17408,18.550270656242862,0.01396281340830354,0.203125,0.024362709115109283,3.8880399963270027,2.9343157599954046,2.406698428883272,3.8670260218060095,0.9667565054515024,0.9642561837420337,7,0.08526648353127872,0.06937502692727482,0.030123071109547334,0.517373836741728,2785280,4.25,178257920,47349760,Qwen3-14B,model.layers.12.mlp.down_proj.weight,mxfp4,down_proj,12,bfloat16
89128960,5120,17408,30.15058667696634,0.0009659203865375,0.0625,0.024362709115109283,3.8880399963270027,2.9343157599954046,2.406698428883272,6.5368816515948875,0.8171102064493609,0.9642561837420337,7,5.318136776194853e-06,0.014404094920438879,0.010008778291590073,0.2540613511029412,2785280,8.25,178257920,91914240,Qwen3-14B,model.layers.12.mlp.down_proj.weight,mxfp8,down_proj,12,bfloat16
89128960,17408,5120,18.58328390388509,0.013857076342155796,0.091796875,0.025524199458367376,3.2593973878550515,2.8901183633243335,2.390078196806066,3.8669161327134254,0.9667290331783563,0.9872231177787889,5,0.08478315016802619,0.06914123086368336,0.030247003891888787,0.4964229808134191,2785280,4.25,178257920,47349760,Qwen3-14B,model.layers.12.mlp.gate_proj.weight,mxfp4,gate_proj,12,bfloat16
89128960,17408,5120,30.20498051007898,0.0009538980236593319,0.029296875,0.025524199458367376,3.2593973878550515,2.8901183633243335,2.390078196806066,6.533612365618115,0.8167015457022644,0.9872231177787889,5,5.037644330193015e-06,0.014572760638068704,0.010155655356014476,0.2505880916819853,2785280,8.25,178257920,91914240,Qwen3-14B,model.layers.12.mlp.gate_proj.weight,mxfp8,gate_proj,12,bfloat16
89128960,17408,5120,18.566116416225494,0.013911961219670543,0.1015625,0.02444722475821366,3.190821955606771,2.904449058981503,2.396309751622817,3.8686299926586014,0.9671574981646504,0.9187444657011423,4,0.08467033610624426,0.06999866261201747,0.030231711443732767,0.5251174029181985,2785280,4.25,178257920,47349760,Qwen3-14B,model.layers.12.mlp.up_proj.weight,mxfp4,up_proj,12,bfloat16
89128960,17408,5120,30.162742885043254,0.0009632204877886079,0.0390625,0.02444722475821366,3.190821955606771,2.904449058981503,2.396309751622817,6.533816399185371,0.8167270498981714,0.9187444657011423,4,4.57763671875e-06,0.01435986687155331,0.009946856779210709,0.2542336856617647,2785280,8.25,178257920,91914240,Qwen3-14B,model.layers.12.mlp.up_proj.weight,mxfp8,up_proj,12,bfloat16
5242880,1024,5120,18.59305003457851,0.013825950463850375,0.09375,0.02475242741438226,4.811397444368866,2.9753822326660155,2.419955253601074,3.8507993691248883,0.9626998422812221,1.24184458904737,6,0.08772239685058594,0.059317588806152344,0.025381088256835938,0.428704833984375,163840,4.25,10485760,2785280,Qwen3-14B,model.layers.12.self_attn.k_proj.weight,mxfp4,k_proj,12,bfloat16
5242880,1024,5120,30.334233970411418,0.0009259266901410324,0.03125,0.02475242741438226,4.811397444368866,2.9753822326660155,2.419955253601074,6.537879153739382,0.8172348942174228,1.24184458904737,6,5.53131103515625e-06,0.012237930297851562,0.00853271484375,0.205413818359375,163840,8.25,10485760,5406720,Qwen3-14B,model.layers.12.self_attn.k_proj.weight,mxfp8,k_proj,12,bfloat16
26214400,5120,5120,18.637134334067312,0.013686316110242862,0.09375,0.024702305021315672,3.9326127633070955,2.84552303314209,2.3739603424072264,3.8643218420453134,0.9660804605113283,1.0324094903564682,7,0.08356246948242188,0.06594764709472656,0.028208808898925783,0.47369384765625,819200,4.25,52428800,13926400,Qwen3-14B,model.layers.12.self_attn.o_proj.weight,mxfp4,o_proj,12,bfloat16
26214400,5120,5120,30.28152632643513,0.0009372325589825874,0.03125,0.024702305021315672,3.9326127633070955,2.84552303314209,2.3739603424072264,6.521950158289572,0.8152437697861965,1.0324094903564682,7,5.30242919921875e-06,0.013435401916503907,0.009343223571777344,0.229810791015625,819200,8.25,52428800,27033600,Qwen3-14B,model.layers.12.self_attn.o_proj.weight,mxfp8,o_proj,12,bfloat16
26214400,5120,5120,18.60549250346947,0.013786396020787545,0.0615234375,0.023228252865831862,3.7611557609414863,2.966315231323242,2.4161001586914064,3.8541283293577506,0.9635320823394377,0.9948165486851159,5,0.0862417221069336,0.05996044158935547,0.02503833770751953,0.45212646484375,819200,4.25,52428800,13926400,Qwen3-14B,model.layers.12.self_attn.q_proj.weight,mxfp4,q_proj,12,bfloat16
26214400,5120,5120,30.314756514999928,0.0009300886582414593,0.0302734375,0.023228252865831862,3.7611557609414863,2.966315231323242,2.4161001586914064,6.5303956829821885,0.8162994603727736,0.9948165486851159,5,5.4168701171875e-06,0.011756515502929688,0.008145637512207031,0.20388427734375,819200,8.25,52428800,27033600,Qwen3-14B,model.layers.12.self_attn.q_proj.weight,mxfp8,q_proj,12,bfloat16
5242880,1024,5120,18.646515863306774,0.013656783155508598,0.03125,0.027959261755278533,3.287005573602465,2.9564151763916016,2.4156267166137697,3.8458038195106368,0.9614509548776592,1.0060128444642842,3,0.09196510314941406,0.0598358154296875,0.026622772216796875,0.39659423828125,163840,4.25,10485760,2785280,Qwen3-14B,model.layers.12.self_attn.v_proj.weight,mxfp4,v_proj,12,bfloat16
5242880,1024,5120,30.41151060855772,0.0009095968321037739,0.01513671875,0.027959261755278533,3.287005573602465,2.9564151763916016,2.4156267166137697,6.561923100547272,0.820240387568409,1.0060128444642842,3,6.29425048828125e-06,0.013170242309570312,0.009284400939941406,0.21126708984375,163840,8.25,10485760,5406720,Qwen3-14B,model.layers.12.self_attn.v_proj.weight,mxfp8,v_proj,12,bfloat16
89128960,5120,17408,18.546494283800655,0.013974959939645341,0.1328125,0.024126936460877404,3.630350254346886,2.961569572897518,2.4161275078268614,3.8656071588527374,0.9664017897131844,0.9570386093781629,7,0.08591709136962891,0.06855142256792854,0.029664735233082492,0.5179996266084559,2785280,4.25,178257920,47349760,Qwen3-14B,model.layers.13.mlp.down_proj.weight,mxfp4,down_proj,13,bfloat16
89128960,5120,17408,30.151153476914576,0.000965794332000021,0.0546875,0.024126936460877404,3.630350254346886,2.961569572897518,2.4161275078268614,6.539874396576045,0.8174842995720056,0.9570386093781629,7,5.217159495634191e-06,0.014157643037683824,0.009831518285414752,0.25139447380514707,2785280,8.25,178257920,91914240,Qwen3-14B,model.layers.13.mlp.down_proj.weight,mxfp8,down_proj,13,bfloat16
89128960,17408,5120,18.605128925873025,0.013787550222545979,0.123046875,0.026130517758469723,3.440048172940687,2.9155236636891084,2.3975381402408376,3.86221856181425,0.9655546404535625,1.028465643699179,6,0.08577372607062844,0.06621456146240234,0.028921912698184744,0.4711713005514706,2785280,4.25,178257920,47349760,Qwen3-14B,model.layers.13.mlp.gate_proj.weight,mxfp4,gate_proj,13,bfloat16
89128960,17408,5120,30.271639243210608,0.0009393686792167685,0.060546875,0.026130517758469723,3.440048172940687,2.9155236636891084,2.3975381402408376,6.5360231916522,0.817002898956525,1.028465643699179,6,5.284477682674632e-06,0.013974571228027343,0.009758253658519072,0.23756426642922795,2785280,8.25,178257920,91914240,Qwen3-14B,model.layers.13.mlp.gate_proj.weight,mxfp8,gate_proj,13,bfloat16
89128960,17408,5120,18.560626520089116,0.013929558384373403,0.20703125,0.02418848889663606,3.3020383975525758,2.9304566551657283,2.404939584171071,3.8668986376055363,0.9667246594013841,0.9128842508203486,5,0.08511104583740234,0.06876734565286076,0.02950587553136489,0.5225894703584559,2785280,4.25,178257920,47349760,Qwen3-14B,model.layers.13.mlp.up_proj.weight,mxfp4,up_proj,13,bfloat16
89128960,17408,5120,30.166624983442517,0.000962359863003905,0.08203125,0.02418848889663606,3.3020383975525758,2.9304566551657283,2.404939584171071,6.53508103381482,0.8168851292268525,0.9128842508203486,5,5.419114056755515e-06,0.01396165735581342,0.009676013273351334,0.24904641544117648,2785280,8.25,178257920,91914240,Qwen3-14B,model.layers.13.mlp.up_proj.weight,mxfp8,up_proj,13,bfloat16
5242880,1024,5120,18.568107075794963,0.013905585906637109,0.115234375,0.024664862838171767,4.147398509722481,3.0264801025390624,2.4424598693847654,3.8504439154117236,0.9626109788529309,1.197083613077739,5,0.08891029357910156,0.06005668640136719,0.02561531066894531,0.448028564453125,163840,4.25,10485760,2785280,Qwen3-14B,model.layers.13.self_attn.k_proj.weight,mxfp4,k_proj,13,bfloat16
5242880,1024,5120,30.300400813848203,0.0009331681739861366,0.052734375,0.024664862838171767,4.147398509722481,3.0264801025390624,2.4424598693847654,6.546864477687877,0.8183580597109846,1.197083613077739,5,5.14984130859375e-06,0.012279319763183593,0.008583831787109374,0.21322021484375,163840,8.25,10485760,5406720,Qwen3-14B,model.layers.13.self_attn.k_proj.weight,mxfp8,k_proj,13,bfloat16
26214400,5120,5120,18.678467272453595,0.01355667775030678,0.1171875,0.025011052728233688,3.7759680938172346,2.8504933166503905,2.376286926269531,3.859761226900237,0.9649403067250593,1.0907776939877212,6,0.08395828247070312,0.06270694732666016,0.02648395538330078,0.451168212890625,819200,4.25,52428800,13926400,Qwen3-14B,model.layers.13.self_attn.o_proj.weight,mxfp4,o_proj,13,bfloat16
26214400,5120,5120,30.363069714924013,0.0009197992021162955,0.0546875,0.025011052728233688,3.7759680938172346,2.8504933166503905,2.376286926269531,6.520161704002037,0.8150202130002546,1.0907776939877212,6,5.340576171875e-06,0.012540969848632812,0.008693275451660156,0.211982421875,819200,8.25,52428800,27033600,Qwen3-14B,model.layers.13.self_attn.o_proj.weight,mxfp8,o_proj,13,bfloat16
26214400,5120,5120,18.59082486334179,0.013833036206680905,0.111328125,0.023306439448960253,3.9517403782370555,2.9978744888305666,2.427342987060547,3.8534133447577283,0.9633533361894321,1.0324399191572422,5,0.08700862884521485,0.059997634887695314,0.025055999755859374,0.455751953125,819200,4.25,52428800,13926400,Qwen3-14B,model.layers.13.self_attn.q_proj.weight,mxfp4,q_proj,13,bfloat16
26214400,5120,5120,30.299536295460967,0.0009333539514665727,0.048828125,0.023306439448960253,3.9517403782370555,2.9978744888305666,2.427342987060547,6.5350838245617755,0.8168854780702219,1.0324399191572422,5,5.07354736328125e-06,0.011782951354980468,0.008151283264160156,0.205145263671875,819200,8.25,52428800,27033600,Qwen3-14B,model.layers.13.self_attn.q_proj.weight,mxfp8,q_proj,13,bfloat16
5242880,1024,5120,18.621284064403987,0.013736357765324858,0.03125,0.02770083609084782,3.7498096901368956,3.0328174591064454,2.441410446166992,3.8447985291679125,0.9611996322919781,1.071435493552714,3,0.09453392028808594,0.05917491912841797,0.02541484832763672,0.43427734375,163840,4.25,10485760,2785280,Qwen3-14B,model.layers.13.self_attn.v_proj.weight,mxfp4,v_proj,13,bfloat16
5242880,1024,5120,30.392250291726658,0.0009136397174627825,0.01513671875,0.02770083609084782,3.7498096901368956,3.0328174591064454,2.441410446166992,6.573070121902235,0.8216337652377794,1.071435493552714,3,5.7220458984375e-06,0.012240982055664063,0.008539772033691407,0.2067138671875,163840,8.25,10485760,5406720,Qwen3-14B,model.layers.13.self_attn.v_proj.weight,mxfp8,v_proj,13,bfloat16
89128960,5120,17408,18.538029090527996,0.014002226255849601,0.1484375,0.02439700282333005,3.7685327789698113,2.9700147740981158,2.419580302518957,3.8645898718538616,0.9661474679634654,0.9806559285502114,7,0.08644843381993911,0.06837422987994025,0.029799887713264018,0.5120612649356617,2785280,4.25,178257920,47349760,Qwen3-14B,model.layers.14.mlp.down_proj.weight,mxfp4,down_proj,14,bfloat16
89128960,5120,17408,30.152200497632407,0.0009655615211232785,0.056640625,0.02439700282333005,3.7685327789698113,2.9700147740981158,2.419580302518957,6.543092932785219,0.8178866165981524,0.9806559285502114,7,5.6659474092371326e-06,0.01429607166963465,0.009953599817612593,0.2524740780101103,2785280,8.25,178257920,91914240,Qwen3-14B,model.layers.14.mlp.down_proj.weight,mxfp8,down_proj,14,bfloat16
89128960,17408,5120,18.59648333506999,0.013815024724207097,0.12109375,0.025894433517040082,3.5537720002834665,2.9259401994593004,2.40140505398021,3.862184568316903,0.9655461420792257,1.02606125286557,6,0.08588015612433939,0.06618265264174518,0.028810680613798254,0.4756207634420956,2785280,4.25,178257920,47349760,Qwen3-14B,model.layers.14.mlp.gate_proj.weight,mxfp4,gate_proj,14,bfloat16
89128960,17408,5120,30.26228664360419,0.0009413938041488889,0.05078125,0.025894433517040082,3.5537720002834665,2.9259401994593004,2.40140505398021,6.53669150951016,0.81708643868877,1.02606125286557,6,5.273257984834559e-06,0.01387934965245864,0.009682285084443933,0.2371908748851103,2785280,8.25,178257920,91914240,Qwen3-14B,model.layers.14.mlp.gate_proj.weight,mxfp8,gate_proj,14,bfloat16
89128960,17408,5120,18.553820554667105,0.013951404947182573,0.123046875,0.024453889114006575,3.330295908646053,2.9417589748606963,2.409140541974236,3.8656947755721665,0.9664236938930416,0.9384386191650484,5,0.0858179765589097,0.06847840477438534,0.029598314621869255,0.51551513671875,2785280,4.25,178257920,47349760,Qwen3-14B,model.layers.14.mlp.up_proj.weight,mxfp4,up_proj,14,bfloat16
89128960,17408,5120,30.16867955687558,0.0009619046945722084,0.060546875,0.024453889114006575,3.330295908646053,2.9417589748606963,2.409140541974236,6.538989639490151,0.8173737049362689,0.9384386191650484,5,4.880568560431985e-06,0.014110228594611673,0.009789276123046874,0.24977273380055148,2785280,8.25,178257920,91914240,Qwen3-14B,model.layers.14.mlp.up_proj.weight,mxfp8,up_proj,14,bfloat16
5242880,1024,5120,18.541981813901273,0.01398948795269554,0.0625,0.024300718417482714,4.556909656204962,3.0138677597045898,2.4327957153320314,3.8545327837875365,0.9636331959468841,1.2746819355999979,5,0.08825035095214843,0.06185169219970703,0.026377105712890626,0.462701416015625,163840,4.25,10485760,2785280,Qwen3-14B,model.layers.14.self_attn.k_proj.weight,mxfp4,k_proj,14,bfloat16
5242880,1024,5120,30.283917797844033,0.0009367166077182488,0.0302734375,0.024300718417482714,4.556909656204962,3.0138677597045898,2.4327957153320314,6.543743370724821,0.8179679213406026,1.2746819355999979,5,5.53131103515625e-06,0.012508773803710937,0.008710289001464843,0.21676025390625,163840,8.25,10485760,5406720,Qwen3-14B,model.layers.14.self_attn.k_proj.weight,mxfp8,k_proj,14,bfloat16
26214400,5120,5120,18.657891935076066,0.013621056879738488,0.125,0.02456181031877424,4.939057000430091,2.851754035949707,2.376455307006836,3.86029843818277,0.9650746095456925,1.0898035987756278,7,0.08420036315917968,0.06336807250976563,0.027003517150878908,0.450806884765625,819200,4.25,52428800,13926400,Qwen3-14B,model.layers.14.self_attn.o_proj.weight,mxfp4,o_proj,14,bfloat16
26214400,5120,5120,30.32639163258501,0.0009276002067007828,0.05859375,0.02456181031877424,4.939057000430091,2.851754035949707,2.376455307006836,6.522772450369981,0.8153465562962476,1.0898035987756278,7,5.30242919921875e-06,0.012845840454101563,0.008924827575683594,0.216396484375,819200,8.25,52428800,27033600,Qwen3-14B,model.layers.14.self_attn.o_proj.weight,mxfp8,o_proj,14,bfloat16
26214400,5120,5120,18.586862648684495,0.013845662309696182,0.068359375,0.02294042642054308,4.0200177512196245,2.9974104309082032,2.425884819030762,3.853558512563165,0.9633896281407912,1.0943799405730181,5,0.08726497650146485,0.06027328491210938,0.025320701599121094,0.45598388671875,819200,4.25,52428800,13926400,Qwen3-14B,model.layers.14.self_attn.q_proj.weight,mxfp4,q_proj,14,bfloat16
26214400,5120,5120,30.298471904111544,0.0009335827307082262,0.0302734375,0.02294042642054308,4.0200177512196245,2.9974104309082032,2.425884819030762,6.537177503655736,0.817147187956967,1.0943799405730181,5,4.99725341796875e-06,0.011954116821289062,0.0082879638671875,0.20778564453125,819200,8.25,52428800,27033600,Qwen3-14B,model.layers.14.self_attn.q_proj.weight,mxfp8,q_proj,14,bfloat16
5242880,1024,5120,18.690337075702068,0.013519676267648531,0.0380859375,0.028188399871980876,3.519738367541442,2.9782066345214844,2.4221847534179686,3.8386580247957194,0.9596645061989298,1.0394610985430957,3,0.09389591217041016,0.05492610931396484,0.023448753356933593,0.3802490234375,163840,4.25,10485760,2785280,Qwen3-14B,model.layers.14.self_attn.v_proj.weight,mxfp4,v_proj,14,bfloat16
5242880,1024,5120,30.522579109232908,0.0008866293203363511,0.01513671875,0.028188399871980876,3.519738367541442,2.9782066345214844,2.4221847534179686,6.562586859740387,0.8203233574675484,1.0394610985430957,3,5.340576171875e-06,0.011362838745117187,0.007999229431152343,0.1835205078125,163840,8.25,10485760,5406720,Qwen3-14B,model.layers.14.self_attn.v_proj.weight,mxfp8,v_proj,14,bfloat16
89128960,17408,5120,18.584566287456074,0.013852985232443755,0.111328125,0.02535926826640271,3.468711756526032,2.931271631577436,2.4041851268095127,3.8629424152368528,0.9657356038092132,1.0047826435405054,6,0.08575487697825712,0.06654751721550436,0.02885265350341797,0.48562478458180147,2785280,4.25,178257920,47349760,Qwen3-14B,model.layers.15.mlp.gate_proj.weight,mxfp4,gate_proj,15,bfloat16
89128960,17408,5120,30.23902476539783,0.0009464496685189733,0.048828125,0.02535926826640271,3.468711756526032,2.931271631577436,2.4041851268095127,6.536305980566361,0.8170382475707951,1.0047826435405054,6,5.183500402113971e-06,0.013837006512810203,0.009639627793255974,0.2389547909007353,2785280,8.25,178257920,91914240,Qwen3-14B,model.layers.15.mlp.gate_proj.weight,mxfp8,gate_proj,15,bfloat16
5242880,1024,5120,18.540674670271414,0.013993699155694867,0.0625,0.024715922568904505,4.524337328321844,3.040573310852051,2.4420759201049806,3.8501602509124746,0.9625400627281187,1.2666964573088684,5,0.08921356201171875,0.05985260009765625,0.025626564025878908,0.443878173828125,163840,4.25,10485760,2785280,Qwen3-14B,model.layers.15.self_attn.k_proj.weight,mxfp4,k_proj,15,bfloat16
5242880,1024,5120,30.283264583134752,0.0009368575082155097,0.029296875,0.024715922568904505,4.524337328321844,3.040573310852051,2.4420759201049806,6.54744711736087,0.8184308896701088,1.2666964573088684,5,3.814697265625e-06,0.012323379516601562,0.008589744567871094,0.2106201171875,163840,8.25,10485760,5406720,Qwen3-14B,model.layers.15.self_attn.k_proj.weight,mxfp8,k_proj,15,bfloat16
26214400,5120,5120,18.64345384039468,0.013666415358990732,0.18359375,0.024627550921255334,3.53371211290438,2.842690124511719,2.3731452941894533,3.8646871894948363,0.9661717973737091,1.0426288466002431,6,0.08335010528564453,0.0659939193725586,0.028066139221191406,0.477076416015625,819200,4.25,52428800,13926400,Qwen3-14B,model.layers.15.self_attn.o_proj.weight,mxfp4,o_proj,15,bfloat16
26214400,5120,5120,30.288267459247088,0.0009357789120821744,0.05859375,0.024627550921255334,3.53371211290438,2.842690124511719,2.3731452941894533,6.520534628614027,0.8150668285767534,1.0426288466002431,6,5.2642822265625e-06,0.013304710388183594,0.009226455688476562,0.22812255859375,819200,8.25,52428800,27033600,Qwen3-14B,model.layers.15.self_attn.o_proj.weight,mxfp8,o_proj,15,bfloat16
26214400,5120,5120,18.591702619558255,0.013830240682654395,0.0615234375,0.02383247242025102,3.949816630675818,2.969826507568359,2.4179972076416014,3.8549662818641903,0.9637415704660476,1.083033891375945,5,0.08701091766357422,0.06125347137451172,0.025990753173828124,0.455677490234375,819200,4.25,52428800,13926400,Qwen3-14B,model.layers.15.self_attn.q_proj.weight,mxfp4,q_proj,15,bfloat16
26214400,5120,5120,30.28493723613127,0.0009364967539678711,0.0302734375,0.02383247242025102,3.949816630675818,2.969826507568359,2.4179972076416014,6.5368271390063235,0.8171033923757904,1.083033891375945,5,5.91278076171875e-06,0.012347831726074218,0.008585700988769531,0.212786865234375,819200,8.25,52428800,27033600,Qwen3-14B,model.layers.15.self_attn.q_proj.weight,mxfp8,q_proj,15,bfloat16
5242880,1024,5120,18.632888559174436,0.013699702748442327,0.03125,0.027685176167369385,3.32448549240967,2.9428030014038087,2.4102499008178713,3.8501803875180993,0.9625450968795248,1.0183979600694824,3,0.09124412536621093,0.0614013671875,0.027135086059570313,0.419219970703125,163840,4.25,10485760,2785280,Qwen3-14B,model.layers.15.self_attn.v_proj.weight,mxfp4,v_proj,15,bfloat16
5242880,1024,5120,30.386258084896518,0.0009149011879650573,0.01513671875,0.027685176167369385,3.32448549240967,2.9428030014038087,2.4102499008178713,6.559222964578465,0.8199028705723082,1.0183979600694824,3,6.29425048828125e-06,0.013358116149902344,0.009387779235839843,0.217742919921875,163840,8.25,10485760,5406720,Qwen3-14B,model.layers.15.self_attn.v_proj.weight,mxfp8,v_proj,15,bfloat16
89128960,5120,17408,18.509709355359753,0.014093831159780922,0.234375,0.024555442296551926,4.667998969211569,2.9756944992963006,2.417241668701172,3.8660574870216258,0.9665143717554064,0.9670229151436031,7,0.0862194958855124,0.06900988186106963,0.029860608717974496,0.5224957634420956,2785280,4.25,178257920,47349760,Qwen3-14B,model.layers.9.mlp.down_proj.weight,mxfp4,down_proj,9,bfloat16
89128960,5120,17408,30.140457395817833,0.0009681758833053409,0.0859375,0.024555442296551926,4.667998969211569,2.9756944992963006,2.417241668701172,6.541790382869671,0.8177237978587089,0.9670229151436031,7,5.172280704273897e-06,0.014231345232795267,0.009880638122558594,0.2530959185431985,2785280,8.25,178257920,91914240,Qwen3-14B,model.layers.9.mlp.down_proj.weight,mxfp8,down_proj,9,bfloat16
89128960,17408,5120,18.55890858677451,0.013935069572522999,0.11328125,0.024387236442587945,3.2181382477630196,2.9141072329352884,2.397960932114545,3.8686921676306087,0.9671730419076522,0.9229218550018068,6,0.08466340233297909,0.07003539590274586,0.03021963904885685,0.525631534352022,2785280,4.25,178257920,47349760,Qwen3-14B,model.layers.9.mlp.up_proj.weight,mxfp4,up_proj,9,bfloat16
89128960,17408,5120,30.155809010850575,0.0009647595780764191,0.05078125,0.024387236442587945,3.2181382477630196,2.9141072329352884,2.397960932114545,6.533621629913732,0.8167027037392165,0.9229218550018068,6,5.306917078354779e-06,0.014374441259047565,0.009948225582347196,0.2544214585248162,2785280,8.25,178257920,91914240,Qwen3-14B,model.layers.9.mlp.up_proj.weight,mxfp8,up_proj,9,bfloat16
89128960,5120,17408,18.53384177710265,0.01401573321640851,0.14453125,0.024513060964593054,3.659953234057336,2.983652945125804,2.426199161305147,3.8627970068896156,0.9656992517224039,0.9939778689708867,7,0.08719181733972886,0.06772858114803539,0.029638929928050322,0.5055936925551471,2785280,4.25,178257920,47349760,Qwen3-14B,model.layers.15.mlp.down_proj.weight,mxfp4,down_proj,15,bfloat16
89128960,5120,17408,30.158266745595856,0.0009642137612551356,0.0625,0.024513060964593054,3.659953234057336,2.983652945125804,2.426199161305147,6.546834380981276,0.8183542976226595,0.9939778689708867,7,5.1049625172334555e-06,0.014279724569881663,0.009953790552475873,0.2513039981617647,2785280,8.25,178257920,91914240,Qwen3-14B,model.layers.15.mlp.down_proj.weight,mxfp8,down_proj,15,bfloat16
89128960,17408,5120,18.55456614456981,0.013949009997617263,0.08984375,0.02478851224509896,3.314479638121235,2.9457185408648323,2.411323210772346,3.8645947859202265,0.9661486964800566,0.9615711149342481,5,0.08625848433550666,0.06813041462617762,0.029600973690257354,0.5071436264935661,2785280,4.25,178257920,47349760,Qwen3-14B,model.layers.15.mlp.up_proj.weight,mxfp4,up_proj,15,bfloat16
89128960,17408,5120,30.18086324674952,0.0009592099504904915,0.0302734375,0.02478851224509896,3.314479638121235,2.9457185408648323,2.411323210772346,6.541473262435742,0.8176841578044678,0.9615711149342481,5,5.127401912913603e-06,0.014200648139504826,0.009872907750746783,0.24933148552389706,2785280,8.25,178257920,91914240,Qwen3-14B,model.layers.15.mlp.up_proj.weight,mxfp8,up_proj,15,bfloat16
89128960,5120,17408,18.52046785732044,0.0140589606141916,0.21875,0.024593569384156237,3.712176568991924,3.017272679946002,2.4383087158203125,3.8602178611468707,0.9650544652867177,1.0010590366251841,7,0.08819954816032859,0.06669649236342486,0.02921894297880285,0.500314510569853,2785280,4.25,178257920,47349760,Qwen3-14B,model.layers.16.mlp.down_proj.weight,mxfp4,down_proj,16,bfloat16
89128960,5120,17408,30.159372628352532,0.0009639682661667582,0.09375,0.024593569384156237,3.712176568991924,3.017272679946002,2.4383087158203125,6.551730583803106,0.8189663229753883,1.0010590366251841,7,5.520091337316176e-06,0.014114828670726103,0.00985559575697955,0.24862311868106618,2785280,8.25,178257920,91914240,Qwen3-14B,model.layers.16.mlp.down_proj.weight,mxfp8,down_proj,16,bfloat16
89128960,17408,5120,18.58681517116541,0.01384581367272683,0.115234375,0.02461301554493158,3.574295601256875,2.9450580933514763,2.4088111204259537,3.861293923666252,0.965323480916563,0.9839850507108892,6,0.08573487225700827,0.06493480906767003,0.027728967105641083,0.48500294404871325,2785280,4.25,178257920,47349760,Qwen3-14B,model.layers.16.mlp.gate_proj.weight,mxfp4,gate_proj,16,bfloat16
89128960,17408,5120,30.250774403822035,0.0009438925529007051,0.052734375,0.02461301554493158,3.574295601256875,2.9450580933514763,2.4088111204259537,6.534148206435564,0.8167685258044455,0.9839850507108892,6,5.239598891314338e-06,0.013156845990349265,0.009133395026711857,0.22988999310661765,2785280,8.25,178257920,91914240,Qwen3-14B,model.layers.16.mlp.gate_proj.weight,mxfp8,gate_proj,16,bfloat16
89128960,17408,5120,18.55712988048965,0.013940778019979918,0.109375,0.024913731669374037,3.3987134977926408,2.9629313300637636,2.4170414195341223,3.862140658574084,0.965535164643521,0.9814044592211515,5,0.08696004082174862,0.06672898460836972,0.02896449145148782,0.49653212603400737,2785280,4.25,178257920,47349760,Qwen3-14B,model.layers.16.mlp.up_proj.weight,mxfp4,up_proj,16,bfloat16
89128960,17408,5120,30.204224181782493,0.0009540641604449625,0.03515625,0.024913731669374037,3.3987134977926408,2.9629313300637636,2.4170414195341223,6.543977157886742,0.8179971447358427,0.9814044592211515,5,5.183500402113971e-06,0.013890513251809513,0.009670021954704733,0.2432613597196691,2785280,8.25,178257920,91914240,Qwen3-14B,model.layers.16.mlp.up_proj.weight,mxfp8,up_proj,16,bfloat16
5242880,1024,5120,18.566535669431197,0.013910618270805284,0.1015625,0.024781727865597736,4.755594304619793,3.031157302856445,2.438567352294922,3.8485336387163427,0.9621334096790857,1.1808966618474932,5,0.08952827453613281,0.058887481689453125,0.025168418884277344,0.436370849609375,163840,4.25,10485760,2785280,Qwen3-14B,model.layers.16.self_attn.k_proj.weight,mxfp4,k_proj,16,bfloat16
5242880,1024,5120,30.323167536424386,0.000928289090111801,0.0390625,0.024781727865597736,4.755594304619793,3.031157302856445,2.438567352294922,6.547559376575029,0.8184449220718786,1.1808966618474932,5,4.57763671875e-06,0.012070655822753906,0.008426475524902343,0.20633544921875,163840,8.25,10485760,5406720,Qwen3-14B,model.layers.16.self_attn.k_proj.weight,mxfp8,k_proj,16,bfloat16
26214400,5120,5120,18.656439453429055,0.013625613153124994,0.1484375,0.02456124591022203,4.087859804371715,2.8513019561767576,2.3767776489257812,3.8617522080886517,0.9654380520221629,1.0735215831297265,7,0.08377098083496094,0.06400409698486328,0.027115516662597657,0.463330078125,819200,4.25,52428800,13926400,Qwen3-14B,model.layers.16.self_attn.o_proj.weight,mxfp4,o_proj,16,bfloat16
26214400,5120,5120,30.324699029399426,0.0009279617966183371,0.046875,0.02456124591022203,4.087859804371715,2.8513019561767576,2.3767776489257812,6.520719092522167,0.8150898865652709,1.0735215831297265,7,5.340576171875e-06,0.012846450805664062,0.008903465270996093,0.21895751953125,819200,8.25,52428800,27033600,Qwen3-14B,model.layers.16.self_attn.o_proj.weight,mxfp8,o_proj,16,bfloat16
26214400,5120,5120,18.608346689176493,0.013777338570399748,0.0615234375,0.02348609535593646,3.979803147140582,2.966253662109375,2.4165370941162108,3.8544200947690506,0.9636050236922626,1.0673884957139337,5,0.0866485595703125,0.060460662841796874,0.025402908325195313,0.45369384765625,819200,4.25,52428800,13926400,Qwen3-14B,model.layers.16.self_attn.q_proj.weight,mxfp4,q_proj,16,bfloat16
26214400,5120,5120,30.3106869293104,0.0009309606125537214,0.0302734375,0.02348609535593646,3.979803147140582,2.966253662109375,2.4165370941162108,6.533750488697412,0.8167188110871765,1.0673884957139337,5,5.98907470703125e-06,0.011993675231933594,0.008306427001953125,0.20716552734375,819200,8.25,52428800,27033600,Qwen3-14B,model.layers.16.self_attn.q_proj.weight,mxfp8,q_proj,16,bfloat16
5242880,1024,5120,18.583915031035374,0.013855062744923005,0.03125,0.027483543611674478,3.434866792249287,3.065397262573242,2.456673431396484,3.8407619945140667,0.9601904986285167,1.0171746298983582,3,0.09555816650390625,0.05959739685058594,0.02668342590332031,0.41309814453125,163840,4.25,10485760,2785280,Qwen3-14B,model.layers.16.self_attn.v_proj.weight,mxfp4,v_proj,16,bfloat16
5242880,1024,5120,30.351746308095123,0.0009222005336366989,0.01513671875,0.027483543611674478,3.434866792249287,3.065397262573242,2.456673431396484,6.580195698623331,0.8225244623279164,1.0171746298983582,3,7.43865966796875e-06,0.013235092163085938,0.009361457824707032,0.21790771484375,163840,8.25,10485760,5406720,Qwen3-14B,model.layers.16.self_attn.v_proj.weight,mxfp8,v_proj,16,bfloat16
89128960,5120,17408,18.514930491177047,0.014076897582536722,0.2109375,0.02445887279222987,3.880904640852495,3.0348026500028724,2.443620300292969,3.8591919523378397,0.9647979880844599,1.0008351129684838,7,0.08862803964053884,0.06612630731919232,0.028896275688620174,0.49973503561580884,2785280,4.25,178257920,47349760,Qwen3-14B,model.layers.17.mlp.down_proj.weight,mxfp4,down_proj,17,bfloat16
89128960,5120,17408,30.16465304769215,0.0009627969265162552,0.0859375,0.02445887279222987,3.880904640852495,3.0348026500028724,2.443620300292969,6.553318375375501,0.8191647969219377,1.0008351129684838,7,4.813250373391544e-06,0.013951997195973115,0.009734075209673712,0.24665886374080884,2785280,8.25,178257920,91914240,Qwen3-14B,model.layers.17.mlp.down_proj.weight,mxfp8,down_proj,17,bfloat16
89128960,17408,5120,18.584024348410225,0.013854713999984081,0.1171875,0.0243010422607199,3.6449869067590237,2.957889455907485,2.4130817188936122,3.860753193902308,0.965188298475577,0.9758907940865162,6,0.08579195807961856,0.0644442502190085,0.02737130557789522,0.48756211224724266,2785280,4.25,178257920,47349760,Qwen3-14B,model.layers.17.mlp.gate_proj.weight,mxfp4,gate_proj,17,bfloat16
89128960,17408,5120,30.25221265637724,0.0009435800158626802,0.0546875,0.0243010422607199,3.6449869067590237,2.957889455907485,2.4130817188936122,6.5339419526837625,0.8167427440854703,0.9758907940865162,6,5.273257984834559e-06,0.012949483534869025,0.008963697096880744,0.22755450080422795,2785280,8.25,178257920,91914240,Qwen3-14B,model.layers.17.mlp.gate_proj.weight,mxfp8,gate_proj,17,bfloat16
89128960,17408,5120,18.556183520289846,0.013943816150914822,0.099609375,0.024846150289887507,3.419755726245987,2.964330089793486,2.4182950636919807,3.862044465107487,0.9655111162768717,0.9777663803369113,6,0.08702303942512063,0.0666449041927562,0.028890183392693013,0.49846119600183825,2785280,4.25,178257920,47349760,Qwen3-14B,model.layers.17.mlp.up_proj.weight,mxfp4,up_proj,17,bfloat16
89128960,17408,5120,30.201300621791937,0.0009547066283936911,0.037109375,0.024846150289887507,3.419755726245987,2.964330089793486,2.4182950636919807,6.544149434888254,0.8180186793610318,0.9777663803369113,6,5.273257984834559e-06,0.013833921095904181,0.009627039292279411,0.24289012235753676,2785280,8.25,178257920,91914240,Qwen3-14B,model.layers.17.mlp.up_proj.weight,mxfp8,up_proj,17,bfloat16
5242880,1024,5120,18.570919861856623,0.013896582620544124,0.0625,0.024268077215822935,4.8872182811076055,3.012307357788086,2.4327150344848634,3.84753683468161,0.9618842086704025,1.2841005906244864,5,0.08886146545410156,0.05798053741455078,0.02455596923828125,0.42437744140625,163840,4.25,10485760,2785280,Qwen3-14B,model.layers.17.self_attn.k_proj.weight,mxfp4,k_proj,17,bfloat16
5242880,1024,5120,30.35042567185837,0.000922481006146648,0.0302734375,0.024268077215822935,4.8872182811076055,3.012307357788086,2.4327150344848634,6.543563729117881,0.8179454661397352,1.2841005906244864,5,5.340576171875e-06,0.011757850646972656,0.008186721801757812,0.19808349609375,163840,8.25,10485760,5406720,Qwen3-14B,model.layers.17.self_attn.k_proj.weight,mxfp8,k_proj,17,bfloat16
26214400,5120,5120,18.682324413827207,0.013544642872759485,0.08203125,0.023980559875046707,3.992258840634248,2.855334815979004,2.37831974029541,3.858772382614108,0.964693095653527,1.0556511161967108,6,0.08380352020263672,0.06162990570068359,0.02570178985595703,0.4536572265625,819200,4.25,52428800,13926400,Qwen3-14B,model.layers.17.self_attn.o_proj.weight,mxfp4,o_proj,17,bfloat16
26214400,5120,5120,30.37190236442114,0.0009179304222073339,0.0302734375,0.023980559875046707,3.992258840634248,2.855334815979004,2.37831974029541,6.517726054602979,0.8147157568253723,1.0556511161967108,6,5.2642822265625e-06,0.012017021179199219,0.00830413818359375,0.2054248046875,819200,8.25,52428800,27033600,Qwen3-14B,model.layers.17.self_attn.o_proj.weight,mxfp8,o_proj,17,bfloat16
26214400,5120,5120,18.61203886517077,0.013765630675414545,0.0615234375,0.023682923626310245,4.390370803146057,2.975522575378418,2.421988868713379,3.8486177983261016,0.9621544495815254,1.1633172127066607,5,0.08812629699707031,0.05785804748535156,0.024400711059570312,0.425848388671875,819200,4.25,52428800,13926400,Qwen3-14B,model.layers.17.self_attn.q_proj.weight,mxfp4,q_proj,17,bfloat16
26214400,5120,5120,30.34942374627257,0.0009226938488105887,0.0302734375,0.023682923626310245,4.390370803146057,2.975522575378418,2.421988868713379,6.53830096847294,0.8172876210591175,1.1633172127066607,5,4.99725341796875e-06,0.011635513305664062,0.008105888366699218,0.197197265625,819200,8.25,52428800,27033600,Qwen3-14B,model.layers.17.self_attn.q_proj.weight,mxfp8,q_proj,17,bfloat16
5242880,1024,5120,18.619601836224867,0.013741679537763424,0.03125,0.02718423911522357,3.380198801801826,2.9752437591552736,2.422107696533203,3.848679320176697,0.9621698300441742,1.0305626777677788,3,0.09212512969970703,0.061178398132324216,0.027038764953613282,0.421942138671875,163840,4.25,10485760,2785280,Qwen3-14B,model.layers.17.self_attn.v_proj.weight,mxfp4,v_proj,17,bfloat16
5242880,1024,5120,30.372256120213695,0.0009178556549715758,0.01513671875,0.02718423911522357,3.380198801801826,2.9752437591552736,2.422107696533203,6.564420448545522,0.8205525560681902,1.0305626777677788,3,4.1961669921875e-06,0.013256454467773437,0.009322357177734376,0.21866455078125,163840,8.25,10485760,5406720,Qwen3-14B,model.layers.17.self_attn.v_proj.weight,mxfp8,v_proj,17,bfloat16
89128960,5120,17408,18.49240163956007,0.014150110653459873,0.1875,0.02441122689328903,4.107249126632585,3.07015084659352,2.4533431558048022,3.8579919417814135,0.9644979854453534,0.9946585658699408,7,0.08950244679170496,0.06585406135110294,0.028748366411994485,0.5026442583869485,2785280,4.25,178257920,47349760,Qwen3-14B,model.layers.18.mlp.down_proj.weight,mxfp4,down_proj,18,bfloat16
89128960,5120,17408,30.150733077429738,0.0009658878259559976,0.0625,0.02441122689328903,4.107249126632585,3.07015084659352,2.4533431558048022,6.557916432553313,0.8197395540691641,0.9946585658699408,7,5.228379193474265e-06,0.013875658371869255,0.009685022690716912,0.24687105066636028,2785280,8.25,178257920,91914240,Qwen3-14B,model.layers.18.mlp.down_proj.weight,mxfp8,down_proj,18,bfloat16
89128960,17408,5120,18.583007145282842,0.013857959426661548,0.115234375,0.02376064622445728,3.9060862355170967,2.981924068226534,2.419925734576057,3.858329184061575,0.9645822960153938,0.9684089124848759,7,0.08642456952263328,0.0628139944637523,0.026434730080997244,0.4829306209788603,2785280,4.25,178257920,47349760,Qwen3-14B,model.layers.18.mlp.gate_proj.weight,mxfp4,gate_proj,18,bfloat16
89128960,17408,5120,30.26293354269502,0.0009412535902000307,0.052734375,0.02376064622445728,3.9060862355170967,2.981924068226534,2.419925734576057,6.535097627515999,0.8168872034394998,0.9684089124848759,7,5.56497012867647e-06,0.012424446554744945,0.008589856764849494,0.21968994140625,2785280,8.25,178257920,91914240,Qwen3-14B,model.layers.18.mlp.gate_proj.weight,mxfp8,gate_proj,18,bfloat16
89128960,17408,5120,18.55480310746617,0.013948248922408162,0.109375,0.024817225181765615,3.4638679465201623,2.9850359972785503,2.4243799097397747,3.860168659593077,0.9650421648982692,0.9860630694341198,6,0.08785116532269646,0.06581611633300781,0.028506525825051702,0.49236916934742647,2785280,4.25,178257920,47349760,Qwen3-14B,model.layers.18.mlp.up_proj.weight,mxfp4,up_proj,18,bfloat16
89128960,17408,5120,30.210411682916774,0.0009527058494261939,0.046875,0.024817225181765615,3.4638679465201623,2.9850359972785503,2.4243799097397747,6.547851839171313,0.8184814798964142,0.9860630694341198,6,5.677167107077206e-06,0.013677698023178999,0.009520676556755515,0.2396990607766544,2785280,8.25,178257920,91914240,Qwen3-14B,model.layers.18.mlp.up_proj.weight,mxfp8,up_proj,18,bfloat16
5242880,1024,5120,18.60823787630316,0.013777683767182114,0.060546875,0.02433373875275482,4.838300334484135,2.9834556579589844,2.423748016357422,3.847675457472749,0.9619188643681873,1.379937297143137,5,0.0881612777709961,0.05730113983154297,0.024196052551269533,0.423443603515625,163840,4.25,10485760,2785280,Qwen3-14B,model.layers.18.self_attn.k_proj.weight,mxfp4,k_proj,18,bfloat16
5242880,1024,5120,30.36407017546804,0.0009195873373878069,0.029296875,0.02433373875275482,4.838300334484135,2.9834556579589844,2.423748016357422,6.537443441693074,0.8171804302116342,1.379937297143137,5,5.340576171875e-06,0.011516380310058593,0.008020591735839844,0.194427490234375,163840,8.25,10485760,5406720,Qwen3-14B,model.layers.18.self_attn.k_proj.weight,mxfp8,k_proj,18,bfloat16
26214400,5120,5120,18.676383497103963,0.013563183899988975,0.107421875,0.0236844247970732,3.895869588735956,2.858145904541016,2.37941764831543,3.858933673143657,0.9647334182859143,1.078220748079952,6,0.083846435546875,0.061828689575195314,0.025786476135253908,0.45348876953125,819200,4.25,52428800,13926400,Qwen3-14B,model.layers.18.self_attn.o_proj.weight,mxfp4,o_proj,18,bfloat16
26214400,5120,5120,30.35785264145911,0.0009209047983468357,0.044921875,0.0236844247970732,3.895869588735956,2.858145904541016,2.37941764831543,6.518457918588008,0.814807239823501,1.078220748079952,6,4.31060791015625e-06,0.01209136962890625,0.00837371826171875,0.20708984375,819200,8.25,52428800,27033600,Qwen3-14B,model.layers.18.self_attn.o_proj.weight,mxfp8,o_proj,18,bfloat16
26214400,5120,5120,18.60932047496615,0.013774249727900829,0.087890625,0.023389944467984217,4.484429763308338,2.9683420562744143,2.4197153854370117,3.8515374906078796,0.9628843726519699,1.215235845126005,5,0.08742034912109375,0.059270744323730466,0.024975967407226563,0.439940185546875,819200,4.25,52428800,13926400,Qwen3-14B,model.layers.18.self_attn.q_proj.weight,mxfp4,q_proj,18,bfloat16
26214400,5120,5120,30.34278213867919,0.0009241059917187901,0.0302734375,0.023389944467984217,4.484429763308338,2.9683420562744143,2.4197153854370117,6.536468169913405,0.8170585212391757,1.215235845126005,5,5.4931640625e-06,0.011851539611816406,0.00822490692138672,0.202874755859375,819200,8.25,52428800,27033600,Qwen3-14B,model.layers.18.self_attn.q_proj.weight,mxfp8,q_proj,18,bfloat16
5242880,1024,5120,18.576372801148825,0.013879145219872022,0.0556640625,0.026678142314361015,3.3723713655273286,3.0172292709350588,2.4391876220703126,3.8469433719178947,0.9617358429794737,1.022195985068375,4,0.09346923828125,0.06157894134521484,0.02743949890136719,0.431787109375,163840,4.25,10485760,2785280,Qwen3-14B,model.layers.18.self_attn.v_proj.weight,mxfp4,v_proj,18,bfloat16
5242880,1024,5120,30.31563157300072,0.0009299012739741147,0.0244140625,0.026678142314361015,3.3723713655273286,3.0172292709350588,2.4391876220703126,6.572694678700836,0.8215868348376045,1.022195985068375,4,6.103515625e-06,0.013534355163574218,0.009552574157714844,0.22559814453125,163840,8.25,10485760,5406720,Qwen3-14B,model.layers.18.self_attn.v_proj.weight,mxfp8,v_proj,18,bfloat16
89128960,5120,17408,18.48931542120592,0.014160169692519643,0.265625,0.02422055150883373,6.167972903135137,3.076580451516544,2.45519193761489,3.857947066209726,0.9644867665524315,0.9833409230026586,7,0.08960205526912914,0.06564893161549287,0.028545345979578356,0.5057459214154412,2785280,4.25,178257920,47349760,Qwen3-14B,model.layers.19.mlp.down_proj.weight,mxfp4,down_proj,19,bfloat16
89128960,5120,17408,30.14989812327268,0.000966073540861062,0.109375,0.02422055150883373,6.167972903135137,3.076580451516544,2.45519193761489,6.557909788093546,0.8197387235116933,0.9833409230026586,7,5.609848920036765e-06,0.013721701678107767,0.00957183837890625,0.24560080135569853,2785280,8.25,178257920,91914240,Qwen3-14B,model.layers.19.mlp.down_proj.weight,mxfp8,down_proj,19,bfloat16
89128960,17408,5120,18.57886535431718,0.013871181825610321,0.123046875,0.023450479700011913,4.151981465882166,2.9938082751105815,2.4242018082562615,3.857230802085525,0.9643077005213813,0.948191979685871,6,0.08659336987663718,0.06205914441276999,0.02593387154971852,0.4822735954733456,2785280,4.25,178257920,47349760,Qwen3-14B,model.layers.19.mlp.gate_proj.weight,mxfp4,gate_proj,19,bfloat16
89128960,17408,5120,30.269756297909545,0.0009397760441291554,0.060546875,0.023450479700011913,4.151981465882166,2.9938082751105815,2.4242018082562615,6.535001164422618,0.8168751455528273,0.948191979685871,6,5.295697380514706e-06,0.012130950478946462,0.008361154444077435,0.21552411247702205,2785280,8.25,178257920,91914240,Qwen3-14B,model.layers.19.mlp.gate_proj.weight,mxfp8,gate_proj,19,bfloat16
89128960,17408,5120,18.550882468768823,0.013960846534948298,0.234375,0.02450669397829152,5.296163777040431,2.9843764361213236,2.4245877434225642,3.860660580509216,0.965165145127304,0.9632002966956659,7,0.08764347749597887,0.06582080616670496,0.028389437058392693,0.4985893698299632,2785280,4.25,178257920,47349760,Qwen3-14B,model.layers.19.mlp.up_proj.weight,mxfp4,up_proj,19,bfloat16
89128960,17408,5120,30.20302116129797,0.0009543284782659191,0.109375,0.02450669397829152,5.296163777040431,2.9843764361213236,2.4245877434225642,6.546436619223698,0.8183045774029623,0.9632002966956659,7,5.228379193474265e-06,0.013564670787138097,0.009430526284610524,0.23938239602481617,2785280,8.25,178257920,91914240,Qwen3-14B,model.layers.19.mlp.up_proj.weight,mxfp8,up_proj,19,bfloat16
5242880,1024,5120,18.575117179783398,0.013883158503820898,0.0625,0.024185610024284203,4.862108909968362,3.0546798706054688,2.450053405761719,3.8438180293943973,0.9609545073485993,1.202307663309855,5,0.08984737396240235,0.05591087341308594,0.023427581787109374,0.4281982421875,163840,4.25,10485760,2785280,Qwen3-14B,model.layers.19.self_attn.k_proj.weight,mxfp4,k_proj,19,bfloat16
5242880,1024,5120,30.356965592277078,0.0009210929129356113,0.0302734375,0.024185610024284203,4.862108909968362,3.0546798706054688,2.450053405761719,6.545305989720124,0.8181632487150154,1.202307663309855,5,5.14984130859375e-06,0.011063575744628906,0.007705116271972656,0.191888427734375,163840,8.25,10485760,5406720,Qwen3-14B,model.layers.19.self_attn.k_proj.weight,mxfp8,k_proj,19,bfloat16
26214400,5120,5120,18.664245788622917,0.013601143451122589,0.15625,0.02359644499443656,4.118342839320831,2.8619489288330078,2.380941390991211,3.8598399804987125,0.9649599951246781,1.0614709166414096,6,0.0839093017578125,0.06260215759277343,0.02617778778076172,0.4604638671875,819200,4.25,52428800,13926400,Qwen3-14B,model.layers.19.self_attn.o_proj.weight,mxfp4,o_proj,19,bfloat16
26214400,5120,5120,30.338761924094282,0.0009249618221717218,0.05859375,0.02359644499443656,4.118342839320831,2.8619489288330078,2.380941390991211,6.519576531863072,0.814947066482884,1.0614709166414096,6,5.79833984375e-06,0.012297248840332032,0.008502082824707031,0.210745849609375,819200,8.25,52428800,27033600,Qwen3-14B,model.layers.19.self_attn.o_proj.weight,mxfp8,o_proj,19,bfloat16
26214400,5120,5120,18.60604100236024,0.013784654956660727,0.0615234375,0.02342913518091185,4.6433531360301945,2.970266036987305,2.4195515441894533,3.8532561170810453,0.9633140292702613,1.2353149248440185,5,0.08726367950439454,0.06016304016113281,0.025302886962890625,0.452105712890625,819200,4.25,52428800,13926400,Qwen3-14B,model.layers.19.self_attn.q_proj.weight,mxfp4,q_proj,19,bfloat16
26214400,5120,5120,30.32078214427097,0.0009287990992954804,0.0302734375,0.02342913518091185,4.6433531360301945,2.970266036987305,2.4195515441894533,6.536828993192903,0.8171036241491129,1.2353149248440185,5,4.46319580078125e-06,0.01195098876953125,0.008276138305664062,0.206380615234375,819200,8.25,52428800,27033600,Qwen3-14B,model.layers.19.self_attn.q_proj.weight,mxfp8,q_proj,19,bfloat16
5242880,1024,5120,18.582067125636108,0.013860959272290179,0.060546875,0.026637695968118307,3.4542076853967068,3.0201515197753905,2.4365867614746093,3.8494160182588013,0.9623540045647003,1.0358404406992763,4,0.09323501586914062,0.06241168975830078,0.02763519287109375,0.4407470703125,163840,4.25,10485760,2785280,Qwen3-14B,model.layers.19.self_attn.v_proj.weight,mxfp4,v_proj,19,bfloat16
5242880,1024,5120,30.316981589189606,0.0009296122565614978,0.0283203125,0.026637695968118307,3.4542076853967068,3.0201515197753905,2.4365867614746093,6.570573561526877,0.8213216951908596,1.0358404406992763,4,4.00543212890625e-06,0.01352691650390625,0.009491157531738282,0.22586669921875,163840,8.25,10485760,5406720,Qwen3-14B,model.layers.19.self_attn.v_proj.weight,mxfp8,v_proj,19,bfloat16
89128960,5120,17408,18.472791075218147,0.014214149944253535,0.22265625,0.024463894420245727,4.678084142846999,3.108483303294462,2.465477169261259,3.8557378558600335,0.9639344639650084,0.9999636416092931,6,0.09072015425738167,0.06515084434958066,0.028458359662224264,0.5016504624310661,2785280,4.25,178257920,47349760,Qwen3-14B,model.layers.20.mlp.down_proj.weight,mxfp4,down_proj,20,bfloat16
89128960,5120,17408,30.149255563908085,0.0009662164866158143,0.09765625,0.024463894420245727,4.678084142846999,3.108483303294462,2.465477169261259,6.5637829975689765,0.8204728746961221,0.9999636416092931,6,5.834242876838235e-06,0.013727838852826286,0.009584382001091452,0.2451171875,2785280,8.25,178257920,91914240,Qwen3-14B,model.layers.20.mlp.down_proj.weight,mxfp8,down_proj,20,bfloat16
89128960,17408,5120,18.56918491261959,0.01390213523123752,0.1640625,0.023533437059481764,4.21597019809682,3.0141516292796418,2.4294024299172796,3.8557972444399446,0.9639493111099862,0.9944076251968511,6,0.08725363787482766,0.06156702602610869,0.02580113130457261,0.47542365579044116,2785280,4.25,178257920,47349760,Qwen3-14B,model.layers.20.mlp.gate_proj.weight,mxfp4,gate_proj,20,bfloat16
89128960,17408,5120,30.273254829501237,0.0009390192967178128,0.060546875,0.023533437059481764,4.21597019809682,3.0141516292796418,2.4294024299172796,6.538139867725002,0.8172674834656253,0.9944076251968511,6,5.183500402113971e-06,0.012123500599580653,0.008381181604721967,0.21418923770680148,2785280,8.25,178257920,91914240,Qwen3-14B,model.layers.20.mlp.gate_proj.weight,mxfp8,gate_proj,20,bfloat16
89128960,17408,5120,18.55149474900708,0.013958878435359087,0.11328125,0.024829216605506906,3.471062201281119,2.9990089192109948,2.427866139131434,3.85896620942306,0.964741552355765,0.9915837595259913,5,0.0882705015294692,0.0652743844424977,0.02830028533935547,0.48751687442555147,2785280,4.25,178257920,47349760,Qwen3-14B,model.layers.20.mlp.up_proj.weight,mxfp4,up_proj,20,bfloat16
89128960,17408,5120,30.21551664157011,0.0009515866395690656,0.05078125,0.024829216605506906,3.471062201281119,2.9990089192109948,2.427866139131434,6.549722690646059,0.8187153363307573,0.9915837595259913,5,5.553750430836397e-06,0.013595861547133502,0.009483393500832951,0.23774988511029413,2785280,8.25,178257920,91914240,Qwen3-14B,model.layers.20.mlp.up_proj.weight,mxfp8,up_proj,20,bfloat16
5242880,1024,5120,18.600474674945175,0.01380233399683833,0.099609375,0.023059108081841282,5.495011000490413,3.0262502670288085,2.442327880859375,3.8445965957845276,0.9611491489461319,1.2376410967849212,5,0.08910884857177734,0.056108856201171876,0.023324203491210938,0.426470947265625,163840,4.25,10485760,2785280,Qwen3-14B,model.layers.20.self_attn.k_proj.weight,mxfp4,k_proj,20,bfloat16
5242880,1024,5120,30.360838332088292,0.0009202719116694411,0.037109375,0.023059108081841282,5.495011000490413,3.0262502670288085,2.442327880859375,6.541450331389699,0.8176812914237124,1.2376410967849212,5,5.340576171875e-06,0.011087799072265625,0.007747268676757813,0.19156494140625,163840,8.25,10485760,5406720,Qwen3-14B,model.layers.20.self_attn.k_proj.weight,mxfp8,k_proj,20,bfloat16
26214400,5120,5120,18.692552397420744,0.013512781684317743,0.125,0.023992832584459892,4.6480252217570825,2.858070945739746,2.379186706542969,3.8580072946316597,0.9645018236579149,1.0786128199058787,6,0.083756103515625,0.06103694915771484,0.025282554626464844,0.451527099609375,819200,4.25,52428800,13926400,Qwen3-14B,model.layers.20.self_attn.o_proj.weight,mxfp4,o_proj,20,bfloat16
26214400,5120,5120,30.39404876275807,0.0009132614454712246,0.044921875,0.023992832584459892,4.6480252217570825,2.858070945739746,2.379186706542969,6.516593320919296,0.814574165114912,1.0786128199058787,6,4.84466552734375e-06,0.01179840087890625,0.008131599426269532,0.20214111328125,819200,8.25,52428800,27033600,Qwen3-14B,model.layers.20.self_attn.o_proj.weight,mxfp8,o_proj,20,bfloat16
26214400,5120,5120,18.596819524623214,0.013813955337552954,0.072265625,0.0227342590348737,4.995049885918926,3.0061926651000976,2.4258174514770507,3.8507434300964976,0.9626858575241244,1.198038146081527,5,0.0879779052734375,0.05861534118652344,0.024485130310058594,0.444014892578125,819200,4.25,52428800,13926400,Qwen3-14B,model.layers.20.self_attn.q_proj.weight,mxfp4,q_proj,20,bfloat16
26214400,5120,5120,30.32887804511383,0.0009270692912111066,0.0302734375,0.0227342590348737,4.995049885918926,3.0061926651000976,2.4258174514770507,6.53774957632972,0.817218697041215,1.198038146081527,5,5.45501708984375e-06,0.011513328552246094,0.007993278503417968,0.199312744140625,819200,8.25,52428800,27033600,Qwen3-14B,model.layers.20.self_attn.q_proj.weight,mxfp8,q_proj,20,bfloat16
5242880,1024,5120,18.597633553051928,0.01381136633423096,0.033203125,0.026577067412729995,3.708302517481573,3.078879737854004,2.4607847213745115,3.8415790183346683,0.9603947545836671,1.0529326996660728,3,0.09587345123291016,0.058327674865722656,0.025161552429199218,0.43671875,163840,4.25,10485760,2785280,Qwen3-14B,model.layers.20.self_attn.v_proj.weight,mxfp4,v_proj,20,bfloat16
5242880,1024,5120,30.37839119464271,0.000916559958742258,0.01513671875,0.026577067412729995,3.708302517481573,3.078879737854004,2.4607847213745115,6.578790425363824,0.822348803170478,1.0529326996660728,3,8.392333984375e-06,0.012183380126953126,0.008504676818847656,0.208203125,163840,8.25,10485760,5406720,Qwen3-14B,model.layers.20.self_attn.v_proj.weight,mxfp8,v_proj,20,bfloat16
89128960,17408,5120,18.57801618591604,0.013873894298694687,0.125,0.023760855403429985,4.0935520649402015,2.9806988323436063,2.4204797856947957,3.858200829679732,0.964550207419933,0.9667132135391757,6,0.08632002437815947,0.0626621919519761,0.02629240821389591,0.4829080020680147,2785280,4.25,178257920,47349760,Qwen3-14B,model.layers.21.mlp.gate_proj.weight,mxfp4,gate_proj,21,bfloat16
89128960,17408,5120,30.26445926146469,0.0009409229767331167,0.060546875,0.023760855403429985,4.0935520649402015,2.9806988323436063,2.4204797856947957,6.534300392115977,0.8167875490144971,0.9667132135391757,6,5.6435080135569856e-06,0.01233064988080193,0.00851881363812615,0.21847246955422794,2785280,8.25,178257920,91914240,Qwen3-14B,model.layers.21.mlp.gate_proj.weight,mxfp8,gate_proj,21,bfloat16
5242880,1024,5120,18.454544616722288,0.014273994935406355,0.11328125,0.02297105156467429,8.73094846688731,3.1405515670776367,2.4618934631347655,3.8390249697088277,0.9597562424272069,1.3585293545760562,6,0.09234676361083985,0.05434627532958984,0.022853660583496093,0.40523681640625,163840,4.25,10485760,2785280,Qwen3-14B,model.layers.21.self_attn.k_proj.weight,mxfp4,k_proj,21,bfloat16
5242880,1024,5120,30.32827499133937,0.0009271980313808012,0.05078125,0.02297105156467429,8.73094846688731,3.1405515670776367,2.4618934631347655,6.554340979166451,0.8192926223958064,1.3585293545760562,6,5.91278076171875e-06,0.0109649658203125,0.007633209228515625,0.18450927734375,163840,8.25,10485760,5406720,Qwen3-14B,model.layers.21.self_attn.k_proj.weight,mxfp8,k_proj,21,bfloat16
26214400,5120,5120,18.66951372682325,0.013584655434711454,0.2265625,0.02435696409907336,7.307492760425864,2.8619962310791016,2.380941162109375,3.858962969434918,0.9647407423587295,1.1195255544456562,7,0.08429840087890625,0.062308120727539065,0.02633186340332031,0.452110595703125,819200,4.25,52428800,13926400,Qwen3-14B,model.layers.21.self_attn.o_proj.weight,mxfp4,o_proj,21,bfloat16
26214400,5120,5120,30.35199850007516,0.0009221469836065342,0.060546875,0.02435696409907336,7.307492760425864,2.8619962310791016,2.380941162109375,6.521964358393897,0.8152455447992372,1.1195255544456562,7,5.4931640625e-06,0.012449684143066407,0.00861907958984375,0.210789794921875,819200,8.25,52428800,27033600,Qwen3-14B,model.layers.21.self_attn.o_proj.weight,mxfp8,o_proj,21,bfloat16
26214400,5120,5120,18.59214226445843,0.013828840690878579,0.0625,0.023079479923196772,5.087100510334891,3.001622619628906,2.426373291015625,3.849906796295967,0.9624766990739918,1.2016795379803833,5,0.08845924377441407,0.05853710174560547,0.024548683166503906,0.440489501953125,819200,4.25,52428800,13926400,Qwen3-14B,model.layers.21.self_attn.q_proj.weight,mxfp4,q_proj,21,bfloat16
26214400,5120,5120,30.320236173027034,0.0009289158701725799,0.0302734375,0.023079479923196772,5.087100510334891,3.001622619628906,2.426373291015625,6.540805692420739,0.8176007115525924,1.2016795379803833,5,5.53131103515625e-06,0.011601905822753906,0.008044662475585938,0.199776611328125,819200,8.25,52428800,27033600,Qwen3-14B,model.layers.21.self_attn.q_proj.weight,mxfp8,q_proj,21,bfloat16
5242880,1024,5120,18.597458145943914,0.013811924172483904,0.03125,0.027107543471191656,3.4434383197959337,3.0254940032958983,2.4408016204833984,3.845089145732533,0.9612722864331332,1.0280363349807837,4,0.09584980010986328,0.06085681915283203,0.026918792724609376,0.427716064453125,163840,4.25,10485760,2785280,Qwen3-14B,model.layers.21.self_attn.v_proj.weight,mxfp4,v_proj,21,bfloat16
5242880,1024,5120,30.350773518158256,0.0009224071233855315,0.01513671875,0.027107543471191656,3.4434383197959337,3.0254940032958983,2.4408016204833984,6.580404061091439,0.8225505076364299,1.0280363349807837,4,6.29425048828125e-06,0.013191604614257812,0.00930328369140625,0.21990966796875,163840,8.25,10485760,5406720,Qwen3-14B,model.layers.21.self_attn.v_proj.weight,mxfp8,v_proj,21,bfloat16
89128960,5120,17408,18.500112601926965,0.014125009214571061,0.25,0.024437851031120714,4.355850501536457,3.0570176966050093,2.44874168844784,3.8589962485310716,0.9647490621327679,0.9907032442408168,6,0.0891264186185949,0.06624685175278608,0.0289244483498966,0.5040735581341912,2785280,4.25,178257920,47349760,Qwen3-14B,model.layers.21.mlp.down_proj.weight,mxfp4,down_proj,21,bfloat16
89128960,5120,17408,30.157285795632028,0.0009644315748175284,0.0703125,0.024437851031120714,4.355850501536457,3.0570176966050093,2.44874168844784,6.556108830715839,0.8195136038394799,0.9907032442408168,6,5.419114056755515e-06,0.013934584224925321,0.009709548950195313,0.24723223517922793,2785280,8.25,178257920,91914240,Qwen3-14B,model.layers.21.mlp.down_proj.weight,mxfp8,down_proj,21,bfloat16
89128960,17408,5120,18.559131435666288,0.013934354542683108,0.111328125,0.024836026779870405,3.4296972891140656,2.9667715858010686,2.4183443854836857,3.861466128151976,0.965366532037994,0.9760151183755023,6,0.08720947714412913,0.06638819750617532,0.02881811927346622,0.49411872414981617,2785280,4.25,178257920,47349760,Qwen3-14B,model.layers.21.mlp.up_proj.weight,mxfp4,up_proj,21,bfloat16
89128960,17408,5120,30.207684097573516,0.0009533043840176502,0.048828125,0.024836026779870405,3.4296972891140656,2.9667715858010686,2.4183443854836857,6.545007785259803,0.8181259731574754,0.9760151183755023,6,5.217159495634191e-06,0.01383195764878217,0.009632694019990808,0.24187514361213236,2785280,8.25,178257920,91914240,Qwen3-14B,model.layers.21.mlp.up_proj.weight,mxfp8,up_proj,21,bfloat16
89128960,5120,17408,18.497130805093768,0.014134710551233835,0.24609375,0.024560884489670608,4.094290253950222,3.0504094740923713,2.446344757080078,3.859021855462035,0.9647554638655087,0.9912678051997189,7,0.0892942091997932,0.06641069300034468,0.029073838626637177,0.5021954704733456,2785280,4.25,178257920,47349760,Qwen3-14B,model.layers.22.mlp.down_proj.weight,mxfp4,down_proj,22,bfloat16
89128960,5120,17408,30.14835015277098,0.0009664179430932955,0.12109375,0.024560884489670608,4.094290253950222,3.0504094740923713,2.446344757080078,6.557098576030253,0.8196373220037816,0.9912678051997189,7,5.486432243795956e-06,0.014042528937844669,0.009796883078182444,0.24839190314797793,2785280,8.25,178257920,91914240,Qwen3-14B,model.layers.22.mlp.down_proj.weight,mxfp8,down_proj,22,bfloat16
89128960,17408,5120,18.5800760240203,0.013867315536773084,0.10546875,0.023702376883370624,3.9082249295254443,2.9822310952579274,2.4209056405460134,3.8585904394973816,0.9646476098743454,0.9603599596654461,6,0.08632339028751149,0.06293863408705767,0.02641764248118681,0.48595868278952203,2785280,4.25,178257920,47349760,Qwen3-14B,model.layers.22.mlp.gate_proj.weight,mxfp4,gate_proj,22,bfloat16
89128960,17408,5120,30.261839206243106,0.0009414907974278418,0.04296875,0.023702376883370624,3.9082249295254443,2.9822310952579274,2.4209056405460134,6.534708119939547,0.8168385149924434,0.9603599596654461,6,5.7557049919577205e-06,0.012402680340935203,0.008562301186954275,0.2201498592601103,2785280,8.25,178257920,91914240,Qwen3-14B,model.layers.22.mlp.gate_proj.weight,mxfp8,gate_proj,22,bfloat16
89128960,17408,5120,18.559404953591446,0.013933476987041291,0.115234375,0.024903608793797754,3.380973110176964,2.9681300555958465,2.417711751601275,3.8611646663039276,0.9652911665759819,0.9823139091172886,5,0.08748430364272174,0.06634424994973576,0.028874722649069394,0.4911983714384191,2785280,4.25,178257920,47349760,Qwen3-14B,model.layers.22.mlp.up_proj.weight,mxfp4,up_proj,22,bfloat16
89128960,17408,5120,30.208596649210136,0.0009531040940942391,0.052734375,0.024903608793797754,3.380973110176964,2.9681300555958465,2.417711751601275,6.546368257766282,0.8182960322207853,0.9823139091172886,5,5.183500402113971e-06,0.013893273297478172,0.009689207638011258,0.24207763671875,2785280,8.25,178257920,91914240,Qwen3-14B,model.layers.22.mlp.up_proj.weight,mxfp8,up_proj,22,bfloat16
5242880,1024,5120,18.63296751708907,0.013699453680086134,0.0556640625,0.023429221439591526,4.262396536229288,3.017472839355469,2.4390531539916993,3.8445966672237173,0.9611491668059293,1.2669773944244926,5,0.08920803070068359,0.056041908264160153,0.023535537719726562,0.424761962890625,163840,4.25,10485760,2785280,Qwen3-14B,model.layers.22.self_attn.k_proj.weight,mxfp4,k_proj,22,bfloat16
5242880,1024,5120,30.405872361035968,0.0009107784871349171,0.0244140625,0.023429221439591526,4.262396536229288,3.017472839355469,2.4390531539916993,6.542200389535742,0.8177750486919677,1.2669773944244926,5,5.91278076171875e-06,0.011136817932128906,0.007761955261230469,0.19158935546875,163840,8.25,10485760,5406720,Qwen3-14B,model.layers.22.self_attn.k_proj.weight,mxfp8,k_proj,22,bfloat16
26214400,5120,5120,18.661875548463644,0.013608568545520885,0.099609375,0.024105553118889286,4.238949039154441,2.8648693466186526,2.381797332763672,3.860405694237713,0.9651014235594283,1.083230848573228,6,0.08421600341796875,0.06306816101074218,0.02645721435546875,0.463951416015625,819200,4.25,52428800,13926400,Qwen3-14B,model.layers.22.self_attn.o_proj.weight,mxfp4,o_proj,22,bfloat16
26214400,5120,5120,30.33438958045634,0.0009258935142848827,0.037109375,0.024105553118889286,4.238949039154441,2.8648693466186526,2.381797332763672,6.521865413359325,0.8152331766699156,1.083230848573228,6,4.46319580078125e-06,0.012433624267578125,0.00859100341796875,0.213724365234375,819200,8.25,52428800,27033600,Qwen3-14B,model.layers.22.self_attn.o_proj.weight,mxfp8,o_proj,22,bfloat16
26214400,5120,5120,18.61269865185684,0.013763539539018857,0.0625,0.02322094250861324,4.429203921363169,2.9454705047607423,2.412179489135742,3.855024217871696,0.963756054467924,1.1402708222447973,5,0.08671466827392578,0.060782241821289065,0.02543506622314453,0.45965087890625,819200,4.25,52428800,13926400,Qwen3-14B,model.layers.22.self_attn.q_proj.weight,mxfp4,q_proj,22,bfloat16
26214400,5120,5120,30.302050030252758,0.0009328138742775461,0.0302734375,0.02322094250861324,4.429203921363169,2.9454705047607423,2.412179489135742,6.534058157995094,0.8167572697493868,1.1402708222447973,5,4.425048828125e-06,0.01199878692626953,0.008321495056152343,0.20901611328125,819200,8.25,52428800,27033600,Qwen3-14B,model.layers.22.self_attn.q_proj.weight,mxfp8,q_proj,22,bfloat16
5242880,1024,5120,18.525816048383884,0.014041658131047073,0.052734375,0.02618349336971691,3.591048479407678,3.111862373352051,2.4704311370849608,3.843940589840254,0.9609851474600635,1.051970485631834,3,0.0951873779296875,0.060835647583007815,0.026928520202636717,0.443511962890625,163840,4.25,10485760,2785280,Qwen3-14B,model.layers.22.self_attn.v_proj.weight,mxfp4,v_proj,22,bfloat16
5242880,1024,5120,30.270974573019092,0.0009395124568071045,0.021484375,0.02618349336971691,3.591048479407678,3.111862373352051,2.4704311370849608,6.579779843545671,0.8224724804432089,1.051970485631834,3,5.53131103515625e-06,0.013227272033691406,0.009326744079589843,0.2261474609375,163840,8.25,10485760,5406720,Qwen3-14B,model.layers.22.self_attn.v_proj.weight,mxfp8,v_proj,22,bfloat16
89128960,5120,17408,18.499909726494593,0.014125669062762563,0.203125,0.024806367217415887,4.18327907756568,3.0303025189568014,2.4395197251263787,3.8602732900242556,0.9650683225060639,0.9954674276428139,6,0.08881641836727366,0.06708130555994371,0.029489965999827665,0.5021559771369485,2785280,4.25,178257920,47349760,Qwen3-14B,model.layers.23.mlp.down_proj.weight,mxfp4,down_proj,23,bfloat16
89128960,5120,17408,30.151452503993525,0.0009657278359408223,0.07421875,0.024806367217415887,4.18327907756568,3.0303025189568014,2.4395197251263787,6.555201621228336,0.819400202653542,0.9954674276428139,6,5.4303337545955884e-06,0.014266305811264935,0.009964359507841223,0.25108570772058825,2785280,8.25,178257920,91914240,Qwen3-14B,model.layers.23.mlp.down_proj.weight,mxfp8,down_proj,23,bfloat16
89128960,17408,5120,18.58895318244469,0.013838999121392461,0.12109375,0.02366024031252445,3.924864728800834,2.9660103966208067,2.4153829013600068,3.8590872467862565,0.9647718116965641,0.9600268861601511,6,0.08584884194766775,0.06301326751708984,0.02644366096047794,0.48458108340992645,2785280,4.25,178257920,47349760,Qwen3-14B,model.layers.23.mlp.gate_proj.weight,mxfp4,gate_proj,23,bfloat16
89128960,17408,5120,30.265768860537317,0.000940639287637295,0.05859375,0.02366024031252445,3.924864728800834,2.9660103966208067,2.4153829013600068,6.532165215192861,0.8165206518991076,0.9600268861601511,6,5.228379193474265e-06,0.012396128037396599,0.008556029375861673,0.21922104779411763,2785280,8.25,178257920,91914240,Qwen3-14B,model.layers.23.mlp.gate_proj.weight,mxfp8,gate_proj,23,bfloat16
89128960,17408,5120,18.573511332974263,0.013888292888202133,0.095703125,0.025031579413413697,3.3362455019868342,2.944173667010139,2.410010416367475,3.8622023578249873,0.9655505894562468,0.9796936301000166,6,0.08677420896642349,0.06671251409194048,0.029034973593319163,0.49007101619944854,2785280,4.25,178257920,47349760,Qwen3-14B,model.layers.23.mlp.up_proj.weight,mxfp4,up_proj,23,bfloat16
89128960,17408,5120,30.22058019637047,0.0009504778059476447,0.033203125,0.025031579413413697,3.3362455019868342,2.944173667010139,2.410010416367475,6.54276016393676,0.817845020492095,0.9796936301000166,6,5.8005837833180144e-06,0.013965606689453125,0.009722171110265396,0.2419659782858456,2785280,8.25,178257920,91914240,Qwen3-14B,model.layers.23.mlp.up_proj.weight,mxfp8,up_proj,23,bfloat16
5242880,1024,5120,18.617535755853996,0.013748218457775218,0.060546875,0.02306601448921519,4.621569464223859,3.000142478942871,2.4331363677978515,3.846513921067968,0.961628480266992,1.2836753551103932,5,0.08828182220458984,0.05661144256591797,0.0235809326171875,0.43017578125,163840,4.25,10485760,2785280,Qwen3-14B,model.layers.23.self_attn.k_proj.weight,mxfp4,k_proj,23,bfloat16
5242880,1024,5120,30.368700756101603,0.00091860736776458,0.029296875,0.02306601448921519,4.621569464223859,3.000142478942871,2.4331363677978515,6.537425505628807,0.8171781882036009,1.2836753551103932,5,4.00543212890625e-06,0.011150932312011719,0.007756423950195312,0.19249267578125,163840,8.25,10485760,5406720,Qwen3-14B,model.layers.23.self_attn.k_proj.weight,mxfp8,k_proj,23,bfloat16
26214400,5120,5120,18.6704109009489,0.01358184937958841,0.07421875,0.023888555878728825,3.969002524865976,2.8526639556884765,2.3772113037109377,3.8612252646569565,0.9653063161642391,1.0062686818404882,6,0.08344829559326172,0.06315635681152344,0.026331024169921877,0.467991943359375,819200,4.25,52428800,13926400,Qwen3-14B,model.layers.23.self_attn.o_proj.weight,mxfp4,o_proj,23,bfloat16
26214400,5120,5120,30.340689230086557,0.0009245514349721002,0.0302734375,0.023888555878728825,3.969002524865976,2.8526639556884765,2.3772113037109377,6.517296716458324,0.8146620895572905,1.0062686818404882,6,5.22613525390625e-06,0.01230010986328125,0.00847980499267578,0.212254638671875,819200,8.25,52428800,27033600,Qwen3-14B,model.layers.23.self_attn.o_proj.weight,mxfp8,o_proj,23,bfloat16
26214400,5120,5120,18.62213188748299,0.013733676436195262,0.060546875,0.02338532700641807,4.54719205787186,2.962088394165039,2.4180507278442382,3.852196576624565,0.9630491441561413,1.2131606813445022,5,0.08734146118164063,0.059509201049804686,0.024994316101074218,0.447171630859375,819200,4.25,52428800,13926400,Qwen3-14B,model.layers.23.self_attn.q_proj.weight,mxfp4,q_proj,23,bfloat16
26214400,5120,5120,30.33543862279391,0.0009256698908595128,0.029296875,0.02338532700641807,4.54719205787186,2.962088394165039,2.4180507278442382,6.536389162608428,0.8170486453260535,1.2131606813445022,5,5.37872314453125e-06,0.01180988311767578,0.00818267822265625,0.203519287109375,819200,8.25,52428800,27033600,Qwen3-14B,model.layers.23.self_attn.q_proj.weight,mxfp8,q_proj,23,bfloat16
5242880,1024,5120,18.47878417606274,0.014194548478590502,0.0537109375,0.026137729333334848,3.700473735769734,3.1885936737060545,2.4980607986450196,3.837328136194042,0.9593320340485105,1.0579158773148503,4,0.0996438980102539,0.060561180114746094,0.027182579040527344,0.445758056640625,163840,4.25,10485760,2785280,Qwen3-14B,model.layers.23.self_attn.v_proj.weight,mxfp4,v_proj,23,bfloat16
5242880,1024,5120,30.224527822324887,0.0009496142384299496,0.0224609375,0.026137729333334848,3.700473735769734,3.1885936737060545,2.4980607986450196,6.601436437967735,0.8251795547459668,1.0579158773148503,4,5.53131103515625e-06,0.013459014892578124,0.009524345397949219,0.230377197265625,163840,8.25,10485760,5406720,Qwen3-14B,model.layers.23.self_attn.v_proj.weight,mxfp8,v_proj,23,bfloat16
89128960,5120,17408,18.536210591650935,0.014008090563486505,0.234375,0.024991544703144387,3.507379910515778,2.966684408748851,2.419374308866613,3.862705897547668,0.965676474386917,1.0038566142294596,6,0.08728678086224724,0.06797972286448759,0.029978516522575827,0.49577313591452205,2785280,4.25,178257920,47349760,Qwen3-14B,model.layers.24.mlp.down_proj.weight,mxfp4,down_proj,24,bfloat16
89128960,5120,17408,30.16368297459976,0.0009630120081600124,0.109375,0.024991544703144387,3.507379910515778,2.966684408748851,2.419374308866613,6.547620254203279,0.8184525317754099,1.0038566142294596,6,5.048864028033088e-06,0.01455097198486328,0.01017919428208295,0.2527203728170956,2785280,8.25,178257920,91914240,Qwen3-14B,model.layers.24.mlp.down_proj.weight,mxfp8,down_proj,24,bfloat16
89128960,17408,5120,18.583707324977805,0.013855725394207681,0.14453125,0.024049151189842327,3.746738842520925,2.9457945094389073,2.40933219685274,3.862113453892719,0.9655283634731797,0.9462158483729148,6,0.08519475600298713,0.06485565409940831,0.02731919008142808,0.4962405934053309,2785280,4.25,178257920,47349760,Qwen3-14B,model.layers.24.mlp.gate_proj.weight,mxfp4,gate_proj,24,bfloat16
89128960,17408,5120,30.24252551577591,0.0009456870640766686,0.052734375,0.024049151189842327,3.746738842520925,2.9457945094389073,2.40933219685274,6.530446194096191,0.8163057742620239,0.9462158483729148,6,5.273257984834559e-06,0.012847597458783317,0.008871056051815257,0.22776776482077205,2785280,8.25,178257920,91914240,Qwen3-14B,model.layers.24.mlp.gate_proj.weight,mxfp8,gate_proj,24,bfloat16
89128960,17408,5120,18.57042320892798,0.013898171904635446,0.08984375,0.02521174544431888,3.23963227818163,2.9194930581485523,2.401934264687931,3.864383382389569,0.9660958455973923,0.9781972054837086,5,0.08610177881577435,0.06803924336152918,0.02975895825554343,0.4939675723805147,2785280,4.25,178257920,47349760,Qwen3-14B,model.layers.24.mlp.up_proj.weight,mxfp4,up_proj,24,bfloat16
89128960,17408,5120,30.19858717295357,0.0009553033104029114,0.0302734375,0.02521174544431888,3.23963227818163,2.9194930581485523,2.401934264687931,6.540348937711206,0.8175436172139008,0.9781972054837086,5,5.037644330193015e-06,0.014355042401482077,0.010017843807444853,0.24813304227941177,2785280,8.25,178257920,91914240,Qwen3-14B,model.layers.24.mlp.up_proj.weight,mxfp8,up_proj,24,bfloat16
5242880,1024,5120,18.61535794372402,0.013755114365169546,0.060546875,0.02195942056228267,4.553096009391288,2.9950868606567385,2.428488349914551,3.844772469237936,0.961193117309484,1.1969434599393871,5,0.08827953338623047,0.05577526092529297,0.023375701904296876,0.410491943359375,163840,4.25,10485760,2785280,Qwen3-14B,model.layers.24.self_attn.k_proj.weight,mxfp4,k_proj,24,bfloat16
5242880,1024,5120,30.40294251551707,0.0009113931255143999,0.029296875,0.02195942056228267,4.553096009391288,2.9950868606567385,2.428488349914551,6.536506713283826,0.8170633391604782,1.1969434599393871,5,5.14984130859375e-06,0.011106491088867188,0.007714271545410156,0.186248779296875,163840,8.25,10485760,5406720,Qwen3-14B,model.layers.24.self_attn.k_proj.weight,mxfp8,k_proj,24,bfloat16
26214400,5120,5120,18.669768673075417,0.013583857990700374,0.1796875,0.024601134555446543,5.362288246597795,2.85923828125,2.3796052169799804,3.8610826915605605,0.9652706728901401,1.1104378760177551,7,0.08411941528320313,0.06354045867919922,0.02673145294189453,0.46535400390625,819200,4.25,52428800,13926400,Qwen3-14B,model.layers.24.self_attn.o_proj.weight,mxfp4,o_proj,24,bfloat16
26214400,5120,5120,30.3452598060462,0.0009235789359172182,0.0546875,0.024601134555446543,5.362288246597795,2.85923828125,2.3796052169799804,6.521684913696469,0.8152106142120586,1.1104378760177551,7,5.07354736328125e-06,0.012602996826171876,0.008718605041503907,0.21580078125,819200,8.25,52428800,27033600,Qwen3-14B,model.layers.24.self_attn.o_proj.weight,mxfp8,o_proj,24,bfloat16
26214400,5120,5120,18.636071486281786,0.013689665968806186,0.060546875,0.023107825720905337,4.671573365467636,2.95916633605957,2.4169485855102537,3.8506197479366495,0.9626549369841624,1.1541429081512498,5,0.08713905334472656,0.05812469482421875,0.024134750366210937,0.439471435546875,819200,4.25,52428800,13926400,Qwen3-14B,model.layers.24.self_attn.q_proj.weight,mxfp4,q_proj,24,bfloat16
26214400,5120,5120,30.36038497515552,0.00092036798321664,0.029296875,0.023107825720905337,4.671573365467636,2.95916633605957,2.4169485855102537,6.532781352255009,0.8165976690318761,1.1541429081512498,5,5.07354736328125e-06,0.011315460205078126,0.00782073974609375,0.195059814453125,819200,8.25,52428800,27033600,Qwen3-14B,model.layers.24.self_attn.q_proj.weight,mxfp8,q_proj,24,bfloat16
5242880,1024,5120,18.561424772510723,0.013926998305360282,0.0439453125,0.026712052868140858,3.4965417135841195,3.070083808898926,2.456300163269043,3.844964621997055,0.9612411554992637,1.0365614947091533,3,0.09610061645507813,0.06143245697021484,0.02724933624267578,0.44095458984375,163840,4.25,10485760,2785280,Qwen3-14B,model.layers.24.self_attn.v_proj.weight,mxfp4,v_proj,24,bfloat16
5242880,1024,5120,30.305090450297044,0.0009321610560672077,0.01513671875,0.026712052868140858,3.4965417135841195,3.070083808898926,2.456300163269043,6.583945143934542,0.8229931429918178,1.0365614947091533,3,8.0108642578125e-06,0.013404655456542968,0.009404754638671875,0.226171875,163840,8.25,10485760,5406720,Qwen3-14B,model.layers.24.self_attn.v_proj.weight,mxfp8,v_proj,24,bfloat16
89128960,5120,17408,18.53213887181302,0.014021229981197392,0.1953125,0.025083210639005576,3.6002941090121388,2.9735982558306526,2.4200568255256205,3.862686957941111,0.9656717394852777,1.0115252861390578,7,0.08742738611557904,0.06809740627513212,0.030100541956284466,0.49463752297794117,2785280,4.25,178257920,47349760,Qwen3-14B,model.layers.25.mlp.down_proj.weight,mxfp4,down_proj,25,bfloat16
89128960,5120,17408,30.15935224472805,0.0009639727905653128,0.0703125,0.025083210639005576,3.6002941090121388,2.9735982558306526,2.4200568255256205,6.548546667970717,0.8185683334963396,1.0115252861390578,7,5.340576171875e-06,0.014638104158289292,0.010242731430951287,0.2536789838005515,2785280,8.25,178257920,91914240,Qwen3-14B,model.layers.25.mlp.down_proj.weight,mxfp8,down_proj,25,bfloat16
89128960,17408,5120,18.57068932672947,0.013897320307898104,0.12109375,0.024317710471103402,3.8266828155065675,2.9670972487505742,2.415010788861443,3.8612005202930435,0.9653001300732609,0.9774850909631532,6,0.08595413881189683,0.06474684546975529,0.027439252068014706,0.492236328125,2785280,4.25,178257920,47349760,Qwen3-14B,model.layers.25.mlp.gate_proj.weight,mxfp4,gate_proj,25,bfloat16
89128960,17408,5120,30.23986503920129,0.0009462665669679082,0.0546875,0.024317710471103402,3.8266828155065675,2.9670972487505742,2.415010788861443,6.534782248147299,0.8168477810184124,0.9774850909631532,6,5.486432243795956e-06,0.012938521890079274,0.008949739792767693,0.22846751493566175,2785280,8.25,178257920,91914240,Qwen3-14B,model.layers.25.mlp.gate_proj.weight,mxfp8,gate_proj,25,bfloat16
89128960,17408,5120,18.56510797558932,0.013915191980492911,0.115234375,0.025317645754544985,3.2807117539649915,2.934090244068819,2.406637932272518,3.8633694336204667,0.9658423584051167,0.9889148412705462,5,0.08664250093347886,0.06775461084702436,0.029735823238597196,0.4905916101792279,2785280,4.25,178257920,47349760,Qwen3-14B,model.layers.25.mlp.up_proj.weight,mxfp4,up_proj,25,bfloat16
89128960,17408,5120,30.198643441142327,0.0009552909333543849,0.052734375,0.025317645754544985,3.2807117539649915,2.934090244068819,2.406637932272518,6.543269033241373,0.8179086291551716,0.9889148412705462,5,5.621068617876839e-06,0.014389958101160385,0.010049079446231618,0.24806123621323528,2785280,8.25,178257920,91914240,Qwen3-14B,model.layers.25.mlp.up_proj.weight,mxfp8,up_proj,25,bfloat16
5242880,1024,5120,18.654439565008282,0.013631889074693518,0.0576171875,0.023353846591111036,3.892000430514391,2.9724357604980467,2.4220607757568358,3.8474394692434117,0.9618598673108529,1.0501164778237686,5,0.08749427795410156,0.05638446807861328,0.02322540283203125,0.42581787109375,163840,4.25,10485760,2785280,Qwen3-14B,model.layers.25.self_attn.k_proj.weight,mxfp4,k_proj,25,bfloat16
5242880,1024,5120,30.410038661847302,0.0009099051724207855,0.0263671875,0.023353846591111036,3.892000430514391,2.9724357604980467,2.4220607757568358,6.532338249742236,0.8165422812177795,1.0501164778237686,5,5.53131103515625e-06,0.010926055908203124,0.007585334777832031,0.187103271484375,163840,8.25,10485760,5406720,Qwen3-14B,model.layers.25.self_attn.k_proj.weight,mxfp8,k_proj,25,bfloat16
26214400,5120,5120,18.651367266765753,0.013641535995839078,0.1171875,0.024325019582488634,4.169834300776026,2.8561125946044923,2.378512268066406,3.8615265229016735,0.9653816307254184,1.0529826109331637,6,0.0839603042602539,0.06389968872070312,0.027040634155273437,0.465467529296875,819200,4.25,52428800,13926400,Qwen3-14B,model.layers.25.self_attn.o_proj.weight,mxfp4,o_proj,25,bfloat16
26214400,5120,5120,30.315375332650632,0.0009299561411822976,0.03125,0.024325019582488634,4.169834300776026,2.8561125946044923,2.378512268066406,6.521696544897255,0.8152120681121569,1.0529826109331637,6,5.37872314453125e-06,0.012775230407714843,0.008845977783203125,0.217861328125,819200,8.25,52428800,27033600,Qwen3-14B,model.layers.25.self_attn.o_proj.weight,mxfp8,o_proj,25,bfloat16
26214400,5120,5120,18.633956583836657,0.013696334107568322,0.0615234375,0.023201099710346628,4.221453602305624,2.931826515197754,2.4067812728881837,3.8540621489653164,0.9635155372413291,1.1182230708566572,5,0.08627769470214844,0.05991378784179688,0.02502815246582031,0.44845458984375,819200,4.25,52428800,13926400,Qwen3-14B,model.layers.25.self_attn.q_proj.weight,mxfp4,q_proj,25,bfloat16
26214400,5120,5120,30.32692050082308,0.0009274872537533766,0.0302734375,0.023201099710346628,4.221453602305624,2.931826515197754,2.4067812728881837,6.530430545075967,0.8163038181344959,1.1182230708566572,5,5.91278076171875e-06,0.0117816162109375,0.008170013427734374,0.203468017578125,819200,8.25,52428800,27033600,Qwen3-14B,model.layers.25.self_attn.q_proj.weight,mxfp8,q_proj,25,bfloat16
5242880,1024,5120,18.619860544805015,0.013740860972328166,0.03076171875,0.02675969646253642,3.527309952275362,3.0173797607421875,2.438524627685547,3.8433924838833655,0.9608481209708414,1.0551041478908045,3,0.09399776458740235,0.058559226989746097,0.025525283813476563,0.41478271484375,163840,4.25,10485760,2785280,Qwen3-14B,model.layers.25.self_attn.v_proj.weight,mxfp4,v_proj,25,bfloat16
5242880,1024,5120,30.388867611169168,0.0009143516204114651,0.01513671875,0.02675969646253642,3.527309952275362,3.0173797607421875,2.438524627685547,6.569033787113828,0.8211292233892284,1.0551041478908045,3,7.43865966796875e-06,0.012519073486328126,0.00878448486328125,0.207147216796875,163840,8.25,10485760,5406720,Qwen3-14B,model.layers.25.self_attn.v_proj.weight,mxfp8,v_proj,25,bfloat16
89128960,5120,17408,18.52989704448418,0.014028469605959425,0.125,0.025045264600466556,3.5067718065242577,2.974397771498736,2.4195214664234834,3.8631956910666747,0.9657989227666687,1.0099961477696746,5,0.08735790252685546,0.06839166529038374,0.0302057939417222,0.49756936465992646,2785280,4.25,178257920,47349760,Qwen3-14B,model.layers.26.mlp.down_proj.weight,mxfp4,down_proj,26,bfloat16
89128960,5120,17408,30.15637622053513,0.0009646335840181367,0.05859375,0.025045264600466556,3.5067718065242577,2.974397771498736,2.4195214664234834,6.5484138841867985,0.8185517355233498,1.0099961477696746,5,5.8005837833180144e-06,0.014678607267491957,0.010262579076430377,0.25446095186121326,2785280,8.25,178257920,91914240,Qwen3-14B,model.layers.26.mlp.down_proj.weight,mxfp8,down_proj,26,bfloat16
89128960,17408,5120,18.561916089496943,0.013925422834318293,0.19140625,0.02452746989974826,4.116209619372734,2.9736696692074047,2.415833361008588,3.8611223922104085,0.9652805980526021,0.992945847281833,6,0.0861882490270278,0.06490265341366039,0.027602027444278494,0.49142994600183826,2785280,4.25,178257920,47349760,Qwen3-14B,model.layers.26.mlp.gate_proj.weight,mxfp4,gate_proj,26,bfloat16
89128960,17408,5120,30.23691351510543,0.0009469098811155663,0.06640625,0.02452746989974826,4.116209619372734,2.9736696692074047,2.415833361008588,6.536337510599184,0.817042188824898,0.992945847281833,6,5.946439855238971e-06,0.013055666755227482,0.009048652648925782,0.22998046875,2785280,8.25,178257920,91914240,Qwen3-14B,model.layers.26.mlp.gate_proj.weight,mxfp8,gate_proj,26,bfloat16
89128960,17408,5120,18.558311990819472,0.013936983982569214,0.08203125,0.025261504861143404,3.284112738891022,2.939528902839212,2.4074283824247473,3.86361620420173,0.9659040510504325,0.9903582341352366,6,0.08668824364157283,0.067926305883071,0.02982009438907399,0.49288330078125,2785280,4.25,178257920,47349760,Qwen3-14B,model.layers.26.mlp.up_proj.weight,mxfp4,up_proj,26,bfloat16
89128960,17408,5120,30.191825585099828,0.0009567917930977375,0.0302734375,0.025261504861143404,3.284112738891022,2.939528902839212,2.4074283824247473,6.543600870245799,0.8179501087807248,0.9903582341352366,6,5.048864028033088e-06,0.014422001558191636,0.010078329198500689,0.24903097713694852,2785280,8.25,178257920,91914240,Qwen3-14B,model.layers.26.mlp.up_proj.weight,mxfp8,up_proj,26,bfloat16
5242880,1024,5120,18.651744122053596,0.0136403523146856,0.0537109375,0.022819273911322987,3.9278158460634476,2.930636978149414,2.4076276779174806,3.850393080080429,0.9625982700201072,1.1794285404522828,6,0.08662433624267578,0.058159828186035156,0.024424171447753905,0.422265625,163840,4.25,10485760,2785280,Qwen3-14B,model.layers.26.self_attn.k_proj.weight,mxfp4,k_proj,26,bfloat16
5242880,1024,5120,30.387441160357945,0.0009146519907557983,0.0224609375,0.022819273911322987,3.9278158460634476,2.930636978149414,2.4076276779174806,6.530214165598092,0.8162767706997615,1.1794285404522828,6,4.57763671875e-06,0.011615180969238281,0.00807952880859375,0.1957275390625,163840,8.25,10485760,5406720,Qwen3-14B,model.layers.26.self_attn.k_proj.weight,mxfp8,k_proj,26,bfloat16
26214400,5120,5120,18.657627855771114,0.01362188515381226,0.0615234375,0.024256109064219086,3.5695448029701318,2.8494716262817383,2.3760944747924806,3.8639827868410555,0.9659956967102639,1.0240504197804585,5,0.08324939727783204,0.06510593414306641,0.027382965087890624,0.48318603515625,819200,4.25,52428800,13926400,Qwen3-14B,model.layers.26.self_attn.o_proj.weight,mxfp4,o_proj,26,bfloat16
26214400,5120,5120,30.301638612297946,0.0009329022462396565,0.0302734375,0.024256109064219086,3.5695448029701318,2.8494716262817383,2.3760944747924806,6.518501248524034,0.8148126560655042,1.0240504197804585,5,4.8828125e-06,0.012844619750976562,0.008870849609375,0.223115234375,819200,8.25,52428800,27033600,Qwen3-14B,model.layers.26.self_attn.o_proj.weight,mxfp8,o_proj,26,bfloat16
26214400,5120,5120,18.633997045115752,0.013696206505529036,0.0625,0.023092419872835116,4.549966257002614,2.952272262573242,2.4146722030639647,3.8511974501947686,0.9627993625486921,1.1058547987714662,5,0.08712596893310547,0.05848945617675781,0.02437877655029297,0.441661376953125,819200,4.25,52428800,13926400,Qwen3-14B,model.layers.26.self_attn.q_proj.weight,mxfp4,q_proj,26,bfloat16
26214400,5120,5120,30.351655770518008,0.0009222197589954623,0.0302734375,0.023092419872835116,4.549966257002614,2.952272262573242,2.4146722030639647,6.533495428225088,0.816686928528136,1.1058547987714662,5,5.37872314453125e-06,0.01143505096435547,0.00790363311767578,0.19716552734375,819200,8.25,52428800,27033600,Qwen3-14B,model.layers.26.self_attn.q_proj.weight,mxfp8,q_proj,26,bfloat16
5242880,1024,5120,18.536205988699347,0.014008105410232109,0.0380859375,0.02621592117548791,3.4652940223660784,3.0767534255981444,2.4619401931762694,3.846675018173782,0.9616687545434455,1.0370257911575003,3,0.09533462524414063,0.06269245147705078,0.02797222137451172,0.453192138671875,163840,4.25,10485760,2785280,Qwen3-14B,model.layers.26.self_attn.v_proj.weight,mxfp4,v_proj,26,bfloat16
5242880,1024,5120,30.26291397787681,0.0009412578305248866,0.01513671875,0.02621592117548791,3.4652940223660784,3.0767534255981444,2.4619401931762694,6.582687379388807,0.8228359224236009,1.0370257911575003,3,5.340576171875e-06,0.01378021240234375,0.009687995910644532,0.233746337890625,163840,8.25,10485760,5406720,Qwen3-14B,model.layers.26.self_attn.v_proj.weight,mxfp8,v_proj,26,bfloat16
89128960,17408,5120,18.562168474283943,0.013924613599363188,0.12109375,0.024558973802911173,3.8811222351667767,2.9763285468606386,2.417548796709846,3.8608396560148255,0.9652099140037064,1.0048377259487937,6,0.08634844387278837,0.06489299325382009,0.027653940986184514,0.4904411764705882,2785280,4.25,178257920,47349760,Qwen3-14B,model.layers.27.mlp.gate_proj.weight,mxfp4,gate_proj,27,bfloat16
89128960,17408,5120,30.234789798319003,0.0009473730369371089,0.05078125,0.024558973802911173,3.8811222351667767,2.9763285468606386,2.417548796709846,6.537624025706815,0.8172030032133518,1.0048377259487937,6,5.396674661075368e-06,0.0130921532126034,0.009077666787540212,0.23029928768382352,2785280,8.25,178257920,91914240,Qwen3-14B,model.layers.27.mlp.gate_proj.weight,mxfp8,gate_proj,27,bfloat16
5242880,1024,5120,18.62069299174119,0.013738227404114548,0.04296875,0.023290300058372983,3.9405417103327385,2.9944358825683595,2.42993221282959,3.8475735052207014,0.9618933763051754,1.0986981997698515,6,0.08843746185302734,0.057318115234375,0.024045753479003906,0.43123779296875,163840,4.25,10485760,2785280,Qwen3-14B,model.layers.27.self_attn.k_proj.weight,mxfp4,k_proj,27,bfloat16
5242880,1024,5120,30.355962076164687,0.0009213057727387333,0.01513671875,0.023290300058372983,3.9405417103327385,2.9944358825683595,2.42993221282959,6.538989559412721,0.8173736949265902,1.0986981997698515,6,5.340576171875e-06,0.011430740356445312,0.007945442199707031,0.195843505859375,163840,8.25,10485760,5406720,Qwen3-14B,model.layers.27.self_attn.k_proj.weight,mxfp8,k_proj,27,bfloat16
26214400,5120,5120,18.646152612161107,0.01365792547939399,0.10546875,0.02406401038074119,3.944793400708193,2.8572601318359374,2.379006462097168,3.8633569254602,0.96583923136505,0.9815957381877642,5,0.08336345672607422,0.06476406097412109,0.02722270965576172,0.4805859375,819200,4.25,52428800,13926400,Qwen3-14B,model.layers.27.self_attn.o_proj.weight,mxfp4,o_proj,27,bfloat16
26214400,5120,5120,30.28811913125824,0.0009358108730165534,0.04296875,0.02406401038074119,3.944793400708193,2.8572601318359374,2.379006462097168,6.519286258799989,0.8149107823499986,0.9815957381877642,5,5.76019287109375e-06,0.012772598266601563,0.008822059631347657,0.2215478515625,819200,8.25,52428800,27033600,Qwen3-14B,model.layers.27.self_attn.o_proj.weight,mxfp8,o_proj,27,bfloat16
26214400,5120,5120,18.624218037822978,0.013727080995804152,0.060546875,0.02348153666198692,4.2883287230602445,2.9373670196533204,2.4084227752685545,3.8540992039709923,0.9635248009927481,1.1433914440476256,6,0.08712287902832032,0.06055778503417969,0.025548782348632813,0.449945068359375,819200,4.25,52428800,13926400,Qwen3-14B,model.layers.27.self_attn.q_proj.weight,mxfp4,q_proj,27,bfloat16
26214400,5120,5120,30.31460857506164,0.0009301203417207686,0.029296875,0.02348153666198692,4.2883287230602445,2.9373670196533204,2.4084227752685545,6.536363900017399,0.8170454875021749,1.1433914440476256,6,5.035400390625e-06,0.012102546691894532,0.008398094177246095,0.207801513671875,819200,8.25,52428800,27033600,Qwen3-14B,model.layers.27.self_attn.q_proj.weight,mxfp8,q_proj,27,bfloat16
5242880,1024,5120,18.539846046518274,0.013996369375618581,0.04296875,0.02584216010162988,3.7796484703661863,3.1849285125732423,2.4929763793945314,3.8360302201798055,0.9590075550449514,1.0796847703739232,4,0.09643917083740235,0.056975173950195315,0.024893951416015626,0.42340087890625,163840,4.25,10485760,2785280,Qwen3-14B,model.layers.27.self_attn.v_proj.weight,mxfp4,v_proj,27,bfloat16
5242880,1024,5120,30.321852952893344,0.0009285701202216039,0.01513671875,0.02584216010162988,3.7796484703661863,3.1849285125732423,2.4929763793945314,6.581319652254114,0.8226649565317643,1.0796847703739232,4,5.14984130859375e-06,0.012199211120605468,0.008546829223632812,0.20740966796875,163840,8.25,10485760,5406720,Qwen3-14B,model.layers.27.self_attn.v_proj.weight,mxfp8,v_proj,27,bfloat16
89128960,5120,17408,18.513403177132503,0.014081848975018428,0.2265625,0.025159017248988984,3.8364688312096495,2.9950946134679457,2.4244198518640854,3.8627918030066684,0.9656979507516671,1.010262745949563,7,0.08795839197495404,0.06855979246251723,0.03038474812227137,0.49927080939797797,2785280,4.25,178257920,47349760,Qwen3-14B,model.layers.27.mlp.down_proj.weight,mxfp4,down_proj,27,bfloat16
89128960,5120,17408,30.14288021123594,0.0009676359139132979,0.1015625,0.025159017248988984,3.8364688312096495,2.9950946134679457,2.4244198518640854,6.551934994019925,0.8189918742524906,1.010262745949563,7,5.463992848115809e-06,0.014774210312787224,0.010341588188620174,0.25648947323069854,2785280,8.25,178257920,91914240,Qwen3-14B,model.layers.27.mlp.down_proj.weight,mxfp8,down_proj,27,bfloat16
89128960,17408,5120,18.55913873593379,0.013934331119767471,0.2265625,0.025336973599695015,3.429360250204368,2.9379151400397805,2.406301969640395,3.8638173805949356,0.9659543451487339,0.9968380276364035,7,0.08673092337215647,0.06819250443402458,0.029994437273810893,0.49219252642463235,2785280,4.25,178257920,47349760,Qwen3-14B,model.layers.27.mlp.up_proj.weight,mxfp4,up_proj,27,bfloat16
89128960,17408,5120,30.19088701101375,0.0009569985921856457,0.05078125,0.025336973599695015,3.429360250204368,2.9379151400397805,2.406301969640395,6.544223936304855,0.8180279920381068,0.9968380276364035,7,5.205939797794118e-06,0.014518591936896828,0.010144491756663604,0.2499881519990809,2785280,8.25,178257920,91914240,Qwen3-14B,model.layers.27.mlp.up_proj.weight,mxfp8,up_proj,27,bfloat16
89128960,5120,17408,18.54109078322241,0.01399235843396266,0.18359375,0.025423623990186366,3.401228277050536,2.9451971615062043,2.408612823486328,3.864413416275977,0.9661033540689943,1.0247699804701604,6,0.0869671765495749,0.06922228196088005,0.030814473769244025,0.4918176987591912,2785280,4.25,178257920,47349760,Qwen3-14B,model.layers.28.mlp.down_proj.weight,mxfp4,down_proj,28,bfloat16
89128960,5120,17408,30.16031445733055,0.0009637592386872102,0.060546875,0.025423623990186366,3.401228277050536,2.9451971615062043,2.408612823486328,6.546944118114706,0.8183680147643383,1.0247699804701604,6,5.699606502757353e-06,0.015039242015165441,0.010536384582519532,0.25778521369485297,2785280,8.25,178257920,91914240,Qwen3-14B,model.layers.28.mlp.down_proj.weight,mxfp8,down_proj,28,bfloat16
89128960,17408,5120,18.585849279567253,0.013848893390046486,0.125,0.024703599114475235,3.5582352684196623,2.927861841987161,2.402429401173311,3.8641080369100744,0.9660270092275186,0.9759484653167543,6,0.08492157879997703,0.06645899379954619,0.028365000556497013,0.49862060546875,2785280,4.25,178257920,47349760,Qwen3-14B,model.layers.28.mlp.gate_proj.weight,mxfp4,gate_proj,28,bfloat16
89128960,17408,5120,30.235646929899474,0.0009471860801010589,0.037109375,0.024703599114475235,3.5582352684196623,2.927861841987161,2.402429401173311,6.5308979251239885,0.8163622406404986,0.9759484653167543,6,5.138621610753677e-06,0.013409984813017004,0.009287901485667509,0.235491943359375,2785280,8.25,178257920,91914240,Qwen3-14B,model.layers.28.mlp.gate_proj.weight,mxfp8,gate_proj,28,bfloat16
89128960,17408,5120,18.567414865404114,0.013907802457525027,0.119140625,0.025522538617958973,3.231303847389203,2.903836261524874,2.3945923188153437,3.8662062576935607,0.9665515644233902,0.9913486805101269,6,0.08567702349494485,0.06937608157887179,0.03059575697954963,0.49526044060202207,2785280,4.25,178257920,47349760,Qwen3-14B,model.layers.28.mlp.up_proj.weight,mxfp4,up_proj,28,bfloat16
89128960,17408,5120,30.186896392173068,0.0009578783573925882,0.056640625,0.025522538617958973,3.231303847389203,2.903836261524874,2.3945923188153437,6.5392152612139505,0.8174019076517438,0.9913486805101269,6,4.880568560431985e-06,0.014825192619772519,0.010361503152286304,0.2542024500229779,2785280,8.25,178257920,91914240,Qwen3-14B,model.layers.28.mlp.up_proj.weight,mxfp8,up_proj,28,bfloat16
5242880,1024,5120,18.63656091471563,0.01368812329798407,0.0615234375,0.022383452567756743,4.471126111157311,2.9321834564208986,2.4069847106933593,3.852501519713435,0.9631253799283588,1.4398211324883963,6,0.08642005920410156,0.059159278869628906,0.024826240539550782,0.436761474609375,163840,4.25,10485760,2785280,Qwen3-14B,model.layers.28.self_attn.k_proj.weight,mxfp4,k_proj,28,bfloat16
5242880,1024,5120,30.35465163675517,0.0009215838093265825,0.0302734375,0.022383452567756743,4.471126111157311,2.9321834564208986,2.4069847106933593,6.530045454382077,0.8162556817977596,1.4398211324883963,6,5.14984130859375e-06,0.011734390258789062,0.008137893676757813,0.199432373046875,163840,8.25,10485760,5406720,Qwen3-14B,model.layers.28.self_attn.k_proj.weight,mxfp8,k_proj,28,bfloat16
26214400,5120,5120,18.655967157293304,0.013627095021912582,0.0625,0.024493444705558552,3.579465568028907,2.847134590148926,2.374769744873047,3.8644399867033026,0.9661099966758256,1.0115778331661596,5,0.08313770294189453,0.06546913146972656,0.02760231018066406,0.482728271484375,819200,4.25,52428800,13926400,Qwen3-14B,model.layers.28.self_attn.o_proj.weight,mxfp4,o_proj,28,bfloat16
26214400,5120,5120,30.295669296327237,0.0009341853887556284,0.0302734375,0.024493444705558552,3.579465568028907,2.847134590148926,2.374769744873047,6.518469249064438,0.8148086561330548,1.0115778331661596,5,5.45501708984375e-06,0.01296905517578125,0.008959274291992187,0.224212646484375,819200,8.25,52428800,27033600,Qwen3-14B,model.layers.28.self_attn.o_proj.weight,mxfp8,o_proj,28,bfloat16
26214400,5120,5120,18.624638600363493,0.013725751755673503,0.0615234375,0.02381934136950567,4.6565580676259835,2.972740287780762,2.421481590270996,3.8501125490200483,0.9625281372550121,1.2736204816587804,5,0.08850490570068359,0.05901966094970703,0.024930763244628906,0.43869384765625,819200,4.25,52428800,13926400,Qwen3-14B,model.layers.28.self_attn.q_proj.weight,mxfp4,q_proj,28,bfloat16
26214400,5120,5120,30.344250980074868,0.000923793499693762,0.0302734375,0.02381934136950567,4.6565580676259835,2.972740287780762,2.421481590270996,6.542396076359678,0.8177995095449597,1.2736204816587804,5,5.7220458984375e-06,0.011859245300292968,0.008234939575195312,0.202410888671875,819200,8.25,52428800,27033600,Qwen3-14B,model.layers.28.self_attn.q_proj.weight,mxfp8,q_proj,28,bfloat16
5242880,1024,5120,18.495451010108216,0.01414017873222881,0.048828125,0.025942975932628124,3.73451114484194,3.233694076538086,2.508839416503906,3.834122501954128,0.958530625488532,1.0861605266979828,4,0.09904308319091797,0.058418655395507814,0.02607440948486328,0.42711181640625,163840,4.25,10485760,2785280,Qwen3-14B,model.layers.28.self_attn.v_proj.weight,mxfp4,v_proj,28,bfloat16
5242880,1024,5120,30.261200201985208,0.0009416293349675415,0.017578125,0.025942975932628124,3.73451114484194,3.233694076538086,2.508839416503906,6.595946233717087,0.8244932792146359,1.0861605266979828,4,7.62939453125e-06,0.012904167175292969,0.009116744995117188,0.21895751953125,163840,8.25,10485760,5406720,Qwen3-14B,model.layers.28.self_attn.v_proj.weight,mxfp8,v_proj,28,bfloat16
89128960,5120,17408,18.529884935225464,0.014028508721032657,0.234375,0.025524128253346802,3.565573631229441,2.961505351347082,2.412132173426011,3.8637992579357574,0.9659498144839394,1.0349108324146528,7,0.08737362132352941,0.0691256467033835,0.030878111895392923,0.4898196949678309,2785280,4.25,178257920,47349760,Qwen3-14B,model.layers.29.mlp.down_proj.weight,mxfp4,down_proj,29,bfloat16
89128960,5120,17408,30.154426596559674,0.0009650667221393787,0.109375,0.025524128253346802,3.565573631229441,2.961505351347082,2.412132173426011,6.549198690213347,0.8186498362766684,1.0349108324146528,7,5.003985236672794e-06,0.015102094762465533,0.010579737494973575,0.2580771053538603,2785280,8.25,178257920,91914240,Qwen3-14B,model.layers.29.mlp.down_proj.weight,mxfp8,down_proj,29,bfloat16
89128960,17408,5120,18.588497563334432,0.013840451049401358,0.1171875,0.024740150044606415,3.5540448115207064,2.9187757604262408,2.3989042169907515,3.8643579496825065,0.9660894874206266,0.9752740103313762,5,0.08475732242359835,0.06658248901367188,0.0284299513872932,0.4960994944852941,2785280,4.25,178257920,47349760,Qwen3-14B,model.layers.29.mlp.gate_proj.weight,mxfp4,gate_proj,29,bfloat16
89128960,17408,5120,30.239810009846956,0.0009462785571658702,0.044921875,0.024740150044606415,3.5540448115207064,2.9187757604262408,2.3989042169907515,6.5301671201427425,0.8162708900178428,0.9752740103313762,5,5.161061006433824e-06,0.013467743817497702,0.009326856276568244,0.23567397173713237,2785280,8.25,178257920,91914240,Qwen3-14B,model.layers.29.mlp.gate_proj.weight,mxfp8,gate_proj,29,bfloat16
89128960,17408,5120,18.572142307962633,0.013892671580135168,0.109375,0.025614673316380086,3.2482821203788883,2.9030895345351277,2.3931169622084676,3.865999536145707,0.9664998840364267,0.9996527754944674,6,0.08573077706729665,0.0692514980540556,0.03056044859044692,0.4921253877527573,2785280,4.25,178257920,47349760,Qwen3-14B,model.layers.29.mlp.up_proj.weight,mxfp4,up_proj,29,bfloat16
89128960,17408,5120,30.19443539226947,0.0009562170006328026,0.046875,0.025614673316380086,3.2482821203788883,2.9030895345351277,2.3931169622084676,6.539360248968768,0.817420031121096,0.9996527754944674,6,5.632288315716912e-06,0.014815296846277573,0.010356667462517233,0.2532732795266544,2785280,8.25,178257920,91914240,Qwen3-14B,model.layers.29.mlp.up_proj.weight,mxfp8,up_proj,29,bfloat16
5242880,1024,5120,18.602699504567134,0.013795265065835833,0.0546875,0.023153443371034126,3.8077480817903253,2.966084098815918,2.4201404571533205,3.853415276959947,0.9633538192399868,1.184653129075565,6,0.08729915618896485,0.06041717529296875,0.02545757293701172,0.4520751953125,163840,4.25,10485760,2785280,Qwen3-14B,model.layers.29.self_attn.k_proj.weight,mxfp4,k_proj,29,bfloat16
5242880,1024,5120,30.30048612859977,0.0009331498425929738,0.0234375,0.023153443371034126,3.8077480817903253,2.966084098815918,2.4201404571533205,6.537652644540351,0.8172065805675439,1.184653129075565,6,6.67572021484375e-06,0.012071037292480468,0.008362007141113282,0.207965087890625,163840,8.25,10485760,5406720,Qwen3-14B,model.layers.29.self_attn.k_proj.weight,mxfp8,k_proj,29,bfloat16
26214400,5120,5120,18.65240249421955,0.013638284651381373,0.0625,0.024017516429940076,3.837945024062243,2.846912841796875,2.3748656845092775,3.865169856715968,0.966292464178992,0.9514098824365088,5,0.0826633071899414,0.06560100555419922,0.02739543914794922,0.493389892578125,819200,4.25,52428800,13926400,Qwen3-14B,model.layers.29.self_attn.o_proj.weight,mxfp4,o_proj,29,bfloat16
26214400,5120,5120,30.288888490742597,0.0009356451073363212,0.029296875,0.024017516429940076,3.837945024062243,2.846912841796875,2.3748656845092775,6.515464403629432,0.814433050453679,0.9514098824365088,5,4.84466552734375e-06,0.012739067077636718,0.008757591247558594,0.223145751953125,819200,8.25,52428800,27033600,Qwen3-14B,model.layers.29.self_attn.o_proj.weight,mxfp8,o_proj,29,bfloat16
26214400,5120,5120,18.625912878115944,0.013721725028391288,0.0615234375,0.023312347767642218,4.275184113330565,2.9356175231933594,2.4068138885498045,3.856678136610597,0.9641695341526493,1.1665106538569583,5,0.08623920440673828,0.06145420074462891,0.02567241668701172,0.46644775390625,819200,4.25,52428800,13926400,Qwen3-14B,model.layers.29.self_attn.q_proj.weight,mxfp4,q_proj,29,bfloat16
26214400,5120,5120,30.305520420783516,0.0009320687726237046,0.0302734375,0.023312347767642218,4.275184113330565,2.9356175231933594,2.4068138885498045,6.531800756522292,0.8164750945652866,1.1665106538569583,5,4.2724609375e-06,0.012008018493652343,0.008290481567382813,0.20937744140625,819200,8.25,52428800,27033600,Qwen3-14B,model.layers.29.self_attn.q_proj.weight,mxfp8,q_proj,29,bfloat16
5242880,1024,5120,18.561620090590132,0.013926371971500049,0.044921875,0.026431616021276427,3.502538704342547,3.051532745361328,2.4505035400390627,3.8486374031251125,0.9621593507812781,1.0492267192692433,3,0.09396343231201172,0.062313270568847653,0.02756023406982422,0.450543212890625,163840,4.25,10485760,2785280,Qwen3-14B,model.layers.29.self_attn.v_proj.weight,mxfp4,v_proj,29,bfloat16
5242880,1024,5120,30.285773824248338,0.000936316372536888,0.01513671875,0.026431616021276427,3.502538704342547,3.051532745361328,2.4505035400390627,6.574208706631476,0.8217760883289345,1.0492267192692433,3,5.91278076171875e-06,0.01350574493408203,0.009474754333496094,0.22998046875,163840,8.25,10485760,5406720,Qwen3-14B,model.layers.29.self_attn.v_proj.weight,mxfp8,v_proj,29,bfloat16
89128960,5120,17408,18.55570785374033,0.01394534344873407,0.24609375,0.025714418841346523,3.387732458508814,2.9152907427619486,2.398109166762408,3.8647909721891645,0.9661977430472911,1.050210753694461,6,0.08652876685647404,0.06939340479233685,0.031058670492733226,0.4820897719439338,2785280,4.25,178257920,47349760,Qwen3-14B,model.layers.30.mlp.down_proj.weight,mxfp4,down_proj,30,bfloat16
89128960,5120,17408,30.172162310179466,0.000961133620109591,0.12109375,0.025714418841346523,3.387732458508814,2.9152907427619486,2.398109166762408,6.5445228542940095,0.8180653567867512,1.050210753694461,6,5.508871639476103e-06,0.01523289399988511,0.010693785723517923,0.25762221392463236,2785280,8.25,178257920,91914240,Qwen3-14B,model.layers.30.mlp.down_proj.weight,mxfp8,down_proj,30,bfloat16
89128960,17408,5120,18.589886282512577,0.013836026073280567,0.119140625,0.02495693988949629,3.396316106987652,2.8937340455896714,2.3906209721284752,3.8666128928181465,0.9666532232045366,0.9730642614995365,5,0.08427104949951172,0.06818726483513327,0.02936990401324104,0.5013057933134191,2785280,4.25,178257920,47349760,Qwen3-14B,model.layers.30.mlp.gate_proj.weight,mxfp4,gate_proj,30,bfloat16
89128960,17408,5120,30.219857759446263,0.0009506359284673771,0.056640625,0.02495693988949629,3.396316106987652,2.8937340455896714,2.3906209721284752,6.529059987630723,0.8161324984538404,0.9730642614995365,5,5.250818589154412e-06,0.013987036312327665,0.009695557986988741,0.24340892118566176,2785280,8.25,178257920,91914240,Qwen3-14B,model.layers.30.mlp.gate_proj.weight,mxfp8,gate_proj,30,bfloat16
89128960,17408,5120,18.579738251202848,0.013868394110088788,0.0615234375,0.02577400889934127,3.143753390290453,2.8734458250157973,2.384018729714786,3.867553975961743,0.9668884939904357,0.9912364521395147,4,0.08503621045280906,0.07012491787181181,0.031040853612563188,0.4921659581801471,2785280,4.25,178257920,47349760,Qwen3-14B,model.layers.30.mlp.up_proj.weight,mxfp4,up_proj,30,bfloat16
89128960,17408,5120,30.18960444321268,0.0009572812568038959,0.0302734375,0.02577400889934127,3.143753390290453,2.8734458250157973,2.384018729714786,6.536208754931194,0.8170260943663993,0.9912364521395147,4,5.127401912913603e-06,0.015062646304859834,0.01053006789263557,0.25628123563878674,2785280,8.25,178257920,91914240,Qwen3-14B,model.layers.30.mlp.up_proj.weight,mxfp8,up_proj,30,bfloat16
5242880,1024,5120,18.59558563335687,0.013817880632746435,0.060546875,0.023625178719909257,3.8327433984089,2.967777633666992,2.4187749862670898,3.855472669535069,0.9638681673837672,1.1578672297874113,5,0.08750171661376953,0.062040519714355466,0.02636566162109375,0.460870361328125,163840,4.25,10485760,2785280,Qwen3-14B,model.layers.30.self_attn.k_proj.weight,mxfp4,k_proj,30,bfloat16
5242880,1024,5120,30.28853641127067,0.0009357209624996664,0.029296875,0.023625178719909257,3.8327433984089,2.967777633666992,2.4187749862670898,6.540850967934858,0.8176063709918573,1.1578672297874113,5,7.62939453125e-06,0.012529754638671875,0.008680152893066406,0.215673828125,163840,8.25,10485760,5406720,Qwen3-14B,model.layers.30.self_attn.k_proj.weight,mxfp8,k_proj,30,bfloat16
26214400,5120,5120,18.646006992709246,0.013658383438923397,0.064453125,0.024470781435625397,4.002867428631835,2.8468951034545897,2.375143508911133,3.8644329719718704,0.9661082429929676,1.001426327215977,6,0.08328041076660156,0.06563755035400391,0.027810020446777342,0.4813916015625,819200,4.25,52428800,13926400,Qwen3-14B,model.layers.30.self_attn.o_proj.weight,mxfp4,o_proj,30,bfloat16
26214400,5120,5120,30.283526585531586,0.0009368009909170023,0.0302734375,0.024470781435625397,4.002867428631835,2.8468951034545897,2.375143508911133,6.519742183811434,0.8149677729764293,1.001426327215977,6,5.5694580078125e-06,0.01312450408935547,0.009081954956054688,0.22662109375,819200,8.25,52428800,27033600,Qwen3-14B,model.layers.30.self_attn.o_proj.weight,mxfp8,o_proj,30,bfloat16
26214400,5120,5120,18.60751912364824,0.013779964147590147,0.060546875,0.02373556859353322,4.261024899936547,2.9548558807373047,2.412688179016113,3.856902523577988,0.964225630894497,1.103613341115116,5,0.08713981628417969,0.06231483459472656,0.02626251220703125,0.47159423828125,819200,4.25,52428800,13926400,Qwen3-14B,model.layers.30.self_attn.q_proj.weight,mxfp4,q_proj,30,bfloat16
26214400,5120,5120,30.272226423573663,0.0009392416820802323,0.029296875,0.02373556859353322,4.261024899936547,2.9548558807373047,2.412688179016113,6.538433403601983,0.8173041754502479,1.103613341115116,5,5.4931640625e-06,0.012370147705078126,0.008562850952148437,0.21615478515625,819200,8.25,52428800,27033600,Qwen3-14B,model.layers.30.self_attn.q_proj.weight,mxfp8,q_proj,30,bfloat16
5242880,1024,5120,18.418807124211153,0.014391938270538675,0.0556640625,0.025783483451854928,4.101951524182726,3.3317779541015624,2.527572441101074,3.833366163954075,0.9583415409885188,1.1326767057669145,4,0.10069904327392579,0.059096336364746094,0.026500129699707033,0.4382568359375,163840,4.25,10485760,2785280,Qwen3-14B,model.layers.30.self_attn.v_proj.weight,mxfp4,v_proj,30,bfloat16
5242880,1024,5120,30.209658802728928,0.0009528710220370752,0.0244140625,0.025783483451854928,4.101951524182726,3.3317779541015624,2.527572441101074,6.604761547637816,0.825595193454727,1.1326767057669145,4,7.05718994140625e-06,0.01317005157470703,0.009261894226074218,0.22489013671875,163840,8.25,10485760,5406720,Qwen3-14B,model.layers.30.self_attn.v_proj.weight,mxfp8,v_proj,30,bfloat16
89128960,5120,17408,18.562430840559667,0.013923772410075225,0.12109375,0.025945430399263003,3.3686656678679134,2.9100882137522976,2.3947770511402804,3.8641181156192106,0.9660295289048026,1.0858373163740451,8,0.0865998997407801,0.06908655727610868,0.03105936611399931,0.47200568704044116,2785280,4.25,178257920,47349760,Qwen3-14B,model.layers.31.mlp.down_proj.weight,mxfp4,down_proj,31,bfloat16
89128960,5120,17408,30.18763205323108,0.0009577161139942836,0.05859375,0.025945430399263003,3.3686656678679134,2.9100882137522976,2.3947770511402804,6.544599098927625,0.8180748873659531,1.0858373163740451,8,5.318136776194853e-06,0.015291797413545496,0.010744139727424173,0.2558740952435662,2785280,8.25,178257920,91914240,Qwen3-14B,model.layers.31.mlp.down_proj.weight,mxfp8,down_proj,31,bfloat16
89128960,17408,5120,18.58240297229839,0.013859887424244446,0.123046875,0.02491251205510149,3.3777289972090014,2.886564692328958,2.3874186571906595,3.868412479210302,0.9671031198025755,0.9604179768548424,5,0.08389775893267463,0.06943182103774127,0.029947998944450827,0.5101128073299632,2785280,4.25,178257920,47349760,Qwen3-14B,model.layers.31.mlp.gate_proj.weight,mxfp4,gate_proj,31,bfloat16
89128960,17408,5120,30.198389823399403,0.0009553467217226103,0.060546875,0.02491251205510149,3.3777289972090014,2.886564692328958,2.3874186571906595,6.528133146761631,0.8160166433452039,0.9604179768548424,5,5.161061006433824e-06,0.014247950385598576,0.009887504577636718,0.24887515797334558,2785280,8.25,178257920,91914240,Qwen3-14B,model.layers.31.mlp.gate_proj.weight,mxfp8,gate_proj,31,bfloat16
89128960,17408,5120,18.57787613983023,0.013874341694643808,0.072265625,0.025960799177048147,3.133374490408779,2.868523384543026,2.38186991074506,3.867800689125984,0.966950172281496,0.996321151200188,5,0.08504601646872127,0.07048982732436236,0.03132507099824793,0.49008106904871324,2785280,4.25,178257920,47349760,Qwen3-14B,model.layers.31.mlp.up_proj.weight,mxfp4,up_proj,31,bfloat16
89128960,17408,5120,30.18427850333927,0.0009584559320792774,0.0302734375,0.025960799177048147,3.133374490408779,2.868523384543026,2.38186991074506,6.536736244826132,0.8170920306032665,0.996321151200188,5,5.542530732996323e-06,0.015278075723087087,0.01068728951846852,0.2584296731387868,2785280,8.25,178257920,91914240,Qwen3-14B,model.layers.31.mlp.up_proj.weight,mxfp8,up_proj,31,bfloat16
5242880,1024,5120,18.541693456214347,0.013990416840922303,0.0615234375,0.022592190087155555,4.200291153148852,3.098054885864258,2.4516250610351564,3.849624262364456,0.962406065591114,1.2460358374158254,6,0.08987636566162109,0.059939002990722655,0.025654029846191407,0.4477294921875,163840,4.25,10485760,2785280,Qwen3-14B,model.layers.31.self_attn.k_proj.weight,mxfp4,k_proj,31,bfloat16
5242880,1024,5120,30.26235512891229,0.0009413789591211329,0.0302734375,0.022592190087155555,4.200291153148852,3.098054885864258,2.4516250610351564,6.551317957064003,0.8189147446330004,1.2460358374158254,6,5.14984130859375e-06,0.012267875671386718,0.008539581298828125,0.210894775390625,163840,8.25,10485760,5406720,Qwen3-14B,model.layers.31.self_attn.k_proj.weight,mxfp8,k_proj,31,bfloat16
26214400,5120,5120,18.642609015049636,0.013669074121100482,0.12109375,0.023869970583940536,4.024421070388834,2.858223304748535,2.379656753540039,3.862527424481223,0.9656318561203058,0.9907357994405105,6,0.0836822509765625,0.06434612274169922,0.02710521697998047,0.47444580078125,819200,4.25,52428800,13926400,Qwen3-14B,model.layers.31.self_attn.o_proj.weight,mxfp4,o_proj,31,bfloat16
26214400,5120,5120,30.284365661332878,0.0009366200143801375,0.05859375,0.023869970583940536,4.024421070388834,2.858223304748535,2.379656753540039,6.520304143902429,0.8150380179878036,0.9907357994405105,6,4.53948974609375e-06,0.012764968872070313,0.008827362060546875,0.220362548828125,819200,8.25,52428800,27033600,Qwen3-14B,model.layers.31.self_attn.o_proj.weight,mxfp8,o_proj,31,bfloat16
26214400,5120,5120,18.625832569510038,0.013721978769307263,0.0615234375,0.02356863331779765,4.006621229186056,2.9251019287109377,2.4020758056640625,3.858532051113119,0.9646330127782797,1.1028432739066498,5,0.08588363647460938,0.06254837036132813,0.02623992919921875,0.47279296875,819200,4.25,52428800,13926400,Qwen3-14B,model.layers.31.self_attn.q_proj.weight,mxfp4,q_proj,31,bfloat16
26214400,5120,5120,30.291260563104498,0.0009351342070162172,0.0302734375,0.02356863331779765,4.006621229186056,2.9251019287109377,2.4020758056640625,6.531396401642538,0.8164245502053172,1.1028432739066498,5,4.61578369140625e-06,0.012337265014648437,0.008537368774414062,0.21549560546875,819200,8.25,52428800,27033600,Qwen3-14B,model.layers.31.self_attn.q_proj.weight,mxfp8,q_proj,31,bfloat16
5242880,1024,5120,18.609832018605665,0.013772627392095267,0.03125,0.02623227359643763,3.5540986372910073,3.0591846466064454,2.4512607574462892,3.841446596212241,0.9603616490530602,1.0693873932233127,4,0.09548301696777343,0.05785350799560547,0.025091171264648438,0.415936279296875,163840,4.25,10485760,2785280,Qwen3-14B,model.layers.31.self_attn.v_proj.weight,mxfp4,v_proj,31,bfloat16
5242880,1024,5120,30.402936489257556,0.0009113943901621286,0.01513671875,0.02623227359643763,3.5540986372910073,3.0591846466064454,2.4512607574462892,6.575028414505507,0.8218785518131884,1.0693873932233127,4,5.340576171875e-06,0.012200927734375,0.008557319641113281,0.203759765625,163840,8.25,10485760,5406720,Qwen3-14B,model.layers.31.self_attn.v_proj.weight,mxfp8,v_proj,31,bfloat16
89128960,5120,17408,18.57460863381936,0.013884784275710984,0.2421875,0.026076526543917972,3.3492106910382344,2.8902005812701055,2.3886916216681984,3.864170779592045,0.9660426948980112,1.1076451566804049,7,0.08628786872414981,0.06898928249583525,0.0310610154095818,0.46591330135569853,2785280,4.25,178257920,47349760,Qwen3-14B,model.layers.32.mlp.down_proj.weight,mxfp4,down_proj,32,bfloat16
89128960,5120,17408,30.199715167863875,0.0009550552212861618,0.1171875,0.026076526543917972,3.3492106910382344,2.8902005812701055,2.3886916216681984,6.54247854598244,0.817809818247805,1.1076451566804049,7,5.262038286994485e-06,0.015320396423339844,0.01077568951775046,0.25439524931066176,2785280,8.25,178257920,91914240,Qwen3-14B,model.layers.32.mlp.down_proj.weight,mxfp8,down_proj,32,bfloat16
89128960,17408,5120,18.58118454466856,0.013863776407319128,0.12109375,0.024912236293605148,3.3381365744567644,2.875686757704791,2.3834299087524413,3.869484675982729,0.9673711689956822,0.9546148819483575,6,0.08357276916503906,0.07012775645536536,0.03033267750459559,0.5142703785615809,2785280,4.25,178257920,47349760,Qwen3-14B,model.layers.32.mlp.gate_proj.weight,mxfp4,gate_proj,32,bfloat16
89128960,17408,5120,30.186574279876353,0.0009579494050003852,0.05859375,0.024912236293605148,3.3381365744567644,2.875686757704791,2.3834299087524413,6.527118256842858,0.8158897821053572,0.9546148819483575,6,4.992765538832721e-06,0.014446303423713235,0.010011987125172334,0.2519021426930147,2785280,8.25,178257920,91914240,Qwen3-14B,model.layers.32.mlp.gate_proj.weight,mxfp8,gate_proj,32,bfloat16
89128960,17408,5120,18.58048863691934,0.013865998098559233,0.0615234375,0.02611514890122001,3.1196911953361495,2.861988909104291,2.3795018925386318,3.8678128280035735,0.9669532070008934,0.9988420529739395,4,0.08496497659122243,0.07057401993695428,0.03145472582648782,0.48631591796875,2785280,4.25,178257920,47349760,Qwen3-14B,model.layers.32.mlp.up_proj.weight,mxfp4,up_proj,32,bfloat16
89128960,17408,5120,30.188884227197676,0.0009574400215341922,0.0302734375,0.02611514890122001,3.1196911953361495,2.861988909104291,2.3795018925386318,6.536564060098376,0.817070507512297,0.9988420529739395,4,5.127401912913603e-06,0.01538382137522978,0.010780525207519532,0.2591290642233456,2785280,8.25,178257920,91914240,Qwen3-14B,model.layers.32.mlp.up_proj.weight,mxfp8,up_proj,32,bfloat16
5242880,1024,5120,18.624938152652636,0.013724805061958483,0.044921875,0.022849519752426457,3.7448565946542387,2.962278938293457,2.416917610168457,3.852661782438721,0.9631654456096802,1.0496286146324143,5,0.08704395294189453,0.059295272827148436,0.02476673126220703,0.447509765625,163840,4.25,10485760,2785280,Qwen3-14B,model.layers.32.self_attn.k_proj.weight,mxfp4,k_proj,32,bfloat16
5242880,1024,5120,30.321436271262648,0.0009286592156833148,0.01513671875,0.022849519752426457,3.7448565946542387,2.962278938293457,2.416917610168457,6.533322924263285,0.8166653655329106,1.0496286146324143,5,6.103515625e-06,0.011669540405273437,0.008080673217773438,0.201947021484375,163840,8.25,10485760,5406720,Qwen3-14B,model.layers.32.self_attn.k_proj.weight,mxfp8,k_proj,32,bfloat16
26214400,5120,5120,18.629763385417746,0.013709564572941127,0.083984375,0.024132681005582145,3.7679699748976323,2.8474639892578124,2.374902381896973,3.864840389374142,0.9662100973435355,1.0229486327018815,7,0.08348640441894531,0.0662277603149414,0.02825389862060547,0.480321044921875,819200,4.25,52428800,13926400,Qwen3-14B,model.layers.32.self_attn.o_proj.weight,mxfp4,o_proj,32,bfloat16
26214400,5120,5120,30.25639205621101,0.0009426724056146959,0.0302734375,0.024132681005582145,3.7679699748976323,2.8474639892578124,2.374902381896973,6.522140856913101,0.8152676071141376,1.0229486327018815,7,4.99725341796875e-06,0.013411979675292968,0.009313430786132813,0.2305517578125,819200,8.25,52428800,27033600,Qwen3-14B,model.layers.32.self_attn.o_proj.weight,mxfp8,o_proj,32,bfloat16
26214400,5120,5120,18.634005238182763,0.013696180667339393,0.060546875,0.02306509146629542,3.8196380579068663,2.928102569580078,2.4039266967773436,3.856403956406417,0.9641009891016042,1.0255909302341644,5,0.08605789184570313,0.061165237426757814,0.02543109893798828,0.463812255859375,819200,4.25,52428800,13926400,Qwen3-14B,model.layers.32.self_attn.q_proj.weight,mxfp4,q_proj,32,bfloat16
26214400,5120,5120,30.314420151844214,0.0009301606968430594,0.029296875,0.02306509146629542,3.8196380579068663,2.928102569580078,2.4039266967773436,6.530652922758608,0.816331615344826,1.0255909302341644,5,5.1116943359375e-06,0.011912040710449219,0.008228492736816407,0.207821044921875,819200,8.25,52428800,27033600,Qwen3-14B,model.layers.32.self_attn.q_proj.weight,mxfp8,q_proj,32,bfloat16
5242880,1024,5120,18.521056964471686,0.014057053688619776,0.060546875,0.026445019606260063,3.719222527202683,3.1455810546875,2.4745532989501955,3.842869173756425,0.9607172934391063,1.0932005833297536,3,0.09600334167480469,0.06025352478027344,0.026717948913574218,0.436285400390625,163840,4.25,10485760,2785280,Qwen3-14B,model.layers.32.self_attn.v_proj.weight,mxfp4,v_proj,32,bfloat16
5242880,1024,5120,30.271782358017852,0.0009393377243329291,0.029296875,0.026445019606260063,3.719222527202683,3.1455810546875,2.4745532989501955,6.581973348115882,0.8227466685144853,1.0932005833297536,3,4.57763671875e-06,0.013111305236816407,0.009240150451660156,0.22117919921875,163840,8.25,10485760,5406720,Qwen3-14B,model.layers.32.self_attn.v_proj.weight,mxfp8,v_proj,32,bfloat16
89128960,17408,5120,18.583855915306252,0.0138552513399305,0.1171875,0.024826323378996203,3.238609788646722,2.865355603835162,2.3804484984453986,3.8706349007660883,0.9676587251915221,0.9401808048231891,6,0.08321560130399816,0.07084222681382123,0.03061200310202206,0.5207264619715074,2785280,4.25,178257920,47349760,Qwen3-14B,model.layers.33.mlp.gate_proj.weight,mxfp4,gate_proj,33,bfloat16
89128960,17408,5120,30.178067990855762,0.00095982752691126,0.0546875,0.024826323378996203,3.238609788646722,2.865355603835162,2.3804484984453986,6.525399978567443,0.8156749973209304,0.9401808048231891,6,4.947886747472427e-06,0.014562012167537913,0.010087394714355468,0.25482931698069855,2785280,8.25,178257920,91914240,Qwen3-14B,model.layers.33.mlp.gate_proj.weight,mxfp8,gate_proj,33,bfloat16
5242880,1024,5120,18.58596952739989,0.013848509945994198,0.056640625,0.021897730767954385,4.079242478187476,3.0408496856689453,2.439030075073242,3.8484493294720066,0.9621123323680016,1.2184774793736437,5,0.08934898376464843,0.05878124237060547,0.024985122680664062,0.433489990234375,163840,4.25,10485760,2785280,Qwen3-14B,model.layers.33.self_attn.k_proj.weight,mxfp4,k_proj,33,bfloat16
5242880,1024,5120,30.32795868333297,0.0009272655640927061,0.025390625,0.021897730767954385,4.079242478187476,3.0408496856689453,2.439030075073242,6.5466051748764436,0.8183256468595554,1.2184774793736437,5,4.9591064453125e-06,0.011964988708496094,0.008302116394042968,0.20286865234375,163840,8.25,10485760,5406720,Qwen3-14B,model.layers.33.self_attn.k_proj.weight,mxfp8,k_proj,33,bfloat16
26214400,5120,5120,18.606562942036856,0.01378299840187344,0.060546875,0.02418104339735903,3.271033848414268,2.853346710205078,2.3773409271240236,3.8682932044851603,0.9670733011212901,1.0145657949415154,5,0.08329376220703125,0.06886173248291015,0.029537467956542968,0.505382080078125,819200,4.25,52428800,13926400,Qwen3-14B,model.layers.33.self_attn.o_proj.weight,mxfp4,o_proj,33,bfloat16
26214400,5120,5120,30.207545102724094,0.000953334894771353,0.0244140625,0.02418104339735903,3.271033848414268,2.853346710205078,2.3773409271240236,6.523695364773632,0.815461920596704,1.0145657949415154,5,5.14984130859375e-06,0.014031715393066406,0.00972339630126953,0.244197998046875,819200,8.25,52428800,27033600,Qwen3-14B,model.layers.33.self_attn.o_proj.weight,mxfp8,o_proj,33,bfloat16
26214400,5120,5120,18.620048400023506,0.013740266620633332,0.068359375,0.023300323385902568,3.940331313409299,2.9418982315063475,2.4081148529052734,3.8573378978163184,0.9643344744540796,1.0406905492575258,5,0.0866312026977539,0.062092247009277346,0.02595039367675781,0.47428955078125,819200,4.25,52428800,13926400,Qwen3-14B,model.layers.33.self_attn.q_proj.weight,mxfp4,q_proj,33,bfloat16
26214400,5120,5120,30.28839920494404,0.0009357505251281229,0.0302734375,0.023300323385902568,3.940331313409299,2.9418982315063475,2.4081148529052734,6.535136153851212,0.8168920192314015,1.0406905492575258,5,5.22613525390625e-06,0.012178726196289062,0.008381271362304687,0.212799072265625,819200,8.25,52428800,27033600,Qwen3-14B,model.layers.33.self_attn.q_proj.weight,mxfp8,q_proj,33,bfloat16
5242880,1024,5120,18.513037506072468,0.01408303470075206,0.05859375,0.025692832213517567,3.893959303252228,3.2175498962402345,2.49810676574707,3.8343760121512855,0.9585940030378214,1.1167961812758331,5,0.09889049530029297,0.05693798065185547,0.024936485290527343,0.41822509765625,163840,4.25,10485760,2785280,Qwen3-14B,model.layers.33.self_attn.v_proj.weight,mxfp4,v_proj,33,bfloat16
5242880,1024,5120,30.312970059846407,0.0009304713256553116,0.02734375,0.025692832213517567,3.893959303252228,3.2175498962402345,2.49810676574707,6.5912901904769985,0.8239112738096248,1.1167961812758331,5,6.29425048828125e-06,0.012217140197753907,0.00861530303955078,0.207073974609375,163840,8.25,10485760,5406720,Qwen3-14B,model.layers.33.self_attn.v_proj.weight,mxfp8,v_proj,33,bfloat16
89128960,5120,17408,18.586381670854255,0.013847195791163691,0.125,0.026257369160095356,3.3581471787138337,2.870207977294922,2.382621047076057,3.863883464613249,0.9659708661533123,1.1268236345730214,7,0.08601019242230584,0.06861918954288258,0.030956481484805835,0.45785594267003676,2785280,4.25,178257920,47349760,Qwen3-14B,model.layers.33.mlp.down_proj.weight,mxfp4,down_proj,33,bfloat16
89128960,5120,17408,30.215980308423358,0.0009514850505208535,0.060546875,0.026257369160095356,3.3581471787138337,2.870207977294922,2.382621047076057,6.540474666453299,0.8175593333066624,1.1268236345730214,7,5.351795869715073e-06,0.015298226300407858,0.010771796282599954,0.25203749712775736,2785280,8.25,178257920,91914240,Qwen3-14B,model.layers.33.mlp.down_proj.weight,mxfp8,down_proj,33,bfloat16
89128960,17408,5120,18.58202911148765,0.013861080598922588,0.1171875,0.02628082789096577,3.1327217733470496,2.857920972038718,2.3780838461483227,3.8675791592724695,0.9668947898181174,1.0029156380602313,5,0.08512311823227826,0.0705593557918773,0.03160799811868106,0.48253461052389707,2785280,4.25,178257920,47349760,Qwen3-14B,model.layers.33.mlp.up_proj.weight,mxfp4,up_proj,33,bfloat16
89128960,17408,5120,30.19034388357578,0.0009571182816401095,0.048828125,0.02628082789096577,3.1327217733470496,2.857920972038718,2.3780838461483227,6.537368799748315,0.8171710999685394,1.0029156380602313,5,4.57763671875e-06,0.015494200762580422,0.010871898426729091,0.2598219927619485,2785280,8.25,178257920,91914240,Qwen3-14B,model.layers.33.mlp.up_proj.weight,mxfp8,up_proj,33,bfloat16
89128960,5120,17408,18.591772635642506,0.013830017716088728,0.15234375,0.026348016039715937,3.405870042551869,2.860150505514706,2.3791443319881664,3.8637722077952414,0.9659430519488104,1.12770972578606,7,0.08583609637092142,0.06846964219037224,0.03085446077234605,0.45372350356158087,2785280,4.25,178257920,47349760,Qwen3-14B,model.layers.34.mlp.down_proj.weight,mxfp4,down_proj,34,bfloat16
89128960,5120,17408,30.22669912852004,0.0009491395863184617,0.0546875,0.026348016039715937,3.405870042551869,2.860150505514706,2.3791443319881664,6.539220013103217,0.8174025016379022,1.12770972578606,7,5.6659474092371326e-06,0.015263669631060432,0.010757928736069624,0.2505119772518382,2785280,8.25,178257920,91914240,Qwen3-14B,model.layers.34.mlp.down_proj.weight,mxfp8,down_proj,34,bfloat16
89128960,17408,5120,18.588591932630344,0.01384015030889355,0.111328125,0.02472668642905092,3.218733373142501,2.860029826444738,2.378687286376953,3.8710252071225044,0.9677563017806261,0.9280397922345432,5,0.08295557358685662,0.07093242196475759,0.03054801716524012,0.5234392951516544,2785280,4.25,178257920,47349760,Qwen3-14B,model.layers.34.mlp.gate_proj.weight,mxfp4,gate_proj,34,bfloat16
89128960,17408,5120,30.18058291414325,0.0009592718685012682,0.048828125,0.02472668642905092,3.218733373142501,2.860029826444738,2.378687286376953,6.523936263124306,0.8154920328905383,0.9280397922345432,5,4.903007956112133e-06,0.014485437729779413,0.01002347609576057,0.2541288488051471,2785280,8.25,178257920,91914240,Qwen3-14B,model.layers.34.mlp.gate_proj.weight,mxfp8,gate_proj,34,bfloat16
89128960,17408,5120,18.58484507911465,0.013852095980350816,0.12109375,0.02639710379923889,3.13564035854309,2.855015541525448,2.3768710641299977,3.8674772209410366,0.9668693052352592,1.0045810873282415,5,0.08511621811810662,0.0705341563505285,0.03161156598259421,0.4797808478860294,2785280,4.25,178257920,47349760,Qwen3-14B,model.layers.34.mlp.up_proj.weight,mxfp4,up_proj,34,bfloat16
89128960,17408,5120,30.196508539516664,0.0009557606500120796,0.03515625,0.02639710379923889,3.13564035854309,2.855015541525448,2.3768710641299977,6.537368415952297,0.8171710519940372,1.0045810873282415,5,5.396674661075368e-06,0.015518771900850183,0.010889928481158087,0.2593692555147059,2785280,8.25,178257920,91914240,Qwen3-14B,model.layers.34.mlp.up_proj.weight,mxfp8,up_proj,34,bfloat16
5242880,1024,5120,18.577017076517915,0.013877086402976377,0.0546875,0.02138847383064863,4.441174120697072,3.0945785522460936,2.455625534057617,3.843685298168474,0.9609213245421185,1.2622374077652598,5,0.09016304016113282,0.05646648406982422,0.023884391784667967,0.4212158203125,163840,4.25,10485760,2785280,Qwen3-14B,model.layers.34.self_attn.k_proj.weight,mxfp4,k_proj,34,bfloat16
5242880,1024,5120,30.35548896245818,0.0009214061438348844,0.0234375,0.02138847383064863,4.441174120697072,3.0945785522460936,2.455625534057617,6.548338318034402,0.8185422897543002,1.2622374077652598,5,6.103515625e-06,0.011445999145507812,0.008008384704589843,0.19564208984375,163840,8.25,10485760,5406720,Qwen3-14B,model.layers.34.self_attn.k_proj.weight,mxfp8,k_proj,34,bfloat16
26214400,5120,5120,18.60889080384577,0.013775612556658469,0.08203125,0.024450419248846018,3.2813423510432838,2.843655853271484,2.373240852355957,3.8685291051446833,0.9671322762861708,1.0270098961568397,6,0.08318988800048828,0.06909183502197265,0.02980205535888672,0.50105224609375,819200,4.25,52428800,13926400,Qwen3-14B,model.layers.34.self_attn.o_proj.weight,mxfp4,o_proj,34,bfloat16
26214400,5120,5120,30.210417198379808,0.0009527046395074002,0.0244140625,0.024450419248846018,3.2813423510432838,2.843655853271484,2.373240852355957,6.523285962677148,0.8154107453346435,1.0270098961568397,6,4.69207763671875e-06,0.014209671020507813,0.009844551086425781,0.244859619140625,819200,8.25,52428800,27033600,Qwen3-14B,model.layers.34.self_attn.o_proj.weight,mxfp8,o_proj,34,bfloat16
26214400,5120,5120,18.622350952493584,0.013732983705289803,0.0615234375,0.022860005441082618,4.275967703753662,2.979355812072754,2.419301681518555,3.852352682128881,0.9630881705322203,1.0365429682533656,5,0.0876620864868164,0.05932628631591797,0.024556961059570313,0.452725830078125,819200,4.25,52428800,13926400,Qwen3-14B,model.layers.34.self_attn.q_proj.weight,mxfp4,q_proj,34,bfloat16
26214400,5120,5120,30.325094419532505,0.0009278773170193343,0.0302734375,0.022860005441082618,4.275967703753662,2.979355812072754,2.419301681518555,6.53755274141983,0.8171940926774788,1.0365429682533656,5,5.45501708984375e-06,0.011478195190429688,0.00792522430419922,0.199827880859375,819200,8.25,52428800,27033600,Qwen3-14B,model.layers.34.self_attn.q_proj.weight,mxfp8,q_proj,34,bfloat16
5242880,1024,5120,18.573584362675916,0.013888059348656808,0.0556640625,0.026476472854462495,3.907217245046936,3.180531311035156,2.4908824920654298,3.8351017360369632,0.9587754340092408,1.1146046393585776,4,0.09720458984375,0.055738639831542966,0.02397785186767578,0.418084716796875,163840,4.25,10485760,2785280,Qwen3-14B,model.layers.34.self_attn.v_proj.weight,mxfp4,v_proj,34,bfloat16
5242880,1024,5120,30.393657779145748,0.0009133436676378301,0.0244140625,0.026476472854462495,3.907217245046936,3.180531311035156,2.4908824920654298,6.581615763764244,0.8227019704705305,1.1146046393585776,4,5.91278076171875e-06,0.011665725708007812,0.008195304870605468,0.199078369140625,163840,8.25,10485760,5406720,Qwen3-14B,model.layers.34.self_attn.v_proj.weight,mxfp8,v_proj,34,bfloat16
89128960,5120,17408,18.591944610772355,0.013829470075696997,0.1953125,0.026338741857249066,3.453426328262102,2.861779650519876,2.380159220975988,3.8636099757532167,0.9659024939383042,1.1040840669863388,8,0.08579563814051011,0.06833536484662224,0.03078354106229894,0.4542746151194853,2785280,4.25,178257920,47349760,Qwen3-14B,model.layers.35.mlp.down_proj.weight,mxfp4,down_proj,35,bfloat16
89128960,5120,17408,30.229549938578867,0.0009485167534466696,0.06640625,0.026338741857249066,3.453426328262102,2.861779650519876,2.380159220975988,6.539244596742159,0.8174055745927699,1.1040840669863388,8,5.172280704273897e-06,0.015201018838321461,0.010692663753733915,0.24968548943014707,2785280,8.25,178257920,91914240,Qwen3-14B,model.layers.35.mlp.down_proj.weight,mxfp8,down_proj,35,bfloat16
89128960,17408,5120,18.589300069642437,0.013837893793070271,0.123046875,0.024569940092396242,3.3465758989650127,2.868309896132525,2.380972469554228,3.8705693121281883,0.9676423280320471,0.9213150721342178,5,0.08292290182674632,0.07042686238008387,0.030185475068933824,0.5244330911075368,2785280,4.25,178257920,47349760,Qwen3-14B,model.layers.35.mlp.gate_proj.weight,mxfp4,gate_proj,35,bfloat16
89128960,17408,5120,30.18607670896007,0.0009580591634911919,0.060546875,0.024569940092396242,3.3465758989650127,2.868309896132525,2.380972469554228,6.523046113146805,0.8153807641433506,0.9213150721342178,5,5.0600837258731616e-06,0.01425001481000115,0.009847528794232537,0.25139267865349263,2785280,8.25,178257920,91914240,Qwen3-14B,model.layers.35.mlp.gate_proj.weight,mxfp8,gate_proj,35,bfloat16
89128960,17408,5120,18.58784392183599,0.013842534284249438,0.064453125,0.026500911325985435,3.1110942543669307,2.8551683986888214,2.377234526241527,3.8669650819394503,0.9667412704848626,1.0068449993349555,5,0.08517333759981043,0.07019787956686581,0.031494881125057446,0.4765869140625,2785280,4.25,178257920,47349760,Qwen3-14B,model.layers.35.mlp.up_proj.weight,mxfp4,up_proj,35,bfloat16
89128960,17408,5120,30.20470395115169,0.0009539587698638128,0.0302734375,0.026500911325985435,3.1110942543669307,2.8551683986888214,2.377234526241527,6.537409587684385,0.8171761984605481,1.0068449993349555,5,5.486432243795956e-06,0.015484226451200598,0.010871662813074449,0.25825841567095587,2785280,8.25,178257920,91914240,Qwen3-14B,model.layers.35.mlp.up_proj.weight,mxfp8,up_proj,35,bfloat16
5242880,1024,5120,18.56769739012662,0.013906897732646221,0.052734375,0.020851184106539945,4.3623599568892475,3.0907835006713866,2.4547279357910154,3.8426451625406814,0.9606612906351704,1.272777395448156,6,0.09113922119140624,0.05660381317138672,0.02421722412109375,0.415948486328125,163840,4.25,10485760,2785280,Qwen3-14B,model.layers.35.self_attn.k_proj.weight,mxfp4,k_proj,35,bfloat16
5242880,1024,5120,30.33345766287818,0.0009260922156409335,0.0185546875,0.020851184106539945,4.3623599568892475,3.0907835006713866,2.4547279357910154,6.553454310723638,0.8191817888404548,1.272777395448156,6,5.7220458984375e-06,0.011647987365722656,0.008135414123535157,0.19661865234375,163840,8.25,10485760,5406720,Qwen3-14B,model.layers.35.self_attn.k_proj.weight,mxfp8,k_proj,35,bfloat16
26214400,5120,5120,18.60371981313545,0.013792024459643162,0.0625,0.024581896487705736,3.487946825384801,2.8600159454345704,2.379905128479004,3.8668024213735483,0.9667006053433871,1.0449085221135876,7,0.08397594451904297,0.06830429077148438,0.029587249755859375,0.49248779296875,819200,4.25,52428800,13926400,Qwen3-14B,model.layers.35.self_attn.o_proj.weight,mxfp4,o_proj,35,bfloat16
26214400,5120,5120,30.21584294791703,0.0009515151449707333,0.03125,0.024581896487705736,3.487946825384801,2.8600159454345704,2.379905128479004,6.527604130250371,0.8159505162812963,1.0449085221135876,7,5.53131103515625e-06,0.014145927429199219,0.009826736450195312,0.243321533203125,819200,8.25,52428800,27033600,Qwen3-14B,model.layers.35.self_attn.o_proj.weight,mxfp8,o_proj,35,bfloat16
26214400,5120,5120,18.609625113628102,0.01377328355816731,0.0615234375,0.02210794843580284,4.274486495142183,3.013650360107422,2.4306060791015627,3.849180406982251,0.9622951017455628,1.1143227123905168,5,0.08916191101074218,0.058354034423828124,0.02448780059814453,0.442109375,819200,4.25,52428800,13926400,Qwen3-14B,model.layers.35.self_attn.q_proj.weight,mxfp4,q_proj,35,bfloat16
26214400,5120,5120,30.328294886161395,0.000927193783940796,0.0302734375,0.02210794843580284,4.274486495142183,3.013650360107422,2.4306060791015627,6.544690834860223,0.8180863543575279,1.1143227123905168,5,5.4931640625e-06,0.011518287658691406,0.007986412048339844,0.198944091796875,819200,8.25,52428800,27033600,Qwen3-14B,model.layers.35.self_attn.q_proj.weight,mxfp8,q_proj,35,bfloat16
5242880,1024,5120,18.48994823546897,0.014158106552204983,0.03125,0.026415202785826358,3.6670426400491745,3.1608816146850587,2.489130401611328,3.843049356745166,0.9607623391862915,1.0779055734221852,4,0.09740848541259765,0.0618743896484375,0.027646255493164063,0.453582763671875,163840,4.25,10485760,2785280,Qwen3-14B,model.layers.35.self_attn.v_proj.weight,mxfp4,v_proj,35,bfloat16
5242880,1024,5120,30.225055922767847,0.0009494987727191278,0.01513671875,0.026415202785826358,3.6670426400491745,3.1608816146850587,2.489130401611328,6.590351085794769,0.8237938857243461,1.0779055734221852,4,6.29425048828125e-06,0.013630104064941407,0.00957794189453125,0.233233642578125,163840,8.25,10485760,5406720,Qwen3-14B,model.layers.35.self_attn.v_proj.weight,mxfp8,v_proj,35,bfloat16
89128960,5120,17408,18.591483660589557,0.013830937981768763,0.1875,0.02633270926573674,3.322129015214679,2.8644542918485754,2.381549700568704,3.8635330369749927,0.9658832592437482,1.0970739779791066,6,0.08592137729420382,0.0683264788459329,0.030773645288803997,0.4551474178538603,2785280,4.25,178257920,47349760,Qwen3-14B,model.layers.36.mlp.down_proj.weight,mxfp4,down_proj,36,bfloat16
89128960,5120,17408,30.22387308267863,0.0009497574124711,0.0625,0.02633270926573674,3.322129015214679,2.8644542918485754,2.381549700568704,6.539676120303765,0.8174595150379707,1.0970739779791066,6,5.419114056755515e-06,0.015193939208984375,0.010704938103170955,0.2501673081341912,2785280,8.25,178257920,91914240,Qwen3-14B,model.layers.36.mlp.down_proj.weight,mxfp8,down_proj,36,bfloat16
89128960,17408,5120,18.60121856925016,0.013799970025204805,0.12109375,0.024216631940590923,3.349232101795609,2.8726461859310373,2.3828100316664753,3.869775179603775,0.9674437949009438,0.8952580452889494,5,0.08269210142247817,0.06942381017348345,0.029401689417221967,0.5260975557215074,2785280,4.25,178257920,47349760,Qwen3-14B,model.layers.36.mlp.gate_proj.weight,mxfp4,gate_proj,36,bfloat16
89128960,17408,5120,30.206244091064647,0.0009536205271386482,0.05859375,0.024216631940590923,3.349232101795609,2.8726461859310373,2.3828100316664753,6.520303281095176,0.815037910136897,0.8952580452889494,5,4.745932186351103e-06,0.013769867840935202,0.009480083689970128,0.2449053596047794,2785280,8.25,178257920,91914240,Qwen3-14B,model.layers.36.mlp.gate_proj.weight,mxfp8,gate_proj,36,bfloat16
89128960,17408,5120,18.590212892930435,0.013834985576446072,0.087890625,0.0265455576792336,3.1379528064201465,2.8592065811157226,2.378582550497616,3.8663386176926555,0.9665846544231639,1.0103179442060644,5,0.08539463492000804,0.06983667261460248,0.03131437862620634,0.47398394416360295,2785280,4.25,178257920,47349760,Qwen3-14B,model.layers.36.mlp.up_proj.weight,mxfp4,up_proj,36,bfloat16
89128960,17408,5120,30.213823646118215,0.0009519576656751689,0.0302734375,0.0265455576792336,3.1379528064201465,2.8592065811157226,2.378582550497616,6.538198358685428,0.8172747948356786,1.0103179442060644,5,5.295697380514706e-06,0.015379692526424632,0.010790420981014476,0.25632108800551473,2785280,8.25,178257920,91914240,Qwen3-14B,model.layers.36.mlp.up_proj.weight,mxfp8,up_proj,36,bfloat16
5242880,1024,5120,18.576087400125022,0.01388005733194752,0.099609375,0.02294799923192907,3.9853265283590447,3.038949203491211,2.4361976623535155,3.852731276741901,0.9631828191854752,1.1980020689355437,5,0.0885549545288086,0.060451698303222653,0.02543487548828125,0.459173583984375,163840,4.25,10485760,2785280,Qwen3-14B,model.layers.36.self_attn.k_proj.weight,mxfp4,k_proj,36,bfloat16
5242880,1024,5120,30.307533777813752,0.0009316367725925154,0.037109375,0.02294799923192907,3.9853265283590447,3.038949203491211,2.4361976623535155,6.5440904264710955,0.8180113033088869,1.1980020689355437,5,3.814697265625e-06,0.01204090118408203,0.008319854736328125,0.20958251953125,163840,8.25,10485760,5406720,Qwen3-14B,model.layers.36.self_attn.k_proj.weight,mxfp8,k_proj,36,bfloat16
26214400,5120,5120,18.616333139797273,0.013752026039584692,0.11328125,0.02463952329527565,3.5688023512433875,2.850109786987305,2.3760947036743163,3.866181842396918,0.9665454605992295,1.0276830863674575,7,0.08380901336669921,0.06768238067626953,0.02925025939941406,0.48599365234375,819200,4.25,52428800,13926400,Qwen3-14B,model.layers.36.self_attn.o_proj.weight,mxfp4,o_proj,36,bfloat16
26214400,5120,5120,30.23503417183374,0.0009473197306265147,0.05078125,0.02463952329527565,3.5688023512433875,2.850109786987305,2.3760947036743163,6.525865328643306,0.8157331660804132,1.0276830863674575,7,4.23431396484375e-06,0.013977127075195312,0.009699859619140626,0.2390380859375,819200,8.25,52428800,27033600,Qwen3-14B,model.layers.36.self_attn.o_proj.weight,mxfp8,o_proj,36,bfloat16
26214400,5120,5120,18.605666412764165,0.013785843968089575,0.0625,0.022204276948289768,4.40503357372861,2.9943238067626954,2.4229845428466796,3.853374321919925,0.9633435804799813,1.07599268941008,5,0.08680225372314453,0.05944271087646484,0.0245001220703125,0.458145751953125,819200,4.25,52428800,13926400,Qwen3-14B,model.layers.36.self_attn.q_proj.weight,mxfp4,q_proj,36,bfloat16
26214400,5120,5120,30.313434404954126,0.0009303718455262791,0.0302734375,0.022204276948289768,4.40503357372861,2.9943238067626954,2.4229845428466796,6.532762267401377,0.8165952834251722,1.07599268941008,5,6.7901611328125e-06,0.011392784118652344,0.007854766845703125,0.2001220703125,819200,8.25,52428800,27033600,Qwen3-14B,model.layers.36.self_attn.q_proj.weight,mxfp8,q_proj,36,bfloat16
5242880,1024,5120,18.56337108375281,0.013920758253620174,0.0576171875,0.028412429033661545,3.6365606113893447,3.1485830307006837,2.4726232528686523,3.8321709153324925,0.9580427288331231,1.0387804687490199,4,0.09992084503173829,0.05712833404541016,0.025681304931640624,0.3842041015625,163840,4.25,10485760,2785280,Qwen3-14B,model.layers.36.self_attn.v_proj.weight,mxfp4,v_proj,36,bfloat16
5242880,1024,5120,30.382521222218003,0.0009156887483734627,0.0263671875,0.028412429033661545,3.6365606113893447,3.1485830307006837,2.4726232528686523,6.596078971044866,0.8245098713806083,1.0387804687490199,4,5.7220458984375e-06,0.012955665588378906,0.009218406677246094,0.20850830078125,163840,8.25,10485760,5406720,Qwen3-14B,model.layers.36.self_attn.v_proj.weight,mxfp8,v_proj,36,bfloat16
89128960,5120,17408,18.56878725231518,0.013903408233927135,0.21875,0.026086863771055825,3.513669626654647,2.8848597807042737,2.3885030409869024,3.865119469482616,0.966279867370654,1.0487394367049072,8,0.08597709431367762,0.06940388399011949,0.031138936211081113,0.47467902688419117,2785280,4.25,178257920,47349760,Qwen3-14B,model.layers.37.mlp.down_proj.weight,mxfp4,down_proj,37,bfloat16
89128960,5120,17408,30.190625872005832,0.0009570561377421697,0.09375,0.026086863771055825,3.513669626654647,2.8848597807042737,2.3885030409869024,6.541507813144534,0.8176884766430668,1.0487394367049072,8,4.92544735179228e-06,0.015302770278033088,0.010740145514993107,0.25612469841452207,2785280,8.25,178257920,91914240,Qwen3-14B,model.layers.37.mlp.down_proj.weight,mxfp8,down_proj,37,bfloat16
89128960,17408,5120,18.606391548840623,0.013783542355080967,0.119140625,0.023890776403105364,3.391702897161996,2.8859307233025047,2.3871211781221278,3.867920081487949,0.9669800203719873,0.885093659321762,5,0.08290677912095014,0.06786911908318015,0.028503440408145682,0.5194870892693014,2785280,4.25,178257920,47349760,Qwen3-14B,model.layers.37.mlp.gate_proj.weight,mxfp4,gate_proj,37,bfloat16
89128960,17408,5120,30.224180912589343,0.0009496900956180274,0.056640625,0.023890776403105364,3.391702897161996,2.8859307233025047,2.3871211781221278,6.519826466946541,0.8149783083683176,0.885093659321762,5,5.116182215073529e-06,0.013271589840159697,0.009120862624224494,0.2366555606617647,2785280,8.25,178257920,91914240,Qwen3-14B,model.layers.37.mlp.gate_proj.weight,mxfp8,gate_proj,37,bfloat16
89128960,17408,5120,18.58771736382781,0.013842937676225702,0.140625,0.026467696670165266,3.186875478113181,2.865277324003332,2.3806880053351906,3.8657428862959953,0.9664357215739988,1.0140586309817896,6,0.0855672050924862,0.06943663428811465,0.03108067232019761,0.4720681583180147,2785280,4.25,178257920,47349760,Qwen3-14B,model.layers.37.mlp.up_proj.weight,mxfp4,up_proj,37,bfloat16
89128960,17408,5120,30.215048096029655,0.0009516893085522157,0.044921875,0.026467696670165266,3.186875478113181,2.865277324003332,2.3806880053351906,6.5387953424949705,0.8173494178118713,1.0140586309817896,6,5.284477682674632e-06,0.015274833230411304,0.010731921476476333,0.25474781709558825,2785280,8.25,178257920,91914240,Qwen3-14B,model.layers.37.mlp.up_proj.weight,mxfp8,up_proj,37,bfloat16
5242880,1024,5120,18.527635370216846,0.01403577711110195,0.0615234375,0.0218063983912324,4.302634342274467,3.1457223892211914,2.47188663482666,3.8423442397424323,0.9605860599356081,1.3474205993291168,6,0.09350337982177734,0.05800609588623047,0.02515888214111328,0.430255126953125,163840,4.25,10485760,2785280,Qwen3-14B,model.layers.37.self_attn.k_proj.weight,mxfp4,k_proj,37,bfloat16
5242880,1024,5120,30.263024759189875,0.0009412338209063375,0.0302734375,0.0218063983912324,4.302634342274467,3.1457223892211914,2.47188663482666,6.5671998865418235,0.8208999858177279,1.3474205993291168,6,6.67572021484375e-06,0.012223052978515624,0.008563232421875,0.208148193359375,163840,8.25,10485760,5406720,Qwen3-14B,model.layers.37.self_attn.k_proj.weight,mxfp8,k_proj,37,bfloat16
26214400,5120,5120,18.630479421251618,0.013707304417513964,0.1171875,0.024522876669591822,3.899603063118413,2.852400054931641,2.3774213409423828,3.863852207480293,0.9659630518700733,1.054415703134499,7,0.08413360595703125,0.06610828399658203,0.0284869384765625,0.472747802734375,819200,4.25,52428800,13926400,Qwen3-14B,model.layers.37.self_attn.o_proj.weight,mxfp4,o_proj,37,bfloat16
26214400,5120,5120,30.265909949999944,0.0009406087295387175,0.03125,0.024522876669591822,3.899603063118413,2.852400054931641,2.3774213409423828,6.525850609847125,0.8157313262308906,1.054415703134499,7,5.45501708984375e-06,0.013615989685058593,0.009467201232910156,0.231993408203125,819200,8.25,52428800,27033600,Qwen3-14B,model.layers.37.self_attn.o_proj.weight,mxfp8,o_proj,37,bfloat16
26214400,5120,5120,18.5829322992116,0.013858198256027203,0.0625,0.02277698574265654,4.181619421900807,3.0074466705322265,2.4280249786376955,3.8520760911781764,0.9630190227945441,1.1847461700150963,5,0.08903011322021484,0.06036674499511719,0.025626792907714843,0.4533251953125,819200,4.25,52428800,13926400,Qwen3-14B,model.layers.37.self_attn.q_proj.weight,mxfp4,q_proj,37,bfloat16
26214400,5120,5120,30.277782993844138,0.0009380407400112499,0.0302734375,0.02277698574265654,4.181619421900807,3.0074466705322265,2.4280249786376955,6.547049567349526,0.8183811959186907,1.1847461700150963,5,6.0272216796875e-06,0.012170181274414063,0.008442344665527344,0.21011474609375,819200,8.25,52428800,27033600,Qwen3-14B,model.layers.37.self_attn.q_proj.weight,mxfp8,q_proj,37,bfloat16
5242880,1024,5120,18.47927337675676,0.014192949657473298,0.060546875,0.02768377755918073,3.999376632643799,3.2946136474609373,2.5250301361083984,3.828132073508406,0.9570330183771015,1.1082861768191274,4,0.101092529296875,0.05620517730712891,0.0250823974609375,0.41439208984375,163840,4.25,10485760,2785280,Qwen3-14B,model.layers.37.self_attn.v_proj.weight,mxfp4,v_proj,37,bfloat16
5242880,1024,5120,30.288785743385674,0.0009356672435141944,0.02734375,0.02768377755918073,3.999376632643799,3.2946136474609373,2.5250301361083984,6.6016217541189866,0.8252027192648733,1.1082861768191274,4,5.14984130859375e-06,0.012401390075683593,0.008805465698242188,0.2104248046875,163840,8.25,10485760,5406720,Qwen3-14B,model.layers.37.self_attn.v_proj.weight,mxfp8,v_proj,37,bfloat16
89128960,5120,17408,18.53482411453691,0.014012563334456243,0.21484375,0.02507787349575512,4.235459408837385,2.941684139476103,2.4110201218548943,3.865067487000773,0.9662668717501932,0.9880212609199376,7,0.0867751065422507,0.06923190846162684,0.03051038629868451,0.5077715705422794,2785280,4.25,178257920,47349760,Qwen3-14B,model.layers.38.mlp.down_proj.weight,mxfp4,down_proj,38,bfloat16
89128960,5120,17408,30.151093798548757,0.0009658076035072267,0.08984375,0.02507787349575512,4.235459408837385,2.941684139476103,2.4110201218548943,6.545950927444739,0.8182438659305924,0.9880212609199376,7,5.363015567555147e-06,0.014765043819651885,0.010299895791446462,0.25753461052389703,2785280,8.25,178257920,91914240,Qwen3-14B,model.layers.38.mlp.down_proj.weight,mxfp8,down_proj,38,bfloat16
89128960,17408,5120,18.60418477264452,0.013790547952359546,0.2265625,0.02435481348788827,5.1305629204167245,2.879769740385168,2.3855617747587314,3.8673473893875845,0.9668368473468961,0.9290293652551105,6,0.08328465854420382,0.06772874944350299,0.028598426370059743,0.5123441808363971,2785280,4.25,178257920,47349760,Qwen3-14B,model.layers.38.mlp.gate_proj.weight,mxfp4,gate_proj,38,bfloat16
89128960,17408,5120,30.22825483059069,0.0009487996524607683,0.1015625,0.02435481348788827,5.1305629204167245,2.879769740385168,2.3855617747587314,6.521949252347924,0.8152436565434905,0.9290293652551105,6,4.880568560431985e-06,0.013376482795266544,0.00921617395737592,0.23679845473345587,2785280,8.25,178257920,91914240,Qwen3-14B,model.layers.38.mlp.gate_proj.weight,mxfp8,gate_proj,38,bfloat16
89128960,17408,5120,18.58517354021388,0.01385104837260756,0.2421875,0.02622867601535794,4.670434789514277,2.865090134564568,2.3805979336009306,3.865981693703084,0.966495423425771,1.0176891996539787,6,0.08542820425594554,0.06927255742690143,0.03083658779368681,0.4767459644990809,2785280,4.25,178257920,47349760,Qwen3-14B,model.layers.38.mlp.up_proj.weight,mxfp4,up_proj,38,bfloat16
89128960,17408,5120,30.211100477556453,0.0009525547614722924,0.1171875,0.02622867601535794,4.670434789514277,2.865090134564568,2.3805979336009306,6.537445302273918,0.8171806627842397,1.0176891996539787,6,4.936667049632353e-06,0.015061569213867188,0.010554796106675092,0.2527013442095588,2785280,8.25,178257920,91914240,Qwen3-14B,model.layers.38.mlp.up_proj.weight,mxfp8,up_proj,38,bfloat16
5242880,1024,5120,18.595507538940975,0.013818129106780545,0.0703125,0.021454608410297837,4.566295707934852,3.0481380462646483,2.440032196044922,3.84624294843415,0.9615607371085375,1.2403645040282634,6,0.08923377990722656,0.05653877258300781,0.02354087829589844,0.429638671875,163840,4.25,10485760,2785280,Qwen3-14B,model.layers.38.self_attn.k_proj.weight,mxfp4,k_proj,38,bfloat16
5242880,1024,5120,30.37135445748996,0.0009180462358288504,0.0283203125,0.021454608410297837,4.566295707934852,3.0481380462646483,2.440032196044922,6.542128792881517,0.8177660991101896,1.2403645040282634,6,6.103515625e-06,0.011126136779785157,0.007654571533203125,0.18974609375,163840,8.25,10485760,5406720,Qwen3-14B,model.layers.38.self_attn.k_proj.weight,mxfp8,k_proj,38,bfloat16
26214400,5120,5120,18.643276243057493,0.013666974235215268,0.08984375,0.024561974880196263,3.980587393308474,2.8570217895507812,2.3786466217041013,3.8636508808265098,0.9659127202066274,0.9821054197966306,7,0.08377616882324218,0.06537132263183594,0.02769359588623047,0.47963623046875,819200,4.25,52428800,13926400,Qwen3-14B,model.layers.38.self_attn.o_proj.weight,mxfp4,o_proj,38,bfloat16
26214400,5120,5120,30.28553787325794,0.0009363672437282406,0.0302734375,0.024561974880196263,3.980587393308474,2.8570217895507812,2.3786466217041013,6.5224084297563305,0.8153010537195413,0.9821054197966306,7,4.9591064453125e-06,0.013081092834472657,0.009050064086914063,0.22589111328125,819200,8.25,52428800,27033600,Qwen3-14B,model.layers.38.self_attn.o_proj.weight,mxfp8,o_proj,38,bfloat16
26214400,5120,5120,18.63731907157898,0.01368573394254032,0.0615234375,0.022081633634916557,4.211760837121432,2.9494861602783202,2.4095735931396485,3.85407675981278,0.963519189953195,1.0621171510532954,5,0.08615203857421876,0.05952552795410156,0.024579010009765624,0.4536669921875,819200,4.25,52428800,13926400,Qwen3-14B,model.layers.38.self_attn.q_proj.weight,mxfp4,q_proj,38,bfloat16
26214400,5120,5120,30.33964376194218,0.0009247740271221769,0.0302734375,0.022081633634916557,4.211760837121432,2.9494861602783202,2.4095735931396485,6.528904227185012,0.8161130283981265,1.0621171510532954,5,4.76837158203125e-06,0.011433334350585937,0.007873382568359375,0.198724365234375,819200,8.25,52428800,27033600,Qwen3-14B,model.layers.38.self_attn.q_proj.weight,mxfp8,q_proj,38,bfloat16
5242880,1024,5120,18.541836306317926,0.013989956669377374,0.099609375,0.02880496470982976,3.8409742458957035,3.2055870056152345,2.4910198211669923,3.827644624975588,0.956911156243897,1.0746638736116327,5,0.10214176177978515,0.055293846130371097,0.02461662292480469,0.382647705078125,163840,4.25,10485760,2785280,Qwen3-14B,model.layers.38.self_attn.v_proj.weight,mxfp4,v_proj,38,bfloat16
5242880,1024,5120,30.395647591759257,0.0009129252956452464,0.037109375,0.02880496470982976,3.8409742458957035,3.2055870056152345,2.4910198211669923,6.60265755773227,0.8253321947165337,1.0746638736116327,5,7.2479248046875e-06,0.012349319458007813,0.00871429443359375,0.19937744140625,163840,8.25,10485760,5406720,Qwen3-14B,model.layers.38.self_attn.v_proj.weight,mxfp8,v_proj,38,bfloat16
89128960,17408,5120,18.608790457345727,0.013775930854618399,0.115234375,0.024505126313349706,3.4020090200747806,2.868178289076861,2.3820294997271367,3.8666879933136493,0.9666719983284123,0.9664681256803987,6,0.08363344529095817,0.06771990832160502,0.02895085951861213,0.4985057157628677,2785280,4.25,178257920,47349760,Qwen3-14B,model.layers.39.mlp.gate_proj.weight,mxfp4,gate_proj,39,bfloat16
89128960,17408,5120,30.229953139665163,0.0009484286967826424,0.052734375,0.024505126313349706,3.4020090200747806,2.868178289076861,2.3820294997271367,6.524586918104262,0.8155733647630328,0.9664681256803987,6,4.9591064453125e-06,0.013708641949821921,0.009494736615349265,0.23838895909926472,2785280,8.25,178257920,91914240,Qwen3-14B,model.layers.39.mlp.gate_proj.weight,mxfp8,gate_proj,39,bfloat16
5242880,1024,5120,18.620908514359982,0.013737545648899212,0.056640625,0.021636687412848767,3.925837853758241,2.954660415649414,2.413952445983887,3.8536726044423055,0.9634181511105764,1.0773216087911175,5,0.08608818054199219,0.0595001220703125,0.024703216552734376,0.451300048828125,163840,4.25,10485760,2785280,Qwen3-14B,model.layers.39.self_attn.k_proj.weight,mxfp4,k_proj,39,bfloat16
5242880,1024,5120,30.327591803813064,0.0009273439001363126,0.0205078125,0.021636687412848767,3.925837853758241,2.954660415649414,2.413952445983887,6.5285178289586945,0.8160647286198368,1.0773216087911175,5,6.29425048828125e-06,0.01151885986328125,0.007988739013671874,0.201446533203125,163840,8.25,10485760,5406720,Qwen3-14B,model.layers.39.self_attn.k_proj.weight,mxfp8,k_proj,39,bfloat16
26214400,5120,5120,18.66325314900486,0.01360425253434697,0.19921875,0.02283531879124581,19.70190320198366,2.898254165649414,2.393261184692383,3.8617679267966576,0.9654419816991644,1.0923284078461968,7,0.08398235321044922,0.063580322265625,0.026293792724609376,0.489354248046875,819200,4.25,52428800,13926400,Qwen3-14B,model.layers.39.self_attn.o_proj.weight,mxfp4,o_proj,39,bfloat16
26214400,5120,5120,30.31728552783469,0.0009295472004268174,0.07421875,0.02283531879124581,19.70190320198366,2.898254165649414,2.393261184692383,6.521327967768677,0.8151659959710846,1.0923284078461968,7,4.69207763671875e-06,0.012144699096679687,0.008363456726074218,0.215594482421875,819200,8.25,52428800,27033600,Qwen3-14B,model.layers.39.self_attn.o_proj.weight,mxfp8,o_proj,39,bfloat16
26214400,5120,5120,18.67635424618512,0.013563275252042494,0.0625,0.021819841930575054,3.824455362616935,2.884381790161133,2.388701972961426,3.8586283301241457,0.9646570825310364,0.890856617349384,5,0.08336456298828125,0.0607794189453125,0.02454826354980469,0.47430419921875,819200,4.25,52428800,13926400,Qwen3-14B,model.layers.39.self_attn.q_proj.weight,mxfp4,q_proj,39,bfloat16
26214400,5120,5120,30.34712480596834,0.0009231824066207819,0.029296875,0.021819841930575054,3.824455362616935,2.884381790161133,2.388701972961426,6.5133294699432955,0.8141661837429119,0.890856617349384,5,5.45501708984375e-06,0.011163902282714844,0.0076420211791992185,0.199007568359375,819200,8.25,52428800,27033600,Qwen3-14B,model.layers.39.self_attn.q_proj.weight,mxfp8,q_proj,39,bfloat16
5242880,1024,5120,18.603210118452647,0.013793643207831476,0.0703125,0.026808364479210686,3.70503689862869,3.045057487487793,2.4413219451904298,3.8394635042170178,0.9598658760542544,1.1515757574755838,5,0.09534416198730469,0.05768260955810547,0.025557518005371094,0.3915771484375,163840,4.25,10485760,2785280,Qwen3-14B,model.layers.39.self_attn.v_proj.weight,mxfp4,v_proj,39,bfloat16
5242880,1024,5120,30.393539737020483,0.0009133684928422293,0.0263671875,0.026808364479210686,3.70503689862869,3.045057487487793,2.4413219451904298,6.574736894076649,0.8218421117595811,1.1515757574755838,5,4.00543212890625e-06,0.012631988525390625,0.008960723876953125,0.20423583984375,163840,8.25,10485760,5406720,Qwen3-14B,model.layers.39.self_attn.v_proj.weight,mxfp8,v_proj,39,bfloat16
777912320,151936,5120,18.723663813273035,0.013416326498348539,0.0615234375,0.02072160148352774,3.361275289471698,2.9033695237015915,2.3849254463536456,3.8552516412579134,0.9638129103144784,0.9924665862380473,7,0.08356739613019627,0.05834771970188105,0.02318157398509899,0.4488375862205139,24309760,4.25,1555824640,413265920,Qwen3-14B,lm_head.weight,mxfp4,lm_head,-1,bfloat16
777912320,151936,5120,30.42337859835865,0.0009071145649081245,0.0302734375,0.02072160148352774,3.361275289471698,2.9033695237015915,2.3849254463536456,6.50926308218289,0.8136578852728612,0.9924665862380473,7,7.782368069450294e-06,0.01048249756476411,0.007144672808369971,0.1830120083456192,24309760,8.25,1555824640,802222080,Qwen3-14B,lm_head.weight,mxfp8,lm_head,-1,bfloat16
89128960,5120,17408,18.47133797419304,0.014218906636429066,0.46875,0.023232810891067053,6.6488574564220375,3.1286565444048713,2.4806917975930607,3.849886253217263,0.9624715633043157,0.9102986376225345,7,0.09267736322739545,0.06215239132151884,0.026820036944221047,0.5081898408777573,2785280,4.25,178257920,47349760,Qwen3-14B,model.layers.39.mlp.down_proj.weight,mxfp4,down_proj,39,bfloat16
89128960,5120,17408,30.14396251069117,0.0009673948007096175,0.09765625,0.023232810891067053,6.6488574564220375,3.1286565444048713,2.4806917975930607,6.570664851236868,0.8213331064046085,0.9102986376225345,7,6.092295927159927e-06,0.012846520367790671,0.008932091208065257,0.23540721220128677,2785280,8.25,178257920,91914240,Qwen3-14B,model.layers.39.mlp.down_proj.weight,mxfp8,down_proj,39,bfloat16
89128960,17408,5120,18.60031399764986,0.013802844655576452,0.111328125,0.025905130015096856,3.267312393125094,2.869005853989545,2.3828149010153377,3.864615686414995,0.9661539216037488,1.032461765581041,6,0.0855921464807847,0.06814381094539866,0.030141561171587776,0.4725988051470588,2785280,4.25,178257920,47349760,Qwen3-14B,model.layers.39.mlp.up_proj.weight,mxfp4,up_proj,39,bfloat16
89128960,17408,5120,30.22904744528915,0.0009486265063673656,0.048828125,0.025905130015096856,3.267312393125094,2.869005853989545,2.3828149010153377,6.5369826723447275,0.8171228340430909,1.032461765581041,6,4.92544735179228e-06,0.014683723449707031,0.010274382198558134,0.2464739631204044,2785280,8.25,178257920,91914240,Qwen3-14B,model.layers.39.mlp.up_proj.weight,mxfp8,up_proj,39,bfloat16
