n_params,rows,cols,sqnr_db,nmse,max_abs_err,rms_weight,kurtosis,block_kurtosis,block_crest,code_entropy,code_entropy_ratio,scale_entropy,scale_span,zero_rate,top_level_rate,sat_rate,sat_block_rate,n_blocks,bits_per_value,bytes_bf16,bytes_mx,model,tensor,fmt,role,layer,dtype
388956160,151936,2560,18.69905381663202,0.013492568087974235,0.0341796875,0.021953146938105184,3.277341682578252,2.858260245833361,2.373790583494037,3.8620486769175217,0.9655121692293804,0.9685912143915812,6,0.08186088118517007,0.06240156217091407,0.024984306714669335,0.48075266888689977,12154880,4.25,777912320,206632960,Qwen3-4B,model.embed_tokens.weight,mxfp4,embed_tokens,-1,bfloat16
388956160,151936,2560,30.35958082313144,0.0009205384169505797,0.01513671875,0.021953146938105184,3.277341682578252,2.858260245833361,2.373790583494037,6.505316826027469,0.8131646032534336,0.9685912143915812,6,5.039128317186184e-06,0.011283844945404645,0.0076739316842288855,0.19963175284330245,12154880,8.25,777912320,401111040,Qwen3-4B,model.embed_tokens.weight,mxfp8,embed_tokens,-1,bfloat16
24903680,2560,9728,18.59799666399964,0.013810211622651452,0.107421875,0.02327514767888645,4.026603175992619,2.9383255807976973,2.4078359503495066,3.862408410739878,0.9656021026849695,0.9178463170962707,6,0.08454561735454359,0.06435956453022204,0.0266673439427426,0.5064877158717105,778240,4.25,49807360,13230080,Qwen3-4B,model.layers.0.mlp.down_proj.weight,mxfp4,down_proj,0,bfloat16
24903680,2560,9728,30.2481742819978,0.0009444578307366239,0.044921875,0.02327514767888645,4.026603175992619,2.9383255807976973,2.4078359503495066,6.52560905009606,0.8157011312620075,0.9178463170962707,6,6.4649079975328945e-06,0.01232805754009046,0.008470193963301809,0.2228245785361842,778240,8.25,49807360,25681920,Qwen3-4B,model.layers.0.mlp.down_proj.weight,mxfp8,down_proj,0,bfloat16
24903680,9728,2560,18.622006926035187,0.013734071606949906,0.064453125,0.023627600275529233,3.3292080767333987,2.8831514860454357,2.3843054922003497,3.866754666102995,0.9666886665257487,0.8637111612780182,6,0.08548270777652138,0.06751990067331415,0.028121787623355262,0.5194965563322368,778240,4.25,49807360,13230080,Qwen3-4B,model.layers.0.mlp.gate_proj.weight,mxfp4,gate_proj,0,bfloat16
24903680,9728,2560,30.244461451451464,0.0009452656031991671,0.03125,0.023627600275529233,3.3292080767333987,2.8831514860454357,2.3843054922003497,6.530878282810039,0.8163597853512549,0.8637111612780182,6,6.023206208881579e-06,0.012959209241365132,0.008857124730160362,0.23114720394736843,778240,8.25,49807360,25681920,Qwen3-4B,model.layers.0.mlp.gate_proj.weight,mxfp8,gate_proj,0,bfloat16
24903680,9728,2560,18.675937609251445,0.013564576496409155,0.0576171875,0.022056155245918866,3.2023606489911773,2.8812538146972657,2.383987747995477,3.8628096648997814,0.9657024162249453,0.7093412977156277,5,0.08429384733501234,0.06344158774928042,0.025225669459292763,0.5092554995888158,778240,4.25,49807360,13230080,Qwen3-4B,model.layers.0.mlp.up_proj.weight,mxfp4,up_proj,0,bfloat16
24903680,9728,2560,30.327977800754795,0.0009272614823259207,0.0263671875,0.022056155245918866,3.2023606489911773,2.8812538146972657,2.383987747995477,6.5184048520373805,0.8148006065046726,0.7093412977156277,5,5.501195004111842e-06,0.01127773084138569,0.007631964432565789,0.2062461451480263,778240,8.25,49807360,25681920,Qwen3-4B,model.layers.0.mlp.up_proj.weight,mxfp8,up_proj,0,bfloat16
2621440,1024,2560,18.613894290711293,0.013759750875268208,0.0595703125,0.02457594606801627,3.737104996266856,2.875315475463867,2.3854743957519533,3.865652884454821,0.9664132211137052,1.1006137268460494,5,0.08402557373046875,0.06688613891601562,0.028568267822265625,0.49808349609375,81920,4.25,5242880,1392640,Qwen3-4B,model.layers.0.self_attn.k_proj.weight,mxfp4,k_proj,0,bfloat16
2621440,1024,2560,30.22696058622887,0.0009490824471186502,0.0283203125,0.02457594606801627,3.737104996266856,2.875315475463867,2.3854743957519533,6.525364459172716,0.8156705573965894,1.1006137268460494,5,5.340576171875e-06,0.013396835327148438,0.009274673461914063,0.23428955078125,81920,8.25,5242880,2703360,Qwen3-4B,model.layers.0.self_attn.k_proj.weight,mxfp8,k_proj,0,bfloat16
10485760,2560,4096,18.69156879864748,0.013515842432556375,0.119140625,0.021706216063336996,5.79014871172816,2.895828628540039,2.390055847167969,3.848996674107397,0.9622491685268493,0.9676388022648531,5,0.08545589447021484,0.055816936492919925,0.022696495056152344,0.410797119140625,327680,4.25,20971520,5570560,Qwen3-4B,model.layers.0.self_attn.o_proj.weight,mxfp4,o_proj,0,bfloat16
10485760,2560,4096,30.424038473493276,0.0009069767466999668,0.056640625,0.021706216063336996,5.79014871172816,2.895828628540039,2.390055847167969,6.518639348654773,0.8148299185818466,0.9676388022648531,5,5.340576171875e-06,0.010545921325683594,0.007263946533203125,0.1763153076171875,327680,8.25,20971520,10813440,Qwen3-4B,model.layers.0.self_attn.o_proj.weight,mxfp8,o_proj,0,bfloat16
10485760,4096,2560,18.62989900780376,0.013709136454485866,0.09375,0.023283663174993186,4.253322469207553,2.8901596069335938,2.3894956588745115,3.861769935489546,0.9654424838723865,1.0552321827331768,7,0.08415107727050782,0.06382226943969727,0.026648521423339844,0.48009033203125,327680,4.25,20971520,5570560,Qwen3-4B,model.layers.0.self_attn.q_proj.weight,mxfp4,q_proj,0,bfloat16
10485760,4096,2560,30.28227207499281,0.0009370716359562952,0.03125,0.023283663174993186,4.253322469207553,2.8901596069335938,2.3894956588745115,6.522435996629291,0.8153044995786614,1.0552321827331768,7,5.14984130859375e-06,0.012446975708007813,0.008580970764160156,0.21749267578125,327680,8.25,20971520,10813440,Qwen3-4B,model.layers.0.self_attn.q_proj.weight,mxfp8,q_proj,0,bfloat16
2621440,1024,2560,18.620218432950814,0.013739728678725567,0.03076171875,0.02294643161974707,3.249774360549162,2.9260717391967774,2.4023435592651365,3.863372313707261,0.9658430784268153,0.8332133775704517,3,0.08428764343261719,0.06461868286132813,0.02676849365234375,0.507470703125,81920,4.25,5242880,1392640,Qwen3-4B,model.layers.0.self_attn.v_proj.weight,mxfp4,v_proj,0,bfloat16
2621440,1024,2560,30.245093732665627,0.0009451279937651964,0.01513671875,0.02294643161974707,3.249774360549162,2.9260717391967774,2.4023435592651365,6.52317571866837,0.8153969648335463,0.8332133775704517,3,4.57763671875e-06,0.012372207641601563,0.008485031127929688,0.2230224609375,81920,8.25,5242880,2703360,Qwen3-4B,model.layers.0.self_attn.v_proj.weight,mxfp8,v_proj,0,bfloat16
24903680,2560,9728,18.61886172220682,0.013744021560685337,0.12109375,0.016467125251032038,8.229092730322531,2.932595022101151,2.305798179224918,3.879007378872454,0.9697518447181135,2.22290147873652,10,0.07623206690738075,0.0798250298751028,0.03145406622635691,0.4544150904605263,778240,4.25,49807360,13230080,Qwen3-4B,model.layers.1.mlp.down_proj.weight,mxfp4,down_proj,1,bfloat16
24903680,2560,9728,30.30149667165228,0.0009329327368207258,0.05859375,0.016467125251032038,8.229092730322531,2.932595022101151,2.305798179224918,6.4660743132273515,0.8082592891534189,2.22290147873652,10,4.457172594572369e-06,0.01356763337787829,0.00897670545076069,0.1973362972861842,778240,8.25,49807360,25681920,Qwen3-4B,model.layers.1.mlp.down_proj.weight,mxfp8,down_proj,1,bfloat16
24903680,9728,2560,18.70811055721025,0.013464460118276386,0.05859375,0.022714391715766374,5.586626060655275,3.642497414036801,2.5172074167351974,3.8300504762788234,0.9575126190697059,2.435448760238148,10,0.10944133557771382,0.05610158819901316,0.02470915944952714,0.3879497327302632,778240,4.25,49807360,13230080,Qwen3-4B,model.layers.1.mlp.gate_proj.weight,mxfp4,gate_proj,1,bfloat16
24903680,9728,2560,30.487757303436766,0.00089376690578494,0.01953125,0.022714391715766374,5.586626060655275,3.642497414036801,2.5172074167351974,6.6315992547225715,0.8289499068403214,2.435448760238148,10,9.436356393914474e-06,0.012267865632709703,0.00869546187551398,0.1985364412006579,778240,8.25,49807360,25681920,Qwen3-4B,model.layers.1.mlp.gate_proj.weight,mxfp8,gate_proj,1,bfloat16
24903680,9728,2560,18.73858593277313,0.013370307842568324,0.05078125,0.015450290271771378,6.531699388423398,3.015963504188939,2.4302305121170846,3.8471255087730802,0.9617813771932701,2.0733968003944048,8,0.08963040803608141,0.056273249575966286,0.023232871607730264,0.4334588301809211,778240,4.25,49807360,13230080,Qwen3-4B,model.layers.1.mlp.up_proj.weight,mxfp4,up_proj,1,bfloat16
24903680,9728,2560,30.487730374774458,0.0008937724476517628,0.015625,0.015450290271771378,6.531699388423398,3.015963504188939,2.4302305121170846,6.540882515685891,0.8176103144607364,2.0733968003944048,8,5.38073087993421e-06,0.01082868074115954,0.007502465499074835,0.18538754111842104,778240,8.25,49807360,25681920,Qwen3-4B,model.layers.1.mlp.up_proj.weight,mxfp8,up_proj,1,bfloat16
2621440,1024,2560,18.665813915721383,0.013596233310098437,0.0439453125,0.022514780441688108,3.6934757030366474,2.8913347244262697,2.39166259765625,3.857609540741974,0.9644023851854935,1.0118525556960936,4,0.08481407165527344,0.060974502563476564,0.024947738647460936,0.4631591796875,81920,4.25,5242880,1392640,Qwen3-4B,model.layers.1.self_attn.k_proj.weight,mxfp4,k_proj,1,bfloat16
2621440,1024,2560,30.31989903895933,0.0009289879828414198,0.01513671875,0.022514780441688108,3.6934757030366474,2.8913347244262697,2.39166259765625,6.522612706079566,0.8153265882599458,1.0118525556960936,4,6.866455078125e-06,0.011458969116210938,0.007899856567382813,0.19986572265625,81920,8.25,5242880,2703360,Qwen3-4B,model.layers.1.self_attn.k_proj.weight,mxfp8,k_proj,1,bfloat16
10485760,2560,4096,18.70535285394861,0.01347301255871266,0.0615234375,0.02198153634238711,4.17954599210644,2.867205047607422,2.382083511352539,3.8544720395234493,0.9636180098808623,0.8494009419070265,5,0.08346529006958008,0.05811090469360351,0.023202896118164062,0.4427825927734375,327680,4.25,20971520,5570560,Qwen3-4B,model.layers.1.self_attn.o_proj.weight,mxfp4,o_proj,1,bfloat16
10485760,2560,4096,30.408693158323302,0.0009101871171232903,0.0302734375,0.02198153634238711,4.17954599210644,2.867205047607422,2.382083511352539,6.509980995402508,0.8137476244253135,0.8494009419070265,5,4.100799560546875e-06,0.010579395294189452,0.007251071929931641,0.18402099609375,327680,8.25,20971520,10813440,Qwen3-4B,model.layers.1.self_attn.o_proj.weight,mxfp8,o_proj,1,bfloat16
10485760,4096,2560,18.67814567309715,0.013557681672863982,0.0595703125,0.02160821681115049,3.942623540623185,2.913364791870117,2.3971994400024412,3.852509295183336,0.963127323795834,0.8977040320188021,5,0.08587770462036133,0.057928848266601565,0.023438549041748045,0.4399749755859375,327680,4.25,20971520,5570560,Qwen3-4B,model.layers.1.self_attn.q_proj.weight,mxfp4,q_proj,1,bfloat16
10485760,4096,2560,30.38966910224195,0.0009141828922621234,0.0283203125,0.02160821681115049,3.942623540623185,2.913364791870117,2.3971994400024412,6.523743862486489,0.8154679828108111,0.8977040320188021,5,3.910064697265625e-06,0.010737991333007813,0.007365894317626953,0.1855987548828125,327680,8.25,20971520,10813440,Qwen3-4B,model.layers.1.self_attn.q_proj.weight,mxfp8,q_proj,1,bfloat16
2621440,1024,2560,18.630346014035805,0.013707725486968338,0.03076171875,0.02332331439207008,3.3844854415375645,2.9342979431152343,2.404837226867676,3.8572621479681417,0.9643155369920354,0.9560986610608028,4,0.08747749328613282,0.062109375,0.025948333740234374,0.46697998046875,81920,4.25,5242880,1392640,Qwen3-4B,model.layers.1.self_attn.v_proj.weight,mxfp4,v_proj,1,bfloat16
2621440,1024,2560,30.279053724647614,0.0009377663126485375,0.01513671875,0.02332331439207008,3.3844854415375645,2.9342979431152343,2.404837226867676,6.538458456551391,0.8173073070689238,0.9560986610608028,4,4.57763671875e-06,0.012233352661132813,0.008478927612304687,0.21434326171875,81920,8.25,5242880,2703360,Qwen3-4B,model.layers.1.self_attn.v_proj.weight,mxfp8,v_proj,1,bfloat16
24903680,2560,9728,18.584171075607326,0.013854245923806139,0.123046875,0.022324239940995978,3.748600895294005,3.004701634457237,2.4295225444592927,3.860576798515088,0.965144199628772,0.9261369828465745,7,0.0859987359297903,0.06388903166118422,0.02658426385176809,0.5129741467927632,778240,4.25,49807360,13230080,Qwen3-4B,model.layers.10.mlp.down_proj.weight,mxfp4,down_proj,10,bfloat16
24903680,2560,9728,30.22791835951239,0.000948873163873537,0.060546875,0.022324239940995978,3.748600895294005,3.004701634457237,2.4295225444592927,6.534118443634949,0.8167648054543686,0.9261369828465745,7,5.38073087993421e-06,0.012336530183490953,0.008477943821957237,0.2254163240131579,778240,8.25,49807360,25681920,Qwen3-4B,model.layers.10.mlp.down_proj.weight,mxfp8,down_proj,10,bfloat16
24903680,9728,2560,18.68361116248399,0.013540630395029127,0.1171875,0.026915401768977384,3.611682207499617,2.857453757838199,2.3778188203510484,3.8577399551286744,0.9644349887821686,1.1026647532022116,6,0.08532947741056743,0.06250550119500412,0.02698111283151727,0.43112021998355265,778240,4.25,49807360,13230080,Qwen3-4B,model.layers.10.mlp.gate_proj.weight,mxfp4,gate_proj,10,bfloat16
24903680,9728,2560,30.393488633094165,0.0009133792406165466,0.0546875,0.026915401768977384,3.611682207499617,2.857453757838199,2.3778188203510484,6.527924681479167,0.8159905851848959,1.1026647532022116,6,4.698100842927632e-06,0.013007876747532895,0.009082713880037006,0.21460603412828946,778240,8.25,49807360,25681920,Qwen3-4B,model.layers.10.mlp.gate_proj.weight,mxfp8,gate_proj,10,bfloat16
24903680,9728,2560,18.652908082413152,0.013636697029470714,0.13671875,0.02239969642683468,3.4350421221804823,2.883149558619449,2.388259566457648,3.8623324956773186,0.9655831239193297,0.8238155423487593,6,0.0831273129111842,0.06334152221679687,0.025822087338096218,0.4962942023026316,778240,4.25,49807360,13230080,Qwen3-4B,model.layers.10.mlp.up_proj.weight,mxfp4,up_proj,10,bfloat16
24903680,9728,2560,30.295481660206335,0.0009342257509330291,0.02734375,0.02239969642683468,3.4350421221804823,2.883149558619449,2.388259566457648,6.514897749081593,0.8143622186351991,0.8238155423487593,6,4.9791837993421055e-06,0.011812190005653783,0.008070172761615955,0.21192048725328946,778240,8.25,49807360,25681920,Qwen3-4B,model.layers.10.mlp.up_proj.weight,mxfp8,up_proj,10,bfloat16
2621440,1024,2560,18.65416273500045,0.01363275803259928,0.060546875,0.023041885045912574,4.134369403387331,2.9185871124267577,2.3996112823486326,3.8557072351142097,0.9639268087785524,1.1610913000289627,6,0.08602409362792969,0.060582733154296874,0.025110244750976562,0.45328369140625,81920,4.25,5242880,1392640,Qwen3-4B,model.layers.10.self_attn.k_proj.weight,mxfp4,k_proj,10,bfloat16
2621440,1024,2560,30.354948140241827,0.0009215208926890274,0.029296875,0.023041885045912574,4.134369403387331,2.9185871124267577,2.3996112823486326,6.528989978257905,0.8161237472822381,1.1610913000289627,6,5.340576171875e-06,0.011666488647460938,0.008058547973632812,0.2017822265625,81920,8.25,5242880,2703360,Qwen3-4B,model.layers.10.self_attn.k_proj.weight,mxfp8,k_proj,10,bfloat16
10485760,2560,4096,18.673930800704753,0.013570845928665483,0.103515625,0.02354198847328499,4.294209551239241,2.8603078842163088,2.3792409896850586,3.858399482277685,0.9645998705694212,1.1559678127588457,7,0.08413581848144532,0.06172370910644531,0.02583475112915039,0.4476593017578125,327680,4.25,20971520,5570560,Qwen3-4B,model.layers.10.self_attn.o_proj.weight,mxfp4,o_proj,10,bfloat16
10485760,2560,4096,30.349098030126772,0.0009227630524424427,0.041015625,0.02354198847328499,4.294209551239241,2.8603078842163088,2.3792409896850586,6.519789748127731,0.8149737185159663,1.1559678127588457,7,4.482269287109375e-06,0.012149238586425781,0.008407688140869141,0.2068450927734375,327680,8.25,20971520,10813440,Qwen3-4B,model.layers.10.self_attn.o_proj.weight,mxfp8,o_proj,10,bfloat16
10485760,4096,2560,18.65373335346757,0.013634105953000457,0.0625,0.023035647599373522,4.054721340887545,2.91253776550293,2.3985950469970705,3.855901478427371,0.9639753696068427,1.1238411036473452,5,0.08560342788696289,0.06046276092529297,0.025180625915527343,0.4526611328125,327680,4.25,20971520,5570560,Qwen3-4B,model.layers.10.self_attn.q_proj.weight,mxfp4,q_proj,10,bfloat16
10485760,4096,2560,30.347909383041976,0.000923015643661538,0.0283203125,0.023035647599373522,4.054721340887545,2.91253776550293,2.3985950469970705,6.526473890261743,0.8158092362827178,1.1238411036473452,5,5.7220458984375e-06,0.011761760711669922,0.008144855499267578,0.203857421875,327680,8.25,20971520,10813440,Qwen3-4B,model.layers.10.self_attn.q_proj.weight,mxfp8,q_proj,10,bfloat16
2621440,1024,2560,18.638522587133046,0.013681941881543156,0.03076171875,0.02608428467892239,3.604339138583029,3.023310661315918,2.434115409851074,3.8487077458872108,0.9621769364718027,1.1321746788872218,4,0.09093017578125,0.05980606079101562,0.025822830200195313,0.4326416015625,81920,4.25,5242880,1392640,Qwen3-4B,model.layers.10.self_attn.v_proj.weight,mxfp4,v_proj,10,bfloat16
2621440,1024,2560,30.37424010597715,0.0009174364470964247,0.01513671875,0.02608428467892239,3.604339138583029,3.023310661315918,2.434115409851074,6.55612649711113,0.8195158121388912,1.1321746788872218,4,3.0517578125e-06,0.012520217895507812,0.008771514892578125,0.2106201171875,81920,8.25,5242880,2703360,Qwen3-4B,model.layers.10.self_attn.v_proj.weight,mxfp8,v_proj,10,bfloat16
24903680,2560,9728,18.571760170641827,0.013893894055227748,0.140625,0.022831433208379652,3.6825680724631744,2.975594932154605,2.4211298892372533,3.8631634827744348,0.9657908706936087,0.9784507682059397,6,0.08559044285824424,0.06584842079564145,0.02780155382658306,0.5164537931743421,778240,4.25,49807360,13230080,Qwen3-4B,model.layers.11.mlp.down_proj.weight,mxfp4,down_proj,11,bfloat16
24903680,2560,9728,30.19287852107171,0.0009565598494690032,0.05078125,0.022831433208379652,3.6825680724631744,2.975594932154605,2.4211298892372533,6.5343223786619244,0.8167902973327406,0.9784507682059397,6,5.139802631578947e-06,0.01302538420024671,0.008990317896792763,0.2357164884868421,778240,8.25,49807360,25681920,Qwen3-4B,model.layers.11.mlp.down_proj.weight,mxfp8,down_proj,11,bfloat16
24903680,9728,2560,18.64369160947041,0.013665667165740672,0.111328125,0.026063888672175812,3.5706340749948544,2.8599922983269943,2.379454281455592,3.8612061645391913,0.9653015411347978,1.0699340115978695,6,0.08488982351202713,0.0647962068256579,0.028146081221731085,0.4527022512335526,778240,4.25,49807360,13230080,Qwen3-4B,model.layers.11.mlp.gate_proj.weight,mxfp4,gate_proj,11,bfloat16
24903680,9728,2560,30.322801726907525,0.0009283672838949419,0.048828125,0.026063888672175812,3.5706340749948544,2.8599922983269943,2.379454281455592,6.528939872683736,0.816117484085467,1.0699340115978695,6,6.304289165296053e-06,0.013603250603926809,0.009502009341591284,0.2272203947368421,778240,8.25,49807360,25681920,Qwen3-4B,model.layers.11.mlp.gate_proj.weight,mxfp8,gate_proj,11,bfloat16
24903680,9728,2560,18.628429747019947,0.013713775174286458,0.12109375,0.023059393297222282,3.3858514675708,2.8814749466745475,2.386765530234889,3.8648593712804655,0.9662148428201164,0.8768721371399263,6,0.08339534558747944,0.06556472778320313,0.027227582429584705,0.5037173622532894,778240,4.25,49807360,13230080,Qwen3-4B,model.layers.11.mlp.up_proj.weight,mxfp4,up_proj,11,bfloat16
24903680,9728,2560,30.250523406858875,0.0009439471059794246,0.041015625,0.023059393297222282,3.3858514675708,2.8814749466745475,2.386765530234889,6.51988711287093,0.8149858891088663,0.8768721371399263,6,5.541349712171053e-06,0.012582156532689145,0.008664221512643915,0.22473915501644737,778240,8.25,49807360,25681920,Qwen3-4B,model.layers.11.mlp.up_proj.weight,mxfp8,up_proj,11,bfloat16
2621440,1024,2560,18.62805480814728,0.0137149591749079,0.0625,0.023340760695828734,6.083425901850783,2.920280647277832,2.3988534927368166,3.8552879494590733,0.9638219873647683,1.2502812453048977,5,0.08651885986328126,0.06032562255859375,0.025037384033203124,0.45006103515625,81920,4.25,5242880,1392640,Qwen3-4B,model.layers.11.self_attn.k_proj.weight,mxfp4,k_proj,11,bfloat16
2621440,1024,2560,30.34708476870489,0.0009231909174053147,0.0302734375,0.023340760695828734,6.083425901850783,2.920280647277832,2.3988534927368166,6.529888317845785,0.8162360397307231,1.2502812453048977,5,5.7220458984375e-06,0.01170501708984375,0.008112335205078125,0.20123291015625,81920,8.25,5242880,2703360,Qwen3-4B,model.layers.11.self_attn.k_proj.weight,mxfp8,k_proj,11,bfloat16
10485760,2560,4096,18.660537460673904,0.013612762074491745,0.0625,0.0232700925691765,3.731573677147516,2.854425239562988,2.3777618408203125,3.860930835034694,0.9652327087586735,1.177223141555862,6,0.08385047912597657,0.063360595703125,0.026761722564697266,0.4600860595703125,327680,4.25,20971520,5570560,Qwen3-4B,model.layers.11.self_attn.o_proj.weight,mxfp4,o_proj,11,bfloat16
10485760,2560,4096,30.32315030930668,0.000928292772354566,0.029296875,0.0232700925691765,3.731573677147516,2.854425239562988,2.3777618408203125,6.520696089463671,0.8150870111829589,1.177223141555862,6,3.814697265625e-06,0.012639331817626952,0.008774185180664062,0.214837646484375,327680,8.25,20971520,10813440,Qwen3-4B,model.layers.11.self_attn.o_proj.weight,mxfp8,o_proj,11,bfloat16
10485760,4096,2560,18.62565824066866,0.013722529590183791,0.060546875,0.022978006730967865,4.414839663480541,2.950754928588867,2.4098968505859375,3.854913525734803,0.9637283814337008,1.1846705966055293,5,0.08644380569458007,0.06058826446533203,0.025398826599121092,0.4528289794921875,327680,4.25,20971520,5570560,Qwen3-4B,model.layers.11.self_attn.q_proj.weight,mxfp4,q_proj,11,bfloat16
10485760,4096,2560,30.32516254492308,0.0009278627620315363,0.029296875,0.022978006730967865,4.414839663480541,2.950754928588867,2.4098968505859375,6.5321396845210655,0.8165174605651332,1.1846705966055293,5,6.103515625e-06,0.011933040618896485,0.008270549774169921,0.2062347412109375,327680,8.25,20971520,10813440,Qwen3-4B,model.layers.11.self_attn.q_proj.weight,mxfp8,q_proj,11,bfloat16
2621440,1024,2560,18.67914863917995,0.013554551003374098,0.03125,0.02634650231415541,3.562444753674536,3.030457305908203,2.4347490310668944,3.839668866937924,0.959917216734481,1.1494297078831335,4,0.09202728271484376,0.0555389404296875,0.023998260498046875,0.38154296875,81920,4.25,5242880,1392640,Qwen3-4B,model.layers.11.self_attn.v_proj.weight,mxfp4,v_proj,11,bfloat16
2621440,1024,2560,30.469370582370942,0.0008975588671730139,0.01513671875,0.02634650231415541,3.562444753674536,3.030457305908203,2.4347490310668944,6.555189686703726,0.8193987108379658,1.1494297078831335,4,4.9591064453125e-06,0.011821746826171875,0.0083404541015625,0.190576171875,81920,8.25,5242880,2703360,Qwen3-4B,model.layers.11.self_attn.v_proj.weight,mxfp8,v_proj,11,bfloat16
24903680,2560,9728,18.56131020439648,0.013927365708365768,0.21875,0.023091360235443746,3.738255854192929,2.9907563862047697,2.4279505679481908,3.861437949117516,0.965359487279379,1.0003080662067432,6,0.08651050768400494,0.06540286415501645,0.027747264661287005,0.5088468852796053,778240,4.25,49807360,13230080,Qwen3-4B,model.layers.12.mlp.down_proj.weight,mxfp4,down_proj,12,bfloat16
24903680,2560,9728,30.195363253228322,0.0009560127287185364,0.09375,0.023091360235443746,3.738255854192929,2.9907563862047697,2.4279505679481908,6.539716855542581,0.8174646069428226,1.0003080662067432,6,5.5815044202302636e-06,0.013091117457339638,0.0090595847681949,0.23535927220394737,778240,8.25,49807360,25681920,Qwen3-4B,model.layers.12.mlp.down_proj.weight,mxfp8,down_proj,12,bfloat16
24903680,9728,2560,18.63342618127153,0.013698006938947536,0.1171875,0.025391930573600386,3.7579445508155196,2.8791779769094368,2.386363862690173,3.860318746718447,0.9650796866796117,1.0781046452229577,6,0.08539886474609375,0.0642486572265625,0.0277393943385074,0.45581825657894737,778240,4.25,49807360,13230080,Qwen3-4B,model.layers.12.mlp.gate_proj.weight,mxfp4,gate_proj,12,bfloat16
24903680,9728,2560,30.30648216837632,0.0009318623883182902,0.0546875,0.025391930573600386,3.7579445508155196,2.8791779769094368,2.386363862690173,6.530820054931062,0.8163525068663827,1.0781046452229577,6,5.782277960526316e-06,0.013324817858244244,0.009289952328330593,0.22442305715460525,778240,8.25,49807360,25681920,Qwen3-4B,model.layers.12.mlp.gate_proj.weight,mxfp8,gate_proj,12,bfloat16
24903680,9728,2560,18.612228156660734,0.013765030700037487,0.125,0.023546558466395733,3.5378988031125136,2.900083521792763,2.394267272949219,3.86307663880949,0.9657691597023725,0.9558716541178658,6,0.08453252691971629,0.06514920686420642,0.027432010048314144,0.4908511513157895,778240,4.25,49807360,13230080,Qwen3-4B,model.layers.12.mlp.up_proj.weight,mxfp4,up_proj,12,bfloat16
24903680,9728,2560,30.248449029129514,0.0009443980835183066,0.0302734375,0.023546558466395733,3.5378988031125136,2.900083521792763,2.394267272949219,6.526633290980965,0.8158291613726206,0.9558716541178658,6,5.179957339638158e-06,0.01288094771535773,0.008887642308285362,0.22611790707236842,778240,8.25,49807360,25681920,Qwen3-4B,model.layers.12.mlp.up_proj.weight,mxfp8,up_proj,12,bfloat16
2621440,1024,2560,18.632556605290766,0.013700749928069854,0.1171875,0.022962815741043526,7.29609345660143,2.8973670959472657,2.3922515869140626,3.853357807494385,0.9633394518735963,1.2434598999725526,5,0.08601455688476563,0.05936698913574219,0.024707794189453125,0.4279541015625,81920,4.25,5242880,1392640,Qwen3-4B,model.layers.12.self_attn.k_proj.weight,mxfp4,k_proj,12,bfloat16
2621440,1024,2560,30.363552843305605,0.000919696885277864,0.0546875,0.022962815741043526,7.29609345660143,2.8973670959472657,2.3922515869140626,6.527569173726915,0.8159461467158644,1.2434598999725526,5,6.103515625e-06,0.011753082275390625,0.008235931396484375,0.1986328125,81920,8.25,5242880,2703360,Qwen3-4B,model.layers.12.self_attn.k_proj.weight,mxfp8,k_proj,12,bfloat16
10485760,2560,4096,18.67009356609911,0.013582841828670728,0.123046875,0.023052969223800294,5.0128231608901,2.8597570419311524,2.3798118591308595,3.8568812519172675,0.9642203129793169,1.1495774683245392,6,0.08436965942382812,0.06087064743041992,0.025534534454345705,0.4388519287109375,327680,4.25,20971520,5570560,Qwen3-4B,model.layers.12.self_attn.o_proj.weight,mxfp4,o_proj,12,bfloat16
10485760,2560,4096,30.35346016453829,0.0009218366774116865,0.060546875,0.023052969223800294,5.0128231608901,2.8597570419311524,2.3798118591308595,6.5199105265199675,0.8149888158149959,1.1495774683245392,6,5.054473876953125e-06,0.012011241912841798,0.008336830139160156,0.202215576171875,327680,8.25,20971520,10813440,Qwen3-4B,model.layers.12.self_attn.o_proj.weight,mxfp8,o_proj,12,bfloat16
10485760,4096,2560,18.6516856858228,0.013640535852854248,0.0615234375,0.023208665314776337,4.427223542082194,2.930437469482422,2.4035671234130858,3.8534459692747154,0.9633614923186788,1.186714806324786,6,0.08618059158325195,0.05945892333984375,0.024855995178222658,0.4377471923828125,327680,4.25,20971520,5570560,Qwen3-4B,model.layers.12.self_attn.q_proj.weight,mxfp4,q_proj,12,bfloat16
10485760,4096,2560,30.357726025522304,0.0009209316471621782,0.0302734375,0.023208665314776337,4.427223542082194,2.930437469482422,2.4035671234130858,6.528945937825377,0.8161182422281721,1.186714806324786,6,6.198883056640625e-06,0.011722183227539063,0.00809793472290039,0.1991455078125,327680,8.25,20971520,10813440,Qwen3-4B,model.layers.12.self_attn.q_proj.weight,mxfp8,q_proj,12,bfloat16
2621440,1024,2560,18.691035210410355,0.01351750313465919,0.03076171875,0.02609885245106756,3.706338242700422,3.027321624755859,2.435253143310547,3.8423376756491967,0.9605844189122992,1.1806083647150463,4,0.09097938537597657,0.05583686828613281,0.02374725341796875,0.40128173828125,81920,4.25,5242880,1392640,Qwen3-4B,model.layers.12.self_attn.v_proj.weight,mxfp4,v_proj,12,bfloat16
2621440,1024,2560,30.486391400015258,0.0008940480494151222,0.01513671875,0.02609885245106756,3.706338242700422,3.027321624755859,2.435253143310547,6.550688371313409,0.8188360464141762,1.1806083647150463,4,4.57763671875e-06,0.0114990234375,0.008066940307617187,0.1895751953125,81920,8.25,5242880,2703360,Qwen3-4B,model.layers.12.self_attn.v_proj.weight,mxfp8,v_proj,12,bfloat16
24903680,2560,9728,18.532710970561165,0.014019383077739775,0.21484375,0.023227954540569782,4.135030749513195,3.048893336245888,2.4499691611842107,3.8568856134480662,0.9642214033620166,1.002366382810498,6,0.08853514821905839,0.06371170847039474,0.027133018092105263,0.5020970394736842,778240,4.25,49807360,13230080,Qwen3-4B,model.layers.13.mlp.down_proj.weight,mxfp4,down_proj,13,bfloat16
24903680,2560,9728,30.19621609999771,0.0009558250099353482,0.08984375,0.023227954540569782,4.135030749513195,3.048893336245888,2.4499691611842107,6.549978735548592,0.818747341943574,1.002366382810498,6,5.340576171875e-06,0.01284733822471217,0.008899969803659539,0.23162520559210525,778240,8.25,49807360,25681920,Qwen3-4B,model.layers.13.mlp.down_proj.weight,mxfp8,down_proj,13,bfloat16
24903680,9728,2560,18.6371590704358,0.013686238156502155,0.111328125,0.024538287287692813,3.7548542816687838,2.896900939941406,2.393074557655736,3.8587823984109906,0.9646955996027476,1.0498848227320958,5,0.08537553486071135,0.06275755229749178,0.02667332699424342,0.45883018092105265,778240,4.25,49807360,13230080,Qwen3-4B,model.layers.13.mlp.gate_proj.weight,mxfp4,gate_proj,13,bfloat16
24903680,9728,2560,30.31840747259226,0.000929307094702843,0.048828125,0.024538287287692813,3.7548542816687838,2.896900939941406,2.393074557655736,6.5286598526534005,0.8160824815816751,1.0498848227320958,5,4.7382555509868424e-06,0.012657888312088816,0.008778100264699835,0.21631758840460527,778240,8.25,49807360,25681920,Qwen3-4B,model.layers.13.mlp.gate_proj.weight,mxfp8,gate_proj,13,bfloat16
24903680,9728,2560,18.614415816348583,0.013758098624942892,0.08203125,0.023863485346391468,3.6854445465720667,2.9173371565969366,2.40037448280736,3.8612190390179912,0.9653047597544978,0.9788429057169051,6,0.08515745464124178,0.06429154245476974,0.027174136513157896,0.48348452919407897,778240,4.25,49807360,13230080,Qwen3-4B,model.layers.13.mlp.up_proj.weight,mxfp4,up_proj,13,bfloat16
24903680,9728,2560,30.26554616410938,0.0009406875227378788,0.0302734375,0.023863485346391468,3.6854445465720667,2.9173371565969366,2.40037448280736,6.529929524053188,0.8162411905066485,0.9788429057169051,6,4.095780222039474e-06,0.012797305458470395,0.00884142423930921,0.22345291940789475,778240,8.25,49807360,25681920,Qwen3-4B,model.layers.13.mlp.up_proj.weight,mxfp8,up_proj,13,bfloat16
2621440,1024,2560,18.612468276645217,0.013764269657076049,0.111328125,0.022804721484301065,6.451613168812225,2.9357234954833986,2.404560661315918,3.8529655574774533,0.9632413893693633,1.4705944003514475,6,0.08718681335449219,0.05983543395996094,0.02518157958984375,0.436083984375,81920,4.25,5242880,1392640,Qwen3-4B,model.layers.13.self_attn.k_proj.weight,mxfp4,k_proj,13,bfloat16
2621440,1024,2560,30.352368193633833,0.0009220684891046402,0.048828125,0.022804721484301065,6.451613168812225,2.9357234954833986,2.404560661315918,6.534553649049299,0.8168192061311623,1.4705944003514475,6,4.1961669921875e-06,0.012037277221679688,0.008337020874023438,0.2030517578125,81920,8.25,5242880,2703360,Qwen3-4B,model.layers.13.self_attn.k_proj.weight,mxfp8,k_proj,13,bfloat16
10485760,2560,4096,18.66950057891104,0.013584696561213132,0.060546875,0.0225223055352316,3.634303871964302,2.8686710357666017,2.383614730834961,3.857745263047269,0.9644363157618172,1.0900767271704168,5,0.08419427871704102,0.061163139343261716,0.025449657440185548,0.4527374267578125,327680,4.25,20971520,5570560,Qwen3-4B,model.layers.13.self_attn.o_proj.weight,mxfp4,o_proj,13,bfloat16
10485760,2560,4096,30.3471827262581,0.0009231700945518591,0.01953125,0.0225223055352316,3.634303871964302,2.8686710357666017,2.383614730834961,6.519464893350465,0.8149331116688081,1.0900767271704168,5,5.340576171875e-06,0.011945247650146484,0.008230876922607423,0.2043060302734375,327680,8.25,20971520,10813440,Qwen3-4B,model.layers.13.self_attn.o_proj.weight,mxfp8,o_proj,13,bfloat16
10485760,4096,2560,18.652882072980418,0.013636778698437496,0.060546875,0.02310545979368241,4.880659397711962,2.964344024658203,2.414011764526367,3.8496191293610265,0.9624047823402566,1.281559120474091,5,0.08748512268066407,0.05787191390991211,0.024158000946044922,0.424871826171875,327680,4.25,20971520,5570560,Qwen3-4B,model.layers.13.self_attn.q_proj.weight,mxfp4,q_proj,13,bfloat16
10485760,4096,2560,30.388261777362224,0.0009144791798867035,0.029296875,0.02310545979368241,4.880659397711962,2.964344024658203,2.414011764526367,6.534641081241606,0.8168301351552008,1.281559120474091,5,5.91278076171875e-06,0.011458301544189453,0.007956409454345703,0.193817138671875,327680,8.25,20971520,10813440,Qwen3-4B,model.layers.13.self_attn.q_proj.weight,mxfp8,q_proj,13,bfloat16
2621440,1024,2560,18.674250773574496,0.013569846113392967,0.0380859375,0.02550424499742484,3.5069265010462733,2.9425685882568358,2.409281921386719,3.850453005362885,0.9626132513407213,1.0822039567381028,4,0.08826866149902343,0.058990859985351564,0.0249603271484375,0.423046875,81920,4.25,5242880,1392640,Qwen3-4B,model.layers.13.self_attn.v_proj.weight,mxfp4,v_proj,13,bfloat16
2621440,1024,2560,30.436144062587346,0.0009044521463920453,0.01513671875,0.02550424499742484,3.5069265010462733,2.9425685882568358,2.409281921386719,6.539952976437574,0.8174941220546967,1.0822039567381028,4,6.103515625e-06,0.01193389892578125,0.00834197998046875,0.19970703125,81920,8.25,5242880,2703360,Qwen3-4B,model.layers.13.self_attn.v_proj.weight,mxfp8,v_proj,13,bfloat16
24903680,2560,9728,18.547084263842052,0.013973061599283418,0.107421875,0.02297183265036193,3.9954936029666097,3.0490420692845395,2.4503642835115134,3.855396660753301,0.9638491651883252,0.9888902184295483,7,0.0885358308490954,0.06246137117084704,0.02644344129060444,0.49552194695723684,778240,4.25,49807360,13230080,Qwen3-4B,model.layers.14.mlp.down_proj.weight,mxfp4,down_proj,14,bfloat16
24903680,2560,9728,30.216022825589004,0.0009514757355856739,0.0625,0.02297183265036193,3.9954936029666097,3.0490420692845395,2.4503642835115134,6.548162617776321,0.8185203272220402,0.9888902184295483,7,6.183825041118421e-06,0.012494177567331415,0.008659884804173519,0.22625154194078947,778240,8.25,49807360,25681920,Qwen3-4B,model.layers.14.mlp.down_proj.weight,mxfp8,down_proj,14,bfloat16
24903680,9728,2560,18.645944456654828,0.013658580113667197,0.123046875,0.024200095730433958,3.855259401300839,2.894013736122533,2.3923275596217106,3.8582940574056046,0.9645735143514012,1.0457864282120581,6,0.0851474962736431,0.062202614232113485,0.026219217400801808,0.45765316611842105,778240,4.25,49807360,13230080,Qwen3-4B,model.layers.14.mlp.gate_proj.weight,mxfp4,gate_proj,14,bfloat16
24903680,9728,2560,30.33015122880869,0.0009267975501326119,0.060546875,0.024200095730433958,3.855259401300839,2.894013736122533,2.3923275596217106,6.526710405265073,0.8158388006581341,1.0457864282120581,6,5.38073087993421e-06,0.012371504934210527,0.008569014699835526,0.21179584703947368,778240,8.25,49807360,25681920,Qwen3-4B,model.layers.14.mlp.gate_proj.weight,mxfp8,gate_proj,14,bfloat16
24903680,9728,2560,18.620758112201187,0.01373802140725803,0.080078125,0.02353162728631956,3.5459108654686826,2.921948964972245,2.4027685065018503,3.860267772456699,0.9650669431141747,0.9512550858087578,5,0.08527904309724507,0.06338601363332648,0.026562660618832237,0.4838109066611842,778240,4.25,49807360,13230080,Qwen3-4B,model.layers.14.mlp.up_proj.weight,mxfp4,up_proj,14,bfloat16
24903680,9728,2560,30.279372796244882,0.0009376974184726994,0.029296875,0.02353162728631956,3.5459108654686826,2.921948964972245,2.4027685065018503,6.528703336026245,0.8160879170032806,0.9512550858087578,5,5.2201120476973686e-06,0.012430652819181744,0.008583430240028783,0.21916118421052633,778240,8.25,49807360,25681920,Qwen3-4B,model.layers.14.mlp.up_proj.weight,mxfp8,up_proj,14,bfloat16
2621440,1024,2560,18.677392308109702,0.01356003371026132,0.0595703125,0.022992193282966263,4.4696181688141,2.8957658767700196,2.391396331787109,3.85336095572726,0.963340238931815,1.159134420514926,6,0.08619155883789062,0.05885238647460937,0.024322891235351564,0.4326171875,81920,4.25,5242880,1392640,Qwen3-4B,model.layers.14.self_attn.k_proj.weight,mxfp4,k_proj,14,bfloat16
2621440,1024,2560,30.412795239074736,0.0009093278157806163,0.0283203125,0.022992193282966263,4.4696181688141,2.8957658767700196,2.391396331787109,6.525958964136015,0.8157448705170018,1.159134420514926,6,4.9591064453125e-06,0.011417007446289063,0.007845306396484375,0.1929443359375,81920,8.25,5242880,2703360,Qwen3-4B,model.layers.14.self_attn.k_proj.weight,mxfp8,k_proj,14,bfloat16
10485760,2560,4096,18.685175469157656,0.01353575400698763,0.107421875,0.0222229980366025,4.526004280810909,2.871508026123047,2.3850940704345702,3.8555144659272136,0.9638786164818034,1.0705104010166195,6,0.08412799835205079,0.059412384033203126,0.024428653717041015,0.4453948974609375,327680,4.25,20971520,5570560,Qwen3-4B,model.layers.14.self_attn.o_proj.weight,mxfp4,o_proj,14,bfloat16
10485760,2560,4096,30.37380826875916,0.0009175276761857275,0.044921875,0.0222229980366025,4.526004280810909,2.871508026123047,2.3850940704345702,6.516476986034846,0.8145596232543557,1.0705104010166195,6,4.38690185546875e-06,0.011330604553222656,0.007814311981201172,0.1953857421875,327680,8.25,20971520,10813440,Qwen3-4B,model.layers.14.self_attn.o_proj.weight,mxfp8,o_proj,14,bfloat16
10485760,4096,2560,18.659501903736896,0.013616008367405733,0.0595703125,0.023102207759867027,4.351492852832937,2.91711540222168,2.39947624206543,3.854309989020159,0.9635774972550397,1.0662817290174236,5,0.08544902801513672,0.059435462951660155,0.024603939056396483,0.4448822021484375,327680,4.25,20971520,5570560,Qwen3-4B,model.layers.14.self_attn.q_proj.weight,mxfp4,q_proj,14,bfloat16
10485760,4096,2560,30.360956254503,0.0009202469241972911,0.0283203125,0.023102207759867027,4.351492852832937,2.91711540222168,2.39947624206543,6.5249217857834445,0.8156152232229306,1.0662817290174236,5,4.00543212890625e-06,0.011485481262207031,0.007930660247802734,0.1972686767578125,327680,8.25,20971520,10813440,Qwen3-4B,model.layers.14.self_attn.q_proj.weight,mxfp8,q_proj,14,bfloat16
2621440,1024,2560,18.606607220688407,0.013782857877529283,0.03076171875,0.024852111117205436,3.4747838011008443,3.0218381881713867,2.4346538543701173,3.854293474314486,0.9635733685786215,1.0938092271484363,4,0.08975639343261718,0.06265830993652344,0.027069473266601564,0.4645263671875,81920,4.25,5242880,1392640,Qwen3-4B,model.layers.14.self_attn.v_proj.weight,mxfp4,v_proj,14,bfloat16
2621440,1024,2560,30.30883207976668,0.0009313583059953565,0.01513671875,0.024852111117205436,3.4747838011008443,3.0218381881713867,2.4346538543701173,6.553164049546802,0.8191455061933502,1.0938092271484363,4,5.7220458984375e-06,0.012997817993164063,0.009099578857421875,0.225244140625,81920,8.25,5242880,2703360,Qwen3-4B,model.layers.14.self_attn.v_proj.weight,mxfp8,v_proj,14,bfloat16
24903680,9728,2560,18.649492212806344,0.01364742696146017,0.1171875,0.023381348739676577,4.027914606602259,2.9100350630910774,2.398036073383532,3.8565097678069296,0.9641274419517324,1.0296093109415683,6,0.08543343794973272,0.06096894113641036,0.02546639693410773,0.4555137232730263,778240,4.25,49807360,13230080,Qwen3-4B,model.layers.15.mlp.gate_proj.weight,mxfp4,gate_proj,15,bfloat16
24903680,9728,2560,30.340399712680835,0.0009246130711812496,0.048828125,0.023381348739676577,4.027914606602259,2.9100350630910774,2.398036073383532,6.526387693067205,0.8157984616334006,1.0296093109415683,6,5.30042146381579e-06,0.011921772203947368,0.008249222604851973,0.20579127261513158,778240,8.25,49807360,25681920,Qwen3-4B,model.layers.15.mlp.gate_proj.weight,mxfp8,gate_proj,15,bfloat16
24903680,9728,2560,18.62542370024473,0.013723270694423027,0.09375,0.023270072136731285,3.5198010138132707,2.931263050280119,2.406219482421875,3.858867343569257,0.9647168358923143,0.9498377517156911,5,0.08572849474455181,0.06257938585783306,0.026153484143708883,0.47933413856907897,778240,4.25,49807360,13230080,Qwen3-4B,model.layers.15.mlp.up_proj.weight,mxfp4,up_proj,15,bfloat16
24903680,9728,2560,30.289846261972478,0.0009354387876165586,0.03125,0.023270072136731285,3.5198010138132707,2.931263050280119,2.406219482421875,6.529960075650059,0.8162450094562573,0.9498377517156911,5,5.059493215460526e-06,0.012202774850945723,0.008425662392064145,0.21535259046052632,778240,8.25,49807360,25681920,Qwen3-4B,model.layers.15.mlp.up_proj.weight,mxfp8,up_proj,15,bfloat16
2621440,1024,2560,18.647221453606267,0.013654564543165723,0.0615234375,0.022875987554687983,5.805640242592759,2.9290237426757812,2.4035873413085938,3.8505298231948277,0.9626324557987069,1.393681796062122,6,0.08688087463378906,0.057654953002929686,0.0238372802734375,0.4266845703125,81920,4.25,5242880,1392640,Qwen3-4B,model.layers.15.self_attn.k_proj.weight,mxfp4,k_proj,15,bfloat16
2621440,1024,2560,30.40531904740968,0.0009108945324158255,0.0302734375,0.022875987554687983,5.805640242592759,2.9290237426757812,2.4035873413085938,6.52985339492497,0.8162316743656213,1.393681796062122,6,4.57763671875e-06,0.011162185668945312,0.0077484130859375,0.19033203125,81920,8.25,5242880,2703360,Qwen3-4B,model.layers.15.self_attn.k_proj.weight,mxfp8,k_proj,15,bfloat16
10485760,2560,4096,18.682843995588705,0.013543022514055167,0.0625,0.021584047680724767,3.76555653920851,2.879815864562988,2.3886077880859373,3.855915888768174,0.9639789721920435,1.0997584235125453,5,0.08444080352783204,0.059857177734375,0.024559974670410156,0.45072021484375,327680,4.25,20971520,5570560,Qwen3-4B,model.layers.15.self_attn.o_proj.weight,mxfp4,o_proj,15,bfloat16
10485760,2560,4096,30.36536596757689,0.0009193130036543034,0.0302734375,0.021584047680724767,3.76555653920851,2.879815864562988,2.3886077880859373,6.518858508199383,0.8148573135249229,1.0997584235125453,5,3.719329833984375e-06,0.011397075653076173,0.007851028442382812,0.1973236083984375,327680,8.25,20971520,10813440,Qwen3-4B,model.layers.15.self_attn.o_proj.weight,mxfp8,o_proj,15,bfloat16
10485760,4096,2560,18.649053850055154,0.013648804557956832,0.0615234375,0.02337266876234904,5.62786038887316,2.950305938720703,2.409310722351074,3.852784784965129,0.9631961962412823,1.3227362276092511,6,0.08653945922851562,0.059369468688964845,0.024840068817138673,0.439599609375,327680,4.25,20971520,5570560,Qwen3-4B,model.layers.15.self_attn.q_proj.weight,mxfp4,q_proj,15,bfloat16
10485760,4096,2560,30.351997322798773,0.0009221472335802426,0.0302734375,0.02337266876234904,5.62786038887316,2.950305938720703,2.409310722351074,6.531665844838733,0.8164582306048416,1.3227362276092511,6,5.054473876953125e-06,0.011713886260986328,0.008117103576660156,0.1999542236328125,327680,8.25,20971520,10813440,Qwen3-4B,model.layers.15.self_attn.q_proj.weight,mxfp8,q_proj,15,bfloat16
2621440,1024,2560,18.596224223487305,0.013815848989736038,0.03076171875,0.024608898915121084,3.3940930982732165,2.9871118545532225,2.423859786987305,3.8569043755754193,0.9642260938938548,1.0924809100186927,4,0.08901443481445312,0.06425094604492188,0.027998733520507812,0.46978759765625,81920,4.25,5242880,1392640,Qwen3-4B,model.layers.15.self_attn.v_proj.weight,mxfp4,v_proj,15,bfloat16
2621440,1024,2560,30.267612974674538,0.0009402399553760227,0.01513671875,0.024608898915121084,3.3940930982732165,2.9871118545532225,2.423859786987305,6.551104878084425,0.8188881097605532,1.0924809100186927,4,4.1961669921875e-06,0.01348114013671875,0.009438705444335938,0.23243408203125,81920,8.25,5242880,2703360,Qwen3-4B,model.layers.15.self_attn.v_proj.weight,mxfp8,v_proj,15,bfloat16
24903680,2560,9728,17.871430182033976,0.01632514253511328,0.12109375,0.016537179495111066,9.076460821348945,5.5197998046875,3.0080958316200657,3.4376729040511504,0.8594182260127876,1.31905122231785,9,0.27180300260844986,0.044747764185855264,0.019876781262849506,0.4314735814144737,778240,4.25,49807360,13230080,Qwen3-4B,model.layers.2.mlp.down_proj.weight,mxfp4,down_proj,2,bfloat16
24903680,2560,9728,29.977022233249517,0.0010053048474574608,0.05078125,0.016537179495111066,9.076460821348945,5.5197998046875,3.0080958316200657,7.03008764370434,0.8787609554630424,1.31905122231785,9,1.9314414576480264e-05,0.009746912906044408,0.00686749910053454,0.18429918791118421,778240,8.25,49807360,25681920,Qwen3-4B,model.layers.2.mlp.down_proj.weight,mxfp8,down_proj,2,bfloat16
24903680,9728,2560,18.586950358669345,0.013845382685934167,0.060546875,0.01871678773834559,6.541344897825207,3.889943413985403,2.5701155010022614,3.8290236581546466,0.9572559145386617,2.5829086597206876,10,0.11414541947214227,0.05800010279605263,0.02523245560495477,0.42694798519736843,778240,4.25,49807360,13230080,Qwen3-4B,model.layers.2.mlp.gate_proj.weight,mxfp4,gate_proj,2,bfloat16
24903680,9728,2560,30.26969659663047,0.0009397889630631636,0.0244140625,0.01871678773834559,6.541344897825207,3.889943413985403,2.5701155010022614,6.64871112192021,0.8310888902400263,2.5829086597206876,10,8.030941611842105e-06,0.012245419150904605,0.00859981336091694,0.2088841488486842,778240,8.25,49807360,25681920,Qwen3-4B,model.layers.2.mlp.gate_proj.weight,mxfp8,gate_proj,2,bfloat16
24903680,9728,2560,18.635662826703385,0.01369095419064053,0.060546875,0.017259707136208374,7.387369483006022,3.027533521150288,2.4262115478515627,3.8498672409893935,0.9624668102473484,2.193471708766956,9,0.08859293084395559,0.05869365491365132,0.025127290424547696,0.4205065275493421,778240,4.25,49807360,13230080,Qwen3-4B,model.layers.2.mlp.up_proj.weight,mxfp4,up_proj,2,bfloat16
24903680,9728,2560,30.334447947056475,0.0009258810709093322,0.0283203125,0.017259707136208374,7.387369483006022,3.027533521150288,2.4262115478515627,6.5406396537668865,0.8175799567208608,2.193471708766956,9,5.621659128289473e-06,0.01210278962787829,0.008483605635793586,0.20229106702302632,778240,8.25,49807360,25681920,Qwen3-4B,model.layers.2.mlp.up_proj.weight,mxfp8,up_proj,2,bfloat16
2621440,1024,2560,18.60174945604408,0.01379828320338614,0.0625,0.023166821003553866,4.837453550551216,2.9204290390014647,2.397492790222168,3.8600792456307165,0.9650198114076791,1.148850173281606,4,0.08571052551269531,0.06336936950683594,0.02650871276855469,0.4776123046875,81920,4.25,5242880,1392640,Qwen3-4B,model.layers.2.self_attn.k_proj.weight,mxfp4,k_proj,2,bfloat16
2621440,1024,2560,30.309454950033388,0.0009312247390673388,0.029296875,0.023166821003553866,4.837453550551216,2.9204290390014647,2.397492790222168,6.530989922234616,0.816373740279327,1.148850173281606,4,4.9591064453125e-06,0.01231536865234375,0.008454513549804688,0.2141845703125,81920,8.25,5242880,2703360,Qwen3-4B,model.layers.2.self_attn.k_proj.weight,mxfp8,k_proj,2,bfloat16
10485760,2560,4096,18.687295732964635,0.013529147345836125,0.07421875,0.022496703944580608,3.570801556563525,2.8467615127563475,2.375146484375,3.8605391457548133,0.9651347864387033,0.8317474309122381,6,0.08227148056030273,0.06156635284423828,0.024780654907226564,0.4756683349609375,327680,4.25,20971520,5570560,Qwen3-4B,model.layers.2.self_attn.o_proj.weight,mxfp4,o_proj,2,bfloat16
10485760,2560,4096,30.343161402704816,0.0009240252942036082,0.02734375,0.022496703944580608,3.570801556563525,2.8467615127563475,2.375146484375,6.506846092652081,0.8133557615815101,0.8317474309122381,6,5.626678466796875e-06,0.011302661895751954,0.007741069793701172,0.2007965087890625,327680,8.25,20971520,10813440,Qwen3-4B,model.layers.2.self_attn.o_proj.weight,mxfp8,o_proj,2,bfloat16
10485760,4096,2560,18.65431746033204,0.013632272349377184,0.0595703125,0.02237223754011715,3.8477467532115774,2.90941162109375,2.3962020874023438,3.8559621300115814,0.9639905325028953,0.9694885798427068,5,0.08573503494262695,0.060345935821533206,0.024899768829345702,0.4561309814453125,327680,4.25,20971520,5570560,Qwen3-4B,model.layers.2.self_attn.q_proj.weight,mxfp4,q_proj,2,bfloat16
10485760,4096,2560,30.339543888062025,0.000924795294220014,0.0283203125,0.02237223754011715,3.8477467532115774,2.90941162109375,2.3962020874023438,6.526845405446904,0.815855675680863,0.9694885798427068,5,5.53131103515625e-06,0.011551952362060547,0.007944297790527344,0.1996826171875,327680,8.25,20971520,10813440,Qwen3-4B,model.layers.2.self_attn.q_proj.weight,mxfp8,q_proj,2,bfloat16
2621440,1024,2560,18.597789369524683,0.013810870817969353,0.0302734375,0.02420597373920242,3.2668542484841563,2.9358407974243166,2.404824447631836,3.861637757578697,0.9654094393946743,0.99298290024029,4,0.08746910095214844,0.06598281860351562,0.0283050537109375,0.4903076171875,81920,4.25,5242880,1392640,Qwen3-4B,model.layers.2.self_attn.v_proj.weight,mxfp4,v_proj,2,bfloat16
2621440,1024,2560,30.231124968359538,0.0009481728229272607,0.0146484375,0.02420597373920242,3.2668542484841563,2.9358407974243166,2.404824447631836,6.543976845928888,0.817997105741111,0.99298290024029,4,4.9591064453125e-06,0.013466644287109374,0.009296417236328125,0.2338623046875,81920,8.25,5242880,2703360,Qwen3-4B,model.layers.2.self_attn.v_proj.weight,mxfp8,v_proj,2,bfloat16
24903680,2560,9728,18.535412592297458,0.014010664732567653,0.12109375,0.01912763874141536,5.596978700395257,3.882107704564145,2.5924245733963818,3.841310713367782,0.9603276783419455,1.7418157254070779,11,0.10296594720137747,0.06141200818513569,0.025292848285875823,0.47261770148026316,778240,4.25,49807360,13230080,Qwen3-4B,model.layers.3.mlp.down_proj.weight,mxfp4,down_proj,3,bfloat16
24903680,2560,9728,30.25581264497522,0.0009427981800472513,0.048828125,0.01912763874141536,5.596978700395257,3.882107704564145,2.5924245733963818,6.616960993042739,0.8271201241303424,1.7418157254070779,11,5.742123252467105e-06,0.011602381656044408,0.007912605687191612,0.20198910361842104,778240,8.25,49807360,25681920,Qwen3-4B,model.layers.3.mlp.down_proj.weight,mxfp8,down_proj,3,bfloat16
24903680,9728,2560,18.6755368815233,0.01356582817077658,0.12109375,0.02501942784455604,4.414731810036079,3.323472033048931,2.469850560238487,3.8405764821614694,0.9601441205403674,2.140694602287122,10,0.10018190082750822,0.05827086599249589,0.025828311317845395,0.39825503700657894,778240,4.25,49807360,13230080,Qwen3-4B,model.layers.3.mlp.gate_proj.weight,mxfp4,gate_proj,3,bfloat16
24903680,9728,2560,30.429783830027336,0.000905777684838382,0.05859375,0.02501942784455604,4.414731810036079,3.323472033048931,2.469850560238487,6.59452756586996,0.824315945733745,2.140694602287122,10,1.5138324938322368e-05,0.012768875925164474,0.009006219161184211,0.2071546052631579,778240,8.25,49807360,25681920,Qwen3-4B,model.layers.3.mlp.gate_proj.weight,mxfp8,gate_proj,3,bfloat16
24903680,9728,2560,18.706340718813237,0.013469948277982207,0.0859375,0.018496668604263005,4.988013988795585,2.9492077877647,2.4075750250565378,3.848378287020774,0.9620945717551935,1.7955940700251167,8,0.08688864456979851,0.0557191949141653,0.022466237921463815,0.42498458059210525,778240,4.25,49807360,13230080,Qwen3-4B,model.layers.3.mlp.up_proj.weight,mxfp4,up_proj,3,bfloat16
24903680,9728,2560,30.43511747078011,0.000904665967417029,0.0302734375,0.018496668604263005,4.988013988795585,2.9492077877647,2.4075750250565378,6.526475755640702,0.8158094694550877,1.7955940700251167,8,5.742123252467105e-06,0.010390151174444901,0.007164965177837171,0.17877903988486843,778240,8.25,49807360,25681920,Qwen3-4B,model.layers.3.mlp.up_proj.weight,mxfp8,up_proj,3,bfloat16
2621440,1024,2560,18.64176339124819,0.013671735914032116,0.05859375,0.022439015097588288,4.373223609543391,2.9217655181884767,2.3995643615722657,3.8543547591712906,0.9635886897928226,1.2114979949173001,5,0.08681793212890625,0.059771728515625,0.024811553955078124,0.4462158203125,81920,4.25,5242880,1392640,Qwen3-4B,model.layers.3.self_attn.k_proj.weight,mxfp4,k_proj,3,bfloat16
2621440,1024,2560,30.348029961732873,0.0009229900171620958,0.015625,0.022439015097588288,4.373223609543391,2.9217655181884767,2.3995643615722657,6.531167814931521,0.8163959768664402,1.2114979949173001,5,4.9591064453125e-06,0.011548614501953125,0.007983779907226563,0.1981201171875,81920,8.25,5242880,2703360,Qwen3-4B,model.layers.3.self_attn.k_proj.weight,mxfp8,k_proj,3,bfloat16
10485760,2560,4096,18.694089220064622,0.013508000809624523,0.0625,0.022642769996253278,4.104748137235095,2.846573829650879,2.3749507904052733,3.8589245177484863,0.9647311294371216,0.8996237870859407,5,0.0826451301574707,0.060957145690917966,0.024831199645996095,0.4593475341796875,327680,4.25,20971520,5570560,Qwen3-4B,model.layers.3.self_attn.o_proj.weight,mxfp4,o_proj,3,bfloat16
10485760,2560,4096,30.364534287833273,0.0009194890701824753,0.029296875,0.022642769996253278,4.104748137235095,2.846573829650879,2.3749507904052733,6.5096080505373415,0.8137010063171677,0.8996237870859407,5,4.673004150390625e-06,0.01144094467163086,0.007849311828613282,0.1985076904296875,327680,8.25,20971520,10813440,Qwen3-4B,model.layers.3.self_attn.o_proj.weight,mxfp8,o_proj,3,bfloat16
10485760,4096,2560,18.649636809601475,0.013646972582822714,0.078125,0.022438903034860954,4.034074866948429,2.9351421356201173,2.404743194580078,3.853278478198356,0.963319619549589,1.0162724114084158,5,0.0871246337890625,0.059197616577148435,0.024378013610839844,0.44510498046875,327680,4.25,20971520,5570560,Qwen3-4B,model.layers.3.self_attn.q_proj.weight,mxfp4,q_proj,3,bfloat16
10485760,4096,2560,30.362126809424666,0.0009199989232543217,0.0283203125,0.022438903034860954,4.034074866948429,2.9351421356201173,2.404743194580078,6.532467310329441,0.8165584137911801,1.0162724114084158,5,6.389617919921875e-06,0.011365795135498047,0.007827472686767579,0.1958770751953125,327680,8.25,20971520,10813440,Qwen3-4B,model.layers.3.self_attn.q_proj.weight,mxfp8,q_proj,3,bfloat16
2621440,1024,2560,18.62137505059461,0.013736069986910385,0.03076171875,0.02437052182026171,3.419550129788869,2.9538787841796874,2.409923553466797,3.8553111432914364,0.9638277858228591,1.0419164936154275,4,0.08887138366699218,0.062208938598632815,0.026705169677734376,0.452490234375,81920,4.25,5242880,1392640,Qwen3-4B,model.layers.3.self_attn.v_proj.weight,mxfp4,v_proj,3,bfloat16
2621440,1024,2560,30.303187871506157,0.0009325695112651453,0.01513671875,0.02437052182026171,3.419550129788869,2.9538787841796874,2.409923553466797,6.547566048776179,0.8184457560970224,1.0419164936154275,4,3.814697265625e-06,0.012852859497070313,0.008942413330078124,0.2162109375,81920,8.25,5242880,2703360,Qwen3-4B,model.layers.3.self_attn.v_proj.weight,mxfp8,v_proj,3,bfloat16
24903680,2560,9728,18.588644941825166,0.013839981379566269,0.123046875,0.0207026961735822,4.970881284680793,3.0907046669407894,2.452093987715872,3.846261516668742,0.9615653791671855,0.8249190208203272,6,0.08879342330129524,0.05550492939196135,0.02228606374640214,0.45354903371710525,778240,4.25,49807360,13230080,Qwen3-4B,model.layers.4.mlp.down_proj.weight,mxfp4,down_proj,4,bfloat16
24903680,2560,9728,30.33833299787782,0.0009250531795303226,0.060546875,0.0207026961735822,4.970881284680793,3.0907046669407894,2.452093987715872,6.5375265362344965,0.8171908170293121,0.8249190208203272,6,5.139802631578947e-06,0.010164280941611842,0.006960176166735197,0.18309518914473685,778240,8.25,49807360,25681920,Qwen3-4B,model.layers.4.mlp.down_proj.weight,mxfp8,down_proj,4,bfloat16
24903680,9728,2560,18.766745187621982,0.01328389644051857,0.0625,0.03124938543869853,3.404502719665067,2.8824391013697572,2.3839133011667353,3.8406109742751955,0.9601527435687989,1.0105094767374878,5,0.08840910259046053,0.05340720728824013,0.02283417551141036,0.34300601356907895,778240,4.25,49807360,13230080,Qwen3-4B,model.layers.4.mlp.gate_proj.weight,mxfp4,gate_proj,4,bfloat16
24903680,9728,2560,30.597084624483237,0.0008715484554074768,0.0302734375,0.03124938543869853,3.404502719665067,2.8824391013697572,2.3839133011667353,6.530626257059254,0.8163282821324067,1.0105094767374878,5,5.059493215460526e-06,0.011194289358038652,0.00787052355314556,0.17099609375,778240,8.25,49807360,25681920,Qwen3-4B,model.layers.4.mlp.gate_proj.weight,mxfp8,gate_proj,4,bfloat16
24903680,9728,2560,18.739540459625882,0.013367369533195747,0.0556640625,0.02039713813038822,3.5669628264729734,2.9003312361867803,2.392435013620477,3.8487325270501853,0.9621831317625463,0.8211990788117195,5,0.08556510523745889,0.055079409950657895,0.021679888273540296,0.4222013774671053,778240,4.25,49807360,13230080,Qwen3-4B,model.layers.4.mlp.up_proj.weight,mxfp4,up_proj,4,bfloat16
24903680,9728,2560,30.48534802670764,0.0008942628663128676,0.0244140625,0.02039713813038822,3.5669628264729734,2.9003312361867803,2.392435013620477,6.516648219619961,0.8145810274524952,0.8211990788117195,5,5.701968544407895e-06,0.009786063746402137,0.006693950452302632,0.16884894120065788,778240,8.25,49807360,25681920,Qwen3-4B,model.layers.4.mlp.up_proj.weight,mxfp8,up_proj,4,bfloat16
2621440,1024,2560,18.62887814301117,0.013712359341335191,0.11328125,0.023079234980154496,5.931716581609754,2.9221170425415037,2.3994958877563475,3.8547309381174975,0.9636827345293744,1.0912113140375976,6,0.08599815368652344,0.059783554077148436,0.02487525939941406,0.44619140625,81920,4.25,5242880,1392640,Qwen3-4B,model.layers.4.self_attn.k_proj.weight,mxfp4,k_proj,4,bfloat16
2621440,1024,2560,30.36408227561725,0.0009195847752717883,0.02734375,0.023079234980154496,5.931716581609754,2.9221170425415037,2.3994958877563475,6.526783977769568,0.815847997221196,1.0912113140375976,6,4.57763671875e-06,0.011624908447265625,0.008062744140625,0.20048828125,81920,8.25,5242880,2703360,Qwen3-4B,model.layers.4.self_attn.k_proj.weight,mxfp8,k_proj,4,bfloat16
10485760,2560,4096,18.678180124600605,0.013557574123566474,0.11328125,0.02314983902601297,3.804448151320007,2.83626651763916,2.3708051681518554,3.863972673552487,0.9659931683881218,0.898680323373492,5,0.08198328018188476,0.06407012939453124,0.026154708862304688,0.490557861328125,327680,4.25,20971520,5570560,Qwen3-4B,model.layers.4.self_attn.o_proj.weight,mxfp4,o_proj,4,bfloat16
10485760,2560,4096,30.32523785979614,0.0009278466712767345,0.05078125,0.02314983902601297,3.804448151320007,2.83626651763916,2.3708051681518554,6.508226774175546,0.8135283467719433,0.898680323373492,5,5.626678466796875e-06,0.011972904205322266,0.008174705505371093,0.2115478515625,327680,8.25,20971520,10813440,Qwen3-4B,model.layers.4.self_attn.o_proj.weight,mxfp8,o_proj,4,bfloat16
10485760,4096,2560,18.647660608336714,0.013653183875509857,0.05859375,0.02285447550408176,3.9839518271489265,2.9147552490234374,2.398673248291016,3.856013540839339,0.9640033852098348,0.992024496613173,5,0.08560495376586914,0.06035928726196289,0.024904155731201173,0.4574920654296875,327680,4.25,20971520,5570560,Qwen3-4B,model.layers.4.self_attn.q_proj.weight,mxfp4,q_proj,4,bfloat16
10485760,4096,2560,30.34077677043689,0.0009245327990593291,0.02734375,0.02285447550408176,3.9839518271489265,2.9147552490234374,2.398673248291016,6.525957569420914,0.8157446961776142,0.992024496613173,5,4.57763671875e-06,0.01154623031616211,0.00793924331665039,0.2002044677734375,327680,8.25,20971520,10813440,Qwen3-4B,model.layers.4.self_attn.q_proj.weight,mxfp8,q_proj,4,bfloat16
2621440,1024,2560,18.599456947583633,0.013805568820113065,0.03125,0.024622257395509297,3.2583621664782787,2.922811508178711,2.4005409240722657,3.862491127479467,0.9656227818698667,1.0144300414789462,4,0.08729820251464844,0.0666717529296875,0.02881011962890625,0.48604736328125,81920,4.25,5242880,1392640,Qwen3-4B,model.layers.4.self_attn.v_proj.weight,mxfp4,v_proj,4,bfloat16
2621440,1024,2560,30.236202872129745,0.0009470648381646961,0.01513671875,0.024622257395509297,3.2583621664782787,2.922811508178711,2.4005409240722657,6.543731276289014,0.8179664095361268,1.0144300414789462,4,6.103515625e-06,0.013824462890625,0.009629058837890624,0.23883056640625,81920,8.25,5242880,2703360,Qwen3-4B,model.layers.4.self_attn.v_proj.weight,mxfp8,v_proj,4,bfloat16
24903680,2560,9728,18.64287986445285,0.013668221670682988,0.123046875,0.0213691743976482,4.490735222342565,2.9876429507606908,2.421198312859786,3.853870014491488,0.963467503622872,0.7452576241866117,6,0.08517054507606908,0.058068446109169405,0.022885854620682565,0.4790822882401316,778240,4.25,49807360,13230080,Qwen3-4B,model.layers.5.mlp.down_proj.weight,mxfp4,down_proj,5,bfloat16
24903680,2560,9728,30.362197106015515,0.0009199840319151092,0.060546875,0.0213691743976482,4.490735222342565,2.9876429507606908,2.421198312859786,6.520079654921757,0.8150099568652196,0.7452576241866117,6,5.661813836348684e-06,0.010234270597759046,0.006947246350740131,0.18835063733552632,778240,8.25,49807360,25681920,Qwen3-4B,model.layers.5.mlp.down_proj.weight,mxfp8,down_proj,5,bfloat16
24903680,9728,2560,18.718121067285324,0.013433460209867848,0.2265625,0.029277073375503133,4.169333537745295,2.916935368588096,2.3950199729517885,3.8513797239219603,0.9628449309804901,1.1515086050953107,6,0.08699099892064145,0.05804266678659539,0.024096960770456415,0.4208226254111842,778240,4.25,49807360,13230080,Qwen3-4B,model.layers.5.mlp.gate_proj.weight,mxfp4,gate_proj,5,bfloat16
24903680,9728,2560,30.502237862133605,0.0008907918065931864,0.1015625,0.029277073375503133,4.169333537745295,2.916935368588096,2.3950199729517885,6.5296623100324975,0.8162077887540622,1.1515086050953107,6,5.661813836348684e-06,0.011354225560238487,0.007878996196546053,0.19082802220394737,778240,8.25,49807360,25681920,Qwen3-4B,model.layers.5.mlp.gate_proj.weight,mxfp8,gate_proj,5,bfloat16
24903680,9728,2560,18.683160960945028,0.013542034126568913,0.1171875,0.0216286010533189,3.398349923391633,2.896264809056332,2.3911176982678866,3.8593634739697893,0.9648408684924473,0.7457827250389965,6,0.08358182405170642,0.06098472193667763,0.02420654296875,0.4876207853618421,778240,4.25,49807360,13230080,Qwen3-4B,model.layers.5.mlp.up_proj.weight,mxfp4,up_proj,5,bfloat16
24903680,9728,2560,30.348633756746402,0.0009228617037584661,0.0546875,0.0216286010533189,3.398349923391633,2.896264809056332,2.3911176982678866,6.5132860869681455,0.8141607608710182,0.7457827250389965,6,5.30042146381579e-06,0.010897666529605263,0.007398424650493421,0.19737741570723685,778240,8.25,49807360,25681920,Qwen3-4B,model.layers.5.mlp.up_proj.weight,mxfp8,up_proj,5,bfloat16
2621440,1024,2560,18.64118962561261,0.013673542266811906,0.060546875,0.02266610399892163,4.467097409600147,2.9164527893066405,2.3988656997680664,3.857014842391444,0.964253710597861,1.2729988024148247,5,0.08587112426757812,0.06163597106933594,0.025788116455078124,0.4579345703125,81920,4.25,5242880,1392640,Qwen3-4B,model.layers.5.self_attn.k_proj.weight,mxfp4,k_proj,5,bfloat16
2621440,1024,2560,30.345901459809102,0.0009234424906829631,0.029296875,0.02266610399892163,4.467097409600147,2.9164527893066405,2.3988656997680664,6.530066723972477,0.8162583404965597,1.2729988024148247,5,6.866455078125e-06,0.01211090087890625,0.008353424072265626,0.20849609375,81920,8.25,5242880,2703360,Qwen3-4B,model.layers.5.self_attn.k_proj.weight,mxfp8,k_proj,5,bfloat16
10485760,2560,4096,18.69059829578083,0.013518863108642637,0.0615234375,0.02233510949887396,4.264394640490488,2.855438232421875,2.378458786010742,3.858082242626573,0.9645205606566433,0.8945367890753358,5,0.0831380844116211,0.06050119400024414,0.024648284912109374,0.4589385986328125,327680,4.25,20971520,5570560,Qwen3-4B,model.layers.5.self_attn.o_proj.weight,mxfp4,o_proj,5,bfloat16
10485760,2560,4096,30.36402728709712,0.0009195964187368004,0.0302734375,0.02233510949887396,4.264394640490488,2.855438232421875,2.378458786010742,6.5115269402165055,0.8139408675270632,0.8945367890753358,5,6.771087646484375e-06,0.01132373809814453,0.007762908935546875,0.19598388671875,327680,8.25,20971520,10813440,Qwen3-4B,model.layers.5.self_attn.o_proj.weight,mxfp8,o_proj,5,bfloat16
10485760,4096,2560,18.642849944092948,0.01366831583709251,0.078125,0.022750008130465092,4.246655484010502,2.9124801635742186,2.397245407104492,3.855906883589366,0.9639767208973415,1.1136524755831232,5,0.08548860549926758,0.0607304573059082,0.02544889450073242,0.4484649658203125,327680,4.25,20971520,5570560,Qwen3-4B,model.layers.5.self_attn.q_proj.weight,mxfp4,q_proj,5,bfloat16
10485760,4096,2560,30.329633223670143,0.0009269081005875797,0.029296875,0.022750008130465092,4.246655484010502,2.9124801635742186,2.397245407104492,6.526711374298753,0.8158389217873441,1.1136524755831232,5,5.91278076171875e-06,0.011990737915039063,0.008307552337646485,0.2050079345703125,327680,8.25,20971520,10813440,Qwen3-4B,model.layers.5.self_attn.q_proj.weight,mxfp8,q_proj,5,bfloat16
2621440,1024,2560,18.613845348803416,0.013759905938775192,0.03125,0.024406622706753308,3.375429799643334,2.930007743835449,2.40423526763916,3.8585596069476553,0.9646399017369138,1.062068808269501,4,0.08736495971679688,0.06379928588867187,0.027576446533203125,0.464501953125,81920,4.25,5242880,1392640,Qwen3-4B,model.layers.5.self_attn.v_proj.weight,mxfp4,v_proj,5,bfloat16
2621440,1024,2560,30.260616833915087,0.0009417558282586264,0.01513671875,0.024406622706753308,3.375429799643334,2.930007743835449,2.40423526763916,6.541310601121405,0.8176638251401757,1.062068808269501,4,5.7220458984375e-06,0.013251495361328126,0.009221267700195313,0.22479248046875,81920,8.25,5242880,2703360,Qwen3-4B,model.layers.5.self_attn.v_proj.weight,mxfp8,v_proj,5,bfloat16
24903680,2560,9728,18.601125397923507,0.013800266085910328,0.2421875,0.022156666121484137,4.675601328373854,2.9731117650082237,2.414974493729441,3.860683394560375,0.9651708486400937,0.8392197544040291,7,0.08515432257401316,0.06292194567228618,0.02566885697214227,0.5071468955592106,778240,4.25,49807360,13230080,Qwen3-4B,model.layers.6.mlp.down_proj.weight,mxfp4,down_proj,6,bfloat16
24903680,2560,9728,30.25384544472951,0.0009432253309788733,0.1171875,0.022156666121484137,4.675601328373854,2.9731117650082237,2.414974493729441,6.526213070097429,0.8157766337621786,0.8392197544040291,7,5.942896792763158e-06,0.011701523630242598,0.00796255814401727,0.21303839432565788,778240,8.25,49807360,25681920,Qwen3-4B,model.layers.6.mlp.down_proj.weight,mxfp8,down_proj,6,bfloat16
24903680,9728,2560,18.695610965194746,0.013503268505988198,0.103515625,0.027638498837432895,3.597364141703524,2.886998949552837,2.385898268850226,3.856715272833659,0.9641788182084148,1.0998921159928194,5,0.08590473375822369,0.06150516710783306,0.026113128662109374,0.435986328125,778240,4.25,49807360,13230080,Qwen3-4B,model.layers.6.mlp.gate_proj.weight,mxfp4,gate_proj,6,bfloat16
24903680,9728,2560,30.449676897218104,0.0009016382144376913,0.041015625,0.027638498837432895,3.597364141703524,2.886998949552837,2.385898268850226,6.529356779129035,0.8161695973911294,1.0998921159928194,5,5.30042146381579e-06,0.012465226022820724,0.008673256321957238,0.2089612458881579,778240,8.25,49807360,25681920,Qwen3-4B,model.layers.6.mlp.gate_proj.weight,mxfp8,gate_proj,6,bfloat16
24903680,9728,2560,18.6583306680731,0.013619680922752463,0.119140625,0.022223838718296883,3.331375920834941,2.8801482351202714,2.3852922539961967,3.8638444706001307,0.9659611176500327,0.7708125724070892,5,0.08280928762335527,0.0639914261667352,0.025797392192639802,0.5086078844572368,778240,4.25,49807360,13230080,Qwen3-4B,model.layers.6.mlp.up_proj.weight,mxfp4,up_proj,6,bfloat16
24903680,9728,2560,30.299385062865763,0.0009333864538362557,0.056640625,0.022223838718296883,3.331375920834941,2.8801482351202714,2.3852922539961967,6.512670546320189,0.8140838182900236,0.7708125724070892,5,4.778410259046052e-06,0.011675744307668585,0.007942480789987664,0.21242932771381579,778240,8.25,49807360,25681920,Qwen3-4B,model.layers.6.mlp.up_proj.weight,mxfp8,up_proj,6,bfloat16
2621440,1024,2560,18.668101805164323,0.013589072618955506,0.0625,0.02275009205165517,3.92227116783819,2.8858461380004883,2.389096260070801,3.8573329758165666,0.9643332439541417,0.9289294077070749,4,0.08404998779296875,0.06034698486328125,0.024534225463867188,0.46243896484375,81920,4.25,5242880,1392640,Qwen3-4B,model.layers.6.self_attn.k_proj.weight,mxfp4,k_proj,6,bfloat16
2621440,1024,2560,30.364730912245598,0.0009194474417683492,0.0283203125,0.02275009205165517,3.92227116783819,2.8858461380004883,2.389096260070801,6.516162339357738,0.8145202924197172,0.9289294077070749,4,3.814697265625e-06,0.011227798461914063,0.007700729370117188,0.197607421875,81920,8.25,5242880,2703360,Qwen3-4B,model.layers.6.self_attn.k_proj.weight,mxfp8,k_proj,6,bfloat16
10485760,2560,4096,18.67117860611835,0.013579448719463292,0.123046875,0.023033779675004026,7.616377266076654,2.863251495361328,2.3809085845947267,3.8599914526344823,0.9649978631586206,1.0028162700970047,6,0.0833216667175293,0.0619624137878418,0.025451278686523436,0.468585205078125,327680,4.25,20971520,5570560,Qwen3-4B,model.layers.6.self_attn.o_proj.weight,mxfp4,o_proj,6,bfloat16
10485760,2560,4096,30.34076148032449,0.0009245360540477965,0.060546875,0.023033779675004026,7.616377266076654,2.863251495361328,2.3809085845947267,6.5142633402953205,0.8142829175369151,1.0028162700970047,6,6.103515625e-06,0.011789226531982422,0.008109474182128906,0.2051605224609375,327680,8.25,20971520,10813440,Qwen3-4B,model.layers.6.self_attn.o_proj.weight,mxfp8,o_proj,6,bfloat16
10485760,4096,2560,18.628864108124333,0.01371240365498195,0.234375,0.02338516929856005,4.781598124411421,2.923761558532715,2.401173973083496,3.8582146510839253,0.9645536627709813,1.0102096639915359,6,0.08515653610229493,0.06182222366333008,0.025748252868652344,0.46959228515625,327680,4.25,20971520,5570560,Qwen3-4B,model.layers.6.self_attn.q_proj.weight,mxfp4,q_proj,6,bfloat16
10485760,4096,2560,30.297009003510862,0.0009338972566443438,0.109375,0.02338516929856005,4.781598124411421,2.923761558532715,2.401173973083496,6.526137617719066,0.8157672022148833,1.0102096639915359,6,4.673004150390625e-06,0.012037563323974609,0.00830249786376953,0.210247802734375,327680,8.25,20971520,10813440,Qwen3-4B,model.layers.6.self_attn.q_proj.weight,mxfp8,q_proj,6,bfloat16
2621440,1024,2560,18.580203356766503,0.013866908960692106,0.052734375,0.02438371584263028,3.9689386417198493,2.965071678161621,2.4138322830200196,3.855821026472053,0.9639552566180133,1.10619605581817,6,0.08890228271484375,0.06306571960449218,0.027332305908203125,0.45650634765625,81920,4.25,5242880,1392640,Qwen3-4B,model.layers.6.self_attn.v_proj.weight,mxfp4,v_proj,6,bfloat16
2621440,1024,2560,30.261528838871442,0.0009415580832161607,0.021484375,0.02438371584263028,3.9689386417198493,2.965071678161621,2.4138322830200196,6.548654227417808,0.818581778427226,1.10619605581817,6,6.103515625e-06,0.013115692138671874,0.009164047241210938,0.2228759765625,81920,8.25,5242880,2703360,Qwen3-4B,model.layers.6.self_attn.v_proj.weight,mxfp8,v_proj,6,bfloat16
24903680,2560,9728,18.623256392116893,0.01373012088017726,0.22265625,0.022308355102494442,3.597350453821789,2.9325680381373354,2.403422626696135,3.8628525195700174,0.9657131298925044,0.8548159448177538,6,0.0839553431460732,0.0641514025236431,0.02628426802785773,0.509264494243421,778240,4.25,49807360,13230080,Qwen3-4B,model.layers.7.mlp.down_proj.weight,mxfp4,down_proj,7,bfloat16
24903680,2560,9728,30.261944937143372,0.0009414678766996189,0.09765625,0.022308355102494442,3.597350453821789,2.9325680381373354,2.403422626696135,6.521164612765096,0.815145576595637,0.8548159448177538,6,5.179957339638158e-06,0.012033482601768092,0.008222318950452303,0.21840434827302632,778240,8.25,49807360,25681920,Qwen3-4B,model.layers.7.mlp.down_proj.weight,mxfp8,down_proj,7,bfloat16
24903680,9728,2560,18.686048101257743,0.013533034528075173,0.1171875,0.027326249854063234,3.5437128316974396,2.878981660541735,2.382655816329153,3.856732191014515,0.9641830477536287,1.086862596984166,6,0.08601443642064145,0.06163145366467928,0.026315508390727795,0.4315930818256579,778240,4.25,49807360,13230080,Qwen3-4B,model.layers.7.mlp.gate_proj.weight,mxfp4,gate_proj,7,bfloat16
24903680,9728,2560,30.43801437170259,0.0009040627237841815,0.0546875,0.027326249854063234,3.5437128316974396,2.878981660541735,2.382655816329153,6.529781581243858,0.8162226976554823,1.086862596984166,6,4.778410259046052e-06,0.012600065532483553,0.008790026212993421,0.20909231085526317,778240,8.25,49807360,25681920,Qwen3-4B,model.layers.7.mlp.gate_proj.weight,mxfp8,gate_proj,7,bfloat16
24903680,9728,2560,18.657397074978903,0.013622609029685836,0.12109375,0.022373016472379343,3.3208460532067137,2.877201240941098,2.385135449861225,3.8640971489962976,0.9660242872490744,0.7892731867773838,6,0.08288309197676809,0.06429595947265625,0.02608646593595806,0.5080347964638158,778240,4.25,49807360,13230080,Qwen3-4B,model.layers.7.mlp.up_proj.weight,mxfp4,up_proj,7,bfloat16
24903680,9728,2560,30.290152128336132,0.0009353729085420834,0.05859375,0.022373016472379343,3.3208460532067137,2.877201240941098,2.385135449861225,6.51374341050793,0.8142179263134912,0.7892731867773838,6,4.4973273026315785e-06,0.01185712312397204,0.008073344983552631,0.21453279194078947,778240,8.25,49807360,25681920,Qwen3-4B,model.layers.7.mlp.up_proj.weight,mxfp8,up_proj,7,bfloat16
2621440,1024,2560,18.610911392131715,0.01376920483831504,0.115234375,0.022768988951833116,5.103181507193934,2.897025299072266,2.390301513671875,3.8589569990293127,0.9647392497573282,1.2366691487347377,6,0.08502655029296875,0.0622650146484375,0.02576141357421875,0.46402587890625,81920,4.25,5242880,1392640,Qwen3-4B,model.layers.7.self_attn.k_proj.weight,mxfp4,k_proj,7,bfloat16
2621440,1024,2560,30.292456738878894,0.0009348766787953291,0.052734375,0.022768988951833116,5.103181507193934,2.897025299072266,2.390301513671875,6.525608677542179,0.8157010846927724,1.2366691487347377,6,5.7220458984375e-06,0.012025833129882812,0.008292007446289062,0.20927734375,81920,8.25,5242880,2703360,Qwen3-4B,model.layers.7.self_attn.k_proj.weight,mxfp8,k_proj,7,bfloat16
10485760,2560,4096,18.658720039275565,0.013618459890932307,0.1171875,0.022761440053136725,4.0814968586760445,2.8655183792114256,2.381885528564453,3.8595588257296436,0.9648897064324109,1.0238591134126678,6,0.08392133712768554,0.062357425689697266,0.026142978668212892,0.4588623046875,327680,4.25,20971520,5570560,Qwen3-4B,model.layers.7.self_attn.o_proj.weight,mxfp4,o_proj,7,bfloat16
10485760,2560,4096,30.31929978324499,0.0009291161769102149,0.0302734375,0.022761440053136725,4.0814968586760445,2.8655183792114256,2.381885528564453,6.519294266825087,0.8149117833531359,1.0238591134126678,6,4.100799560546875e-06,0.012245941162109374,0.008460807800292968,0.2096099853515625,327680,8.25,20971520,10813440,Qwen3-4B,model.layers.7.self_attn.o_proj.weight,mxfp8,o_proj,7,bfloat16
10485760,4096,2560,18.635395153014876,0.0136917980468943,0.0625,0.02274615868066675,4.243214532383682,2.913746643066406,2.3968101501464845,3.855618291969889,0.9639045729924722,1.1461777538702453,5,0.08586502075195312,0.060785865783691405,0.025527000427246094,0.4446136474609375,327680,4.25,20971520,5570560,Qwen3-4B,model.layers.7.self_attn.q_proj.weight,mxfp4,q_proj,7,bfloat16
10485760,4096,2560,30.311991237646232,0.0009306810609089322,0.0302734375,0.02274615868066675,4.243214532383682,2.913746643066406,2.3968101501464845,6.52923263416475,0.8161540792705938,1.1461777538702453,5,4.673004150390625e-06,0.012053203582763673,0.008359718322753906,0.2048675537109375,327680,8.25,20971520,10813440,Qwen3-4B,model.layers.7.self_attn.q_proj.weight,mxfp8,q_proj,7,bfloat16
2621440,1024,2560,18.655084564569595,0.013629864662698698,0.03076171875,0.026084952341826426,3.4163616567667394,2.9274360656738283,2.4032283782958985,3.8489266179997204,0.9622316544999301,1.1630408278001487,4,0.08975410461425781,0.060213470458984376,0.026761627197265624,0.3980712890625,81920,4.25,5242880,1392640,Qwen3-4B,model.layers.7.self_attn.v_proj.weight,mxfp4,v_proj,7,bfloat16
2621440,1024,2560,30.37731529274964,0.000916787051370756,0.01513671875,0.026084952341826426,3.4163616567667394,2.9274360656738283,2.4032283782958985,6.549482057040916,0.8186852571301145,1.1630408278001487,4,8.0108642578125e-06,0.013254547119140625,0.00936737060546875,0.21162109375,81920,8.25,5242880,2703360,Qwen3-4B,model.layers.7.self_attn.v_proj.weight,mxfp8,v_proj,7,bfloat16
24903680,2560,9728,18.570854098130944,0.013896793053327597,0.1875,0.0229770939644206,3.718112544753695,2.978465511924342,2.420793071546053,3.8630685903851054,0.9657671475962764,0.960839885662588,6,0.08567986739309211,0.06592760587993421,0.027878490247224507,0.5131013569078947,778240,4.25,49807360,13230080,Qwen3-4B,model.layers.8.mlp.down_proj.weight,mxfp4,down_proj,8,bfloat16
24903680,2560,9728,30.191769743091466,0.0009568040956990922,0.0625,0.0229770939644206,3.718112544753695,2.978465511924342,2.420793071546053,6.535199209427212,0.8168999011784015,0.960839885662588,6,4.9791837993421055e-06,0.01311898482473273,0.009044205515008223,0.23558670847039473,778240,8.25,49807360,25681920,Qwen3-4B,model.layers.8.mlp.down_proj.weight,mxfp8,down_proj,8,bfloat16
24903680,9728,2560,18.623202099084,0.013730292527433957,0.0615234375,0.02547168610683345,3.357514924550291,2.858133175498561,2.378376047234786,3.865050276312984,0.966262569078246,1.0179839469005394,6,0.08459950497275905,0.06716657939710115,0.029053617778577304,0.4782316509046053,778240,4.25,49807360,13230080,Qwen3-4B,model.layers.8.mlp.gate_proj.weight,mxfp4,gate_proj,8,bfloat16
24903680,9728,2560,30.265941799951687,0.0009406018314006934,0.0302734375,0.02547168610683345,3.357514924550291,2.858133175498561,2.378376047234786,6.529120295034286,0.8161400368792857,1.0179839469005394,6,4.657946134868421e-06,0.013957053736636513,0.009713905736019737,0.23743446751644737,778240,8.25,49807360,25681920,Qwen3-4B,model.layers.8.mlp.gate_proj.weight,mxfp8,gate_proj,8,bfloat16
24903680,9728,2560,18.632627480005212,0.013700526340422311,0.078125,0.022898463674456793,3.3102176782027937,2.87953977082905,2.386393938566509,3.8653736875258056,0.9663434218814514,0.8481255817605163,6,0.08322444714997944,0.06573028564453125,0.02717654579564145,0.510118986430921,778240,4.25,49807360,13230080,Qwen3-4B,model.layers.8.mlp.up_proj.weight,mxfp4,up_proj,8,bfloat16
24903680,9728,2560,30.253844190332444,0.0009432256034159661,0.03125,0.022898463674456793,3.3102176782027937,2.87953977082905,2.386393938566509,6.518441340463919,0.8148051675579899,0.8481255817605163,6,4.818564967105263e-06,0.012520599365234374,0.00855556287263569,0.22408640008223685,778240,8.25,49807360,25681920,Qwen3-4B,model.layers.8.mlp.up_proj.weight,mxfp8,up_proj,8,bfloat16
2621440,1024,2560,18.676758382638138,0.01356201316856017,0.0615234375,0.023176337571236612,4.0160000597627885,2.8746616363525392,2.3850263595581054,3.85650732736856,0.96412683184214,1.1608483893189239,5,0.08479843139648438,0.060263442993164065,0.024941253662109374,0.44739990234375,81920,4.25,5242880,1392640,Qwen3-4B,model.layers.8.self_attn.k_proj.weight,mxfp4,k_proj,8,bfloat16
2621440,1024,2560,30.379378334412728,0.0009163516507839152,0.0302734375,0.023176337571236612,4.0160000597627885,2.8746616363525392,2.3850263595581054,6.520657422905693,0.8150821778632116,1.1608483893189239,5,3.0517578125e-06,0.011656951904296876,0.008031082153320313,0.19937744140625,81920,8.25,5242880,2703360,Qwen3-4B,model.layers.8.self_attn.k_proj.weight,mxfp8,k_proj,8,bfloat16
10485760,2560,4096,18.647197682659442,0.013654639281121069,0.0859375,0.02330312554012982,3.445478935555491,2.853778839111328,2.3770477294921877,3.8640633632278907,0.9660158408069727,1.0175725396466533,5,0.08305177688598633,0.06509218215942383,0.027227401733398438,0.4849822998046875,327680,4.25,20971520,5570560,Qwen3-4B,model.layers.8.self_attn.o_proj.weight,mxfp4,o_proj,8,bfloat16
10485760,2560,4096,30.27703600591734,0.0009382020972011392,0.0234375,0.02330312554012982,3.445478935555491,2.853778839111328,2.3770477294921877,6.517492201957943,0.8146865252447428,1.0175725396466533,5,4.100799560546875e-06,0.012709236145019532,0.008777618408203125,0.22188720703125,327680,8.25,20971520,10813440,Qwen3-4B,model.layers.8.self_attn.o_proj.weight,mxfp8,o_proj,8,bfloat16
10485760,4096,2560,18.64182464338487,0.013671543091611772,0.0615234375,0.02286547131577328,4.014801363885989,2.9066240310668947,2.394558334350586,3.8577474165076446,0.9644368541269112,1.058242643251691,6,0.08514366149902344,0.06140985488891602,0.025582504272460938,0.4586090087890625,327680,4.25,20971520,5570560,Qwen3-4B,model.layers.8.self_attn.q_proj.weight,mxfp4,q_proj,8,bfloat16
10485760,4096,2560,30.314445972897282,0.0009301551665730884,0.0302734375,0.02286547131577328,4.014801363885989,2.9066240310668947,2.394558334350586,6.52477861899415,0.8155973273742687,1.058242643251691,6,4.00543212890625e-06,0.011973381042480469,0.008276748657226562,0.2073333740234375,327680,8.25,20971520,10813440,Qwen3-4B,model.layers.8.self_attn.q_proj.weight,mxfp8,q_proj,8,bfloat16
2621440,1024,2560,18.62730434761932,0.01371732932356466,0.03076171875,0.026036057066733013,3.2801189689238446,2.9213449478149416,2.4009666442871094,3.8572588225244866,0.9643147056311216,1.0864416806266837,4,0.08768959045410156,0.06419906616210938,0.028360366821289062,0.44617919921875,81920,4.25,5242880,1392640,Qwen3-4B,model.layers.8.self_attn.v_proj.weight,mxfp4,v_proj,8,bfloat16
2621440,1024,2560,30.315849676066627,0.0009298545754240044,0.01513671875,0.026036057066733013,3.2801189689238446,2.9213449478149416,2.4009666442871094,6.5450716966123395,0.8181339620765424,1.0864416806266837,4,7.2479248046875e-06,0.013788223266601562,0.009618377685546875,0.228515625,81920,8.25,5242880,2703360,Qwen3-4B,model.layers.8.self_attn.v_proj.weight,mxfp8,v_proj,8,bfloat16
24903680,2560,9728,18.608572039139762,0.013776623700116678,0.09765625,0.02177186473413264,3.587094062539023,3.00834029348273,2.4307952880859376,3.857271058359533,0.9643177645898833,0.910898859495593,6,0.08610241538599918,0.06141658582185444,0.025141866583573192,0.49598581414473686,778240,4.25,49807360,13230080,Qwen3-4B,model.layers.9.mlp.down_proj.weight,mxfp4,down_proj,9,bfloat16
24903680,2560,9728,30.271348076359725,0.0009394316600282694,0.0302734375,0.02177186473413264,3.587094062539023,3.00834029348273,2.4307952880859376,6.531488282899459,0.8164360353624324,0.910898859495593,6,5.179957339638158e-06,0.01157684326171875,0.00794529161955181,0.2115696957236842,778240,8.25,49807360,25681920,Qwen3-4B,model.layers.9.mlp.down_proj.weight,mxfp8,down_proj,9,bfloat16
24903680,9728,2560,18.715749011452115,0.013440799382399463,0.11328125,0.027526505025430744,3.6161946842515946,2.8625999049136515,2.379947822972348,3.85437278653669,0.9635931966341725,1.1084706130226185,5,0.08576953285618832,0.060057991429379114,0.025558672453227797,0.41876027960526313,778240,4.25,49807360,13230080,Qwen3-4B,model.layers.9.mlp.gate_proj.weight,mxfp4,gate_proj,9,bfloat16
24903680,9728,2560,30.466842209388286,0.0008980815595859419,0.05078125,0.027526505025430744,3.6161946842515946,2.8625999049136515,2.379947822972348,6.526312286813824,0.815789035851728,1.1084706130226185,5,6.103515625e-06,0.012228714792351974,0.008500470613178454,0.20080180921052632,778240,8.25,49807360,25681920,Qwen3-4B,model.layers.9.mlp.gate_proj.weight,mxfp8,gate_proj,9,bfloat16
24903680,9728,2560,18.675241505105916,0.013566750853923334,0.072265625,0.021972325417331334,3.3480982104510493,2.888224230314556,2.3897754869962995,3.8597261449698035,0.9649315362424509,0.79132875407177,5,0.08343891344572368,0.061421645315069905,0.0247100830078125,0.48560469777960524,778240,4.25,49807360,13230080,Qwen3-4B,model.layers.9.mlp.up_proj.weight,mxfp4,up_proj,9,bfloat16
24903680,9728,2560,30.336456508552352,0.0009254529606822245,0.0302734375,0.021972325417331334,3.3480982104510493,2.888224230314556,2.3897754869962995,6.514152203435643,0.8142690254294553,0.79132875407177,5,5.059493215460526e-06,0.011198666221217105,0.007617107190583882,0.20083264802631579,778240,8.25,49807360,25681920,Qwen3-4B,model.layers.9.mlp.up_proj.weight,mxfp8,up_proj,9,bfloat16
2621440,1024,2560,18.572857922285614,0.013890382585883475,0.119140625,0.02235808145465406,8.965205882635845,2.931435394287109,2.4038274765014647,3.852815325077003,0.9632038312692508,1.3709870769730539,6,0.08687705993652343,0.05969429016113281,0.02508964538574219,0.4349365234375,81920,4.25,5242880,1392640,Qwen3-4B,model.layers.9.self_attn.k_proj.weight,mxfp4,k_proj,9,bfloat16
2621440,1024,2560,30.307694162040132,0.0009316023680374791,0.056640625,0.02235808145465406,8.965205882635845,2.931435394287109,2.4038274765014647,6.533137457794336,0.816642182224292,1.3709870769730539,6,6.4849853515625e-06,0.011869430541992188,0.008234405517578125,0.19970703125,81920,8.25,5242880,2703360,Qwen3-4B,model.layers.9.self_attn.k_proj.weight,mxfp8,k_proj,9,bfloat16
10485760,2560,4096,18.666529194287108,0.01359399420878494,0.046875,0.023088402430944004,3.816410914028964,2.8615966796875,2.380629539489746,3.8589368762717267,0.9647342190679317,1.147807008595198,6,0.08398942947387696,0.06200275421142578,0.02600412368774414,0.4522125244140625,327680,4.25,20971520,5570560,Qwen3-4B,model.layers.9.self_attn.o_proj.weight,mxfp4,o_proj,9,bfloat16
10485760,2560,4096,30.346103865356653,0.0009233994540948196,0.015625,0.023088402430944004,3.816410914028964,2.8615966796875,2.380629539489746,6.519348658812964,0.8149185823516205,1.147807008595198,6,5.340576171875e-06,0.012233161926269531,0.00846710205078125,0.2085479736328125,327680,8.25,20971520,10813440,Qwen3-4B,model.layers.9.self_attn.o_proj.weight,mxfp8,o_proj,9,bfloat16
10485760,4096,2560,18.637032464071588,0.013686637146169786,0.060546875,0.022325417894412128,4.62954020907977,2.946579933166504,2.407859992980957,3.8517021534441263,0.9629255383610316,1.1755341014783074,6,0.08699254989624024,0.058434677124023435,0.02428855895996094,0.4346832275390625,327680,4.25,20971520,5570560,Qwen3-4B,model.layers.9.self_attn.q_proj.weight,mxfp4,q_proj,9,bfloat16
10485760,4096,2560,30.357374491151127,0.0009210061938680796,0.02734375,0.022325417894412128,4.62954020907977,2.946579933166504,2.407859992980957,6.531319375387914,0.8164149219234893,1.1755341014783074,6,4.57763671875e-06,0.011401653289794922,0.007919120788574218,0.195343017578125,327680,8.25,20971520,10813440,Qwen3-4B,model.layers.9.self_attn.q_proj.weight,mxfp8,q_proj,9,bfloat16
2621440,1024,2560,18.690748798564243,0.01351839462668924,0.03125,0.026289061196314426,3.6839095720961614,3.0306865692138674,2.434248352050781,3.8408930660026943,0.9602232665006736,1.175597592886614,4,0.091796875,0.05589103698730469,0.023819732666015624,0.3911865234375,81920,4.25,5242880,1392640,Qwen3-4B,model.layers.9.self_attn.v_proj.weight,mxfp4,v_proj,9,bfloat16
2621440,1024,2560,30.47898430495353,0.0008955741911691183,0.01513671875,0.026289061196314426,3.6839095720961614,3.0306865692138674,2.434248352050781,6.554020269106049,0.8192525336382561,1.175597592886614,4,4.9591064453125e-06,0.011541366577148438,0.008093643188476562,0.19005126953125,81920,8.25,5242880,2703360,Qwen3-4B,model.layers.9.self_attn.v_proj.weight,mxfp8,v_proj,9,bfloat16
24903680,2560,9728,18.528939926402938,0.01403156160508014,0.095703125,0.02278510316724527,3.976625843902286,3.0917971962376645,2.463535670230263,3.8536146432153418,0.9634036608038354,0.9995323270388965,6,0.0896813242059005,0.062080062063116774,0.02631843968441612,0.49767295435855263,778240,4.25,49807360,13230080,Qwen3-4B,model.layers.15.mlp.down_proj.weight,mxfp4,down_proj,15,bfloat16
24903680,2560,9728,30.206883187735762,0.0009534802051016389,0.033203125,0.02278510316724527,3.976625843902286,3.0917971962376645,2.463535670230263,6.553710574386239,0.8192138217982798,0.9995323270388965,6,5.5815044202302636e-06,0.012430933902138157,0.008608085230777138,0.22586348684210528,778240,8.25,49807360,25681920,Qwen3-4B,model.layers.15.mlp.down_proj.weight,mxfp8,down_proj,15,bfloat16
24903680,2560,9728,18.54998235472951,0.013963740344753606,0.24609375,0.02242350394178251,6.292925320572373,3.0645260459498354,2.4554391961348685,3.8529903933696783,0.9632475983424196,0.9704666046863835,7,0.08898343537983142,0.060884696558902135,0.02551157098067434,0.4912212171052632,778240,4.25,49807360,13230080,Qwen3-4B,model.layers.16.mlp.down_proj.weight,mxfp4,down_proj,16,bfloat16
24903680,2560,9728,30.23326063006148,0.0009477066695094059,0.12109375,0.02242350394178251,6.292925320572373,3.0645260459498354,2.4554391961348685,6.548067788873084,0.8185084736091355,0.9704666046863835,7,5.260266755756579e-06,0.011964014956825657,0.0082591408177426,0.21742007606907895,778240,8.25,49807360,25681920,Qwen3-4B,model.layers.16.mlp.down_proj.weight,mxfp8,down_proj,16,bfloat16
24903680,9728,2560,18.651066517786727,0.01364248070507499,0.12109375,0.0239711117960985,4.374210548656092,2.899613992791427,2.3948420474403784,3.857182444500266,0.9642956111250665,1.0665551135999465,6,0.0851767289011102,0.06139020417865954,0.025710336785567434,0.45532740542763156,778240,4.25,49807360,13230080,Qwen3-4B,model.layers.16.mlp.gate_proj.weight,mxfp4,gate_proj,16,bfloat16
24903680,9728,2560,30.337190632872527,0.0009252965368419424,0.05859375,0.0239711117960985,4.374210548656092,2.899613992791427,2.3948420474403784,6.525472555089487,0.8156840693861859,1.0665551135999465,6,5.902742084703947e-06,0.012115880062705591,0.00838064896432977,0.20805278577302633,778240,8.25,49807360,25681920,Qwen3-4B,model.layers.16.mlp.gate_proj.weight,mxfp8,gate_proj,16,bfloat16
24903680,9728,2560,18.625190523349026,0.013724007529841962,0.15234375,0.02311915799162485,5.803104163794728,2.9256309107730263,2.404158100328947,3.8590796421465847,0.9647699105366462,0.9245186065155838,7,0.08537906847502055,0.062428002608449835,0.025910186767578124,0.4802670127467105,778240,4.25,49807360,13230080,Qwen3-4B,model.layers.16.mlp.up_proj.weight,mxfp4,up_proj,16,bfloat16
24903680,9728,2560,30.292070924003042,0.0009349597342718728,0.060546875,0.02311915799162485,5.803104163794728,2.9256309107730263,2.404158100328947,6.52767595665229,0.8159594945815363,0.9245186065155838,7,5.822432668585527e-06,0.012085081401624178,0.008326801500822368,0.21353181537828947,778240,8.25,49807360,25681920,Qwen3-4B,model.layers.16.mlp.up_proj.weight,mxfp8,up_proj,16,bfloat16
2621440,1024,2560,18.70543036852816,0.013472772089255354,0.05859375,0.022189890109865502,4.696041921502819,2.9014711380004883,2.3937862396240233,3.8482586895033273,0.9620646723758318,1.2242491744345545,5,0.08656539916992187,0.055718612670898435,0.022658157348632812,0.4115234375,81920,4.25,5242880,1392640,Qwen3-4B,model.layers.16.self_attn.k_proj.weight,mxfp4,k_proj,16,bfloat16
2621440,1024,2560,30.45619793098765,0.0009002853993528101,0.0263671875,0.022189890109865502,4.696041921502819,2.9014711380004883,2.3937862396240233,6.523583997162367,0.8154479996452959,1.2242491744345545,5,5.340576171875e-06,0.010524368286132813,0.007293701171875,0.1779296875,81920,8.25,5242880,2703360,Qwen3-4B,model.layers.16.self_attn.k_proj.weight,mxfp8,k_proj,16,bfloat16
10485760,2560,4096,18.675391682832128,0.013566281727868574,0.1171875,0.022223434923758282,4.382094475135952,2.8705913543701174,2.3840543746948244,3.8571167003308777,0.9642791750827194,1.1555478703641027,6,0.08421363830566406,0.06075906753540039,0.025275135040283205,0.4487579345703125,327680,4.25,20971520,5570560,Qwen3-4B,model.layers.16.self_attn.o_proj.weight,mxfp4,o_proj,16,bfloat16
10485760,2560,4096,30.355482938571004,0.0009214074218733426,0.0546875,0.022223434923758282,4.382094475135952,2.8705913543701174,2.3840543746948244,6.519277455202299,0.8149096819002873,1.1555478703641027,6,5.626678466796875e-06,0.011824321746826173,0.008146858215332032,0.2015411376953125,327680,8.25,20971520,10813440,Qwen3-4B,model.layers.16.self_attn.o_proj.weight,mxfp8,o_proj,16,bfloat16
10485760,4096,2560,18.66487840800859,0.013599162371297015,0.060546875,0.02270280970244875,5.302771710778337,2.923894500732422,2.402487945556641,3.8528852348690488,0.9632213087172622,1.1904556020015573,5,0.0856135368347168,0.05865192413330078,0.024271678924560548,0.4392822265625,327680,4.25,20971520,5570560,Qwen3-4B,model.layers.16.self_attn.q_proj.weight,mxfp4,q_proj,16,bfloat16
10485760,4096,2560,30.374930679896277,0.0009172905766465995,0.029296875,0.02270280970244875,5.302771710778337,2.923894500732422,2.402487945556641,6.524573325503263,0.8155716656879078,1.1904556020015573,5,4.9591064453125e-06,0.011340522766113281,0.00782308578491211,0.1944061279296875,327680,8.25,20971520,10813440,Qwen3-4B,model.layers.16.self_attn.q_proj.weight,mxfp8,q_proj,16,bfloat16
2621440,1024,2560,18.65086983175186,0.013643098568370413,0.03076171875,0.024676341759863413,3.614738606695009,2.9868846893310548,2.4245834350585938,3.8510454141546084,0.9627613535386521,1.1210115737040771,4,0.08949089050292969,0.0598663330078125,0.025516510009765625,0.4420166015625,81920,4.25,5242880,1392640,Qwen3-4B,model.layers.16.self_attn.v_proj.weight,mxfp4,v_proj,16,bfloat16
2621440,1024,2560,30.36856605582586,0.0009186358596266263,0.01513671875,0.024676341759863413,3.614738606695009,2.9868846893310548,2.4245834350585938,6.547096653226523,0.8183870816533154,1.1210115737040771,4,4.57763671875e-06,0.012182998657226562,0.00850372314453125,0.20816650390625,81920,8.25,5242880,2703360,Qwen3-4B,model.layers.16.self_attn.v_proj.weight,mxfp8,v_proj,16,bfloat16
24903680,2560,9728,18.5439327643359,0.013983204965141932,0.10546875,0.022491623542022342,4.124304015093581,3.0745425575657896,2.4582265753495065,3.853173267462261,0.9632933168655653,0.9688463203006852,6,0.08902415225380346,0.06108908402292352,0.02565877814041941,0.49281327097039473,778240,4.25,49807360,13230080,Qwen3-4B,model.layers.17.mlp.down_proj.weight,mxfp4,down_proj,17,bfloat16
24903680,2560,9728,30.22856457802641,0.0009487319846013981,0.04296875,0.022491623542022342,4.124304015093581,3.0745425575657896,2.4582265753495065,6.548801065295303,0.8186001331619128,0.9688463203006852,6,5.902742084703947e-06,0.012059583162006579,0.008339169150904605,0.2194772820723684,778240,8.25,49807360,25681920,Qwen3-4B,model.layers.17.mlp.down_proj.weight,mxfp8,down_proj,17,bfloat16
24903680,9728,2560,18.658306051918547,0.013619758120399379,0.119140625,0.023643068454346515,4.190467419105587,2.904354456851357,2.395887796502364,3.8555311639634677,0.9638827909908669,1.0771791916495665,7,0.08559738962273848,0.06038537276418585,0.025201576634457237,0.44611173930921055,778240,4.25,49807360,13230080,Qwen3-4B,model.layers.17.mlp.gate_proj.weight,mxfp4,gate_proj,17,bfloat16
24903680,9728,2560,30.360817138596875,0.0009202764025905236,0.056640625,0.023643068454346515,4.190467419105587,2.904354456851357,2.395887796502364,6.52617318453194,0.8157716480664925,1.0771791916495665,7,4.818564967105263e-06,0.01183676468698602,0.008196218390213816,0.20269839638157894,778240,8.25,49807360,25681920,Qwen3-4B,model.layers.17.mlp.gate_proj.weight,mxfp8,gate_proj,17,bfloat16
24903680,9728,2560,18.631491710817738,0.01370410977774612,0.119140625,0.023200646943623626,3.4984260257523188,2.92050636693051,2.4012280915912827,3.8595039907452624,0.9648759976863156,0.9411537029596335,6,0.08523129914936266,0.06274060701069079,0.02612204300729852,0.4782483552631579,778240,4.25,49807360,13230080,Qwen3-4B,model.layers.17.mlp.up_proj.weight,mxfp4,up_proj,17,bfloat16
24903680,9728,2560,30.298817845814398,0.0009335083681845579,0.056640625,0.023200646943623626,3.4984260257523188,2.92050636693051,2.4012280915912827,6.527534614871298,0.8159418268589123,0.9411537029596335,6,4.698100842927632e-06,0.012178641871402138,0.008401208174856085,0.21441971628289475,778240,8.25,49807360,25681920,Qwen3-4B,model.layers.17.mlp.up_proj.weight,mxfp8,up_proj,17,bfloat16
2621440,1024,2560,18.657311720917807,0.013622876764247968,0.0556640625,0.02156038493342609,5.071126948693349,2.9251453399658205,2.4042522430419924,3.849456210033153,0.9623640525082883,1.3363466689586825,5,0.08702354431152344,0.057898330688476565,0.0245849609375,0.41846923828125,81920,4.25,5242880,1392640,Qwen3-4B,model.layers.17.self_attn.k_proj.weight,mxfp4,k_proj,17,bfloat16
2621440,1024,2560,30.37878251970673,0.0009164773749792388,0.0244140625,0.02156038493342609,5.071126948693349,2.9251453399658205,2.4042522430419924,6.532717979184916,0.8165897473981145,1.3363466689586825,5,6.4849853515625e-06,0.011726760864257812,0.0081268310546875,0.1944091796875,81920,8.25,5242880,2703360,Qwen3-4B,model.layers.17.self_attn.k_proj.weight,mxfp8,k_proj,17,bfloat16
10485760,2560,4096,18.691365605910942,0.013516474811131706,0.123046875,0.02186418248824301,4.323179876530513,2.8822052001953127,2.3884273529052735,3.8537350455113835,0.9634337613778459,1.1024501021628879,5,0.08459291458129883,0.05842294692993164,0.02380218505859375,0.4387847900390625,327680,4.25,20971520,5570560,Qwen3-4B,model.layers.17.self_attn.o_proj.weight,mxfp4,o_proj,17,bfloat16
10485760,2560,4096,30.39952521300419,0.0009121105492473907,0.060546875,0.02186418248824301,4.323179876530513,2.8822052001953127,2.3884273529052735,6.5178746609363385,0.8147343326170423,1.1024501021628879,5,5.054473876953125e-06,0.011018466949462891,0.007594871520996094,0.1895721435546875,327680,8.25,20971520,10813440,Qwen3-4B,model.layers.17.self_attn.o_proj.weight,mxfp8,o_proj,17,bfloat16
10485760,4096,2560,18.670910873564946,0.013580285887030084,0.0595703125,0.023298718919960985,5.942478500572008,2.933209228515625,2.405527114868164,3.850210988167408,0.962552747041852,1.2586904782248953,5,0.08631620407104493,0.05745019912719727,0.02384605407714844,0.4259521484375,327680,4.25,20971520,5570560,Qwen3-4B,model.layers.17.self_attn.q_proj.weight,mxfp4,q_proj,17,bfloat16
10485760,4096,2560,30.396298807450897,0.0009127884146274249,0.0283203125,0.023298718919960985,5.942478500572008,2.933209228515625,2.405527114868164,6.5272178073575855,0.8159022259196982,1.2586904782248953,5,4.291534423828125e-06,0.011137676239013673,0.007693576812744141,0.1889129638671875,327680,8.25,20971520,10813440,Qwen3-4B,model.layers.17.self_attn.q_proj.weight,mxfp8,q_proj,17,bfloat16
2621440,1024,2560,18.584124050479318,0.013854395937504767,0.03125,0.024081279544901305,3.455755319073487,3.0068334579467773,2.4300079345703125,3.8564962893426045,0.9641240723356511,1.1124945780036322,4,0.08954124450683594,0.06397018432617188,0.027700424194335938,0.47484130859375,81920,4.25,5242880,1392640,Qwen3-4B,model.layers.17.self_attn.v_proj.weight,mxfp4,v_proj,17,bfloat16
2621440,1024,2560,30.248959438967645,0.0009442870985142245,0.01513671875,0.024081279544901305,3.455755319073487,3.0068334579467773,2.4300079345703125,6.553780866650225,0.8192226083312781,1.1124945780036322,4,4.57763671875e-06,0.013368606567382812,0.009279251098632812,0.2299560546875,81920,8.25,5242880,2703360,Qwen3-4B,model.layers.17.self_attn.v_proj.weight,mxfp8,v_proj,17,bfloat16
24903680,2560,9728,18.531179453358032,0.014024327813053433,0.125,0.022477069534772253,4.137956808699937,3.0999216180098683,2.4654261538856908,3.8520094855830704,0.9630023713957676,0.9864953175635858,6,0.08973918714021381,0.06094191701788651,0.025666447689658718,0.49081388774671053,778240,4.25,49807360,13230080,Qwen3-4B,model.layers.18.mlp.down_proj.weight,mxfp4,down_proj,18,bfloat16
24903680,2560,9728,30.216474305262516,0.0009513768281289548,0.041015625,0.022477069534772253,4.137956808699937,3.0999216180098683,2.4654261538856908,6.552829402579516,0.8191036753224396,0.9864953175635858,6,5.340576171875e-06,0.012107608192845395,0.008377838134765624,0.22020713404605263,778240,8.25,49807360,25681920,Qwen3-4B,model.layers.18.mlp.down_proj.weight,mxfp8,down_proj,18,bfloat16
24903680,9728,2560,18.646128913636872,0.013658000007985666,0.12109375,0.02337290306996831,4.452807996207001,2.919952352423417,2.401792425858347,3.8550777857954555,0.9637694464488639,1.0996174041918114,6,0.08584779438219572,0.060286672491776314,0.025207760459498355,0.44932925575657895,778240,4.25,49807360,13230080,Qwen3-4B,model.layers.18.mlp.gate_proj.weight,mxfp4,gate_proj,18,bfloat16
24903680,9728,2560,30.345121952435406,0.0009236082525945344,0.05859375,0.02337290306996831,4.452807996207001,2.919952352423417,2.401792425858347,6.52810040191923,0.8160125502399037,1.0996174041918114,6,5.541349712171053e-06,0.011849774812397204,0.008192604466488488,0.20306460731907894,778240,8.25,49807360,25681920,Qwen3-4B,model.layers.18.mlp.gate_proj.weight,mxfp8,gate_proj,18,bfloat16
24903680,9728,2560,18.62045991054011,0.013738964739863978,0.087890625,0.02318711194039587,3.6653515979412767,2.9354982074938323,2.40703394036544,3.8584460157649256,0.9646115039412314,0.9938362190735371,6,0.08593613473992599,0.06255408839175576,0.0262462013646176,0.47461836965460524,778240,4.25,49807360,13230080,Qwen3-4B,model.layers.18.mlp.up_proj.weight,mxfp4,up_proj,18,bfloat16
24903680,9728,2560,30.293044844811906,0.0009347500897366116,0.0302734375,0.02318711194039587,3.6653515979412767,2.9354982074938323,2.40703394036544,6.531541798970752,0.816442724871344,0.9938362190735371,6,5.099647923519737e-06,0.01233363904451069,0.008504405774568256,0.21535901521381579,778240,8.25,49807360,25681920,Qwen3-4B,model.layers.18.mlp.up_proj.weight,mxfp8,up_proj,18,bfloat16
2621440,1024,2560,18.687784035616982,0.013527626270292083,0.060546875,0.021820718182044216,4.630350712997554,2.9049407958984377,2.395848274230957,3.847364017061612,0.961841004265403,1.3035065439220799,6,0.08669700622558593,0.056312942504882814,0.02344856262207031,0.3985107421875,81920,4.25,5242880,1392640,Qwen3-4B,model.layers.18.self_attn.k_proj.weight,mxfp4,k_proj,18,bfloat16
2621440,1024,2560,30.450070421787178,0.0009015565185539831,0.029296875,0.021820718182044216,4.630350712997554,2.9049407958984377,2.395848274230957,6.527901406832838,0.8159876758541047,1.3035065439220799,6,4.9591064453125e-06,0.01117095947265625,0.007812118530273438,0.18275146484375,81920,8.25,5242880,2703360,Qwen3-4B,model.layers.18.self_attn.k_proj.weight,mxfp8,k_proj,18,bfloat16
10485760,2560,4096,18.69072683104644,0.013518463005712708,0.060546875,0.021834338663627034,4.228196207560548,2.8797510147094725,2.388041305541992,3.8544204219547877,0.9636051054886969,1.1782263048739654,5,0.08495044708251953,0.05919952392578125,0.02442026138305664,0.437701416015625,327680,4.25,20971520,5570560,Qwen3-4B,model.layers.18.self_attn.o_proj.weight,mxfp4,o_proj,18,bfloat16
10485760,2560,4096,30.393603744543185,0.0009133550314637955,0.029296875,0.021834338663627034,4.228196207560548,2.8797510147094725,2.388041305541992,6.520683614869221,0.8150854518586527,1.1782263048739654,5,6.29425048828125e-06,0.011413288116455079,0.007880687713623047,0.193939208984375,327680,8.25,20971520,10813440,Qwen3-4B,model.layers.18.self_attn.o_proj.weight,mxfp8,o_proj,18,bfloat16
10485760,4096,2560,18.65872757439138,0.013618436262590761,0.0615234375,0.02250926995714308,5.14348948582555,2.923968696594238,2.402508544921875,3.8529629495984588,0.9632407373996147,1.1862830357250427,5,0.08594064712524414,0.058996963500976565,0.024541664123535156,0.437249755859375,327680,4.25,20971520,5570560,Qwen3-4B,model.layers.18.self_attn.q_proj.weight,mxfp4,q_proj,18,bfloat16
10485760,4096,2560,30.364439007276314,0.0009195092432206838,0.0302734375,0.02250926995714308,5.14348948582555,2.923968696594238,2.402508544921875,6.527287742926964,0.8159109678658705,1.1862830357250427,5,5.91278076171875e-06,0.011509895324707031,0.007960796356201172,0.1969146728515625,327680,8.25,20971520,10813440,Qwen3-4B,model.layers.18.self_attn.q_proj.weight,mxfp8,q_proj,18,bfloat16
2621440,1024,2560,18.633826275136116,0.013696745067953472,0.03076171875,0.024462510675156045,3.456545795822108,2.973271942138672,2.4176025390625,3.8554532721382575,0.9638633180345644,1.0617408020189925,4,0.08823928833007813,0.06218109130859375,0.026422119140625,0.4615966796875,81920,4.25,5242880,1392640,Qwen3-4B,model.layers.18.self_attn.v_proj.weight,mxfp4,v_proj,18,bfloat16
2621440,1024,2560,30.331071289262685,0.000926601227247423,0.01513671875,0.024462510675156045,3.456545795822108,2.973271942138672,2.4176025390625,6.544707183203569,0.8180883979004461,1.0617408020189925,4,4.9591064453125e-06,0.012598037719726562,0.00877838134765625,0.2172119140625,81920,8.25,5242880,2703360,Qwen3-4B,model.layers.18.self_attn.v_proj.weight,mxfp8,v_proj,18,bfloat16
24903680,2560,9728,18.518545162297954,0.014065186131476476,0.24609375,0.02246448480104799,4.61420610114612,3.114614386307566,2.4691849557976973,3.8512680406247095,0.9628170101561774,0.9818827103973061,6,0.09023911325555099,0.06075704474198191,0.02563990542763158,0.4895353618421053,778240,4.25,49807360,13230080,Qwen3-4B,model.layers.19.mlp.down_proj.weight,mxfp4,down_proj,19,bfloat16
24903680,2560,9728,30.204560012914122,0.0009539903874470992,0.12109375,0.02246448480104799,4.61420610114612,3.114614386307566,2.4691849557976973,6.554997291306516,0.8193746614133145,0.9818827103973061,6,5.501195004111842e-06,0.012071629574424342,0.008382054379111843,0.22009534333881578,778240,8.25,49807360,25681920,Qwen3-4B,model.layers.19.mlp.down_proj.weight,mxfp8,down_proj,19,bfloat16
24903680,9728,2560,18.65068710705764,0.013643672599025295,0.103515625,0.023212688032042045,4.730264876996948,2.9333043148643094,2.4054393567537007,3.85317202494881,0.9632930062372025,1.1123170580070683,6,0.08649119326942846,0.05933183368883635,0.024754012258429277,0.44083444695723684,778240,4.25,49807360,13230080,Qwen3-4B,model.layers.19.mlp.gate_proj.weight,mxfp4,gate_proj,19,bfloat16
24903680,9728,2560,30.3629109459511,0.0009198328286646635,0.041015625,0.023212688032042045,4.730264876996948,2.9333043148643094,2.4054393567537007,6.530234412571232,0.816279301571404,1.1123170580070683,6,5.5815044202302636e-06,0.011645628276624178,0.008050577264083059,0.19913779810855264,778240,8.25,49807360,25681920,Qwen3-4B,model.layers.19.mlp.gate_proj.weight,mxfp8,gate_proj,19,bfloat16
24903680,9728,2560,18.61966276417236,0.013741486754642455,0.08203125,0.023248783366800373,3.9555541912247802,2.9485189739026523,2.410837755705181,3.856820566262552,0.964205141565638,1.0418743744006926,7,0.08657937300832648,0.06197056017423931,0.02617789820620888,0.46587171052631576,778240,4.25,49807360,13230080,Qwen3-4B,model.layers.19.mlp.up_proj.weight,mxfp4,up_proj,19,bfloat16
24903680,9728,2560,30.2935668315672,0.000934637747106112,0.0625,0.023248783366800373,3.9555541912247802,2.9485189739026523,2.410837755705181,6.534617741445909,0.8168272176807386,1.0418743744006926,7,5.501195004111842e-06,0.012357129548725329,0.008563714278371711,0.21444027549342104,778240,8.25,49807360,25681920,Qwen3-4B,model.layers.19.mlp.up_proj.weight,mxfp8,up_proj,19,bfloat16
2621440,1024,2560,18.666477011173683,0.013594157549843383,0.0625,0.021111991288886786,9.514665866930212,2.9548194885253904,2.412216567993164,3.8452227392764358,0.9613056848191089,1.377251221659568,6,0.08819236755371093,0.055373001098632815,0.02289581298828125,0.405224609375,81920,4.25,5242880,1392640,Qwen3-4B,model.layers.19.self_attn.k_proj.weight,mxfp4,k_proj,19,bfloat16
2621440,1024,2560,30.466026595357324,0.0008982502370011874,0.029296875,0.021111991288886786,9.514665866930212,2.9548194885253904,2.412216567993164,6.534036151567516,0.8167545189459395,1.377251221659568,6,5.340576171875e-06,0.010771942138671876,0.0075054168701171875,0.18009033203125,81920,8.25,5242880,2703360,Qwen3-4B,model.layers.19.self_attn.k_proj.weight,mxfp8,k_proj,19,bfloat16
10485760,2560,4096,18.676587358132256,0.013562547249090253,0.0625,0.02203835625549695,5.04289313253482,2.889101982116699,2.391287612915039,3.8529719828334787,0.9632429957083697,1.1549592520903949,6,0.08535833358764648,0.058650970458984375,0.024308204650878906,0.4310943603515625,327680,4.25,20971520,5570560,Qwen3-4B,model.layers.19.self_attn.o_proj.weight,mxfp4,o_proj,19,bfloat16
10485760,2560,4096,30.39619419119952,0.0009128104028534735,0.029296875,0.02203835625549695,5.04289313253482,2.889101982116699,2.391287612915039,6.523291412233338,0.8154114265291672,1.1549592520903949,6,4.76837158203125e-06,0.011379337310791016,0.007884693145751954,0.193316650390625,327680,8.25,20971520,10813440,Qwen3-4B,model.layers.19.self_attn.o_proj.weight,mxfp8,o_proj,19,bfloat16
10485760,4096,2560,18.639369496949808,0.013679274050927772,0.0615234375,0.02289877887902156,6.156967823359384,2.9820938110351562,2.420242691040039,3.850456001231658,0.9626140003079146,1.3733993227670431,6,0.08808183670043945,0.05869283676147461,0.02459859848022461,0.43446044921875,327680,4.25,20971520,5570560,Qwen3-4B,model.layers.19.self_attn.q_proj.weight,mxfp4,q_proj,19,bfloat16
10485760,4096,2560,30.346424299645662,0.0009233313256832472,0.0302734375,0.02289877887902156,6.156967823359384,2.9820938110351562,2.420242691040039,6.5386761274018586,0.8173345159252323,1.3733993227670431,6,5.340576171875e-06,0.011617565155029297,0.00806112289428711,0.19779052734375,327680,8.25,20971520,10813440,Qwen3-4B,model.layers.19.self_attn.q_proj.weight,mxfp8,q_proj,19,bfloat16
2621440,1024,2560,18.62818098872095,0.013714560704204515,0.03076171875,0.023986300009102266,3.59888000350192,3.017588806152344,2.432199478149414,3.8495731278872283,0.9623932819718071,1.173191445967471,4,0.09021339416503907,0.05981178283691406,0.025949859619140626,0.4385498046875,81920,4.25,5242880,1392640,Qwen3-4B,model.layers.19.self_attn.v_proj.weight,mxfp4,v_proj,19,bfloat16
2621440,1024,2560,30.331582586961176,0.0009264921443078113,0.01513671875,0.023986300009102266,3.59888000350192,3.017588806152344,2.432199478149414,6.552207978430664,0.819025997303833,1.173191445967471,4,6.866455078125e-06,0.012454605102539063,0.008721542358398438,0.20997314453125,81920,8.25,5242880,2703360,Qwen3-4B,model.layers.19.self_attn.v_proj.weight,mxfp8,v_proj,19,bfloat16
24903680,2560,9728,18.536541553009275,0.014007023094240165,0.068359375,0.02264029863852602,3.7423297646820814,3.0801070363898027,2.4572911312705594,3.853729825971181,0.9634324564927953,0.9646649370816051,5,0.08922327945106907,0.06164606997841283,0.026055707429584705,0.49286466899671055,778240,4.25,49807360,13230080,Qwen3-4B,model.layers.20.mlp.down_proj.weight,mxfp4,down_proj,20,bfloat16
24903680,2560,9728,30.21368465377767,0.0009519881327768485,0.029296875,0.02264029863852602,3.7423297646820814,3.0801070363898027,2.4572911312705594,6.550190745917815,0.8187738432397269,0.9646649370816051,5,5.5815044202302636e-06,0.012292199385793585,0.00852251554790296,0.2231689453125,778240,8.25,49807360,25681920,Qwen3-4B,model.layers.20.mlp.down_proj.weight,mxfp8,down_proj,20,bfloat16
24903680,9728,2560,18.67226041954781,0.013576066544214876,0.123046875,0.022997258644181413,4.520504828453451,2.9061318648488896,2.396230155543277,3.8540428410029772,0.9635107102507443,1.0416770563595972,6,0.0854278564453125,0.059165111340974505,0.02441048873098273,0.4419420744243421,778240,4.25,49807360,13230080,Qwen3-4B,model.layers.20.mlp.gate_proj.weight,mxfp4,gate_proj,20,bfloat16
24903680,9728,2560,30.383583614068318,0.0009154647756254848,0.060546875,0.022997258644181413,4.520504828453451,2.9061318648488896,2.396230155543277,6.523620023710297,0.8154525029637871,1.0416770563595972,6,5.2201120476973686e-06,0.011390445106907895,0.007845748098273026,0.19495528371710527,778240,8.25,49807360,25681920,Qwen3-4B,model.layers.20.mlp.gate_proj.weight,mxfp8,gate_proj,20,bfloat16
24903680,9728,2560,18.638064270414375,0.013683385831180289,0.0859375,0.02329781172277465,3.595160625738888,2.9187265496504935,2.400718207108347,3.8583046446218767,0.9645761611554692,0.9922913152188383,6,0.08564457140470806,0.06227071661698191,0.026092127749794407,0.4677040501644737,778240,4.25,49807360,13230080,Qwen3-4B,model.layers.20.mlp.up_proj.weight,mxfp4,up_proj,20,bfloat16
24903680,9728,2560,30.313435225636024,0.0009303716697148679,0.029296875,0.02329781172277465,3.595160625738888,2.9187265496504935,2.400718207108347,6.5291335179993855,0.8161416897499232,0.9922913152188383,6,4.898874383223684e-06,0.012257144325657894,0.008458709716796875,0.21267860814144737,778240,8.25,49807360,25681920,Qwen3-4B,model.layers.20.mlp.up_proj.weight,mxfp8,up_proj,20,bfloat16
2621440,1024,2560,18.67943441969328,0.013553659097246106,0.060546875,0.020885885783148803,5.483626687224644,2.93441162109375,2.406507873535156,3.8465687250865175,0.9616421812716294,1.4585867241827877,6,0.08751029968261718,0.05600662231445312,0.023532867431640625,0.40439453125,81920,4.25,5242880,1392640,Qwen3-4B,model.layers.20.self_attn.k_proj.weight,mxfp4,k_proj,20,bfloat16
2621440,1024,2560,30.463302203503705,0.0008988138990941055,0.029296875,0.020885885783148803,5.483626687224644,2.93441162109375,2.406507873535156,6.530865662502441,0.8163582078128051,1.4585867241827877,6,6.103515625e-06,0.011123275756835938,0.007747650146484375,0.18502197265625,81920,8.25,5242880,2703360,Qwen3-4B,model.layers.20.self_attn.k_proj.weight,mxfp8,k_proj,20,bfloat16
10485760,2560,4096,18.706654388330545,0.013468975445083162,0.0615234375,0.021533608378707877,4.020485672705531,2.882524871826172,2.3889551162719727,3.8533587546503054,0.9633396886625764,1.0573924707103586,5,0.08469362258911133,0.05815258026123047,0.023635482788085936,0.43978271484375,327680,4.25,20971520,5570560,Qwen3-4B,model.layers.20.self_attn.o_proj.weight,mxfp4,o_proj,20,bfloat16
10485760,2560,4096,30.41548134922657,0.0009087655706738796,0.0302734375,0.021533608378707877,4.020485672705531,2.882524871826172,2.3889551162719727,6.5176645468706305,0.8147080683588288,1.0573924707103586,5,4.00543212890625e-06,0.01088857650756836,0.007487201690673828,0.1875640869140625,327680,8.25,20971520,10813440,Qwen3-4B,model.layers.20.self_attn.o_proj.weight,mxfp8,o_proj,20,bfloat16
10485760,4096,2560,18.664269578607215,0.013601068946353044,0.0625,0.02370581621861363,6.599669343229351,2.959253692626953,2.413339614868164,3.849075850091807,0.9622689625229518,1.4137209494196579,6,0.08739891052246093,0.05750703811645508,0.024021720886230467,0.421099853515625,327680,4.25,20971520,5570560,Qwen3-4B,model.layers.20.self_attn.q_proj.weight,mxfp4,q_proj,20,bfloat16
10485760,4096,2560,30.394061829038485,0.0009132586978166528,0.0302734375,0.02370581621861363,6.599669343229351,2.959253692626953,2.413339614868164,6.533128398816068,0.8166410498520085,1.4137209494196579,6,4.76837158203125e-06,0.011337661743164062,0.007867145538330077,0.1912872314453125,327680,8.25,20971520,10813440,Qwen3-4B,model.layers.20.self_attn.q_proj.weight,mxfp8,q_proj,20,bfloat16
2621440,1024,2560,18.575661637902897,0.013881418135269635,0.03125,0.023968893251525642,3.540610769808003,3.0233230590820312,2.4349609375,3.855875685251568,0.963968921312892,1.0889089664941256,4,0.09022064208984375,0.06381263732910156,0.027398681640625,0.4801025390625,81920,4.25,5242880,1392640,Qwen3-4B,model.layers.20.self_attn.v_proj.weight,mxfp4,v_proj,20,bfloat16
2621440,1024,2560,30.240277195766755,0.000946176768112842,0.01513671875,0.023968893251525642,3.540610769808003,3.0233230590820312,2.4349609375,6.5566399895204786,0.8195799986900598,1.0889089664941256,4,8.0108642578125e-06,0.013143157958984375,0.009169769287109376,0.230078125,81920,8.25,5242880,2703360,Qwen3-4B,model.layers.20.self_attn.v_proj.weight,mxfp8,v_proj,20,bfloat16
24903680,2560,9728,18.540661374266467,0.013993741997726208,0.08984375,0.022812548928184267,3.8882362797481345,3.0655581825657894,2.4552988152754933,3.8535959624302936,0.9633989906075734,0.9665812061145047,6,0.0891102439478824,0.06169698614823191,0.026129792865953946,0.48922954358552634,778240,4.25,49807360,13230080,Qwen3-4B,model.layers.21.mlp.down_proj.weight,mxfp4,down_proj,21,bfloat16
24903680,2560,9728,30.216257425204624,0.0009514243396268604,0.02734375,0.022812548928184267,3.8882362797481345,3.0655581825657894,2.4552988152754933,6.550226095905034,0.8187782619881292,0.9665812061145047,6,5.260266755756579e-06,0.01238041927939967,0.008586321379009046,0.2232717413651316,778240,8.25,49807360,25681920,Qwen3-4B,model.layers.21.mlp.down_proj.weight,mxfp8,down_proj,21,bfloat16
24903680,9728,2560,18.6665199910244,0.013594023016250316,0.109375,0.02262033668420776,4.838098563812019,2.9245933934261923,2.4032308879651523,3.851931982066867,0.9629829955167167,1.0444979884797487,6,0.08605776335063733,0.05803981580232319,0.023862537584806744,0.4375192742598684,778240,4.25,49807360,13230080,Qwen3-4B,model.layers.21.mlp.gate_proj.weight,mxfp4,gate_proj,21,bfloat16
24903680,9728,2560,30.38524635495672,0.0009151143476500697,0.046875,0.02262033668420776,4.838098563812019,2.9245933934261923,2.4032308879651523,6.5255229649496655,0.8156903706187082,1.0444979884797487,6,5.461040296052632e-06,0.011109964471114309,0.007668344598067434,0.191064453125,778240,8.25,49807360,25681920,Qwen3-4B,model.layers.21.mlp.gate_proj.weight,mxfp8,gate_proj,21,bfloat16
24903680,9728,2560,18.64376968477242,0.013665421493381236,0.060546875,0.023239824874293626,3.522865161232713,2.9238671553762337,2.4030129282098067,3.857279506319174,0.9643198765797935,1.0222116276355258,5,0.08592629683645148,0.061788860120271384,0.02592677066200658,0.46253597861842105,778240,4.25,49807360,13230080,Qwen3-4B,model.layers.21.mlp.up_proj.weight,mxfp4,up_proj,21,bfloat16
24903680,9728,2560,30.319374795706114,0.0009291001291149721,0.0263671875,0.023239824874293626,3.522865161232713,2.9238671553762337,2.4030129282098067,6.530375153693045,0.8162968942116307,1.0222116276355258,5,4.9791837993421055e-06,0.012177276611328124,0.008425019916735197,0.21085654810855264,778240,8.25,49807360,25681920,Qwen3-4B,model.layers.21.mlp.up_proj.weight,mxfp8,up_proj,21,bfloat16
2621440,1024,2560,18.662105342683283,0.013607848506978255,0.0556640625,0.020829162577535653,4.504114828407759,2.954811859130859,2.414455032348633,3.846543759352088,0.961635939838022,1.240788695497636,5,0.08802337646484375,0.05589599609375,0.023131942749023436,0.41768798828125,81920,4.25,5242880,1392640,Qwen3-4B,model.layers.21.self_attn.k_proj.weight,mxfp4,k_proj,21,bfloat16
2621440,1024,2560,30.404325395574496,0.0009111029660047329,0.0244140625,0.020829162577535653,4.504114828407759,2.954811859130859,2.414455032348633,6.534155191059139,0.8167693988823924,1.240788695497636,5,7.2479248046875e-06,0.01078948974609375,0.007509613037109375,0.1845458984375,81920,8.25,5242880,2703360,Qwen3-4B,model.layers.21.self_attn.k_proj.weight,mxfp8,k_proj,21,bfloat16
10485760,2560,4096,18.685174616276697,0.0135357566651812,0.048828125,0.021177413821202102,3.896167861605865,2.8983409881591795,2.3947097778320314,3.852314397647264,0.963078599411816,1.0687579905138078,6,0.08550529479980469,0.05802726745605469,0.023775863647460937,0.4355987548828125,327680,4.25,20971520,5570560,Qwen3-4B,model.layers.21.self_attn.o_proj.weight,mxfp4,o_proj,21,bfloat16
10485760,2560,4096,30.39755163816185,0.0009125251360281323,0.01953125,0.021177413821202102,3.896167861605865,2.8983409881591795,2.3947097778320314,6.522250737524019,0.8152813421905024,1.0687579905138078,6,4.863739013671875e-06,0.011056327819824218,0.007632541656494141,0.189801025390625,327680,8.25,20971520,10813440,Qwen3-4B,model.layers.21.self_attn.o_proj.weight,mxfp8,o_proj,21,bfloat16
10485760,4096,2560,18.655786557262225,0.013627661712271038,0.0625,0.023173795781231545,6.187138589763554,2.9731258392333983,2.418532371520996,3.8499662021979626,0.9624915505494906,1.3535555441244342,6,0.08742761611938477,0.058102893829345706,0.024246597290039064,0.4321258544921875,327680,4.25,20971520,5570560,Qwen3-4B,model.layers.21.self_attn.q_proj.weight,mxfp4,q_proj,21,bfloat16
10485760,4096,2560,30.369644634489706,0.0009184077429792015,0.0302734375,0.023173795781231545,6.187138589763554,2.9731258392333983,2.418532371520996,6.535005132420611,0.8168756415525764,1.3535555441244342,6,5.91278076171875e-06,0.011474800109863282,0.007979011535644532,0.1961761474609375,327680,8.25,20971520,10813440,Qwen3-4B,model.layers.21.self_attn.q_proj.weight,mxfp8,q_proj,21,bfloat16
2621440,1024,2560,18.625825766110967,0.01372200026535997,0.0498046875,0.023529735510749456,4.201731002879607,2.9975414276123047,2.4241355895996093,3.851857605717221,0.9629644014293053,1.1045030076798472,5,0.08972587585449218,0.059967041015625,0.0250946044921875,0.4542236328125,81920,4.25,5242880,1392640,Qwen3-4B,model.layers.21.self_attn.v_proj.weight,mxfp4,v_proj,21,bfloat16
2621440,1024,2560,30.3565057847604,0.0009211904384358565,0.0185546875,0.023529735510749456,4.201731002879607,2.9975414276123047,2.4241355895996093,6.548353922400388,0.8185442403000485,1.1045030076798472,5,5.7220458984375e-06,0.011774063110351562,0.008107376098632813,0.20162353515625,81920,8.25,5242880,2703360,Qwen3-4B,model.layers.21.self_attn.v_proj.weight,mxfp8,v_proj,21,bfloat16
24903680,2560,9728,18.518032165679653,0.014066847635222542,0.125,0.02291332825919405,4.3130469850363005,3.0925941868832236,2.461126548365543,3.8521594128234016,0.9630398532058504,0.9848253414885405,6,0.08991767481753701,0.06130836888363487,0.02605490433542352,0.4840576171875,778240,4.25,49807360,13230080,Qwen3-4B,model.layers.22.mlp.down_proj.weight,mxfp4,down_proj,22,bfloat16
24903680,2560,9728,30.216844099136484,0.0009512958235664227,0.056640625,0.02291332825919405,4.3130469850363005,3.0925941868832236,2.461126548365543,6.554015954126097,0.8192519942657621,0.9848253414885405,6,6.06336091694079e-06,0.012375681023848685,0.008589895148026315,0.22210886101973684,778240,8.25,49807360,25681920,Qwen3-4B,model.layers.22.mlp.down_proj.weight,mxfp8,down_proj,22,bfloat16
24903680,9728,2560,18.661742905684772,0.013608984186517797,0.11328125,0.02338527069577984,5.118221584972729,2.9318617569772822,2.403921709562603,3.852477109815883,0.9631192774539707,1.0769178869416376,6,0.08613128662109375,0.058471077366879114,0.024088648745888157,0.44004934210526314,778240,4.25,49807360,13230080,Qwen3-4B,model.layers.22.mlp.gate_proj.weight,mxfp4,gate_proj,22,bfloat16
24903680,9728,2560,30.390036868757715,0.0009141054812803393,0.05078125,0.02338527069577984,5.118221584972729,2.9318617569772822,2.403921709562603,6.526783653025124,0.8158479566281405,1.0769178869416376,6,5.139802631578947e-06,0.01121015046772204,0.007727010626541941,0.19289165296052632,778240,8.25,49807360,25681920,Qwen3-4B,model.layers.22.mlp.gate_proj.weight,mxfp8,gate_proj,22,bfloat16
24903680,9728,2560,18.641814604341445,0.013671574694447887,0.203125,0.02377179496533233,3.7222663378597627,2.929043177554482,2.4030817533794204,3.856959289463763,0.9642398223659407,1.0525939991397926,6,0.08621950651469984,0.061929401598478616,0.02615870425575658,0.45713918585526314,778240,4.25,49807360,13230080,Qwen3-4B,model.layers.22.mlp.up_proj.weight,mxfp4,up_proj,22,bfloat16
24903680,9728,2560,30.325252752848776,0.0009278434894620456,0.078125,0.02377179496533233,3.7222663378597627,2.929043177554482,2.4030817533794204,6.53228612897718,0.8165357661221475,1.0525939991397926,6,5.461040296052632e-06,0.012387888055098684,0.00857997693513569,0.21239206414473685,778240,8.25,49807360,25681920,Qwen3-4B,model.layers.22.mlp.up_proj.weight,mxfp8,up_proj,22,bfloat16
2621440,1024,2560,18.614825971516527,0.013756799347832445,0.123046875,0.020071672365664494,12.613815842933498,2.9275169372558594,2.403675842285156,3.8483668113209464,0.9620917028302366,1.375131657176147,8,0.08700714111328126,0.05668182373046875,0.023508453369140626,0.4124267578125,81920,4.25,5242880,1392640,Qwen3-4B,model.layers.22.self_attn.k_proj.weight,mxfp4,k_proj,22,bfloat16
2621440,1024,2560,30.3445302473189,0.0009237340983011718,0.060546875,0.020071672365664494,12.613815842933498,2.9275169372558594,2.403675842285156,6.528736838366879,0.8160921047958599,1.375131657176147,8,5.7220458984375e-06,0.011139297485351562,0.007739639282226563,0.1862060546875,81920,8.25,5242880,2703360,Qwen3-4B,model.layers.22.self_attn.k_proj.weight,mxfp8,k_proj,22,bfloat16
10485760,2560,4096,18.695664453030556,0.01350310220036122,0.1015625,0.021657299819975825,4.384708676903333,2.8865097045898436,2.3906827926635743,3.851770809297994,0.9629427023244985,1.0983635749690661,5,0.08522319793701172,0.057597923278808597,0.023718738555908205,0.42763671875,327680,4.25,20971520,5570560,Qwen3-4B,model.layers.22.self_attn.o_proj.weight,mxfp4,o_proj,22,bfloat16
10485760,2560,4096,30.410921414292524,0.0009097202427421895,0.0390625,0.021657299819975825,4.384708676903333,2.8865097045898436,2.3906827926635743,6.520453036237237,0.8150566295296546,1.0983635749690661,5,4.57763671875e-06,0.011075496673583984,0.007656288146972656,0.18828125,327680,8.25,20971520,10813440,Qwen3-4B,model.layers.22.self_attn.o_proj.weight,mxfp8,o_proj,22,bfloat16
10485760,4096,2560,18.664367613721993,0.013600761927184837,0.0625,0.022880798165552486,6.335535027572585,2.9398578643798827,2.4060535430908203,3.851191210456889,0.9627978026142222,1.3848200886264423,6,0.08666305541992188,0.05823841094970703,0.02427196502685547,0.4289886474609375,327680,4.25,20971520,5570560,Qwen3-4B,model.layers.22.self_attn.q_proj.weight,mxfp4,q_proj,22,bfloat16
10485760,4096,2560,30.38421716271038,0.000915331237395756,0.0302734375,0.022880798165552486,6.335535027572585,2.9398578643798827,2.4060535430908203,6.52993079605481,0.8162413495068512,1.3848200886264423,6,5.245208740234375e-06,0.011440563201904296,0.007923412322998046,0.1939727783203125,327680,8.25,20971520,10813440,Qwen3-4B,model.layers.22.self_attn.q_proj.weight,mxfp8,q_proj,22,bfloat16
2621440,1024,2560,18.56392730725384,0.013918975463971634,0.0595703125,0.023521532967281347,3.925269057902522,3.0894535064697264,2.4559005737304687,3.8482939870232133,0.9620734967558033,1.1559583934137445,6,0.09303817749023438,0.060686492919921876,0.0262054443359375,0.45592041015625,81920,4.25,5242880,1392640,Qwen3-4B,model.layers.22.self_attn.v_proj.weight,mxfp4,v_proj,22,bfloat16
2621440,1024,2560,30.271548106210126,0.0009393883921409768,0.0283203125,0.023521532967281347,3.925269057902522,3.0894535064697264,2.4559005737304687,6.567565931198189,0.8209457413997736,1.1559583934137445,6,3.4332275390625e-06,0.012660980224609375,0.008841705322265626,0.21866455078125,81920,8.25,5242880,2703360,Qwen3-4B,model.layers.22.self_attn.v_proj.weight,mxfp8,v_proj,22,bfloat16
24903680,2560,9728,18.539659163945508,0.013996971670583426,0.12109375,0.023048270844276297,3.8324133026143934,3.0541664525082237,2.4460722270764803,3.8554315130118746,0.9638578782529686,0.9815852507012889,6,0.08868705347964638,0.06271269948858964,0.02668858578330592,0.4855995579769737,778240,4.25,49807360,13230080,Qwen3-4B,model.layers.23.mlp.down_proj.weight,mxfp4,down_proj,23,bfloat16
24903680,2560,9728,30.208165118874618,0.0009531988025883839,0.05859375,0.023048270844276297,3.8324133026143934,3.0541664525082237,2.4460722270764803,6.548427717414431,0.8185534646768039,0.9815852507012889,6,5.501195004111842e-06,0.012663028114720394,0.008785127338610197,0.2253700657894737,778240,8.25,49807360,25681920,Qwen3-4B,model.layers.23.mlp.down_proj.weight,mxfp8,down_proj,23,bfloat16
24903680,9728,2560,18.661571634265723,0.013609520890549572,0.083984375,0.024221337816486607,4.560112961574385,2.9062999123021176,2.3946273803710936,3.8560409774838287,0.9640102443709572,1.078867536175993,6,0.08529610884817022,0.060477086117393095,0.02509516665810033,0.4500167043585526,778240,4.25,49807360,13230080,Qwen3-4B,model.layers.23.mlp.gate_proj.weight,mxfp4,gate_proj,23,bfloat16
24903680,9728,2560,30.368967887745598,0.0009185508665747521,0.0302734375,0.024221337816486607,4.560112961574385,2.9062999123021176,2.3946273803710936,6.524937406938339,0.8156171758672923,1.078867536175993,6,5.38073087993421e-06,0.011733085230777138,0.008106834010074013,0.2014622738486842,778240,8.25,49807360,25681920,Qwen3-4B,model.layers.23.mlp.gate_proj.weight,mxfp8,gate_proj,23,bfloat16
24903680,9728,2560,18.6361868721824,0.013689302258577505,0.0615234375,0.023845435060081785,3.453855324398956,2.901227609734786,2.393829988178454,3.8594817421335232,0.9648704355333808,1.0145156875312022,5,0.0853740089818051,0.06321704262181332,0.026800416645250822,0.4645520662006579,778240,4.25,49807360,13230080,Qwen3-4B,model.layers.23.mlp.up_proj.weight,mxfp4,up_proj,23,bfloat16
24903680,9728,2560,30.302677331144068,0.0009326791470956719,0.0302734375,0.023845435060081785,3.453855324398956,2.901227609734786,2.393829988178454,6.529397327050308,0.8161746658812885,1.0145156875312022,5,5.059493215460526e-06,0.012662144711143093,0.008781513414884869,0.2170654296875,778240,8.25,49807360,25681920,Qwen3-4B,model.layers.23.mlp.up_proj.weight,mxfp8,up_proj,23,bfloat16
2621440,1024,2560,18.681461007943597,0.013547335904190036,0.0576171875,0.021208110721073398,4.485734985020965,2.9221879959106447,2.402325439453125,3.84829098333751,0.9620727458343775,1.1088317803406076,5,0.08666000366210938,0.05630073547363281,0.023237991333007812,0.4148193359375,81920,4.25,5242880,1392640,Qwen3-4B,model.layers.23.self_attn.k_proj.weight,mxfp4,k_proj,23,bfloat16
2621440,1024,2560,30.421579097579837,0.0009074905060411302,0.0263671875,0.021208110721073398,4.485734985020965,2.9221879959106447,2.402325439453125,6.526374006083739,0.8157967507604674,1.1088317803406076,5,3.814697265625e-06,0.01085968017578125,0.007493209838867187,0.181787109375,81920,8.25,5242880,2703360,Qwen3-4B,model.layers.23.self_attn.k_proj.weight,mxfp8,k_proj,23,bfloat16
10485760,2560,4096,18.6684993351069,0.013587828804849515,0.060546875,0.022403737501241916,4.417506060919443,2.8948097229003906,2.3936203002929686,3.8571444267423356,0.9642861066855839,1.0728670323589633,5,0.08486442565917969,0.060869884490966794,0.025158500671386717,0.4625274658203125,327680,4.25,20971520,5570560,Qwen3-4B,model.layers.23.self_attn.o_proj.weight,mxfp4,o_proj,23,bfloat16
10485760,2560,4096,30.346208180683554,0.0009233772747756942,0.029296875,0.022403737501241916,4.417506060919443,2.8948097229003906,2.3936203002929686,6.523073666423869,0.8153842083029836,1.0728670323589633,5,5.14984130859375e-06,0.011688709259033203,0.008023548126220702,0.2031829833984375,327680,8.25,20971520,10813440,Qwen3-4B,model.layers.23.self_attn.o_proj.weight,mxfp8,o_proj,23,bfloat16
10485760,4096,2560,18.64986155787864,0.013646266367491116,0.0615234375,0.02432598630021964,6.529277039531096,2.977859306335449,2.4203975677490233,3.8502181823455435,0.9625545455863859,1.3000460914068317,6,0.08765525817871093,0.05850439071655274,0.024681758880615235,0.4314300537109375,327680,4.25,20971520,5570560,Qwen3-4B,model.layers.23.self_attn.q_proj.weight,mxfp4,q_proj,23,bfloat16
10485760,4096,2560,30.36159557784586,0.0009201114649496704,0.0302734375,0.02432598630021964,6.529277039531096,2.977859306335449,2.4203975677490233,6.5363680837356934,0.8170460104669617,1.3000460914068317,6,6.580352783203125e-06,0.011728858947753907,0.008171653747558594,0.19976806640625,327680,8.25,20971520,10813440,Qwen3-4B,model.layers.23.self_attn.q_proj.weight,mxfp8,q_proj,23,bfloat16
2621440,1024,2560,18.562367658552603,0.013923974977301553,0.03125,0.02392857982850385,4.444195409881874,3.146208572387695,2.4757293701171874,3.840972076486372,0.960243019121593,1.2601204992154156,4,0.09569168090820312,0.058118438720703124,0.025129318237304688,0.44002685546875,81920,4.25,5242880,1392640,Qwen3-4B,model.layers.23.self_attn.v_proj.weight,mxfp4,v_proj,23,bfloat16
2621440,1024,2560,30.31551652958088,0.0009299259071306626,0.01513671875,0.02392857982850385,4.444195409881874,3.146208572387695,2.4757293701171874,6.578210462523639,0.8222763078154549,1.2601204992154156,4,7.2479248046875e-06,0.012201309204101562,0.0085357666015625,0.2104248046875,81920,8.25,5242880,2703360,Qwen3-4B,model.layers.23.self_attn.v_proj.weight,mxfp8,v_proj,23,bfloat16
24903680,2560,9728,18.556791329921587,0.013941864803827695,0.1171875,0.023241824080179083,3.654856909938228,2.9938174599095393,2.4265474018297697,3.860166410813714,0.9650416027034285,0.9676877751252774,6,0.08695566277754935,0.06471979241622122,0.02758495933131168,0.49771921258223684,778240,4.25,49807360,13230080,Qwen3-4B,model.layers.24.mlp.down_proj.weight,mxfp4,down_proj,24,bfloat16
24903680,2560,9728,30.19590849041109,0.0009558927131554895,0.044921875,0.023241824080179083,3.654856909938228,2.9938174599095393,2.4265474018297697,6.540857936711772,0.8176072420889715,0.9676877751252774,6,5.139802631578947e-06,0.01307116056743421,0.00906572843852796,0.2326428865131579,778240,8.25,49807360,25681920,Qwen3-4B,model.layers.24.mlp.down_proj.weight,mxfp8,down_proj,24,bfloat16
24903680,9728,2560,18.65426010631267,0.013632452381776346,0.1171875,0.0246790409749281,3.9942545462864767,2.891842249820107,2.3908287851434005,3.8590572647720593,0.9647643161930148,1.0303597269962852,6,0.08487966437088816,0.06236238981548108,0.0260875099583676,0.46336734169407895,778240,4.25,49807360,13230080,Qwen3-4B,model.layers.24.mlp.gate_proj.weight,mxfp4,gate_proj,24,bfloat16
24903680,9728,2560,30.344425226899755,0.0009237564361661886,0.0546875,0.0246790409749281,3.9942545462864767,2.891842249820107,2.3908287851434005,6.524548529284649,0.8155685661605812,1.0303597269962852,6,4.818564967105263e-06,0.012258027729235198,0.00847882722553454,0.21172902960526316,778240,8.25,49807360,25681920,Qwen3-4B,model.layers.24.mlp.gate_proj.weight,mxfp8,gate_proj,24,bfloat16
24903680,9728,2560,18.623339766674643,0.01372985729594679,0.0615234375,0.023920080036288434,3.3325551988051036,2.8869115729081005,2.3885860242341694,3.8628427445824287,0.9657106861456072,0.9704067556922229,5,0.0847538195158306,0.06521453857421874,0.027642219945004112,0.4812705592105263,778240,4.25,49807360,13230080,Qwen3-4B,model.layers.24.mlp.up_proj.weight,mxfp4,up_proj,24,bfloat16
24903680,9728,2560,30.26469359939916,0.0009408722074953275,0.0302734375,0.023920080036288434,3.3325551988051036,2.8869115729081005,2.3885860242341694,6.52783079979257,0.8159788499740712,0.9704067556922229,5,5.621659128289473e-06,0.013039598966899671,0.009026537443462171,0.22569258840460527,778240,8.25,49807360,25681920,Qwen3-4B,model.layers.24.mlp.up_proj.weight,mxfp8,up_proj,24,bfloat16
2621440,1024,2560,18.645952363796027,0.0136585552456968,0.0556640625,0.021195732281623466,4.62669832784044,2.9638530731201174,2.415123176574707,3.849302773391613,0.9623256933479033,1.3280676568305976,5,0.08740310668945313,0.05744438171386719,0.023941802978515624,0.42762451171875,81920,4.25,5242880,1392640,Qwen3-4B,model.layers.24.self_attn.k_proj.weight,mxfp4,k_proj,24,bfloat16
2621440,1024,2560,30.385054002034792,0.0009151548797830378,0.0244140625,0.021195732281623466,4.62669832784044,2.9638530731201174,2.415123176574707,6.532903355659502,0.8166129194574377,1.3280676568305976,5,5.340576171875e-06,0.01124420166015625,0.007789230346679688,0.1914306640625,81920,8.25,5242880,2703360,Qwen3-4B,model.layers.24.self_attn.k_proj.weight,mxfp8,k_proj,24,bfloat16
10485760,2560,4096,18.71245347832204,0.01345100246157091,0.0625,0.022768160648687162,5.709534314764765,2.8754878997802735,2.3860403060913087,3.8515465517777585,0.9628866379444396,1.108007863897256,5,0.0851923942565918,0.057473945617675784,0.023657894134521483,0.42103271484375,327680,4.25,20971520,5570560,Qwen3-4B,model.layers.24.self_attn.o_proj.weight,mxfp4,o_proj,24,bfloat16
10485760,2560,4096,30.42466412772842,0.0009068460950352496,0.0302734375,0.022768160648687162,5.709534314764765,2.8754878997802735,2.3860403060913087,6.519403851912903,0.8149254814891129,1.108007863897256,5,5.340576171875e-06,0.011047744750976562,0.007630348205566406,0.1857086181640625,327680,8.25,20971520,10813440,Qwen3-4B,model.layers.24.self_attn.o_proj.weight,mxfp8,o_proj,24,bfloat16
10485760,4096,2560,18.651180527674974,0.013642122570825102,0.0615234375,0.024530946363708138,5.974843353318525,3.034800338745117,2.436231231689453,3.847670722603557,0.9619176806508892,1.3948551364242863,6,0.08919239044189453,0.057970428466796876,0.024571990966796874,0.4290283203125,327680,4.25,20971520,5570560,Qwen3-4B,model.layers.24.self_attn.q_proj.weight,mxfp4,q_proj,24,bfloat16
10485760,4096,2560,30.371180032016692,0.0009180831080138638,0.0302734375,0.024530946363708138,5.974843353318525,3.034800338745117,2.436231231689453,6.544911389856967,0.8181139237321209,1.3948551364242863,6,5.245208740234375e-06,0.01173095703125,0.008147621154785156,0.1990203857421875,327680,8.25,20971520,10813440,Qwen3-4B,model.layers.24.self_attn.q_proj.weight,mxfp8,q_proj,24,bfloat16
2621440,1024,2560,18.573060297567714,0.013889735328154788,0.0615234375,0.02364974479351096,5.126791066130386,3.1949249267578126,2.481425476074219,3.830841965311955,0.9577104913279888,1.2769621924250318,5,0.09928817749023437,0.053790283203125,0.022995758056640624,0.3968017578125,81920,4.25,5242880,1392640,Qwen3-4B,model.layers.24.self_attn.v_proj.weight,mxfp4,v_proj,24,bfloat16
2621440,1024,2560,30.397442131141446,0.0009125481455695148,0.0302734375,0.02364974479351096,5.126791066130386,3.1949249267578126,2.481425476074219,6.588747282456467,0.8235934103070583,1.2769621924250318,5,5.7220458984375e-06,0.011000442504882812,0.007724380493164063,0.1835205078125,81920,8.25,5242880,2703360,Qwen3-4B,model.layers.24.self_attn.v_proj.weight,mxfp8,v_proj,24,bfloat16
24903680,2560,9728,18.562333059965127,0.013924085904749466,0.087890625,0.023338944704053403,3.5768579863822283,2.9800639905427633,2.420367592259457,3.8617810415132032,0.9654452603783008,0.9735499446203912,5,0.08623749582391037,0.06553673995168585,0.02794354087428043,0.5010202508223685,778240,4.25,49807360,13230080,Qwen3-4B,model.layers.25.mlp.down_proj.weight,mxfp4,down_proj,25,bfloat16
24903680,2560,9728,30.194600751497195,0.0009561805930105176,0.0302734375,0.023338944704053403,3.5768579863822283,2.9800639905427633,2.420367592259457,6.53805223090724,0.817256528863405,0.9735499446203912,5,4.417017886513158e-06,0.013206722861842105,0.009134794536389802,0.23419125205592106,778240,8.25,49807360,25681920,Qwen3-4B,model.layers.25.mlp.down_proj.weight,mxfp8,down_proj,25,bfloat16
24903680,9728,2560,18.645928434264462,0.013658630504246686,0.11328125,0.024954838531954692,3.910274036297501,2.8862452456825656,2.3883316843133224,3.860782983125571,0.9651957457813928,1.0344012857421476,6,0.08485268040707236,0.06372098420795641,0.026858841745476973,0.46845060649671055,778240,4.25,49807360,13230080,Qwen3-4B,model.layers.25.mlp.gate_proj.weight,mxfp4,gate_proj,25,bfloat16
24903680,9728,2560,30.320333497478625,0.000928895053602621,0.05078125,0.024954838531954692,3.910274036297501,2.8862452456825656,2.3883316843133224,6.526488224819023,0.8158110281023778,1.0344012857421476,6,5.541349712171053e-06,0.012681298506887335,0.008762560392680922,0.2177734375,778240,8.25,49807360,25681920,Qwen3-4B,model.layers.25.mlp.gate_proj.weight,mxfp8,gate_proj,25,bfloat16
24903680,9728,2560,18.614925367157717,0.013756484503803392,0.060546875,0.023931440755506985,3.3311354293658306,2.8795886792634664,2.385969623766447,3.8649542016793403,0.9662385504198351,0.9592789388922939,5,0.0843776502107319,0.06654177213969983,0.028305856805098683,0.4929456208881579,778240,4.25,49807360,13230080,Qwen3-4B,model.layers.25.mlp.up_proj.weight,mxfp4,up_proj,25,bfloat16
24903680,9728,2560,30.23761402948854,0.0009467571574396129,0.0283203125,0.023931440755506985,3.3311354293658306,2.8795886792634664,2.385969623766447,6.526875607431839,0.8158594509289798,0.9592789388922939,5,5.179957339638158e-06,0.013362683747944078,0.009247348183079769,0.23275082236842104,778240,8.25,49807360,25681920,Qwen3-4B,model.layers.25.mlp.up_proj.weight,mxfp8,up_proj,25,bfloat16
2621440,1024,2560,18.686739180608075,0.013530881229557791,0.052734375,0.02190023567419095,3.871375848723567,2.9041378021240236,2.3957916259765626,3.853080181590579,0.9632700453976447,1.0983664997247093,6,0.08541259765625,0.05864105224609375,0.024388504028320313,0.4374267578125,81920,4.25,5242880,1392640,Qwen3-4B,model.layers.25.self_attn.k_proj.weight,mxfp4,k_proj,25,bfloat16
2621440,1024,2560,30.388008076555355,0.0009145326023666261,0.021484375,0.02190023567419095,3.871375848723567,2.9041378021240236,2.3957916259765626,6.523661863214707,0.8154577329018384,1.0983664997247093,6,5.7220458984375e-06,0.0113525390625,0.007798004150390625,0.19248046875,81920,8.25,5242880,2703360,Qwen3-4B,model.layers.25.self_attn.k_proj.weight,mxfp8,k_proj,25,bfloat16
10485760,2560,4096,18.68561517787258,0.01353438362629926,0.03076171875,0.02246764953502183,3.3817967267067974,2.8521581649780274,2.3767284393310546,3.859383674907757,0.9648459187269393,0.8769405602254177,4,0.0830575942993164,0.06123895645141601,0.024956130981445314,0.46478271484375,327680,4.25,20971520,5570560,Qwen3-4B,model.layers.25.self_attn.o_proj.weight,mxfp4,o_proj,25,bfloat16
10485760,2560,4096,30.352556445002396,0.0009220285215480135,0.01513671875,0.02246764953502183,3.3817967267067974,2.8521581649780274,2.3767284393310546,6.511247610168878,0.8139059512711098,0.8769405602254177,4,5.14984130859375e-06,0.011491012573242188,0.007905101776123047,0.2013946533203125,327680,8.25,20971520,10813440,Qwen3-4B,model.layers.25.self_attn.o_proj.weight,mxfp8,o_proj,25,bfloat16
10485760,4096,2560,18.653933100362817,0.013633478888227713,0.0625,0.023145894119118212,4.831915018114885,2.9240545272827148,2.400918960571289,3.855304592348588,0.963826148087147,1.192087994520532,6,0.08585891723632813,0.06036720275878906,0.025188922882080078,0.4478485107421875,327680,4.25,20971520,5570560,Qwen3-4B,model.layers.25.self_attn.q_proj.weight,mxfp4,q_proj,25,bfloat16
10485760,4096,2560,30.33443287542823,0.0009258842840654038,0.0302734375,0.023145894119118212,4.831915018114885,2.9240545272827148,2.400918960571289,6.52822960674767,0.8160287008434588,1.192087994520532,6,5.340576171875e-06,0.011857318878173827,0.008205413818359375,0.203564453125,327680,8.25,20971520,10813440,Qwen3-4B,model.layers.25.self_attn.q_proj.weight,mxfp8,q_proj,25,bfloat16
2621440,1024,2560,18.60263644224457,0.01379546538331807,0.03125,0.02471343926119448,3.6512969637721047,2.989068794250488,2.4224527359008787,3.8543232623488892,0.9635808155872223,1.1349692972520262,4,0.090167236328125,0.062381744384765625,0.026859283447265625,0.45919189453125,81920,4.25,5242880,1392640,Qwen3-4B,model.layers.25.self_attn.v_proj.weight,mxfp4,v_proj,25,bfloat16
2621440,1024,2560,30.297370207782063,0.0009338195873060095,0.01513671875,0.02471343926119448,3.6512969637721047,2.989068794250488,2.4224527359008787,6.55453450599126,0.8193168132489075,1.1349692972520262,4,4.1961669921875e-06,0.012847518920898438,0.008986663818359376,0.2207275390625,81920,8.25,5242880,2703360,Qwen3-4B,model.layers.25.self_attn.v_proj.weight,mxfp8,v_proj,25,bfloat16
24903680,2560,9728,18.574981184462885,0.013883593248960562,0.0625,0.02362722436147553,3.4152198453142955,2.933795808490954,2.4047909385279604,3.864226304913866,0.9660565762284665,1.0110157494815155,6,0.0853923195286801,0.06697632639031662,0.028798113371196546,0.50029296875,778240,4.25,49807360,13230080,Qwen3-4B,model.layers.26.mlp.down_proj.weight,mxfp4,down_proj,26,bfloat16
24903680,2560,9728,30.18681872334037,0.000957895488155757,0.0283203125,0.02362722436147553,3.4152198453142955,2.933795808490954,2.4047909385279604,6.5343154906879,0.8167894363359876,1.0110157494815155,6,5.139802631578947e-06,0.013718735544305099,0.009498716655530428,0.24027934827302633,778240,8.25,49807360,25681920,Qwen3-4B,model.layers.26.mlp.down_proj.weight,mxfp8,down_proj,26,bfloat16
24903680,9728,2560,18.639632858371396,0.013678444548371353,0.0859375,0.025000783122182294,3.711952675069206,2.8719424599095396,2.3837556136281868,3.863077549665565,0.9657693874163913,1.0057392768571107,6,0.08445342214483964,0.06520992078279195,0.02764880531712582,0.4776110197368421,778240,4.25,49807360,13230080,Qwen3-4B,model.layers.26.mlp.gate_proj.weight,mxfp4,gate_proj,26,bfloat16
24903680,9728,2560,30.299211591890334,0.0009334237369929835,0.0302734375,0.025000783122182294,3.711952675069206,2.8719424599095396,2.3837556136281868,6.525722908106979,0.8157153635133724,1.0057392768571107,6,5.340576171875e-06,0.013072445518092106,0.009050268875925164,0.22536749588815788,778240,8.25,49807360,25681920,Qwen3-4B,model.layers.26.mlp.gate_proj.weight,mxfp8,gate_proj,26,bfloat16
24903680,9728,2560,18.61189128860071,0.013766098449968574,0.11328125,0.024209024050216348,3.3121786651056455,2.865824327970806,2.381454066226357,3.866507057540039,0.9666267643850097,0.9555248938354487,6,0.08400152106034128,0.06761057000411184,0.028931949013157893,0.49786698190789475,778240,4.25,49807360,13230080,Qwen3-4B,model.layers.26.mlp.up_proj.weight,mxfp4,up_proj,26,bfloat16
24903680,9728,2560,30.222544042128575,0.0009500481044617566,0.05078125,0.024209024050216348,3.3121786651056455,2.865824327970806,2.381454066226357,6.526028786795711,0.8157535983494639,0.9555248938354487,6,5.942896792763158e-06,0.013697092156661185,0.009499760677939968,0.2383030941611842,778240,8.25,49807360,25681920,Qwen3-4B,model.layers.26.mlp.up_proj.weight,mxfp8,up_proj,26,bfloat16
2621440,1024,2560,18.658277403830528,0.013619847962967639,0.0498046875,0.021600747300023062,4.011267398076442,2.909076690673828,2.3971282958984377,3.850697682285473,0.9626744205713682,1.1353329317026075,4,0.08640480041503906,0.057729339599609374,0.024032974243164064,0.41904296875,81920,4.25,5242880,1392640,Qwen3-4B,model.layers.26.self_attn.k_proj.weight,mxfp4,k_proj,26,bfloat16
2621440,1024,2560,30.383824719772857,0.0009154139535077519,0.0185546875,0.021600747300023062,4.011267398076442,2.909076690673828,2.3971282958984377,6.527083208490858,0.8158854010613572,1.1353329317026075,4,6.4849853515625e-06,0.01133270263671875,0.007935333251953124,0.19215087890625,81920,8.25,5242880,2703360,Qwen3-4B,model.layers.26.self_attn.k_proj.weight,mxfp8,k_proj,26,bfloat16
10485760,2560,4096,18.682315823987686,0.013544669662513574,0.052734375,0.022969776442033164,3.4929705423809856,2.858667755126953,2.3796525955200196,3.858202004980947,0.9645505012452368,0.9929313035209508,4,0.08373804092407226,0.061144447326660155,0.025275611877441408,0.453851318359375,327680,4.25,20971520,5570560,Qwen3-4B,model.layers.26.self_attn.o_proj.weight,mxfp4,o_proj,26,bfloat16
10485760,2560,4096,30.362434623960667,0.0009199337188785043,0.021484375,0.022969776442033164,3.4929705423809856,2.858667755126953,2.3796525955200196,6.51692807678889,0.8146160095986112,0.9929313035209508,4,5.245208740234375e-06,0.011791038513183593,0.008119297027587891,0.202587890625,327680,8.25,20971520,10813440,Qwen3-4B,model.layers.26.self_attn.o_proj.weight,mxfp8,o_proj,26,bfloat16
10485760,4096,2560,18.641208352335948,0.01367348330679706,0.060546875,0.023607171351231082,5.21515726883434,2.943811798095703,2.4093814849853517,3.8547639688345217,0.9636909922086304,1.2490092840783744,6,0.08610296249389648,0.06026926040649414,0.025272369384765625,0.4526580810546875,327680,4.25,20971520,5570560,Qwen3-4B,model.layers.26.self_attn.q_proj.weight,mxfp4,q_proj,26,bfloat16
10485760,4096,2560,30.316239787479876,0.0009297710536188695,0.0283203125,0.023607171351231082,5.21515726883434,2.943811798095703,2.4093814849853517,6.530076937138955,0.8162596171423694,1.2490092840783744,6,4.100799560546875e-06,0.01191244125366211,0.008247566223144532,0.2055267333984375,327680,8.25,20971520,10813440,Qwen3-4B,model.layers.26.self_attn.q_proj.weight,mxfp8,q_proj,26,bfloat16
2621440,1024,2560,18.604011499703738,0.01379109817267481,0.03125,0.024532993552332696,3.658684543139495,3.0193607330322267,2.4322345733642576,3.8519061919020308,0.9629765479755077,1.108980760547821,4,0.09130477905273438,0.0614654541015625,0.02643241882324219,0.456103515625,81920,4.25,5242880,1392640,Qwen3-4B,model.layers.26.self_attn.v_proj.weight,mxfp4,v_proj,26,bfloat16
2621440,1024,2560,30.314199421941282,0.0009302079734045895,0.01513671875,0.024532993552332696,3.658684543139495,3.0193607330322267,2.4322345733642576,6.559697075404511,0.8199621344255639,1.108980760547821,4,5.7220458984375e-06,0.012591934204101563,0.008756256103515625,0.21619873046875,81920,8.25,5242880,2703360,Qwen3-4B,model.layers.26.self_attn.v_proj.weight,mxfp8,v_proj,26,bfloat16
24903680,2560,9728,18.56994198436328,0.013899711991502917,0.091796875,0.023897108358216918,3.449279685589887,2.9333235891241776,2.4033193487870066,3.864350355029608,0.966087588757402,1.0721759392453278,7,0.08569661190635279,0.06740096242804276,0.02918893914473684,0.4952186986019737,778240,4.25,49807360,13230080,Qwen3-4B,model.layers.27.mlp.down_proj.weight,mxfp4,down_proj,27,bfloat16
24903680,2560,9728,30.182108806553252,0.00095893488780935,0.0302734375,0.023897108358216918,3.449279685589887,2.9333235891241776,2.4033193487870066,6.53640995299358,0.8170512441241975,1.0721759392453278,7,4.698100842927632e-06,0.013972754227487665,0.00970916748046875,0.24266807154605263,778240,8.25,49807360,25681920,Qwen3-4B,model.layers.27.mlp.down_proj.weight,mxfp8,down_proj,27,bfloat16
24903680,9728,2560,18.630370110580472,0.013707649430762954,0.099609375,0.024879670031765316,3.8329555200544574,2.8696060582211143,2.3825775146484376,3.863850009885852,0.965962502471463,1.0111540172978373,6,0.08438560084292764,0.06575811285721628,0.0279937744140625,0.48119346217105263,778240,4.25,49807360,13230080,Qwen3-4B,model.layers.27.mlp.gate_proj.weight,mxfp4,gate_proj,27,bfloat16
24903680,9728,2560,30.284032478119414,0.0009366918730037395,0.037109375,0.024879670031765316,3.8329555200544574,2.8696060582211143,2.3825775146484376,6.526028223955162,0.8157535279943953,1.0111540172978373,6,5.983051500822368e-06,0.013266553376850329,0.009196632786800987,0.2285207648026316,778240,8.25,49807360,25681920,Qwen3-4B,model.layers.27.mlp.gate_proj.weight,mxfp8,gate_proj,27,bfloat16
24903680,9728,2560,18.60829135064663,0.0137775141246725,0.109375,0.024502102770849212,3.270695486333545,2.8652808741519324,2.3810881363718135,3.866568112877475,0.9666420282193687,0.9763706782425569,5,0.08426662244294819,0.06796758551346628,0.029253788998252466,0.49523411800986844,778240,4.25,49807360,13230080,Qwen3-4B,model.layers.27.mlp.up_proj.weight,mxfp4,up_proj,27,bfloat16
24903680,9728,2560,30.21802385727029,0.0009510374397715153,0.046875,0.024502102770849212,3.270695486333545,2.8652808741519324,2.3810881363718135,6.527905285039903,0.8159881606299879,0.9763706782425569,5,5.30042146381579e-06,0.013923203317742598,0.009662467554995889,0.24114797491776316,778240,8.25,49807360,25681920,Qwen3-4B,model.layers.27.mlp.up_proj.weight,mxfp8,up_proj,27,bfloat16
2621440,1024,2560,18.69291879242064,0.013511641718923656,0.0595703125,0.02076184205442975,4.0628704010647105,2.9070119857788086,2.3968694686889647,3.8528207750895045,0.9632051937723761,1.278090957784294,6,0.08548736572265625,0.058417129516601565,0.024129104614257813,0.4370361328125,81920,4.25,5242880,1392640,Qwen3-4B,model.layers.27.self_attn.k_proj.weight,mxfp4,k_proj,27,bfloat16
2621440,1024,2560,30.420673947393926,0.0009076796635919413,0.0283203125,0.02076184205442975,4.0628704010647105,2.9070119857788086,2.3968694686889647,6.522697667254946,0.8153372084068683,1.278090957784294,6,3.814697265625e-06,0.011231613159179688,0.007784652709960938,0.1924072265625,81920,8.25,5242880,2703360,Qwen3-4B,model.layers.27.self_attn.k_proj.weight,mxfp8,k_proj,27,bfloat16
10485760,2560,4096,18.66897939931149,0.013586326904643977,0.052734375,0.022473418872822615,3.5151984365027866,2.8713027954101564,2.3848432540893554,3.8583195822085874,0.9645798955521468,0.925010072414046,5,0.08395776748657227,0.06118955612182617,0.02512531280517578,0.4621307373046875,327680,4.25,20971520,5570560,Qwen3-4B,model.layers.27.self_attn.o_proj.weight,mxfp4,o_proj,27,bfloat16
10485760,2560,4096,30.33651896087961,0.0009254396525979619,0.01953125,0.022473418872822615,3.5151984365027866,2.8713027954101564,2.3848432540893554,6.517213208729344,0.814651651091168,0.925010072414046,5,4.482269287109375e-06,0.011650657653808594,0.008031463623046875,0.2036865234375,327680,8.25,20971520,10813440,Qwen3-4B,model.layers.27.self_attn.o_proj.weight,mxfp8,o_proj,27,bfloat16
10485760,4096,2560,18.645960545839564,0.013658529513205814,0.0595703125,0.02336074958220753,4.908717561039861,2.9196918487548826,2.399081230163574,3.8561989562041092,0.9640497390510273,1.2422770641890817,6,0.08565168380737305,0.0611262321472168,0.025732040405273438,0.4464385986328125,327680,4.25,20971520,5570560,Qwen3-4B,model.layers.27.self_attn.q_proj.weight,mxfp4,q_proj,27,bfloat16
10485760,4096,2560,30.315979805438992,0.000929826714241203,0.0283203125,0.02336074958220753,4.908717561039861,2.9196918487548826,2.399081230163574,6.528367752890151,0.8160459691112689,1.2422770641890817,6,5.245208740234375e-06,0.012220287322998047,0.008471298217773437,0.207720947265625,327680,8.25,20971520,10813440,Qwen3-4B,model.layers.27.self_attn.q_proj.weight,mxfp8,q_proj,27,bfloat16
2621440,1024,2560,18.59196529551347,0.013829404208333038,0.04296875,0.023883671585694384,3.726199445243847,3.064401626586914,2.4436338424682615,3.852028078272997,0.9630070195682493,1.0835782487119219,4,0.09167289733886719,0.06131820678710938,0.025902175903320314,0.4718994140625,81920,4.25,5242880,1392640,Qwen3-4B,model.layers.27.self_attn.v_proj.weight,mxfp4,v_proj,27,bfloat16
2621440,1024,2560,30.29595336602563,0.0009341242861872348,0.01513671875,0.023883671585694384,3.726199445243847,3.064401626586914,2.4436338424682615,6.560939488422191,0.8201174360527739,1.0835782487119219,4,4.1961669921875e-06,0.012186813354492187,0.008465576171875,0.21536865234375,81920,8.25,5242880,2703360,Qwen3-4B,model.layers.27.self_attn.v_proj.weight,mxfp8,v_proj,27,bfloat16
24903680,2560,9728,18.570592533064627,0.013897630048779154,0.12109375,0.024176100854189825,3.571756253122827,2.9311892860814144,2.401095259817023,3.8640651913827404,0.9660162978456851,1.140881239805146,6,0.08600704795435855,0.06762450368780838,0.02950483623303865,0.48674958881578945,778240,4.25,49807360,13230080,Qwen3-4B,model.layers.28.mlp.down_proj.weight,mxfp4,down_proj,28,bfloat16
24903680,2560,9728,30.1879381498939,0.0009576486152375779,0.05859375,0.024176100854189825,3.571756253122827,2.9311892860814144,2.401095259817023,6.5386390644568015,0.8173298830571002,1.140881239805146,6,4.8587196751644735e-06,0.014190312435752467,0.009893397281044408,0.2439671566611842,778240,8.25,49807360,25681920,Qwen3-4B,model.layers.28.mlp.down_proj.weight,mxfp8,down_proj,28,bfloat16
24903680,9728,2560,18.628247949234456,0.013714349251610466,0.08984375,0.024629293473995152,4.031574345601252,2.8683445177580182,2.381981136924342,3.8643783836832255,0.9660945959208064,1.0052823235649522,6,0.08410825227436267,0.06591704519171464,0.02799016049033717,0.4860582853618421,778240,4.25,49807360,13230080,Qwen3-4B,model.layers.28.mlp.gate_proj.weight,mxfp4,gate_proj,28,bfloat16
24903680,9728,2560,30.278018129154653,0.0009379899540724386,0.0302734375,0.024629293473995152,4.031574345601252,2.8683445177580182,2.381981136924342,6.52428888091522,0.8155361101144025,1.0052823235649522,6,5.661813836348684e-06,0.013213790090460526,0.009132626182154605,0.22841282894736842,778240,8.25,49807360,25681920,Qwen3-4B,model.layers.28.mlp.gate_proj.weight,mxfp8,gate_proj,28,bfloat16
24903680,9728,2560,18.608692057284472,0.013776242985638527,0.087890625,0.024767274540373755,3.33924116815239,2.862652587890625,2.38011619166324,3.866081247683665,0.9665203119209163,0.996754868313515,6,0.08443920737818668,0.06778700979132402,0.029301613255550987,0.4889712685032895,778240,4.25,49807360,13230080,Qwen3-4B,model.layers.28.mlp.up_proj.weight,mxfp4,up_proj,28,bfloat16
24903680,9728,2560,30.232250227237643,0.0009479271827634852,0.025390625,0.024767274540373755,3.33924116815239,2.862652587890625,2.38011619166324,6.529079376544734,0.8161349220680918,0.996754868313515,6,4.698100842927632e-06,0.013997288754111843,0.009722900390625,0.24045924136513158,778240,8.25,49807360,25681920,Qwen3-4B,model.layers.28.mlp.up_proj.weight,mxfp8,up_proj,28,bfloat16
2621440,1024,2560,18.63991805484169,0.013677546329264047,0.0498046875,0.021440810771588246,4.13260053364328,2.9179008483886717,2.397434616088867,3.857962089064083,0.9644905222660207,1.3195585827020238,4,0.08604049682617188,0.062065505981445314,0.026006317138671874,0.46302490234375,81920,4.25,5242880,1392640,Qwen3-4B,model.layers.28.self_attn.k_proj.weight,mxfp4,k_proj,28,bfloat16
2621440,1024,2560,30.314168819810288,0.0009302145280461362,0.0185546875,0.021440810771588246,4.13260053364328,2.9179008483886717,2.397434616088867,6.530748321910195,0.8163435402387744,1.3195585827020238,4,4.57763671875e-06,0.012171554565429687,0.008374404907226563,0.20833740234375,81920,8.25,5242880,2703360,Qwen3-4B,model.layers.28.self_attn.k_proj.weight,mxfp8,k_proj,28,bfloat16
10485760,2560,4096,18.663381103512002,0.013603851723409307,0.0615234375,0.02237634277377047,4.140232493682792,2.8593656539916994,2.3797634124755858,3.861960184110937,0.9654900460277342,1.0540958578598751,5,0.08341712951660156,0.06358880996704101,0.026402378082275392,0.4761962890625,327680,4.25,20971520,5570560,Qwen3-4B,model.layers.28.self_attn.o_proj.weight,mxfp4,o_proj,28,bfloat16
10485760,2560,4096,30.30763968616259,0.0009316140536970774,0.0302734375,0.02237634277377047,4.140232493682792,2.8593656539916994,2.3797634124755858,6.517895531635472,0.814736941454434,1.0540958578598751,5,5.14984130859375e-06,0.012322616577148438,0.008466529846191406,0.2144622802734375,327680,8.25,20971520,10813440,Qwen3-4B,model.layers.28.self_attn.o_proj.weight,mxfp8,o_proj,28,bfloat16
10485760,4096,2560,18.65352069032497,0.013634773597405446,0.0595703125,0.023865403656546862,5.0284873506475725,2.9111663818359377,2.395630645751953,3.8560853400291855,0.9640213350072964,1.3094517236490713,6,0.0856893539428711,0.06110429763793945,0.025840187072753908,0.4446502685546875,327680,4.25,20971520,5570560,Qwen3-4B,model.layers.28.self_attn.q_proj.weight,mxfp4,q_proj,28,bfloat16
10485760,4096,2560,30.335387398113838,0.0009256808091247973,0.0283203125,0.023865403656546862,5.0284873506475725,2.9111663818359377,2.395630645751953,6.5285940779866,0.816074259748325,1.3094517236490713,6,4.482269287109375e-06,0.012233161926269531,0.008461475372314453,0.207135009765625,327680,8.25,20971520,10813440,Qwen3-4B,model.layers.28.self_attn.q_proj.weight,mxfp8,q_proj,28,bfloat16
2621440,1024,2560,18.610934753091286,0.013769130773139031,0.03125,0.025074578224549414,3.487731137716154,3.0192081451416017,2.427871322631836,3.8514945689282567,0.9628736422320642,1.1285883273549149,4,0.09141654968261718,0.06180877685546875,0.026822280883789063,0.4419921875,81920,4.25,5242880,1392640,Qwen3-4B,model.layers.28.self_attn.v_proj.weight,mxfp4,v_proj,28,bfloat16
2621440,1024,2560,30.32857312718496,0.0009271343829826315,0.01513671875,0.025074578224549414,3.487731137716154,3.0192081451416017,2.427871322631836,6.560654286733328,0.820081785841666,1.1285883273549149,4,6.103515625e-06,0.01291046142578125,0.00904083251953125,0.21785888671875,81920,8.25,5242880,2703360,Qwen3-4B,model.layers.28.self_attn.v_proj.weight,mxfp8,v_proj,28,bfloat16
24903680,2560,9728,18.590589395014597,0.013833786234676751,0.10546875,0.024579269395556283,3.3899092239387176,2.8783273797286184,2.3846254047594573,3.8656746620876046,0.9664186655219011,1.1644467581734088,7,0.08478349384508635,0.06839117752878289,0.030037849827816612,0.4796643708881579,778240,4.25,49807360,13230080,Qwen3-4B,model.layers.29.mlp.down_proj.weight,mxfp4,down_proj,29,bfloat16
24903680,2560,9728,30.201655650319147,0.0009546285859021397,0.04296875,0.024579269395556283,3.3899092239387176,2.8783273797286184,2.3846254047594573,6.532886460152385,0.8166108075190481,1.1644467581734088,7,5.340576171875e-06,0.014534839830900493,0.010156049226459704,0.24611430921052632,778240,8.25,49807360,25681920,Qwen3-4B,model.layers.29.mlp.down_proj.weight,mxfp8,down_proj,29,bfloat16
24903680,9728,2560,18.626280083566623,0.013720564875678585,0.123046875,0.024648163000314482,3.546121484523425,2.850143673545436,2.375547308670847,3.8672104042935693,0.9668026010733923,0.9615088108717904,6,0.08320031417043586,0.06776990388569079,0.02883260626541941,0.49825375205592104,778240,4.25,49807360,13230080,Qwen3-4B,model.layers.29.mlp.gate_proj.weight,mxfp4,gate_proj,29,bfloat16
24903680,9728,2560,30.245531966859684,0.0009450326284024405,0.060546875,0.024648163000314482,3.546121484523425,2.850143673545436,2.375547308670847,6.521463434060037,0.8151829292575046,0.9615088108717904,6,5.340576171875e-06,0.013605700041118421,0.009410215678967928,0.23643349095394736,778240,8.25,49807360,25681920,Qwen3-4B,model.layers.29.mlp.gate_proj.weight,mxfp8,gate_proj,29,bfloat16
24903680,9728,2560,18.60560230148023,0.013786047478545593,0.0595703125,0.02515440958753826,3.1871687066900325,2.8524261474609376,2.376610043174342,3.8674400212633966,0.9668600053158491,0.9842932200660207,4,0.08422273334703947,0.06892515483655427,0.029995486610814144,0.4921450966282895,778240,4.25,49807360,13230080,Qwen3-4B,model.layers.29.mlp.up_proj.weight,mxfp4,up_proj,29,bfloat16
24903680,9728,2560,30.217425887925412,0.0009511683947827246,0.0283203125,0.02515440958753826,3.1871687066900325,2.8524261474609376,2.376610043174342,6.529205601298267,0.8161507001622834,0.9842932200660207,4,5.461040296052632e-06,0.014420840614720395,0.010019201981393914,0.24667326274671053,778240,8.25,49807360,25681920,Qwen3-4B,model.layers.29.mlp.up_proj.weight,mxfp8,up_proj,29,bfloat16
2621440,1024,2560,18.649094526395803,0.01364867672284796,0.0615234375,0.02096946491452531,4.871049279092452,2.954793167114258,2.4107370376586914,3.848673012756068,0.962168253189017,1.3879587944385103,6,0.08793449401855469,0.05769157409667969,0.0242340087890625,0.41845703125,81920,4.25,5242880,1392640,Qwen3-4B,model.layers.29.self_attn.k_proj.weight,mxfp4,k_proj,29,bfloat16
2621440,1024,2560,30.413418846940736,0.0009091972538481897,0.0302734375,0.02096946491452531,4.871049279092452,2.954793167114258,2.4107370376586914,6.536694017813595,0.8170867522266994,1.3879587944385103,6,5.7220458984375e-06,0.011505508422851562,0.008031845092773438,0.192919921875,81920,8.25,5242880,2703360,Qwen3-4B,model.layers.29.self_attn.k_proj.weight,mxfp8,k_proj,29,bfloat16
10485760,2560,4096,18.650863571385795,0.013643118234946065,0.0361328125,0.023243864183294174,3.333941545318418,2.860881805419922,2.3795108795166016,3.861915659685989,0.9654789149214973,1.0011500205862243,4,0.08370857238769532,0.06382246017456054,0.02668895721435547,0.4732391357421875,327680,4.25,20971520,5570560,Qwen3-4B,model.layers.29.self_attn.o_proj.weight,mxfp4,o_proj,29,bfloat16
10485760,2560,4096,30.300027028175922,0.0009332484927372565,0.01513671875,0.023243864183294174,3.333941545318418,2.860881805419922,2.3795108795166016,6.519981778766805,0.8149977223458507,1.0011500205862243,4,5.245208740234375e-06,0.012501049041748046,0.008611583709716797,0.215667724609375,327680,8.25,20971520,10813440,Qwen3-4B,model.layers.29.self_attn.o_proj.weight,mxfp8,o_proj,29,bfloat16
10485760,4096,2560,18.63027664396414,0.013707944442891914,0.0615234375,0.025030676825648628,5.495264933370706,2.9844476699829103,2.418791961669922,3.8542826464463875,0.9635706616115969,1.3239786208587665,6,0.08762292861938477,0.06097602844238281,0.025828456878662108,0.45238037109375,327680,4.25,20971520,5570560,Qwen3-4B,model.layers.29.self_attn.q_proj.weight,mxfp4,q_proj,29,bfloat16
10485760,4096,2560,30.30605316910379,0.0009319544429145821,0.0302734375,0.025030676825648628,5.495264933370706,2.9844476699829103,2.418791961669922,6.539826497830732,0.8174783122288415,1.3239786208587665,6,4.863739013671875e-06,0.012270069122314453,0.00852670669555664,0.21060791015625,327680,8.25,20971520,10813440,Qwen3-4B,model.layers.29.self_attn.q_proj.weight,mxfp8,q_proj,29,bfloat16
2621440,1024,2560,18.610152274534702,0.013771611813233471,0.0537109375,0.02398369649927641,4.750768524056691,3.097889709472656,2.449992561340332,3.8388822150677298,0.9597205537669324,1.3064552313684958,6,0.09636306762695312,0.055893325805664064,0.02383079528808594,0.40660400390625,81920,4.25,5242880,1392640,Qwen3-4B,model.layers.29.self_attn.v_proj.weight,mxfp4,v_proj,29,bfloat16
2621440,1024,2560,30.414044049631464,0.0009090663768327361,0.0224609375,0.02398369649927641,4.750768524056691,3.097889709472656,2.449992561340332,6.575581845190127,0.8219477306487659,1.3064552313684958,6,1.02996826171875e-05,0.011515426635742187,0.008022689819335937,0.19036865234375,81920,8.25,5242880,2703360,Qwen3-4B,model.layers.29.self_attn.v_proj.weight,mxfp8,v_proj,29,bfloat16
24903680,2560,9728,18.59316592198155,0.013825581536271633,0.115234375,0.024892172296063306,3.5621861654539178,2.876087068256579,2.383793238589638,3.8645098922317755,0.9661274730579439,1.207336222022383,7,0.08509706196032073,0.06786306280838816,0.029995968467310855,0.47095240542763156,778240,4.25,49807360,13230080,Qwen3-4B,model.layers.30.mlp.down_proj.weight,mxfp4,down_proj,30,bfloat16
24903680,2560,9728,30.222863496273888,0.0009499782243099305,0.052734375,0.024892172296063306,3.5621861654539178,2.876087068256579,2.383793238589638,6.53433129074864,0.81679141134358,1.207336222022383,7,5.38073087993421e-06,0.014564634624280428,0.01016789486533717,0.24356368215460528,778240,8.25,49807360,25681920,Qwen3-4B,model.layers.30.mlp.down_proj.weight,mxfp8,down_proj,30,bfloat16
24903680,9728,2560,18.62458432134712,0.013725923304010196,0.125,0.024501932125791142,3.6021428121824735,2.8496545892012746,2.3750124881142063,3.867410355475896,0.966852588868974,0.9419957862501183,6,0.08308462845651728,0.06771364713969984,0.028675721821032073,0.5016434518914473,778240,4.25,49807360,13230080,Qwen3-4B,model.layers.30.mlp.gate_proj.weight,mxfp4,gate_proj,30,bfloat16
24903680,9728,2560,30.25379392139264,0.0009432365211751056,0.03515625,0.024501932125791142,3.6021428121824735,2.8496545892012746,2.3750124881142063,6.520264918387093,0.8150331147983866,0.9419957862501183,6,4.4973273026315785e-06,0.01351719906455592,0.009337053800884046,0.23585140830592105,778240,8.25,49807360,25681920,Qwen3-4B,model.layers.30.mlp.gate_proj.weight,mxfp8,gate_proj,30,bfloat16
24903680,9728,2560,18.608867493145492,0.013775686497279553,0.060546875,0.025446962488526122,3.185140596431152,2.8513816431949013,2.3762711374383225,3.867077344169567,0.9667693360423918,0.9970467470590698,5,0.08444446764494243,0.06890636243318257,0.030156747918379936,0.4876413445723684,778240,4.25,49807360,13230080,Qwen3-4B,model.layers.30.mlp.up_proj.weight,mxfp4,up_proj,30,bfloat16
24903680,9728,2560,30.22298149621208,0.0009499524132868649,0.029296875,0.025446962488526122,3.185140596431152,2.8513816431949013,2.3762711374383225,6.530632867727686,0.8163291084659607,0.9970467470590698,5,5.742123252467105e-06,0.014490067331414473,0.010110393323396381,0.24708316200657895,778240,8.25,49807360,25681920,Qwen3-4B,model.layers.30.mlp.up_proj.weight,mxfp8,up_proj,30,bfloat16
2621440,1024,2560,18.647220604550093,0.013654567212666242,0.052734375,0.02180702406447471,4.632327064774289,2.9280418395996093,2.4017156600952148,3.8553205319304986,0.9638301329826247,1.298294881770396,5,0.08664627075195312,0.060736465454101565,0.025467681884765624,0.44876708984375,81920,4.25,5242880,1392640,Qwen3-4B,model.layers.30.self_attn.k_proj.weight,mxfp4,k_proj,30,bfloat16
2621440,1024,2560,30.35463148715937,0.0009215880851313893,0.021484375,0.02180702406447471,4.632327064774289,2.9280418395996093,2.4017156600952148,6.5329561235761595,0.8166195154470199,1.298294881770396,5,4.1961669921875e-06,0.012001419067382812,0.00830230712890625,0.20390625,81920,8.25,5242880,2703360,Qwen3-4B,model.layers.30.self_attn.k_proj.weight,mxfp8,k_proj,30,bfloat16
10485760,2560,4096,18.63953917651233,0.013678739609899595,0.0615234375,0.023047351024043587,3.4920634757822286,2.860302734375,2.3801809310913087,3.8635213840790223,0.9658803460197556,1.0700914895426208,4,0.08377504348754883,0.0652073860168457,0.027556324005126955,0.48121337890625,327680,4.25,20971520,5570560,Qwen3-4B,model.layers.30.self_attn.o_proj.weight,mxfp4,o_proj,30,bfloat16
10485760,2560,4096,30.26842342724324,0.000940064510183517,0.0302734375,0.023047351024043587,3.4920634757822286,2.860302734375,2.3801809310913087,6.522071497992613,0.8152589372490766,1.0700914895426208,4,4.76837158203125e-06,0.012970924377441406,0.008964157104492188,0.224530029296875,327680,8.25,20971520,10813440,Qwen3-4B,model.layers.30.self_attn.o_proj.weight,mxfp8,o_proj,30,bfloat16
10485760,4096,2560,18.625560130869538,0.013722839594083169,0.103515625,0.0229761168933813,4.73064777582587,2.926906967163086,2.399549102783203,3.858343746319488,0.964585936579872,1.200555261514947,7,0.08571100234985352,0.062339496612548825,0.026176929473876953,0.4641815185546875,327680,4.25,20971520,5570560,Qwen3-4B,model.layers.30.self_attn.q_proj.weight,mxfp4,q_proj,30,bfloat16
10485760,4096,2560,30.283896839915485,0.0009367211280812567,0.041015625,0.0229761168933813,4.73064777582587,2.926906967163086,2.399549102783203,6.530272546259705,0.8162840682824631,1.200555261514947,7,5.054473876953125e-06,0.012291336059570312,0.008503246307373046,0.2122344970703125,327680,8.25,20971520,10813440,Qwen3-4B,model.layers.30.self_attn.q_proj.weight,mxfp8,q_proj,30,bfloat16
2621440,1024,2560,18.61805529401031,0.013746573883149102,0.056640625,0.025391881251435194,4.395000810281403,3.0839019775390626,2.444799613952637,3.838660737671955,0.9596651844179888,1.2540226827041616,5,0.09523811340332031,0.055389022827148436,0.023744583129882812,0.39578857421875,81920,4.25,5242880,1392640,Qwen3-4B,model.layers.30.self_attn.v_proj.weight,mxfp4,v_proj,30,bfloat16
2621440,1024,2560,30.387345879915657,0.0009146720576472373,0.025390625,0.025391881251435194,4.395000810281403,3.0839019775390626,2.444799613952637,6.569784969163154,0.8212231211453942,1.2540226827041616,5,7.2479248046875e-06,0.011430740356445312,0.00800628662109375,0.1870361328125,81920,8.25,5242880,2703360,Qwen3-4B,model.layers.30.self_attn.v_proj.weight,mxfp8,v_proj,30,bfloat16
24903680,2560,9728,18.601801702115658,0.013798117209622542,0.107421875,0.025376491242202086,3.5249828108986065,2.868071224814967,2.3811809339021384,3.863168760931158,0.9657921902327895,1.2469922157138764,7,0.08544460095857319,0.0672705800909745,0.02994738127055921,0.45628340871710527,778240,4.25,49807360,13230080,Qwen3-4B,model.layers.31.mlp.down_proj.weight,mxfp4,down_proj,31,bfloat16
24903680,2560,9728,30.238852065742044,0.0009464873053733881,0.044921875,0.025376491242202086,3.5249828108986065,2.868071224814967,2.3811809339021384,6.535239341214812,0.8169049176518515,1.2469922157138764,7,5.8625873766447364e-06,0.014676104093852796,0.01029715287057977,0.2425524259868421,778240,8.25,49807360,25681920,Qwen3-4B,model.layers.31.mlp.down_proj.weight,mxfp8,down_proj,31,bfloat16
24903680,9728,2560,18.628775005247007,0.013712684991081185,0.125,0.024244099127517668,3.696307797828365,2.8490631906609787,2.3748709427682977,3.867950356767642,0.9669875891919105,0.913819236722399,6,0.0826481066252056,0.06778990093030428,0.028557104813425164,0.5083753083881579,778240,4.25,49807360,13230080,Qwen3-4B,model.layers.31.mlp.gate_proj.weight,mxfp4,gate_proj,31,bfloat16
24903680,9728,2560,30.25248438936259,0.0009435209790100153,0.044921875,0.024244099127517668,3.696307797828365,2.8490631906609787,2.3748709427682977,6.5176871726286,0.814710896578575,0.913819236722399,6,5.340576171875e-06,0.013352404142680921,0.009197516190378289,0.23492110402960525,778240,8.25,49807360,25681920,Qwen3-4B,model.layers.31.mlp.gate_proj.weight,mxfp8,gate_proj,31,bfloat16
24903680,9728,2560,18.60792021420974,0.013778691564452833,0.09375,0.02574206447488138,3.2153154443262637,2.852870660079153,2.3766016106856496,3.8668007912397684,0.9667001978099421,1.0080519026837156,5,0.08466660348992598,0.06898888035824424,0.030367640445106907,0.48372995476973685,778240,4.25,49807360,13230080,Qwen3-4B,model.layers.31.mlp.up_proj.weight,mxfp4,up_proj,31,bfloat16
24903680,9728,2560,30.231542310972088,0.0009480817110373308,0.03125,0.02574206447488138,3.2153154443262637,2.852870660079153,2.3766016106856496,6.5320590468877135,0.8165073808609642,1.0080519026837156,5,4.537482010690789e-06,0.014681243896484375,0.010253063001130757,0.24901187294407895,778240,8.25,49807360,25681920,Qwen3-4B,model.layers.31.mlp.up_proj.weight,mxfp8,up_proj,31,bfloat16
2621440,1024,2560,18.62258927030838,0.013732230132539526,0.05859375,0.02097495034662935,4.783733381000027,2.965536689758301,2.4147159576416017,3.8525460730281815,0.9631365182570454,1.458259698648245,5,0.08785400390625,0.059629058837890624,0.025078201293945314,0.443701171875,81920,4.25,5242880,1392640,Qwen3-4B,model.layers.31.self_attn.k_proj.weight,mxfp4,k_proj,31,bfloat16
2621440,1024,2560,30.354095778306114,0.0009217017714358641,0.02734375,0.02097495034662935,4.783733381000027,2.965536689758301,2.4147159576416017,6.538714360203504,0.817339295025438,1.458259698648245,5,4.9591064453125e-06,0.011803817749023438,0.008236312866210937,0.2021728515625,81920,8.25,5242880,2703360,Qwen3-4B,model.layers.31.self_attn.k_proj.weight,mxfp8,k_proj,31,bfloat16
10485760,2560,4096,18.61261045486352,0.01376381905330731,0.060546875,0.02373227477559819,3.432683400942355,2.868055725097656,2.3832311630249023,3.8645884954928698,0.9661471238732174,1.120160471057144,6,0.08423328399658203,0.06650342941284179,0.028510475158691408,0.4861236572265625,327680,4.25,20971520,5570560,Qwen3-4B,model.layers.31.self_attn.o_proj.weight,mxfp4,o_proj,31,bfloat16
10485760,2560,4096,30.241173705585076,0.0009459814699335084,0.029296875,0.02373227477559819,3.432683400942355,2.868055725097656,2.3832311630249023,6.526681356451567,0.8158351695564459,1.120160471057144,6,5.054473876953125e-06,0.013572883605957032,0.009407997131347656,0.2335357666015625,327680,8.25,20971520,10813440,Qwen3-4B,model.layers.31.self_attn.o_proj.weight,mxfp8,o_proj,31,bfloat16
10485760,4096,2560,18.63751611778267,0.013685113013457827,0.0615234375,0.02345919300539516,4.905812641450584,2.9514856338500977,2.408986282348633,3.855729918328363,0.9639324795820907,1.2806421967722588,6,0.086669921875,0.06145048141479492,0.02598886489868164,0.453045654296875,327680,4.25,20971520,5570560,Qwen3-4B,model.layers.31.self_attn.q_proj.weight,mxfp4,q_proj,31,bfloat16
10485760,4096,2560,30.322241684139044,0.0009284870088581488,0.0302734375,0.02345919300539516,4.905812641450584,2.9514856338500977,2.408986282348633,6.53479351563411,0.8168491894542638,1.2806421967722588,6,6.008148193359375e-06,0.012288284301757813,0.008519172668457031,0.2108062744140625,327680,8.25,20971520,10813440,Qwen3-4B,model.layers.31.self_attn.q_proj.weight,mxfp8,q_proj,31,bfloat16
2621440,1024,2560,18.605812824255718,0.013785379220771927,0.03125,0.026390914484585352,4.1129800422695615,3.1007949829101564,2.449471855163574,3.843496247964119,0.9608740619910298,1.251070233904166,4,0.09594612121582032,0.05854606628417969,0.025047683715820314,0.42501220703125,81920,4.25,5242880,1392640,Qwen3-4B,model.layers.31.self_attn.v_proj.weight,mxfp4,v_proj,31,bfloat16
2621440,1024,2560,30.364386185566616,0.0009195204269560766,0.01513671875,0.026390914484585352,4.1129800422695615,3.1007949829101564,2.449471855163574,6.576657434153037,0.8220821792691296,1.251070233904166,4,5.7220458984375e-06,0.012034988403320313,0.008409881591796875,0.20245361328125,81920,8.25,5242880,2703360,Qwen3-4B,model.layers.31.self_attn.v_proj.weight,mxfp8,v_proj,31,bfloat16
24903680,2560,9728,18.60132334706621,0.013799637091368683,0.12109375,0.025402518818737035,3.5280678000114585,2.8752618086965462,2.383635189658717,3.862756644394986,0.9656891610987465,1.2147791266555963,7,0.08560473793431332,0.06712148565995066,0.02986654984323602,0.4557848478618421,778240,4.25,49807360,13230080,Qwen3-4B,model.layers.32.mlp.down_proj.weight,mxfp4,down_proj,32,bfloat16
24903680,2560,9728,30.24094985532598,0.0009460302303169426,0.05859375,0.025402518818737035,3.5280678000114585,2.8752618086965462,2.383635189658717,6.536476375017353,0.8170595468771691,1.2147791266555963,7,5.38073087993421e-06,0.01462811921772204,0.010270931846217106,0.24219135485197368,778240,8.25,49807360,25681920,Qwen3-4B,model.layers.32.mlp.down_proj.weight,mxfp8,down_proj,32,bfloat16
24903680,9728,2560,18.637011552458695,0.0136867030485376,0.12109375,0.023878666987961945,3.711572137287664,2.8590261358963818,2.3785401996813325,3.86668928143035,0.9666723203575875,0.8933042039998845,6,0.08273492110402961,0.06662549470600329,0.027709720009251645,0.5069348787006579,778240,4.25,49807360,13230080,Qwen3-4B,model.layers.32.mlp.gate_proj.weight,mxfp4,gate_proj,32,bfloat16
24903680,9728,2560,30.261240382658006,0.0009416206231080187,0.05859375,0.023878666987961945,3.711572137287664,2.8590261358963818,2.3785401996813325,6.51625756969756,0.814532196212195,0.8933042039998845,6,4.698100842927632e-06,0.012841114244962993,0.008825563129625822,0.22799521998355263,778240,8.25,49807360,25681920,Qwen3-4B,model.layers.32.mlp.gate_proj.weight,mxfp8,gate_proj,32,bfloat16
24903680,9728,2560,18.601031661081056,0.01380056395000535,0.0615234375,0.025808606699175982,3.235876713871507,2.8561540704024466,2.377915874280428,3.8662777415514356,0.9665694353878589,1.0149227135741978,6,0.0849955910130551,0.06886456138209293,0.03036398636667352,0.47986610814144737,778240,4.25,49807360,13230080,Qwen3-4B,model.layers.32.mlp.up_proj.weight,mxfp4,up_proj,32,bfloat16
24903680,9728,2560,30.224665770125483,0.0009495840756900086,0.0302734375,0.025808606699175982,3.235876713871507,2.8561540704024466,2.377915874280428,6.53391051484821,0.8167388143560262,1.0149227135741978,6,5.099647923519737e-06,0.014740873637952302,0.010306107370476974,0.24844649465460528,778240,8.25,49807360,25681920,Qwen3-4B,model.layers.32.mlp.up_proj.weight,mxfp8,up_proj,32,bfloat16
2621440,1024,2560,18.609540352778446,0.013773552372683276,0.0615234375,0.021088263672382652,4.976175508605049,2.970744514465332,2.4144287109375,3.8549285042916632,0.9637321260729158,1.489928486319364,6,0.08771934509277343,0.06139678955078125,0.025971221923828124,0.452197265625,81920,4.25,5242880,1392640,Qwen3-4B,model.layers.32.self_attn.k_proj.weight,mxfp4,k_proj,32,bfloat16
2621440,1024,2560,30.305135357462994,0.000932151417332073,0.0302734375,0.021088263672382652,4.976175508605049,2.970744514465332,2.4144287109375,6.539825150026479,0.8174781437533098,1.489928486319364,6,7.62939453125e-06,0.012398529052734374,0.00860595703125,0.21202392578125,81920,8.25,5242880,2703360,Qwen3-4B,model.layers.32.self_attn.k_proj.weight,mxfp8,k_proj,32,bfloat16
10485760,2560,4096,18.633774458588505,0.013696908487546943,0.06640625,0.023688654499995233,3.646425716577904,2.8702419281005858,2.384151268005371,3.8614674203056323,0.9653668550764081,1.1077210924762257,6,0.0846034049987793,0.06438369750976562,0.027520465850830077,0.468109130859375,327680,4.25,20971520,5570560,Qwen3-4B,model.layers.32.self_attn.o_proj.weight,mxfp4,o_proj,32,bfloat16
10485760,2560,4096,30.280031140863283,0.0009375552842096551,0.0302734375,0.023688654499995233,3.646425716577904,2.8702419281005858,2.384151268005371,6.5260137644821645,0.8157517205602706,1.1077210924762257,6,6.29425048828125e-06,0.01306619644165039,0.009075736999511719,0.2233673095703125,327680,8.25,20971520,10813440,Qwen3-4B,model.layers.32.self_attn.o_proj.weight,mxfp8,o_proj,32,bfloat16
10485760,4096,2560,18.624865023383887,0.013725036170906483,0.076171875,0.02305288135527279,5.091426499407709,2.9753036499023438,2.4144559860229493,3.8532213107015933,0.9633053276753983,1.3458889563893754,6,0.08780517578125,0.060515403747558594,0.025665760040283203,0.4403076171875,327680,4.25,20971520,5570560,Qwen3-4B,model.layers.32.self_attn.q_proj.weight,mxfp4,q_proj,32,bfloat16
10485760,4096,2560,30.32733510094107,0.0009273987152186899,0.029296875,0.02305288135527279,5.091426499407709,2.9753036499023438,2.4144559860229493,6.540325896499307,0.8175407370624134,1.3458889563893754,6,6.008148193359375e-06,0.012228775024414062,0.008487224578857422,0.2067413330078125,327680,8.25,20971520,10813440,Qwen3-4B,model.layers.32.self_attn.q_proj.weight,mxfp8,q_proj,32,bfloat16
2621440,1024,2560,18.592274737309346,0.013828418876168088,0.0498046875,0.026309703047374965,4.37450855083047,3.1027040481567383,2.4505983352661134,3.8433143417118085,0.9608285854279521,1.2482310330207445,4,0.09546890258789062,0.05848541259765625,0.025053787231445312,0.4255615234375,81920,4.25,5242880,1392640,Qwen3-4B,model.layers.32.self_attn.v_proj.weight,mxfp4,v_proj,32,bfloat16
2621440,1024,2560,30.386892477353832,0.0009147675542101148,0.0185546875,0.026309703047374965,4.37450855083047,3.1027040481567383,2.4505983352661134,6.576112823078528,0.822014102884816,1.2482310330207445,4,5.7220458984375e-06,0.012051010131835937,0.008334732055664063,0.20145263671875,81920,8.25,5242880,2703360,Qwen3-4B,model.layers.32.self_attn.v_proj.weight,mxfp8,v_proj,32,bfloat16
24903680,2560,9728,18.589200776325324,0.01383821017426807,0.123046875,0.025118589840612913,3.528384982209855,2.8853515625,2.387833444695724,3.8637379058102317,0.9659344764525579,1.0879680993706269,7,0.08521788747687088,0.06716304578279195,0.029484839188425163,0.47091642680921053,778240,4.25,49807360,13230080,Qwen3-4B,model.layers.33.mlp.down_proj.weight,mxfp4,down_proj,33,bfloat16
24903680,2560,9728,30.214174685847496,0.0009518807221564564,0.060546875,0.025118589840612913,3.528384982209855,2.8853515625,2.387833444695724,6.534009798746721,0.8167512248433402,1.0879680993706269,7,4.457172594572369e-06,0.014316277754934211,0.010013098465768915,0.24169022409539473,778240,8.25,49807360,25681920,Qwen3-4B,model.layers.33.mlp.down_proj.weight,mxfp8,down_proj,33,bfloat16
24903680,9728,2560,18.646442909035276,0.013657012568746841,0.12109375,0.02361800844734324,3.867084309319189,2.869302087081106,2.382212869744552,3.863637636485317,0.9659094091213293,0.9086225462178414,6,0.08324311908922698,0.06446392661646792,0.026611729672080593,0.4912841796875,778240,4.25,49807360,13230080,Qwen3-4B,model.layers.33.mlp.gate_proj.weight,mxfp4,gate_proj,33,bfloat16
24903680,9728,2560,30.300500469637957,0.0009331467612009719,0.056640625,0.02361800844734324,3.867084309319189,2.869302087081106,2.382212869744552,6.516586154365511,0.8145732692956889,0.9086225462178414,6,5.2201120476973686e-06,0.01230316162109375,0.008468547620271381,0.21742521587171051,778240,8.25,49807360,25681920,Qwen3-4B,model.layers.33.mlp.gate_proj.weight,mxfp8,gate_proj,33,bfloat16
24903680,9728,2560,18.607020684876744,0.013781545761644321,0.076171875,0.025896301976404013,3.2980771985757564,2.8598772952431126,2.3789939880371094,3.865235754338419,0.9663089385846048,1.0255299690257575,6,0.08525153712222451,0.06822533858449835,0.030033151726973684,0.4728181537828947,778240,4.25,49807360,13230080,Qwen3-4B,model.layers.33.mlp.up_proj.weight,mxfp4,up_proj,33,bfloat16
24903680,9728,2560,30.23709390816693,0.0009468705501012452,0.0302734375,0.025896301976404013,3.2980771985757564,2.8598772952431126,2.3789939880371094,6.534465942842998,0.8168082428553748,1.0255299690257575,6,4.8587196751644735e-06,0.014556884765625,0.010209013286389802,0.24526624177631579,778240,8.25,49807360,25681920,Qwen3-4B,model.layers.33.mlp.up_proj.weight,mxfp8,up_proj,33,bfloat16
2621440,1024,2560,18.64014517577351,0.013676831059793733,0.03125,0.01892704648452731,5.405221903173432,2.9855745315551756,2.4204547882080076,3.8472276532557537,0.9618069133139384,1.5978954703340817,5,0.08881034851074218,0.05740928649902344,0.024230194091796876,0.414453125,81920,4.25,5242880,1392640,Qwen3-4B,model.layers.33.self_attn.k_proj.weight,mxfp4,k_proj,33,bfloat16
2621440,1024,2560,30.399126582769757,0.0009121942738961163,0.01513671875,0.01892704648452731,5.405221903173432,2.9855745315551756,2.4204547882080076,6.541873423950917,0.8177341779938646,1.5978954703340817,5,4.9591064453125e-06,0.0115631103515625,0.008036041259765625,0.1939208984375,81920,8.25,5242880,2703360,Qwen3-4B,model.layers.33.self_attn.k_proj.weight,mxfp8,k_proj,33,bfloat16
10485760,2560,4096,18.621850454318217,0.013734566439964914,0.09765625,0.024694101244780116,3.5286741482801696,2.868174171447754,2.381893539428711,3.8623842727036135,0.9655960681759034,1.0881732853615165,7,0.08510618209838867,0.06571397781372071,0.028494548797607423,0.464874267578125,327680,4.25,20971520,5570560,Qwen3-4B,model.layers.33.self_attn.o_proj.weight,mxfp4,o_proj,33,bfloat16
10485760,2560,4096,30.26436727643853,0.0009409429060080291,0.0283203125,0.024694101244780116,3.5286741482801696,2.868174171447754,2.381893539428711,6.531584682561887,0.8164480853202358,1.0881732853615165,7,4.9591064453125e-06,0.013684654235839843,0.009536361694335938,0.2310028076171875,327680,8.25,20971520,10813440,Qwen3-4B,model.layers.33.self_attn.o_proj.weight,mxfp8,o_proj,33,bfloat16
10485760,4096,2560,18.63941373274259,0.013679134719097453,0.0615234375,0.023184848026774937,5.777486879812719,3.040882110595703,2.4339981079101562,3.846999030735926,0.9617497576839815,1.4448326687120212,6,0.08994016647338868,0.05763874053955078,0.024213409423828124,0.4240570068359375,327680,4.25,20971520,5570560,Qwen3-4B,model.layers.33.self_attn.q_proj.weight,mxfp4,q_proj,33,bfloat16
10485760,4096,2560,30.37623630596995,0.0009170148516401796,0.0302734375,0.023184848026774937,5.777486879812719,3.040882110595703,2.4339981079101562,6.54824025186843,0.8185300314835537,1.4448326687120212,6,6.866455078125e-06,0.011502838134765625,0.008003997802734374,0.194573974609375,327680,8.25,20971520,10813440,Qwen3-4B,model.layers.33.self_attn.q_proj.weight,mxfp8,q_proj,33,bfloat16
2621440,1024,2560,18.664130703626792,0.01360150387667397,0.056640625,0.028153857685200397,4.1144233037557525,3.1396055221557617,2.45599422454834,3.8398156439011473,0.9599539109752868,1.2217502520904147,4,0.09752693176269531,0.05649147033691406,0.023659515380859374,0.42052001953125,81920,4.25,5242880,1392640,Qwen3-4B,model.layers.33.self_attn.v_proj.weight,mxfp4,v_proj,33,bfloat16
2621440,1024,2560,30.442511986089112,0.000903126948419639,0.025390625,0.028153857685200397,4.1144233037557525,3.1396055221557617,2.45599422454834,6.581938892673515,0.8227423615841893,1.2217502520904147,4,6.103515625e-06,0.01123199462890625,0.007789993286132812,0.18914794921875,81920,8.25,5242880,2703360,Qwen3-4B,model.layers.33.self_attn.v_proj.weight,mxfp8,v_proj,33,bfloat16
24903680,2560,9728,18.58104849882172,0.013864210706814624,0.12109375,0.023744977184803475,5.396391707105097,2.9373637952302634,2.406402587890625,3.860070161791456,0.965017540447864,0.973034154881038,7,0.08567769903885691,0.06383835641961348,0.027060619153474505,0.4793765419407895,778240,4.25,49807360,13230080,Qwen3-4B,model.layers.34.mlp.down_proj.weight,mxfp4,down_proj,34,bfloat16
24903680,2560,9728,30.239220154614376,0.0009464070886780841,0.05859375,0.023744977184803475,5.396391707105097,2.9373637952302634,2.406402587890625,6.532292815452096,0.816536601931512,0.973034154881038,7,5.340576171875e-06,0.012772931550678454,0.008830903705797697,0.222705078125,778240,8.25,49807360,25681920,Qwen3-4B,model.layers.34.mlp.down_proj.weight,mxfp8,down_proj,34,bfloat16
24903680,9728,2560,18.66060234853146,0.013612558687986841,0.12109375,0.024033701119802527,4.188232476365766,2.869478245785362,2.3816662838584497,3.8603702225995025,0.9650925556498756,0.9913676028553634,6,0.08411479749177632,0.06275815461811267,0.02615011114823191,0.46426809210526315,778240,4.25,49807360,13230080,Qwen3-4B,model.layers.34.mlp.gate_proj.weight,mxfp4,gate_proj,34,bfloat16
24903680,9728,2560,30.338234010964506,0.0009250742641183737,0.05859375,0.024033701119802527,4.188232476365766,2.869478245785362,2.3816662838584497,6.519914413399391,0.8149893016749239,0.9913676028553634,6,4.417017886513158e-06,0.012218274568256578,0.008408556486430921,0.20987741570723684,778240,8.25,49807360,25681920,Qwen3-4B,model.layers.34.mlp.gate_proj.weight,mxfp8,gate_proj,34,bfloat16
24903680,9728,2560,18.614763399955613,0.013756997552194967,0.064453125,0.025515967423184148,3.4059470071796474,2.8629378870913857,2.379538164640728,3.8642095719001452,0.9660523929750363,1.0355378813599065,7,0.08518403705797697,0.06707197490491365,0.02927607486122533,0.4713610197368421,778240,4.25,49807360,13230080,Qwen3-4B,model.layers.34.mlp.up_proj.weight,mxfp4,up_proj,34,bfloat16
24903680,9728,2560,30.256323957090938,0.0009426871872127409,0.03125,0.025515967423184148,3.4059470071796474,2.8629378870913857,2.379538164640728,6.532973467869438,0.8166216834836797,1.0355378813599065,7,5.260266755756579e-06,0.014117993806537828,0.0098419189453125,0.23802554481907895,778240,8.25,49807360,25681920,Qwen3-4B,model.layers.34.mlp.up_proj.weight,mxfp8,up_proj,34,bfloat16
2621440,1024,2560,18.628355684809158,0.013714009043518147,0.0615234375,0.0203617708812117,5.078243076152745,2.943330764770508,2.4056570053100588,3.8527844427280153,0.9631961106820038,1.63368736497754,6,0.08718299865722656,0.059640121459960935,0.0251251220703125,0.43499755859375,81920,4.25,5242880,1392640,Qwen3-4B,model.layers.34.self_attn.k_proj.weight,mxfp4,k_proj,34,bfloat16
2621440,1024,2560,30.333889195351333,0.0009260001999634077,0.0302734375,0.0203617708812117,5.078243076152745,2.943330764770508,2.4056570053100588,6.535542902082753,0.8169428627603441,1.63368736497754,6,4.57763671875e-06,0.01189422607421875,0.00831146240234375,0.2021484375,81920,8.25,5242880,2703360,Qwen3-4B,model.layers.34.self_attn.k_proj.weight,mxfp8,k_proj,34,bfloat16
10485760,2560,4096,18.656716643475036,0.013624743521120478,0.0625,0.024114084769870033,4.023502478130942,2.877461814880371,2.3860504150390627,3.8594364286280314,0.9648591071570078,1.0221738142146446,6,0.08496341705322266,0.06283330917358398,0.02639799118041992,0.4612640380859375,327680,4.25,20971520,5570560,Qwen3-4B,model.layers.34.self_attn.o_proj.weight,mxfp4,o_proj,34,bfloat16
10485760,2560,4096,30.331856926018933,0.0009264336206643538,0.0283203125,0.024114084769870033,4.023502478130942,2.877461814880371,2.3860504150390627,6.526170613507734,0.8157713266884667,1.0221738142146446,6,5.340576171875e-06,0.012379074096679687,0.008548545837402343,0.21270751953125,327680,8.25,20971520,10813440,Qwen3-4B,model.layers.34.self_attn.o_proj.weight,mxfp8,o_proj,34,bfloat16
10485760,4096,2560,18.65488243919772,0.01363049902617517,0.068359375,0.022355477874809987,5.3403178832980895,2.954055404663086,2.407822036743164,3.851157421024851,0.9627893552562128,1.4091445641648759,6,0.08714561462402344,0.058456039428710936,0.02444038391113281,0.427276611328125,327680,4.25,20971520,5570560,Qwen3-4B,model.layers.34.self_attn.q_proj.weight,mxfp4,q_proj,34,bfloat16
10485760,4096,2560,30.367898975610284,0.0009187769737551343,0.021484375,0.022355477874809987,5.3403178832980895,2.954055404663086,2.407822036743164,6.533605594546913,0.8167006993183641,1.4091445641648759,6,6.008148193359375e-06,0.011567020416259765,0.008035755157470703,0.19505615234375,327680,8.25,20971520,10813440,Qwen3-4B,model.layers.34.self_attn.q_proj.weight,mxfp8,q_proj,34,bfloat16
2621440,1024,2560,18.656489695275617,0.013625455524595478,0.0546875,0.028152764378233542,4.218411676396898,3.144114303588867,2.4602024078369142,3.834376003537076,0.958594000884269,1.330336261953715,6,0.09693984985351563,0.054671096801757815,0.02355499267578125,0.38472900390625,81920,4.25,5242880,1392640,Qwen3-4B,model.layers.34.self_attn.v_proj.weight,mxfp4,v_proj,34,bfloat16
2621440,1024,2560,30.462618152932702,0.0008989554810413463,0.0234375,0.028152764378233542,4.218411676396898,3.144114303588867,2.4602024078369142,6.5783351790112174,0.8222918973764022,1.330336261953715,6,6.103515625e-06,0.011485671997070313,0.008102798461914062,0.1864990234375,81920,8.25,5242880,2703360,Qwen3-4B,model.layers.34.self_attn.v_proj.weight,mxfp8,v_proj,34,bfloat16
24903680,9728,2560,18.637297861347452,0.013685800781587659,0.123046875,0.02530234100613158,5.178003497314511,2.8507130673057155,2.374546211644223,3.8616744400487795,0.9654186100121949,1.091913582619734,6,0.08421253405119243,0.06436056839792352,0.027552915874280427,0.4554661800986842,778240,4.25,49807360,13230080,Qwen3-4B,model.layers.35.mlp.gate_proj.weight,mxfp4,gate_proj,35,bfloat16
24903680,9728,2560,30.310476807409728,0.0009310056557107845,0.060546875,0.02530234100613158,5.178003497314511,2.8507130673057155,2.374546211644223,6.523785175819377,0.8154731469774221,1.091913582619734,6,4.7382555509868424e-06,0.013145527086759869,0.009135918868215461,0.22086117393092106,778240,8.25,49807360,25681920,Qwen3-4B,model.layers.35.mlp.gate_proj.weight,mxfp8,gate_proj,35,bfloat16
2621440,1024,2560,18.67755308315565,0.013559531729513135,0.109375,0.021704043848499506,4.630410219677101,2.8713184356689454,2.383164405822754,3.8584680850698274,0.9646170212674569,1.0715608746905965,6,0.08368263244628907,0.060678863525390626,0.02470855712890625,0.4656982421875,81920,4.25,5242880,1392640,Qwen3-4B,model.layers.35.self_attn.k_proj.weight,mxfp4,k_proj,35,bfloat16
2621440,1024,2560,30.377928430547843,0.0009166576283318942,0.046875,0.021704043848499506,4.630410219677101,2.8713184356689454,2.383164405822754,6.513407662580496,0.814175957822562,1.0715608746905965,6,3.814697265625e-06,0.011416244506835937,0.007749176025390625,0.1974609375,81920,8.25,5242880,2703360,Qwen3-4B,model.layers.35.self_attn.k_proj.weight,mxfp8,k_proj,35,bfloat16
10485760,2560,4096,18.660814381728766,0.013611894105772454,0.123046875,0.023302593992055174,5.296341213627096,2.8717527389526367,2.384257698059082,3.859840567324504,0.964960141831126,0.9715526428727334,7,0.08394088745117187,0.06233062744140625,0.025786209106445312,0.4707489013671875,327680,4.25,20971520,5570560,Qwen3-4B,model.layers.35.self_attn.o_proj.weight,mxfp4,o_proj,35,bfloat16
10485760,2560,4096,30.3199192995582,0.0009289836489597438,0.060546875,0.023302593992055174,5.296341213627096,2.8717527389526367,2.384257698059082,6.519322391273032,0.814915298909129,0.9715526428727334,7,4.673004150390625e-06,0.011980152130126953,0.008251094818115234,0.2089080810546875,327680,8.25,20971520,10813440,Qwen3-4B,model.layers.35.self_attn.o_proj.weight,mxfp8,o_proj,35,bfloat16
10485760,4096,2560,18.678503403417515,0.013556564966512004,0.060546875,0.02261898371295607,4.242155652645209,2.8656637191772463,2.3804109573364256,3.8603929435359365,0.9650982358839841,1.0957083798901093,6,0.08315744400024414,0.062244510650634764,0.025650501251220703,0.4694244384765625,327680,4.25,20971520,5570560,Qwen3-4B,model.layers.35.self_attn.q_proj.weight,mxfp4,q_proj,35,bfloat16
10485760,4096,2560,30.34025623715604,0.0009246436176289866,0.0283203125,0.02261898371295607,4.242155652645209,2.8656637191772463,2.3804109573364256,6.514405627844647,0.8143007034805809,1.0957083798901093,6,6.771087646484375e-06,0.011855888366699218,0.008135032653808594,0.20634765625,327680,8.25,20971520,10813440,Qwen3-4B,model.layers.35.self_attn.q_proj.weight,mxfp8,q_proj,35,bfloat16
2621440,1024,2560,18.666469492605305,0.013594181084264337,0.0361328125,0.026464070593882293,3.7290186550111084,2.994606781005859,2.4223606109619142,3.8509089107376866,0.9627272276844216,1.1952006448533554,4,0.08995895385742188,0.06030769348144531,0.025762557983398438,0.43829345703125,81920,4.25,5242880,1392640,Qwen3-4B,model.layers.35.self_attn.v_proj.weight,mxfp4,v_proj,35,bfloat16
2621440,1024,2560,30.398461738161263,0.0009123339288752644,0.01513671875,0.026464070593882293,3.7290186550111084,2.994606781005859,2.4223606109619142,6.551511098177002,0.8189388872721253,1.1952006448533554,4,8.0108642578125e-06,0.01233673095703125,0.008637237548828124,0.21004638671875,81920,8.25,5242880,2703360,Qwen3-4B,model.layers.35.self_attn.v_proj.weight,mxfp8,v_proj,35,bfloat16
24903680,2560,9728,18.520131673543418,0.014060048948861996,0.12109375,0.0227509842472725,4.805570804298961,3.1096596165707235,2.469970703125,3.844329459883614,0.9610823649709035,1.040364131089864,6,0.09177406712582237,0.05845899079975329,0.02528377332185444,0.4480751439144737,778240,4.25,49807360,13230080,Qwen3-4B,model.layers.35.mlp.down_proj.weight,mxfp4,down_proj,35,bfloat16
24903680,2560,9728,30.219231790142373,0.000950772958022739,0.05859375,0.0227509842472725,4.805570804298961,3.1096596165707235,2.469970703125,6.560714276993652,0.8200892846242065,1.040364131089864,6,6.023206208881579e-06,0.012215503893400493,0.008547692549856085,0.2130589535361842,778240,8.25,49807360,25681920,Qwen3-4B,model.layers.35.mlp.down_proj.weight,mxfp8,down_proj,35,bfloat16
24903680,9728,2560,18.627422328817666,0.01371695668125935,0.125,0.02594207414770344,3.702978750188517,2.8679528487356087,2.380405064633018,3.86146304400534,0.965365761001335,1.0599320217639343,6,0.08592352616159539,0.0656190972579153,0.02873482955129523,0.4539499383223684,778240,4.25,49807360,13230080,Qwen3-4B,model.layers.35.mlp.up_proj.weight,mxfp4,up_proj,35,bfloat16
24903680,9728,2560,30.28692245593769,0.0009360687662487393,0.044921875,0.02594207414770344,3.702978750188517,2.8679528487356087,2.380405064633018,6.535424112953748,0.8169280141192184,1.0599320217639343,6,5.260266755756579e-06,0.013925773219058388,0.009752655029296875,0.23173442639802633,778240,8.25,49807360,25681920,Qwen3-4B,model.layers.35.mlp.up_proj.weight,mxfp8,up_proj,35,bfloat16
