n_params,rows,cols,sqnr_db,nmse,max_abs_err,rms_weight,kurtosis,block_kurtosis,block_crest,code_entropy,code_entropy_ratio,scale_entropy,scale_span,zero_rate,top_level_rate,sat_rate,sat_block_rate,n_blocks,bits_per_value,bytes_bf16,bytes_mx,model,tensor,fmt,role,layer,dtype
311164928,151936,2048,18.87665918790188,0.01295191785152193,0.060546875,0.034497900274589974,3.1999580978416295,2.88327318896942,2.3773409289879868,3.8340053450834084,0.9585013362708521,0.8559906991072581,5,0.08583374473359671,0.0476461987386959,0.018805946536493985,0.3226190838576769,9723904,4.25,622329856,165306368,Qwen3-1.7B,model.embed_tokens.weight,mxfp4,embed_tokens,-1,bfloat16
311164928,151936,2048,30.75556847742947,0.0008403170051226966,0.029296875,0.034497900274589974,3.1999580978416295,2.88327318896942,2.3773409289879868,6.506118710253382,0.8132648387816728,0.8559906991072581,5,5.138753940804022e-06,0.00879302824256595,0.006132480971634438,0.13465959762663227,9723904,8.25,622329856,320888832,Qwen3-1.7B,model.embed_tokens.weight,mxfp8,embed_tokens,-1,bfloat16
12582912,2048,6144,18.772860724125312,0.013265203828505023,0.12109375,0.033225512436934015,3.5449442459939644,2.9740447998046875,2.419132391611735,3.8228478601128524,0.9557119650282131,0.7761599153623671,5,0.09085408846537273,0.04609036445617676,0.019215822219848633,0.30003102620442706,393216,4.25,25165824,6684672,Qwen3-1.7B,model.layers.0.mlp.down_proj.weight,mxfp4,down_proj,0,bfloat16
12582912,2048,6144,30.691190786536822,0.0008528662356431941,0.05078125,0.033225512436934015,3.5449442459939644,2.9740447998046875,2.419132391611735,6.5325973969491145,0.8165746746186393,0.7761599153623671,5,5.563100179036458e-06,0.009396076202392578,0.006647427876790364,0.13928731282552084,393216,8.25,25165824,12976128,Qwen3-1.7B,model.layers.0.mlp.down_proj.weight,mxfp8,down_proj,0,bfloat16
12582912,6144,2048,18.752955211559385,0.013326143293511065,0.12109375,0.03854541266339661,3.8002537673404477,2.942603905995687,2.407111962636312,3.833319600082626,0.9583299000206565,0.7807611813563625,4,0.09217206637064616,0.0489045778910319,0.01930522918701172,0.354278564453125,393216,4.25,25165824,6684672,Qwen3-1.7B,model.layers.0.mlp.gate_proj.weight,mxfp4,gate_proj,0,bfloat16
12582912,6144,2048,30.596537771151443,0.0008716582056356133,0.04296875,0.03854541266339661,3.8002537673404477,2.942603905995687,2.407111962636312,6.5380971559462715,0.8172621444932839,0.7807611813563625,4,5.8015187581380206e-06,0.00890660285949707,0.006154696146647136,0.1434478759765625,393216,8.25,25165824,12976128,Qwen3-1.7B,model.layers.0.mlp.gate_proj.weight,mxfp8,gate_proj,0,bfloat16
12582912,6144,2048,18.751530085179734,0.013330516951357346,0.0615234375,0.0314301128259109,3.232178563544397,2.9450840950012207,2.4083563486735025,3.827702043923416,0.956925510980854,0.8143531510074163,4,0.09547019004821777,0.05032507578531901,0.021986007690429688,0.3064015706380208,393216,4.25,25165824,6684672,Qwen3-1.7B,model.layers.0.mlp.up_proj.weight,mxfp4,up_proj,0,bfloat16
12582912,6144,2048,30.63487606105796,0.0008639973170845793,0.0302734375,0.0314301128259109,3.232178563544397,2.9450840950012207,2.4083563486735025,6.559758491756526,0.8199698114695657,0.8143531510074163,4,4.927317301432292e-06,0.01101525624593099,0.007831811904907227,0.1616948445638021,393216,8.25,25165824,12976128,Qwen3-1.7B,model.layers.0.mlp.up_proj.weight,mxfp8,up_proj,0,bfloat16
2097152,1024,2048,18.775478715593263,0.013257209776851256,0.125,0.03577142656869928,4.541374362736633,2.9356274604797363,2.4065675735473633,3.834945405241711,0.9587363513104278,1.016935206208493,6,0.08806514739990234,0.049404144287109375,0.019761085510253906,0.3553924560546875,65536,4.25,4194304,1114112,Qwen3-1.7B,model.layers.0.self_attn.k_proj.weight,mxfp4,k_proj,0,bfloat16
2097152,1024,2048,30.630973164419245,0.0008647741190074781,0.0302734375,0.03577142656869928,4.541374362736633,2.9356274604797363,2.4065675735473633,6.52225669546465,0.8152820869330812,1.016935206208493,6,4.291534423828125e-06,0.009238243103027344,0.006450653076171875,0.1505889892578125,65536,8.25,4194304,2162688,Qwen3-1.7B,model.layers.0.self_attn.k_proj.weight,mxfp8,k_proj,0,bfloat16
4194304,2048,2048,18.746224170023993,0.01334681322482941,0.0859375,0.03237382879219113,5.64249183818442,2.890944004058838,2.3894286155700684,3.844888018297832,0.961222004574458,1.1420147415922723,5,0.08827805519104004,0.05600309371948242,0.024060964584350586,0.37225341796875,131072,4.25,8388608,2228224,Qwen3-1.7B,model.layers.0.self_attn.o_proj.weight,mxfp4,o_proj,0,bfloat16
4194304,2048,2048,30.537765121491596,0.0008835344500987914,0.0302734375,0.03237382879219113,5.64249183818442,2.890944004058838,2.3894286155700684,6.535818871155536,0.816977358894442,1.1420147415922723,5,7.867813110351562e-06,0.011701822280883789,0.008230924606323242,0.18477630615234375,131072,8.25,8388608,4325376,Qwen3-1.7B,model.layers.0.self_attn.o_proj.weight,mxfp8,o_proj,0,bfloat16
4194304,2048,2048,18.701720231704243,0.013484286669160114,0.123046875,0.03517007224899822,4.667024135224254,2.999080181121826,2.4277992248535156,3.8338240476246526,0.9584560119061631,1.0926836266514621,6,0.0893707275390625,0.04967665672302246,0.02024221420288086,0.36217498779296875,131072,4.25,8388608,2228224,Qwen3-1.7B,model.layers.0.self_attn.q_proj.weight,mxfp4,q_proj,0,bfloat16
4194304,2048,2048,30.555224990026247,0.0008799895218853663,0.060546875,0.03517007224899822,4.667024135224254,2.999080181121826,2.4277992248535156,6.5317357891383345,0.8164669736422918,1.0926836266514621,6,5.7220458984375e-06,0.009540796279907227,0.0066564083099365234,0.15515899658203125,131072,8.25,8388608,4325376,Qwen3-1.7B,model.layers.0.self_attn.q_proj.weight,mxfp8,q_proj,0,bfloat16
2097152,1024,2048,18.801396439633617,0.013178329316448625,0.0341796875,0.03354769789635256,3.267301878172596,2.964587688446045,2.419440269470215,3.82549963429148,0.95637490857287,0.7288435073452048,3,0.09097814559936523,0.04672384262084961,0.01914215087890625,0.3180084228515625,65536,4.25,4194304,1114112,Qwen3-1.7B,model.layers.0.self_attn.v_proj.weight,mxfp4,v_proj,0,bfloat16
2097152,1024,2048,30.698955773689857,0.0008513427121341812,0.01513671875,0.03354769789635256,3.267301878172596,2.964587688446045,2.419440269470215,6.534025721798324,0.8167532152247905,0.7288435073452048,3,4.291534423828125e-06,0.009186267852783203,0.006482124328613281,0.13946533203125,65536,8.25,4194304,2162688,Qwen3-1.7B,model.layers.0.self_attn.v_proj.weight,mxfp8,v_proj,0,bfloat16
12582912,2048,6144,18.485397920764353,0.014172948463605449,0.1171875,0.02907968387818614,4.503691173447679,3.3538525899251304,2.5391926765441895,3.8028085230814224,0.9507021307703556,1.0060905089579646,5,0.11116909980773926,0.05146710077921549,0.02322244644165039,0.35441335042317706,393216,4.25,25165824,6684672,Qwen3-1.7B,model.layers.1.mlp.down_proj.weight,mxfp4,down_proj,1,bfloat16
12582912,2048,6144,30.410440771123277,0.0009098209290358132,0.041015625,0.02907968387818614,4.503691173447679,3.3538525899251304,2.5391926765441895,6.64109475994395,0.8301368449929938,1.0060905089579646,5,6.039937337239583e-06,0.011761347452799479,0.008382876714070639,0.1875279744466146,393216,8.25,25165824,12976128,Qwen3-1.7B,model.layers.1.mlp.down_proj.weight,mxfp8,down_proj,1,bfloat16
12582912,6144,2048,18.619342091193623,0.013742501431632661,0.103515625,0.04482404016945365,3.5450864224741765,3.277071475982666,2.4638048807779946,3.855546936225778,0.9638867340564445,1.2707265249472766,6,0.09209442138671875,0.0635698636372884,0.026859839757283527,0.4828135172526042,393216,4.25,25165824,6684672,Qwen3-1.7B,model.layers.1.mlp.gate_proj.weight,mxfp4,gate_proj,1,bfloat16
12582912,6144,2048,30.265164943847545,0.0009407700991689288,0.041015625,0.04482404016945365,3.5450864224741765,3.277071475982666,2.4638048807779946,6.563658521615863,0.8204573152019828,1.2707265249472766,6,5.3246815999348956e-06,0.012662808100382486,0.00876180330912272,0.22210184733072916,393216,8.25,25165824,12976128,Qwen3-1.7B,model.layers.1.mlp.gate_proj.weight,mxfp8,gate_proj,1,bfloat16
12582912,6144,2048,18.667814903444608,0.013589970363975775,0.087890625,0.028549584434150736,4.007741420823381,2.980379263559977,2.417513132095337,3.8464121965862397,0.9616030491465599,1.457250395306966,7,0.09065572420756023,0.05829540888468424,0.025392452875773113,0.40246327718098956,393216,4.25,25165824,6684672,Qwen3-1.7B,model.layers.1.mlp.up_proj.weight,mxfp4,up_proj,1,bfloat16
12582912,6144,2048,30.436867464757597,0.0009043015047919081,0.0302734375,0.028549584434150736,4.007741420823381,2.980379263559977,2.417513132095337,6.550759433051758,0.8188449291314698,1.457250395306966,7,6.4373016357421875e-06,0.012386798858642578,0.00871125857035319,0.2017033894856771,393216,8.25,25165824,12976128,Qwen3-1.7B,model.layers.1.mlp.up_proj.weight,mxfp8,up_proj,1,bfloat16
2097152,1024,2048,18.668303978502465,0.013588440033384738,0.080078125,0.0337431775947199,4.769542366165509,2.9529004096984863,2.413180112838745,3.839247299029216,0.959811824757304,1.2177648608082803,5,0.08897781372070312,0.05312681198120117,0.02240276336669922,0.367706298828125,65536,4.25,4194304,1114112,Qwen3-1.7B,model.layers.1.self_attn.k_proj.weight,mxfp4,k_proj,1,bfloat16
2097152,1024,2048,30.501518493657503,0.0008909393702040496,0.0302734375,0.0337431775947199,4.769542366165509,2.9529004096984863,2.413180112838745,6.535708096865896,0.816963512108237,1.2177648608082803,5,5.7220458984375e-06,0.010806083679199219,0.0075931549072265625,0.17333984375,65536,8.25,4194304,2162688,Qwen3-1.7B,model.layers.1.self_attn.k_proj.weight,mxfp8,k_proj,1,bfloat16
4194304,2048,2048,18.78245745582002,0.013235923683643399,0.0615234375,0.032472287763204793,3.7623913725653884,2.9034976959228516,2.3962185382843018,3.8381493688020036,0.9595373422005009,0.9971687438076893,4,0.08823728561401367,0.05186033248901367,0.021561145782470703,0.35128021240234375,131072,4.25,8388608,2228224,Qwen3-1.7B,model.layers.1.self_attn.o_proj.weight,mxfp4,o_proj,1,bfloat16
4194304,2048,2048,30.63128791613144,0.0008647114474141588,0.0302734375,0.032472287763204793,3.7623913725653884,2.9034976959228516,2.3962185382843018,6.528174588325415,0.8160218235406769,0.9971687438076893,4,3.5762786865234375e-06,0.010283946990966797,0.00722813606262207,0.1623382568359375,131072,8.25,8388608,4325376,Qwen3-1.7B,model.layers.1.self_attn.o_proj.weight,mxfp8,o_proj,1,bfloat16
4194304,2048,2048,18.72203005506946,0.013421374491757121,0.12109375,0.0345029496557301,4.935043003043018,2.9562854766845703,2.414562463760376,3.837666720459264,0.959416680114816,1.222336581236136,6,0.08975696563720703,0.05207347869873047,0.02169489860534668,0.366943359375,131072,4.25,8388608,2228224,Qwen3-1.7B,model.layers.1.self_attn.q_proj.weight,mxfp4,q_proj,1,bfloat16
4194304,2048,2048,30.54808748690846,0.0008814369480691122,0.05859375,0.0345029496557301,4.935043003043018,2.9562854766845703,2.414562463760376,6.536692582858903,0.8170865728573629,1.222336581236136,6,7.3909759521484375e-06,0.010395050048828125,0.007275104522705078,0.16776275634765625,131072,8.25,8388608,4325376,Qwen3-1.7B,model.layers.1.self_attn.q_proj.weight,mxfp8,q_proj,1,bfloat16
2097152,1024,2048,18.800198687946278,0.013181964302302254,0.0498046875,0.034540843256767546,3.2775460159302168,2.954543352127075,2.4140233993530273,3.82566383700732,0.95641595925183,0.6778466982359497,3,0.09314346313476562,0.04653215408325195,0.018679141998291016,0.3194732666015625,65536,4.25,4194304,1114112,Qwen3-1.7B,model.layers.1.self_attn.v_proj.weight,mxfp4,v_proj,1,bfloat16
2097152,1024,2048,30.71310252111967,0.0008485740525196538,0.0185546875,0.034540843256767546,3.2775460159302168,2.954543352127075,2.4140233993530273,6.54097316137228,0.817621645171535,0.6778466982359497,3,5.7220458984375e-06,0.008873462677001953,0.006169319152832031,0.1358642578125,65536,8.25,4194304,2162688,Qwen3-1.7B,model.layers.1.self_attn.v_proj.weight,mxfp8,v_proj,1,bfloat16
12582912,2048,6144,18.628294878000737,0.013714201058612333,0.123046875,0.03236304148184424,4.62385105276914,3.234074592590332,2.5056495666503906,3.813230529513995,0.9533076323784988,0.9494431819629903,6,0.09761857986450195,0.04667313893636068,0.019826173782348633,0.3380025227864583,393216,4.25,25165824,6684672,Qwen3-1.7B,model.layers.10.mlp.down_proj.weight,mxfp4,down_proj,10,bfloat16
12582912,2048,6144,30.52896204933123,0.0008853271750636929,0.060546875,0.03236304148184424,4.62385105276914,3.234074592590332,2.5056495666503906,6.570491850133361,0.8213114812666701,0.9494431819629903,6,7.0730845133463544e-06,0.00971380869547526,0.006876548131306966,0.1556218465169271,393216,8.25,25165824,12976128,Qwen3-1.7B,model.layers.10.mlp.down_proj.weight,mxfp8,down_proj,10,bfloat16
12582912,6144,2048,18.66710402182384,0.013592195041304333,0.12109375,0.03768040017419553,4.2393542183311865,3.009041945139567,2.422652006149292,3.842472546818343,0.9606181367045857,1.1235811260888664,6,0.08925398190816243,0.05428107579549154,0.022428035736083984,0.39766184488932294,393216,4.25,25165824,6684672,Qwen3-1.7B,model.layers.10.mlp.gate_proj.weight,mxfp4,gate_proj,10,bfloat16
12582912,6144,2048,30.454535498977016,0.0009006300847722021,0.05078125,0.03768040017419553,4.2393542183311865,3.009041945139567,2.422652006149292,6.537945674265112,0.817243209283139,1.1235811260888664,6,5.7220458984375e-06,0.010564247767130533,0.007322470347086589,0.17587788899739584,393216,8.25,25165824,12976128,Qwen3-1.7B,model.layers.10.mlp.gate_proj.weight,mxfp8,gate_proj,10,bfloat16
12582912,6144,2048,18.73515053892566,0.013380888323527539,0.11328125,0.03430742508848932,3.6563726234528207,3.02696164449056,2.4300578435262046,3.831200659195142,0.9578001647987855,0.8395155293136886,5,0.09157125155131023,0.04953869183858236,0.020320971806844074,0.35087331136067706,393216,4.25,25165824,6684672,Qwen3-1.7B,model.layers.10.mlp.up_proj.weight,mxfp4,up_proj,10,bfloat16
12582912,6144,2048,30.603813111332357,0.0008701992183734263,0.037109375,0.03430742508848932,3.6563726234528207,3.02696164449056,2.4300578435262046,6.542634784585656,0.817829348073207,0.8395155293136886,5,5.245208740234375e-06,0.009637912114461264,0.006714741388956706,0.1528167724609375,393216,8.25,25165824,12976128,Qwen3-1.7B,model.layers.10.mlp.up_proj.weight,mxfp8,up_proj,10,bfloat16
2097152,1024,2048,18.72106333292621,0.013424362368560643,0.052734375,0.03284997751118251,3.986390598991237,2.9384865760803223,2.4105076789855957,3.839071849224475,0.9597679623061187,1.181909162395122,6,0.08922147750854492,0.053034305572509766,0.022432327270507812,0.364776611328125,65536,4.25,4194304,1114112,Qwen3-1.7B,model.layers.10.self_attn.k_proj.weight,mxfp4,k_proj,10,bfloat16
2097152,1024,2048,30.530872985235334,0.0008849377086057522,0.021484375,0.03284997751118251,3.986390598991237,2.9384865760803223,2.4105076789855957,6.535215234563736,0.816901904320467,1.181909162395122,6,4.76837158203125e-06,0.010791778564453125,0.0076198577880859375,0.1734161376953125,65536,8.25,4194304,2162688,Qwen3-1.7B,model.layers.10.self_attn.k_proj.weight,mxfp8,k_proj,10,bfloat16
4194304,2048,2048,18.74011479084435,0.013365601886971085,0.08203125,0.03150094128897736,4.479867389115386,2.8959481716156006,2.393665313720703,3.842442382730478,0.9606105956826195,1.1945684926334061,6,0.08831596374511719,0.05491447448730469,0.023499250411987305,0.36396026611328125,131072,4.25,8388608,2228224,Qwen3-1.7B,model.layers.10.self_attn.o_proj.weight,mxfp4,o_proj,10,bfloat16
4194304,2048,2048,30.55715834775182,0.0008795978623146559,0.0302734375,0.03150094128897736,4.479867389115386,2.8959481716156006,2.393665313720703,6.534363492099333,0.8167954365124166,1.1945684926334061,6,5.0067901611328125e-06,0.011495590209960938,0.008116483688354492,0.181121826171875,131072,8.25,8388608,4325376,Qwen3-1.7B,model.layers.10.self_attn.o_proj.weight,mxfp8,o_proj,10,bfloat16
4194304,2048,2048,18.736547272799278,0.013376585589849992,0.0625,0.03417194142441994,4.627643818615034,2.970518112182617,2.419318675994873,3.8388283463842883,0.9597070865960721,1.136970750281786,4,0.08908200263977051,0.05260038375854492,0.021853208541870117,0.375457763671875,131072,4.25,8388608,2228224,Qwen3-1.7B,model.layers.10.self_attn.q_proj.weight,mxfp4,q_proj,10,bfloat16
4194304,2048,2048,30.553599103579426,0.000880319028925039,0.0302734375,0.03417194142441994,4.627643818615034,2.970518112182617,2.419318675994873,6.534789890500342,0.8168487363125427,1.136970750281786,4,5.9604644775390625e-06,0.010405302047729492,0.007261991500854492,0.16900634765625,131072,8.25,8388608,4325376,Qwen3-1.7B,model.layers.10.self_attn.q_proj.weight,mxfp8,q_proj,10,bfloat16
2097152,1024,2048,18.758648994620437,0.013308683607648013,0.0322265625,0.034086628661185614,3.3661446860727744,3.0143942832946777,2.4373135566711426,3.822573463255785,0.9556433658139463,0.709740975447368,2,0.09582710266113281,0.047272682189941406,0.019535541534423828,0.328582763671875,65536,4.25,4194304,1114112,Qwen3-1.7B,model.layers.10.self_attn.v_proj.weight,mxfp4,v_proj,10,bfloat16
2097152,1024,2048,30.636428178345906,0.0008636885897984396,0.01513671875,0.034086628661185614,3.3661446860727744,3.0143942832946777,2.4373135566711426,6.558418543424203,0.8198023179280254,0.709740975447368,2,5.7220458984375e-06,0.009339332580566406,0.006578922271728516,0.144927978515625,65536,8.25,4194304,2162688,Qwen3-1.7B,model.layers.10.self_attn.v_proj.weight,mxfp8,v_proj,10,bfloat16
12582912,2048,6144,18.70863319062417,0.013462839891989684,0.1171875,0.03347684893120184,3.9089339352410897,3.1330318450927734,2.483489513397217,3.817072199843513,0.9542680499608782,0.8371031262096931,5,0.0946044921875,0.04593213399251302,0.019075632095336914,0.3442331949869792,393216,4.25,25165824,6684672,Qwen3-1.7B,model.layers.11.mlp.down_proj.weight,mxfp4,down_proj,11,bfloat16
12582912,2048,6144,30.599055329034826,0.0008711530612803151,0.052734375,0.03347684893120184,3.9089339352410897,3.1330318450927734,2.483489513397217,6.553617881807952,0.819202235225994,0.8371031262096931,5,5.3246815999348956e-06,0.009113470713297525,0.0063838958740234375,0.14733123779296875,393216,8.25,25165824,12976128,Qwen3-1.7B,model.layers.11.mlp.down_proj.weight,mxfp8,down_proj,11,bfloat16
12582912,6144,2048,18.72065284478834,0.01342563127760102,0.11328125,0.035811617257646346,3.938035297852838,2.962616761525472,2.414168039957682,3.8395246591545904,0.9598811647886476,0.9988854838384266,6,0.08866413434346516,0.05244859059651693,0.02162512143452962,0.3761342366536458,393216,4.25,25165824,6684672,Qwen3-1.7B,model.layers.11.mlp.gate_proj.weight,mxfp4,gate_proj,11,bfloat16
12582912,6144,2048,30.527053086500043,0.000885716410532224,0.05078125,0.035811617257646346,3.938035297852838,2.962616761525472,2.414168039957682,6.531746753758718,0.8164683442198397,0.9988854838384266,6,5.3246815999348956e-06,0.010231892267862955,0.007124582926432292,0.16646830240885416,393216,8.25,25165824,12976128,Qwen3-1.7B,model.layers.11.mlp.gate_proj.weight,mxfp8,gate_proj,11,bfloat16
12582912,6144,2048,18.759012666566015,0.013307569204306298,0.0625,0.03508824652446992,3.453956378116875,2.9737130800882974,2.4200461705525718,3.8324613525434135,0.9581153381358534,0.7946765376665561,4,0.09044019381205241,0.04958820343017578,0.020268678665161133,0.351348876953125,393216,4.25,25165824,6684672,Qwen3-1.7B,model.layers.11.mlp.up_proj.weight,mxfp4,up_proj,11,bfloat16
12582912,6144,2048,30.605113314248417,0.0008699387347018257,0.0302734375,0.03508824652446992,3.453956378116875,2.9737130800882974,2.4200461705525718,6.536195971767496,0.817024496470937,0.7946765376665561,4,4.6888987223307294e-06,0.009578625361124674,0.006676435470581055,0.15239461263020834,393216,8.25,25165824,12976128,Qwen3-1.7B,model.layers.11.mlp.up_proj.weight,mxfp8,up_proj,11,bfloat16
2097152,1024,2048,18.58496613190638,0.013851709880229764,0.0615234375,0.03306292286825085,5.004417234690502,3.0950117111206055,2.4586915969848633,3.8354129510680526,0.9588532377670131,1.4900503125663298,5,0.09732580184936523,0.054499149322509766,0.023174285888671875,0.4045867919921875,65536,4.25,4194304,1114112,Qwen3-1.7B,model.layers.11.self_attn.k_proj.weight,mxfp4,k_proj,11,bfloat16
2097152,1024,2048,30.371763462545726,0.000917959781156491,0.0302734375,0.03306292286825085,5.004417234690502,3.0950117111206055,2.4586915969848633,6.577870558529593,0.8222338198161991,1.4900503125663298,5,3.814697265625e-06,0.011149406433105469,0.007831096649169922,0.1879730224609375,65536,8.25,4194304,2162688,Qwen3-1.7B,model.layers.11.self_attn.k_proj.weight,mxfp8,k_proj,11,bfloat16
4194304,2048,2048,18.705886229841987,0.01347135798119799,0.123046875,0.02991958382334165,12.940274120602865,2.9113242626190186,2.399260997772217,3.8486253072552494,0.9621563268138124,1.2846544288657153,6,0.08690237998962402,0.05701732635498047,0.02377176284790039,0.40930938720703125,131072,4.25,8388608,2228224,Qwen3-1.7B,model.layers.11.self_attn.o_proj.weight,mxfp4,o_proj,11,bfloat16
4194304,2048,2048,30.461066530269953,0.0008992767121311252,0.060546875,0.02991958382334165,12.940274120602865,2.9113242626190186,2.399260997772217,6.529546147451601,0.8161932684314501,1.2846544288657153,6,4.0531158447265625e-06,0.011238574981689453,0.0077936649322509766,0.1855926513671875,131072,8.25,8388608,4325376,Qwen3-1.7B,model.layers.11.self_attn.o_proj.weight,mxfp8,o_proj,11,bfloat16
4194304,2048,2048,18.68386978077639,0.013539824087191323,0.107421875,0.0362195186056188,6.700872684863309,3.058238983154297,2.447336435317993,3.8353654221814786,0.9588413555453696,1.4224160656705052,6,0.09708905220031738,0.05371546745300293,0.022409439086914062,0.39867401123046875,131072,4.25,8388608,2228224,Qwen3-1.7B,model.layers.11.self_attn.q_proj.weight,mxfp4,q_proj,11,bfloat16
4194304,2048,2048,30.495383906280363,0.0008921987477954492,0.044921875,0.0362195186056188,6.700872684863309,3.058238983154297,2.447336435317993,6.575013122510388,0.8218766403137985,1.4224160656705052,6,6.198883056640625e-06,0.01060175895690918,0.00733637809753418,0.17636871337890625,131072,8.25,8388608,4325376,Qwen3-1.7B,model.layers.11.self_attn.q_proj.weight,mxfp8,q_proj,11,bfloat16
2097152,1024,2048,18.656308576077738,0.013626023775664381,0.056640625,0.032419492378356805,3.770626362225051,3.1882340908050537,2.489452838897705,3.8206778969917607,0.9551694742479402,0.9598883781949039,4,0.10600471496582031,0.050486087799072266,0.021040916442871094,0.3825531005859375,65536,4.25,4194304,1114112,Qwen3-1.7B,model.layers.11.self_attn.v_proj.weight,mxfp4,v_proj,11,bfloat16
2097152,1024,2048,30.54767992921245,0.0008815196691911299,0.025390625,0.032419492378356805,3.770626362225051,3.1882340908050537,2.489452838897705,6.609570387599003,0.8261962984498754,0.9598883781949039,4,6.67572021484375e-06,0.009987831115722656,0.0069789886474609375,0.1655120849609375,65536,8.25,4194304,2162688,Qwen3-1.7B,model.layers.11.self_attn.v_proj.weight,mxfp8,v_proj,11,bfloat16
12582912,2048,6144,18.70254017565872,0.013481741088650582,0.12109375,0.03346301958466005,3.883882672742277,3.141637166341146,2.48592217763265,3.816045555720008,0.954011388930002,0.8566233848553932,5,0.09473896026611328,0.04555980364481608,0.018774032592773438,0.34166208902994794,393216,4.25,25165824,6684672,Qwen3-1.7B,model.layers.12.mlp.down_proj.weight,mxfp4,down_proj,12,bfloat16
12582912,2048,6144,30.589109454295805,0.0008731503945206443,0.044921875,0.03346301958466005,3.883882672742277,3.141637166341146,2.48592217763265,6.5537562347907325,0.8192195293488416,0.8566233848553932,5,5.4836273193359375e-06,0.009029070536295572,0.006340344746907552,0.1465428670247396,393216,8.25,25165824,12976128,Qwen3-1.7B,model.layers.12.mlp.down_proj.weight,mxfp8,down_proj,12,bfloat16
12582912,6144,2048,18.71928838842966,0.01342984997405984,0.10546875,0.034832283494856016,3.831869488479456,2.9582733313242593,2.4129974842071533,3.8413609370595303,0.9603402342648826,1.0438777350970538,5,0.08876363436381023,0.053689161936442055,0.02230548858642578,0.38123830159505206,393216,4.25,25165824,6684672,Qwen3-1.7B,model.layers.12.mlp.gate_proj.weight,mxfp4,gate_proj,12,bfloat16
12582912,6144,2048,30.517954499710328,0.0008875739554780462,0.04296875,0.034832283494856016,3.831869488479456,2.9582733313242593,2.4129974842071533,6.534455408351242,0.8168069260439053,1.0438777350970538,5,3.973642985026042e-06,0.010602235794067383,0.007390578587849935,0.17230987548828125,393216,8.25,25165824,12976128,Qwen3-1.7B,model.layers.12.mlp.gate_proj.weight,mxfp8,gate_proj,12,bfloat16
12582912,6144,2048,18.741402234023997,0.013361640311719573,0.095703125,0.034952081347997786,3.5301619225155543,2.991018056869507,2.4242588678995767,3.8334303983216294,0.9583575995804073,0.8243479160808025,6,0.09084995587666829,0.05028080940246582,0.020622412363688152,0.35748291015625,393216,4.25,25165824,6684672,Qwen3-1.7B,model.layers.12.mlp.up_proj.weight,mxfp4,up_proj,12,bfloat16
12582912,6144,2048,30.582492905992122,0.0008744816674472277,0.033203125,0.034952081347997786,3.5301619225155543,2.991018056869507,2.4242588678995767,6.539695803150117,0.8174619753937646,0.8243479160808025,6,6.834665934244792e-06,0.009795665740966797,0.0068359375,0.15730794270833334,393216,8.25,25165824,12976128,Qwen3-1.7B,model.layers.12.mlp.up_proj.weight,mxfp8,up_proj,12,bfloat16
2097152,1024,2048,18.627941523874185,0.013715316929728487,0.06640625,0.03220379812889636,4.689405906496028,3.0259623527526855,2.440993309020996,3.842574093451428,0.960643523362857,1.3288663952831805,5,0.09020042419433594,0.05570030212402344,0.02351522445678711,0.4106597900390625,65536,4.25,4194304,1114112,Qwen3-1.7B,model.layers.12.self_attn.k_proj.weight,mxfp4,k_proj,12,bfloat16
2097152,1024,2048,30.383150270272598,0.0009155561262619845,0.029296875,0.03220379812889636,4.689405906496028,3.0259623527526855,2.440993309020996,6.5458186927706965,0.8182273365963371,1.3288663952831805,5,5.245208740234375e-06,0.011237144470214844,0.007842540740966797,0.189849853515625,65536,8.25,4194304,2162688,Qwen3-1.7B,model.layers.12.self_attn.k_proj.weight,mxfp8,k_proj,12,bfloat16
4194304,2048,2048,18.727596527413294,0.013404182965100547,0.0625,0.02992225386215375,4.211168166478549,2.8946404457092285,2.393117904663086,3.844108650137766,0.9610271625344415,1.1803458628360803,6,0.08828401565551758,0.05623221397399902,0.024326562881469727,0.3678436279296875,131072,4.25,8388608,2228224,Qwen3-1.7B,model.layers.12.self_attn.o_proj.weight,mxfp4,o_proj,12,bfloat16
4194304,2048,2048,30.544620230370416,0.000882140937744891,0.0302734375,0.02992225386215375,4.211168166478549,2.8946404457092285,2.393117904663086,6.537010588086083,0.8171263235107604,1.1803458628360803,6,4.76837158203125e-06,0.011986255645751953,0.00844120979309082,0.1882171630859375,131072,8.25,8388608,4325376,Qwen3-1.7B,model.layers.12.self_attn.o_proj.weight,mxfp8,o_proj,12,bfloat16
4194304,2048,2048,18.728658678750442,0.013400905113183335,0.0615234375,0.03469405066221249,5.359491344433493,2.9776246547698975,2.423767566680908,3.8388884704325776,0.9597221176081444,1.263491844171191,5,0.0900259017944336,0.05306601524353027,0.022215843200683594,0.38092803955078125,131072,4.25,8388608,2228224,Qwen3-1.7B,model.layers.12.self_attn.q_proj.weight,mxfp4,q_proj,12,bfloat16
4194304,2048,2048,30.53654103719042,0.0008837835145298984,0.0302734375,0.03469405066221249,5.359491344433493,2.9776246547698975,2.423767566680908,6.540498589207539,0.8175623236509424,1.263491844171191,5,5.0067901611328125e-06,0.010614871978759766,0.007421255111694336,0.17398834228515625,131072,8.25,8388608,4325376,Qwen3-1.7B,model.layers.12.self_attn.q_proj.weight,mxfp8,q_proj,12,bfloat16
2097152,1024,2048,18.760413432289823,0.013303277696648418,0.052734375,0.0333394100628062,3.3968151213703415,3.038776397705078,2.445523738861084,3.8186826971511714,0.9546706742877928,0.7432303193699352,4,0.09718561172485352,0.046285152435302734,0.019191741943359375,0.3179931640625,65536,4.25,4194304,1114112,Qwen3-1.7B,model.layers.12.self_attn.v_proj.weight,mxfp4,v_proj,12,bfloat16
2097152,1024,2048,30.678144582131885,0.0008554320974497719,0.021484375,0.0333394100628062,3.3968151213703415,3.038776397705078,2.445523738861084,6.563956006023769,0.8204945007529711,0.7432303193699352,4,5.7220458984375e-06,0.009229660034179688,0.006491184234619141,0.14202880859375,65536,8.25,4194304,2162688,Qwen3-1.7B,model.layers.12.self_attn.v_proj.weight,mxfp8,v_proj,12,bfloat16
12582912,2048,6144,18.69940482516711,0.013491477626231513,0.22265625,0.032638841092410616,3.993355939008118,3.164210319519043,2.494672934214274,3.813748976979317,0.9534372442448292,0.9092508553618465,6,0.09551215171813965,0.04558205604553223,0.019159952799479168,0.33690134684244794,393216,4.25,25165824,6684672,Qwen3-1.7B,model.layers.13.mlp.down_proj.weight,mxfp4,down_proj,13,bfloat16
12582912,2048,6144,30.60169326042772,0.0008706240782232062,0.09765625,0.032638841092410616,3.993355939008118,3.164210319519043,2.494672934214274,6.557940520870578,0.8197425651088223,0.9092508553618465,6,5.7220458984375e-06,0.009307543436686197,0.0065313975016276045,0.14842987060546875,393216,8.25,25165824,12976128,Qwen3-1.7B,model.layers.13.mlp.down_proj.weight,mxfp8,down_proj,13,bfloat16
12582912,6144,2048,18.674392524380632,0.013569403209945019,0.123046875,0.03363732936942668,4.188640645990963,2.989380200703939,2.4245856602986655,3.840737199650648,0.960184299912662,1.0943183580465785,5,0.09013128280639648,0.05474233627319336,0.023332913716634113,0.3844757080078125,393216,4.25,25165824,6684672,Qwen3-1.7B,model.layers.13.mlp.gate_proj.weight,mxfp4,gate_proj,13,bfloat16
12582912,6144,2048,30.477669420515934,0.0008958453792447795,0.060546875,0.03363732936942668,4.188640645990963,2.989380200703939,2.4245856602986655,6.544111971809183,0.8180139964761479,1.0943183580465785,5,5.3246815999348956e-06,0.011261781056722006,0.007893085479736328,0.18253580729166666,393216,8.25,25165824,12976128,Qwen3-1.7B,model.layers.13.mlp.gate_proj.weight,mxfp8,gate_proj,13,bfloat16
12582912,6144,2048,18.74109302602104,0.013362591664631109,0.0703125,0.03404041366231679,3.505813586942015,2.99037504196167,2.427603244781494,3.832230666402323,0.9580576666005808,0.8526114374732559,5,0.09152865409851074,0.050473292668660484,0.0210727055867513,0.35469818115234375,393216,4.25,25165824,6684672,Qwen3-1.7B,model.layers.13.mlp.up_proj.weight,mxfp4,up_proj,13,bfloat16
12582912,6144,2048,30.5797200762631,0.0008750401739688155,0.0302734375,0.03404041366231679,3.505813586942015,2.99037504196167,2.427603244781494,6.5438389101624015,0.8179798637703002,0.8526114374732559,5,5.7220458984375e-06,0.010113398234049479,0.007078965504964192,0.1604741414388021,393216,8.25,25165824,12976128,Qwen3-1.7B,model.layers.13.mlp.up_proj.weight,mxfp8,up_proj,13,bfloat16
2097152,1024,2048,18.661524221213828,0.013609669470020283,0.0595703125,0.030699043533474624,4.45412699419447,2.994772434234619,2.431077480316162,3.842542563050419,0.9606356407626048,1.3453633669381102,6,0.08999347686767578,0.05538463592529297,0.023314952850341797,0.4020843505859375,65536,4.25,4194304,1114112,Qwen3-1.7B,model.layers.13.self_attn.k_proj.weight,mxfp4,k_proj,13,bfloat16
2097152,1024,2048,30.43495264253456,0.0009047003029520509,0.0283203125,0.030699043533474624,4.45412699419447,2.994772434234619,2.431077480316162,6.544140801775381,0.8180176002219226,1.3453633669381102,6,4.291534423828125e-06,0.011185646057128906,0.007805347442626953,0.186248779296875,65536,8.25,4194304,2162688,Qwen3-1.7B,model.layers.13.self_attn.k_proj.weight,mxfp8,k_proj,13,bfloat16
4194304,2048,2048,18.72589730599023,0.013409428514419385,0.095703125,0.029060823452439263,3.966059905820269,2.903749942779541,2.3970611095428467,3.8447948300256143,0.9611987075064036,1.2410675057458567,5,0.08833861351013184,0.05668067932128906,0.02443552017211914,0.37516021728515625,131072,4.25,8388608,2228224,Qwen3-1.7B,model.layers.13.self_attn.o_proj.weight,mxfp4,o_proj,13,bfloat16
4194304,2048,2048,30.528455812812595,0.000885430379476378,0.033203125,0.029060823452439263,3.966059905820269,2.903749942779541,2.3970611095428467,6.537867586082303,0.8172334482602879,1.2410675057458567,5,6.198883056640625e-06,0.011924505233764648,0.008397817611694336,0.18927764892578125,131072,8.25,8388608,4325376,Qwen3-1.7B,model.layers.13.self_attn.o_proj.weight,mxfp8,o_proj,13,bfloat16
4194304,2048,2048,18.714252822133954,0.013445430674241135,0.0625,0.035038120433599336,6.589258417562495,2.961521625518799,2.416961431503296,3.8427588529668637,0.9606897132417159,1.3994303487815056,5,0.08917880058288574,0.05505514144897461,0.02325153350830078,0.3927459716796875,131072,4.25,8388608,2228224,Qwen3-1.7B,model.layers.13.self_attn.q_proj.weight,mxfp4,q_proj,13,bfloat16
4194304,2048,2048,30.507217874962976,0.0008897709296688933,0.0302734375,0.035038120433599336,6.589258417562495,2.961521625518799,2.416961431503296,6.540218042752905,0.8175272553441131,1.3994303487815056,5,3.5762786865234375e-06,0.011131525039672852,0.007790803909301758,0.1817474365234375,131072,8.25,8388608,4325376,Qwen3-1.7B,model.layers.13.self_attn.q_proj.weight,mxfp8,q_proj,13,bfloat16
2097152,1024,2048,18.765343919209844,0.01328818323405629,0.03125,0.033219622622630465,3.3416283201117913,3.0000665187835693,2.4308316707611084,3.822614393009676,0.955653598252419,0.7392695696727343,2,0.09701299667358398,0.04782438278198242,0.019910335540771484,0.3192596435546875,65536,4.25,4194304,1114112,Qwen3-1.7B,model.layers.13.self_attn.v_proj.weight,mxfp4,v_proj,13,bfloat16
2097152,1024,2048,30.664676217814954,0.0008580890859712122,0.01513671875,0.033219622622630465,3.3416283201117913,3.0000665187835693,2.4308316707611084,6.564921606891376,0.820615200861422,0.7392695696727343,2,3.814697265625e-06,0.009662151336669922,0.006808280944824219,0.1470947265625,65536,8.25,4194304,2162688,Qwen3-1.7B,model.layers.13.self_attn.v_proj.weight,mxfp8,v_proj,13,bfloat16
12582912,2048,6144,18.674817719655703,0.013568074764859502,0.1171875,0.03241032170500263,3.915890756311135,3.2075541814168296,2.507574717203776,3.810788222584474,0.9526970556461185,0.933530128655799,6,0.0967561403910319,0.04519120852152506,0.019043684005737305,0.3349660237630208,393216,4.25,25165824,6684672,Qwen3-1.7B,model.layers.14.mlp.down_proj.weight,mxfp4,down_proj,14,bfloat16
12582912,2048,6144,30.58634420141334,0.0008737065264972396,0.037109375,0.03241032170500263,3.915890756311135,3.2075541814168296,2.507574717203776,6.563513690482127,0.8204392113102659,0.933530128655799,6,6.1194101969401044e-06,0.009261131286621094,0.006500959396362305,0.14798736572265625,393216,8.25,25165824,12976128,Qwen3-1.7B,model.layers.14.mlp.down_proj.weight,mxfp8,down_proj,14,bfloat16
12582912,6144,2048,18.63113945288836,0.013705221368456142,0.12109375,0.03218766716648259,4.47373408211014,3.035769065221151,2.439331293106079,3.840517018248224,0.960129254562056,1.130031729423994,6,0.09161003430684407,0.05583707491556803,0.024079322814941406,0.3931986490885417,393216,4.25,25165824,6684672,Qwen3-1.7B,model.layers.14.mlp.gate_proj.weight,mxfp4,gate_proj,14,bfloat16
12582912,6144,2048,30.43793435954948,0.0009040793799183107,0.05859375,0.03218766716648259,4.47373408211014,3.035769065221151,2.439331293106079,6.553948493817221,0.8192435617271526,1.130031729423994,6,4.6888987223307294e-06,0.011744181315104166,0.00825357437133789,0.19280242919921875,393216,8.25,25165824,12976128,Qwen3-1.7B,model.layers.14.mlp.gate_proj.weight,mxfp8,gate_proj,14,bfloat16
12582912,6144,2048,18.708456048223997,0.013463389032839659,0.080078125,0.032982239936984466,3.6287598812210984,3.037106513977051,2.4427735010782876,3.829806927205111,0.9574517318012777,0.8908136842673894,5,0.09337973594665527,0.05074294408162435,0.02150583267211914,0.3531239827473958,393216,4.25,25165824,6684672,Qwen3-1.7B,model.layers.14.mlp.up_proj.weight,mxfp4,up_proj,14,bfloat16
12582912,6144,2048,30.566923714912345,0.0008776222566911751,0.0302734375,0.032982239936984466,3.6287598812210984,3.037106513977051,2.4427735010782876,6.554541240154126,0.8193176550192658,0.8908136842673894,5,5.1657358805338544e-06,0.010456323623657227,0.00733192761739095,0.1662267049153646,393216,8.25,25165824,12976128,Qwen3-1.7B,model.layers.14.mlp.up_proj.weight,mxfp8,up_proj,14,bfloat16
2097152,1024,2048,18.591870631981465,0.013829705652300264,0.068359375,0.03047259639645603,5.4566863554660685,3.035726547241211,2.442948818206787,3.84250721122402,0.960626802806005,1.453324970874077,7,0.09131002426147461,0.05658531188964844,0.02436065673828125,0.4120025634765625,65536,4.25,4194304,1114112,Qwen3-1.7B,model.layers.14.self_attn.k_proj.weight,mxfp4,k_proj,14,bfloat16
2097152,1024,2048,30.397132849136877,0.0009126131348294238,0.0302734375,0.03047259639645603,5.4566863554660685,3.035726547241211,2.442948818206787,6.553600654804649,0.8192000818505811,1.453324970874077,7,6.198883056640625e-06,0.011755943298339844,0.008159637451171875,0.1957244873046875,65536,8.25,4194304,2162688,Qwen3-1.7B,model.layers.14.self_attn.k_proj.weight,mxfp8,k_proj,14,bfloat16
4194304,2048,2048,18.74229726369782,0.013358886919069685,0.07421875,0.02907946502912412,3.9813442593993464,2.8879454135894775,2.3908848762512207,3.8465209077330034,0.9616302269332508,1.2789702285323152,7,0.08728647232055664,0.05656242370605469,0.02415180206298828,0.38578033447265625,131072,4.25,8388608,2228224,Qwen3-1.7B,model.layers.14.self_attn.o_proj.weight,mxfp4,o_proj,14,bfloat16
4194304,2048,2048,30.532547641224376,0.0008845965390523254,0.0302734375,0.02907946502912412,3.9813442593993464,2.8879454135894775,2.3908848762512207,6.5312836012997675,0.8164104501624709,1.2789702285323152,7,5.7220458984375e-06,0.01169729232788086,0.008190155029296875,0.18703460693359375,131072,8.25,8388608,4325376,Qwen3-1.7B,model.layers.14.self_attn.o_proj.weight,mxfp8,o_proj,14,bfloat16
4194304,2048,2048,18.70628599729782,0.01347011800167359,0.0625,0.03389068767160167,6.0353113207955635,3.031667709350586,2.4437739849090576,3.8365342125393025,0.9591335531348256,1.4409844000259096,5,0.09146451950073242,0.05325627326965332,0.02243828773498535,0.38475799560546875,131072,4.25,8388608,2228224,Qwen3-1.7B,model.layers.14.self_attn.q_proj.weight,mxfp4,q_proj,14,bfloat16
4194304,2048,2048,30.558343999601707,0.0008793577592209617,0.0302734375,0.03389068767160167,6.0353113207955635,3.031667709350586,2.4437739849090576,6.549141465422615,0.8186426831778268,1.4409844000259096,5,6.4373016357421875e-06,0.010795831680297852,0.007549285888671875,0.17749786376953125,131072,8.25,8388608,4325376,Qwen3-1.7B,model.layers.14.self_attn.q_proj.weight,mxfp8,q_proj,14,bfloat16
2097152,1024,2048,18.733216682657307,0.013386847984074683,0.03125,0.032386857966136585,3.393227622714584,3.0328242778778076,2.4422316551208496,3.8225047783462602,0.9556261945865651,0.8034073519399492,3,0.09834861755371094,0.0488743782043457,0.02066802978515625,0.3294677734375,65536,4.25,4194304,1114112,Qwen3-1.7B,model.layers.14.self_attn.v_proj.weight,mxfp4,v_proj,14,bfloat16
2097152,1024,2048,30.61760086826248,0.0008674409355779809,0.01513671875,0.032386857966136585,3.393227622714584,3.0328242778778076,2.4422316551208496,6.574186655511223,0.8217733319389029,0.8034073519399492,3,7.62939453125e-06,0.010098457336425781,0.007077217102050781,0.15582275390625,65536,8.25,4194304,2162688,Qwen3-1.7B,model.layers.14.self_attn.v_proj.weight,mxfp8,v_proj,14,bfloat16
12582912,2048,6144,18.688003974658898,0.013526941210281212,0.111328125,0.03255069173381458,3.9654147414440373,3.185206731160482,2.4980834325154624,3.8133255989265726,0.9533313997316432,0.9482076301960906,6,0.09599932034810384,0.0455621083577474,0.0191803773244222,0.3351796468098958,393216,4.25,25165824,6684672,Qwen3-1.7B,model.layers.15.mlp.down_proj.weight,mxfp4,down_proj,15,bfloat16
12582912,2048,6144,30.596808307521425,0.0008716039088595905,0.048828125,0.03255069173381458,3.9654147414440373,3.185206731160482,2.4980834325154624,6.560142716234768,0.820017839529346,0.9482076301960906,6,6.4373016357421875e-06,0.009305159250895182,0.006562471389770508,0.14858500162760416,393216,8.25,25165824,12976128,Qwen3-1.7B,model.layers.15.mlp.down_proj.weight,mxfp8,down_proj,15,bfloat16
12582912,6144,2048,18.612748295918415,0.01376338220934336,0.12109375,0.03239543575960806,4.676717194349613,3.058762232462565,2.4460793336232505,3.839417668287931,0.9598544170719827,1.1372631107204108,6,0.09238306681315105,0.05566000938415527,0.024041175842285156,0.39365895589192706,393216,4.25,25165824,6684672,Qwen3-1.7B,model.layers.15.mlp.gate_proj.weight,mxfp4,gate_proj,15,bfloat16
12582912,6144,2048,30.414644135803567,0.0009089407753115902,0.05859375,0.03239543575960806,4.676717194349613,3.058762232462565,2.4460793336232505,6.5577718576155775,0.8197214822019472,1.1372631107204108,6,6.516774495442708e-06,0.011717955271402994,0.008231719334920248,0.19232940673828125,393216,8.25,25165824,12976128,Qwen3-1.7B,model.layers.15.mlp.gate_proj.weight,mxfp8,gate_proj,15,bfloat16
12582912,6144,2048,18.707181159924552,0.013467341843072501,0.076171875,0.03372031218070772,3.70875724971981,3.0451945463816323,2.4429338773091636,3.8305799900398734,0.9576449975099683,0.8972462576391328,5,0.09337059656778972,0.05078641573588053,0.02138201395670573,0.3570709228515625,393216,4.25,25165824,6684672,Qwen3-1.7B,model.layers.15.mlp.up_proj.weight,mxfp4,up_proj,15,bfloat16
12582912,6144,2048,30.553537215555217,0.0008803315737755555,0.0302734375,0.03372031218070772,3.70875724971981,3.0451945463816323,2.4429338773091636,6.554129661496777,0.8192662076870971,0.8972462576391328,5,5.880991617838542e-06,0.010298728942871094,0.007231076558430989,0.1648585001627604,393216,8.25,25165824,12976128,Qwen3-1.7B,model.layers.15.mlp.up_proj.weight,mxfp8,up_proj,15,bfloat16
2097152,1024,2048,18.674869488880976,0.013567913030238908,0.0615234375,0.029083683254890583,4.375165522923942,2.969526767730713,2.420742988586426,3.8444935446844077,0.9611233861711019,1.2859687561623354,4,0.08937597274780273,0.056111812591552734,0.02382802963256836,0.4056854248046875,65536,4.25,4194304,1114112,Qwen3-1.7B,model.layers.15.self_attn.k_proj.weight,mxfp4,k_proj,15,bfloat16
2097152,1024,2048,30.43713842735027,0.0009042450858764672,0.0302734375,0.029083683254890583,4.375165522923942,2.969526767730713,2.420742988586426,6.542415142117017,0.8178018927646271,1.2859687561623354,4,4.76837158203125e-06,0.01141977310180664,0.007977962493896484,0.1892547607421875,65536,8.25,4194304,2162688,Qwen3-1.7B,model.layers.15.self_attn.k_proj.weight,mxfp8,k_proj,15,bfloat16
4194304,2048,2048,18.745097613335744,0.013350275827431236,0.083984375,0.029724089761517754,4.0719028585182055,2.8992631435394287,2.3958168029785156,3.843080940904381,0.9607702352260953,1.2839028265900176,5,0.08792304992675781,0.054878950119018555,0.023398160934448242,0.3708038330078125,131072,4.25,8388608,2228224,Qwen3-1.7B,model.layers.15.self_attn.o_proj.weight,mxfp4,o_proj,15,bfloat16
4194304,2048,2048,30.555326589697795,0.0008799689354850494,0.02734375,0.029724089761517754,4.0719028585182055,2.8992631435394287,2.3958168029785156,6.532197715815674,0.8165247144769593,1.2839028265900176,5,5.7220458984375e-06,0.011350631713867188,0.007957696914672852,0.180145263671875,131072,8.25,8388608,4325376,Qwen3-1.7B,model.layers.15.self_attn.o_proj.weight,mxfp8,o_proj,15,bfloat16
4194304,2048,2048,18.73688272703741,0.01337555240632598,0.0625,0.03476274490481504,6.281879292552723,3.016658306121826,2.4356579780578613,3.83516312782626,0.958790781956565,1.432199998319688,6,0.09114861488342285,0.0517270565032959,0.021541595458984375,0.37410736083984375,131072,4.25,8388608,2228224,Qwen3-1.7B,model.layers.15.self_attn.q_proj.weight,mxfp4,q_proj,15,bfloat16
4194304,2048,2048,30.57451370988187,0.0008760898100528559,0.0302734375,0.03476274490481504,6.281879292552723,3.016658306121826,2.4356579780578613,6.544797814695183,0.8180997268368979,1.432199998319688,6,4.76837158203125e-06,0.01021122932434082,0.007088661193847656,0.16571044921875,131072,8.25,8388608,4325376,Qwen3-1.7B,model.layers.15.self_attn.q_proj.weight,mxfp8,q_proj,15,bfloat16
2097152,1024,2048,18.63617085266434,0.013689352753446394,0.0615234375,0.03223739246979201,3.996989671963702,3.225029468536377,2.4938900470733643,3.81710164213066,0.954275410532665,0.9149151301192204,4,0.10268354415893555,0.0489501953125,0.02087688446044922,0.353363037109375,65536,4.25,4194304,1114112,Qwen3-1.7B,model.layers.15.self_attn.v_proj.weight,mxfp4,v_proj,15,bfloat16
2097152,1024,2048,30.555987125083096,0.0008798351077612401,0.0302734375,0.03223739246979201,3.996989671963702,3.225029468536377,2.4938900470733643,6.5959347044445344,0.8244918380555668,0.9149151301192204,4,5.7220458984375e-06,0.010088920593261719,0.007069587707519531,0.1621246337890625,65536,8.25,4194304,2162688,Qwen3-1.7B,model.layers.15.self_attn.v_proj.weight,mxfp8,v_proj,15,bfloat16
12582912,2048,6144,18.574657914837523,0.01388462672076788,0.123046875,0.03283826005108042,4.78854104398213,3.3298749923706055,2.524792035420736,3.8080942442517873,0.9520235610629468,0.8747724704934824,5,0.09966500600179036,0.0451807975769043,0.01909033457438151,0.33006032307942706,393216,4.25,25165824,6684672,Qwen3-1.7B,model.layers.16.mlp.down_proj.weight,mxfp4,down_proj,16,bfloat16
12582912,2048,6144,30.536417123188535,0.0008838087312247889,0.060546875,0.03283826005108042,4.78854104398213,3.3298749923706055,2.524792035420736,6.576508338016479,0.8220635422520599,0.8747724704934824,5,5.086263020833333e-06,0.009327967961629232,0.006590843200683594,0.14827982584635416,393216,8.25,25165824,12976128,Qwen3-1.7B,model.layers.16.mlp.down_proj.weight,mxfp8,down_proj,16,bfloat16
12582912,6144,2048,18.602289013062045,0.01379656904435451,0.12109375,0.03219525304606927,4.367399683350844,3.1342251300811768,2.4665205478668213,3.831126672315998,0.9577816680789994,1.0932063909975434,5,0.09646201133728027,0.05364783604939779,0.023314158121744793,0.37828826904296875,393216,4.25,25165824,6684672,Qwen3-1.7B,model.layers.16.mlp.gate_proj.weight,mxfp4,gate_proj,16,bfloat16
12582912,6144,2048,30.437975953208113,0.0009040707213259033,0.05859375,0.03219525304606927,4.367399683350844,3.1342251300811768,2.4665205478668213,6.575685503701893,0.8219606879627366,1.0932063909975434,5,5.7220458984375e-06,0.011435667673746744,0.008052349090576172,0.185394287109375,393216,8.25,25165824,12976128,Qwen3-1.7B,model.layers.16.mlp.gate_proj.weight,mxfp8,gate_proj,16,bfloat16
12582912,6144,2048,18.664626884940446,0.01359994999403643,0.099609375,0.03463012012757414,3.85872346737098,3.195540428161621,2.4791387716929116,3.821898852519265,0.9554747131298162,0.8655200698965327,5,0.09805981318155925,0.048392534255981445,0.019938866297403973,0.356353759765625,393216,4.25,25165824,6684672,Qwen3-1.7B,model.layers.16.mlp.up_proj.weight,mxfp4,up_proj,16,bfloat16
12582912,6144,2048,30.54532682454949,0.000881997425687074,0.037109375,0.03463012012757414,3.85872346737098,3.195540428161621,2.4791387716929116,6.574025300174802,0.8217531625218503,0.8655200698965327,5,5.404154459635417e-06,0.009533961613972982,0.006673494974772136,0.15478006998697916,393216,8.25,25165824,12976128,Qwen3-1.7B,model.layers.16.mlp.up_proj.weight,mxfp8,up_proj,16,bfloat16
2097152,1024,2048,18.56613442278485,0.013911903538524093,0.125,0.03021892997276113,9.399542412211282,3.028778314590454,2.440352439880371,3.840426450026265,0.9601066125065663,1.5230665233268543,8,0.09150838851928711,0.055086612701416016,0.023262500762939453,0.4055633544921875,65536,4.25,4194304,1114112,Qwen3-1.7B,model.layers.16.self_attn.k_proj.weight,mxfp4,k_proj,16,bfloat16
2097152,1024,2048,30.370407302780634,0.0009182464747628132,0.0546875,0.03021892997276113,9.399542412211282,3.028778314590454,2.440352439880371,6.552094525979812,0.8190118157474765,1.5230665233268543,8,7.62939453125e-06,0.011229515075683594,0.007846832275390625,0.1884613037109375,65536,8.25,4194304,2162688,Qwen3-1.7B,model.layers.16.self_attn.k_proj.weight,mxfp8,k_proj,16,bfloat16
4194304,2048,2048,18.75806145585915,0.013310484205342811,0.12109375,0.02978659258959401,4.747301671980304,2.896048069000244,2.3934683799743652,3.8446518392158366,0.9611629598039592,1.2873560053595174,6,0.08734965324401855,0.055240631103515625,0.02326488494873047,0.37995147705078125,131072,4.25,8388608,2228224,Qwen3-1.7B,model.layers.16.self_attn.o_proj.weight,mxfp4,o_proj,16,bfloat16
4194304,2048,2048,30.568554301146158,0.0008772928096875446,0.05859375,0.02978659258959401,4.747301671980304,2.896048069000244,2.3934683799743652,6.5296262039931925,0.8162032754991491,1.2873560053595174,6,6.67572021484375e-06,0.011123180389404297,0.0077626705169677734,0.17840576171875,131072,8.25,8388608,4325376,Qwen3-1.7B,model.layers.16.self_attn.o_proj.weight,mxfp8,o_proj,16,bfloat16
4194304,2048,2048,18.66636444917136,0.013594509892663191,0.06640625,0.03708958725642204,7.9244760063774375,3.1061720848083496,2.4515204429626465,3.835680001158129,0.9589200002895323,1.582513516908804,6,0.09449625015258789,0.05325174331665039,0.02231621742248535,0.39154052734375,131072,4.25,8388608,2228224,Qwen3-1.7B,model.layers.16.self_attn.q_proj.weight,mxfp4,q_proj,16,bfloat16
4194304,2048,2048,30.48533882381703,0.0008942647612971238,0.0302734375,0.03708958725642204,7.9244760063774375,3.1061720848083496,2.4515204429626465,6.563590103006286,0.8204487628757857,1.582513516908804,6,6.9141387939453125e-06,0.010614871978759766,0.007411956787109375,0.17571258544921875,131072,8.25,8388608,4325376,Qwen3-1.7B,model.layers.16.self_attn.q_proj.weight,mxfp8,q_proj,16,bfloat16
2097152,1024,2048,18.699808415588816,0.013490223919731526,0.0439453125,0.0324402949994341,3.5564687227129985,3.1034798622131348,2.466513156890869,3.822292649888789,0.9555731624721973,0.8686104130982287,3,0.09958314895629883,0.049936771392822266,0.02114105224609375,0.354827880859375,65536,4.25,4194304,1114112,Qwen3-1.7B,model.layers.16.self_attn.v_proj.weight,mxfp4,v_proj,16,bfloat16
2097152,1024,2048,30.584172688144417,0.0008741434972161482,0.01513671875,0.0324402949994341,3.5564687227129985,3.1034798622131348,2.466513156890869,6.583182588036063,0.8228978235045079,0.8686104130982287,3,4.76837158203125e-06,0.010202884674072266,0.007202625274658203,0.162811279296875,65536,8.25,4194304,2162688,Qwen3-1.7B,model.layers.16.self_attn.v_proj.weight,mxfp8,v_proj,16,bfloat16
12582912,2048,6144,18.716889226553917,0.013437271041273176,0.119140625,0.03387350819793817,3.7437751820594105,3.1381813685099282,2.480408032735189,3.8180518740322937,0.9545129685080734,0.8193469080731046,5,0.09368459383646648,0.04531264305114746,0.01848610242207845,0.3443400065104167,393216,4.25,25165824,6684672,Qwen3-1.7B,model.layers.17.mlp.down_proj.weight,mxfp4,down_proj,17,bfloat16
12582912,2048,6144,30.620847144071426,0.0008667927808197385,0.056640625,0.03387350819793817,3.7437751820594105,3.1381813685099282,2.480408032735189,6.5474149280529605,0.8184268660066201,0.8193469080731046,5,5.4836273193359375e-06,0.008782704671223959,0.006128787994384766,0.14273579915364584,393216,8.25,25165824,12976128,Qwen3-1.7B,model.layers.17.mlp.down_proj.weight,mxfp8,down_proj,17,bfloat16
12582912,6144,2048,18.580056021586607,0.01386737940603918,0.123046875,0.032112090465058994,4.846202534950162,3.096775770187378,2.4511462847391763,3.8365196843447196,0.9591299210861799,1.0969384680524106,5,0.09392070770263672,0.054844061533610024,0.023819923400878906,0.3813629150390625,393216,4.25,25165824,6684672,Qwen3-1.7B,model.layers.17.mlp.gate_proj.weight,mxfp4,gate_proj,17,bfloat16
12582912,6144,2048,30.43174381027661,0.0009053689976671281,0.060546875,0.032112090465058994,4.846202534950162,3.096775770187378,2.4511462847391763,6.564029803644129,0.8205037254555161,1.0969384680524106,5,5.6425730387369794e-06,0.011643171310424805,0.00819834073384603,0.1884892781575521,393216,8.25,25165824,12976128,Qwen3-1.7B,model.layers.17.mlp.gate_proj.weight,mxfp8,gate_proj,17,bfloat16
12582912,6144,2048,18.718343081068134,0.013432773501375882,0.0625,0.03595857397548395,3.59856244603021,3.0421621004740396,2.4428590138753257,3.830952267712359,0.9577380669280897,0.8217857581866538,4,0.09282596906026204,0.04973483085632324,0.020311911900838215,0.3678029378255208,393216,4.25,25165824,6684672,Qwen3-1.7B,model.layers.17.mlp.up_proj.weight,mxfp4,up_proj,17,bfloat16
12582912,6144,2048,30.552617917786414,0.0008805179386834013,0.0302734375,0.03595857397548395,3.59856244603021,3.0421621004740396,2.4428590138753257,6.549031890852387,0.8186289863565483,0.8217857581866538,4,6.4373016357421875e-06,0.009586970011393229,0.006668488184611003,0.1566034952799479,393216,8.25,25165824,12976128,Qwen3-1.7B,model.layers.17.mlp.up_proj.weight,mxfp8,up_proj,17,bfloat16
2097152,1024,2048,18.662341133256994,0.01360710971902682,0.0615234375,0.030117837703120702,4.36068535158674,2.9759175777435303,2.4213924407958984,3.8468961258431977,0.9617240314607994,1.2184304239684856,4,0.08878850936889648,0.05684471130371094,0.023897171020507812,0.41839599609375,65536,4.25,4194304,1114112,Qwen3-1.7B,model.layers.17.self_attn.k_proj.weight,mxfp4,k_proj,17,bfloat16
2097152,1024,2048,30.429690603297217,0.0009057971286954024,0.0302734375,0.030117837703120702,4.36068535158674,2.9759175777435303,2.4213924407958984,6.539664765309201,0.8174580956636501,1.2184304239684856,4,8.106231689453125e-06,0.011395454406738281,0.00796365737915039,0.193359375,65536,8.25,4194304,2162688,Qwen3-1.7B,model.layers.17.self_attn.k_proj.weight,mxfp8,k_proj,17,bfloat16
4194304,2048,2048,18.7253776912646,0.013411032991025765,0.0625,0.030208282960515392,4.271180276754129,2.9148175716400146,2.3998777866363525,3.8465195660474736,0.9616298915118684,1.2482068817418013,5,0.08837366104125977,0.056948184967041016,0.02425217628479004,0.39504241943359375,131072,4.25,8388608,2228224,Qwen3-1.7B,model.layers.17.self_attn.o_proj.weight,mxfp4,o_proj,17,bfloat16
4194304,2048,2048,30.511324571906968,0.0008889299582473387,0.0302734375,0.030208282960515392,4.271180276754129,2.9148175716400146,2.3998777866363525,6.538244028071441,0.8172805035089301,1.2482068817418013,5,4.5299530029296875e-06,0.01165914535522461,0.00817418098449707,0.19097137451171875,131072,8.25,8388608,4325376,Qwen3-1.7B,model.layers.17.self_attn.o_proj.weight,mxfp8,o_proj,17,bfloat16
4194304,2048,2048,18.679566573996908,0.013553246670378598,0.0625,0.03544840351985363,6.2000709777000464,3.0940980911254883,2.4655699729919434,3.831683809995899,0.9579209524989748,1.394390227945199,5,0.09442377090454102,0.052117347717285156,0.021910667419433594,0.38794708251953125,131072,4.25,8388608,2228224,Qwen3-1.7B,model.layers.17.self_attn.q_proj.weight,mxfp4,q_proj,17,bfloat16
4194304,2048,2048,30.497802770511264,0.0008917019635061821,0.0302734375,0.03544840351985363,6.2000709777000464,3.0940980911254883,2.4655699729919434,6.563192996026695,0.8203991245033369,1.394390227945199,5,6.67572021484375e-06,0.010526418685913086,0.007369518280029297,0.17555999755859375,131072,8.25,8388608,4325376,Qwen3-1.7B,model.layers.17.self_attn.q_proj.weight,mxfp8,q_proj,17,bfloat16
2097152,1024,2048,18.661673359357756,0.013609202117548954,0.060546875,0.033751548079245686,3.6894742912499314,3.1058554649353027,2.4686343669891357,3.8246961886969326,0.9561740471742332,0.9175070106707783,3,0.09955167770385742,0.05017423629760742,0.021008968353271484,0.37213134765625,65536,4.25,4194304,1114112,Qwen3-1.7B,model.layers.17.self_attn.v_proj.weight,mxfp4,v_proj,17,bfloat16
2097152,1024,2048,30.510383049112487,0.0008891226934954938,0.029296875,0.033751548079245686,3.6894742912499314,3.1058554649353027,2.4686343669891357,6.582122869486304,0.822765358685788,0.9175070106707783,3,6.198883056640625e-06,0.010177135467529297,0.0071544647216796875,0.166748046875,65536,8.25,4194304,2162688,Qwen3-1.7B,model.layers.17.self_attn.v_proj.weight,mxfp8,v_proj,17,bfloat16
12582912,2048,6144,18.719539402225635,0.013429073777183572,0.123046875,0.034776566780223644,3.7458619936319155,3.1576503117879233,2.48331085840861,3.8193228941534274,0.9548307235383569,0.808366621611013,5,0.09335700670878093,0.04517046610514323,0.01813165346781413,0.3530120849609375,393216,4.25,25165824,6684672,Qwen3-1.7B,model.layers.18.mlp.down_proj.weight,mxfp4,down_proj,18,bfloat16
12582912,2048,6144,30.609378003858467,0.0008690848906283169,0.060546875,0.034776566780223644,3.7458619936319155,3.1576503117879233,2.48331085840861,6.546005845257176,0.818250730657147,0.808366621611013,5,5.6425730387369794e-06,0.00848388671875,0.0058790842692057295,0.1401545206705729,393216,8.25,25165824,12976128,Qwen3-1.7B,model.layers.18.mlp.down_proj.weight,mxfp8,down_proj,18,bfloat16
12582912,6144,2048,18.589197924610513,0.01383821926087716,0.1171875,0.032463464910150334,4.710168236923809,3.1197355588277182,2.4567079544067383,3.835751856023536,0.958937964005884,1.1112109245029969,5,0.09405477841695149,0.05442317326863607,0.02347723642985026,0.3833974202473958,393216,4.25,25165824,6684672,Qwen3-1.7B,model.layers.18.mlp.gate_proj.weight,mxfp4,gate_proj,18,bfloat16
12582912,6144,2048,30.445544976142095,0.0009024964502423432,0.0546875,0.032463464910150334,4.710168236923809,3.1197355588277182,2.4567079544067383,6.564406466985823,0.8205508083732279,1.1112109245029969,5,4.8478444417317706e-06,0.011457284291585287,0.008068005243937174,0.1866582234700521,393216,8.25,25165824,12976128,Qwen3-1.7B,model.layers.18.mlp.gate_proj.weight,mxfp8,gate_proj,18,bfloat16
12582912,6144,2048,18.708293457223345,0.01346389308411434,0.0625,0.036042132947111505,3.6310995836531323,3.053885300954183,2.4460271199544272,3.8300856075408256,0.9575214018852064,0.8255672747409157,4,0.09292864799499512,0.049495855967203774,0.020151376724243164,0.36584726969401044,393216,4.25,25165824,6684672,Qwen3-1.7B,model.layers.18.mlp.up_proj.weight,mxfp4,up_proj,18,bfloat16
12582912,6144,2048,30.55387579041554,0.0008802629460277766,0.0302734375,0.036042132947111505,3.6310995836531323,3.053885300954183,2.4460271199544272,6.550455075297888,0.818806884412236,0.8255672747409157,4,6.5962473551432294e-06,0.009505907694498697,0.006622155507405599,0.15575663248697916,393216,8.25,25165824,12976128,Qwen3-1.7B,model.layers.18.mlp.up_proj.weight,mxfp8,up_proj,18,bfloat16
2097152,1024,2048,18.643687699198512,0.013665679469949116,0.107421875,0.029400449692434858,4.972691812981129,2.990036725997925,2.4255666732788086,3.843415828300981,0.9608539570752452,1.4454828623016838,6,0.09054136276245117,0.0564265251159668,0.024065017700195312,0.4028778076171875,65536,4.25,4194304,1114112,Qwen3-1.7B,model.layers.18.self_attn.k_proj.weight,mxfp4,k_proj,18,bfloat16
2097152,1024,2048,30.426392268349552,0.0009064853154537367,0.044921875,0.029400449692434858,4.972691812981129,2.990036725997925,2.4255666732788086,6.5492663213850255,0.8186582901731282,1.4454828623016838,6,7.152557373046875e-06,0.011620521545410156,0.008120536804199219,0.192657470703125,65536,8.25,4194304,2162688,Qwen3-1.7B,model.layers.18.self_attn.k_proj.weight,mxfp8,k_proj,18,bfloat16
4194304,2048,2048,18.680973076791776,0.013548858036942887,0.103515625,0.028388717678887388,4.019346118631099,2.9085516929626465,2.398411512374878,3.849748477876634,0.9624371194691586,1.193081228075987,5,0.08855986595153809,0.05966925621032715,0.026099205017089844,0.4032440185546875,131072,4.25,8388608,2228224,Qwen3-1.7B,model.layers.18.self_attn.o_proj.weight,mxfp4,o_proj,18,bfloat16
4194304,2048,2048,30.44181483573892,0.0009032719343293691,0.041015625,0.028388717678887388,4.019346118631099,2.9085516929626465,2.398411512374878,6.543210718820898,0.8179013398526123,1.193081228075987,5,3.814697265625e-06,0.012775182723999023,0.00899052619934082,0.20599365234375,131072,8.25,8388608,4325376,Qwen3-1.7B,model.layers.18.self_attn.o_proj.weight,mxfp8,o_proj,18,bfloat16
4194304,2048,2048,18.702011563326437,0.013483382152175788,0.095703125,0.036514808277974854,6.7902394125416645,3.0402536392211914,2.4463539123535156,3.835033895012721,0.9587584737531802,1.4538857897160422,5,0.09316587448120117,0.052930355072021484,0.022215843200683594,0.3901519775390625,131072,4.25,8388608,2228224,Qwen3-1.7B,model.layers.18.self_attn.q_proj.weight,mxfp4,q_proj,18,bfloat16
4194304,2048,2048,30.509195295183297,0.0008893658933151859,0.033203125,0.036514808277974854,6.7902394125416645,3.0402536392211914,2.4463539123535156,6.557911774486941,0.8197389718108676,1.4538857897160422,5,5.245208740234375e-06,0.01061105728149414,0.007380008697509766,0.174560546875,131072,8.25,8388608,4325376,Qwen3-1.7B,model.layers.18.self_attn.q_proj.weight,mxfp8,q_proj,18,bfloat16
2097152,1024,2048,18.66023294972697,0.013613716583602489,0.0625,0.031735240350445,3.4958168766987376,3.119471549987793,2.4733481407165527,3.814105881744779,0.9535264704361948,0.8232225382039386,3,0.10154581069946289,0.04768562316894531,0.02068328857421875,0.3183746337890625,65536,4.25,4194304,1114112,Qwen3-1.7B,model.layers.18.self_attn.v_proj.weight,mxfp4,v_proj,18,bfloat16
2097152,1024,2048,30.5607481145585,0.0008788711096790748,0.025390625,0.031735240350445,3.4958168766987376,3.119471549987793,2.4733481407165527,6.588394250988923,0.8235492813736154,0.8232225382039386,3,5.245208740234375e-06,0.010457992553710938,0.007439136505126953,0.15985107421875,65536,8.25,4194304,2162688,Qwen3-1.7B,model.layers.18.self_attn.v_proj.weight,mxfp8,v_proj,18,bfloat16
12582912,2048,6144,18.670602647277107,0.013581249737555801,0.123046875,0.03586621782258803,4.017072486336771,3.2442970275878906,2.5013583501180015,3.818856824728672,0.954714206182168,0.7795556646658579,5,0.09552566210428874,0.04558650652567545,0.018063942591349285,0.36849721272786456,393216,4.25,25165824,6684672,Qwen3-1.7B,model.layers.19.mlp.down_proj.weight,mxfp4,down_proj,19,bfloat16
12582912,2048,6144,30.572509147624743,0.0008764942779887086,0.060546875,0.03586621782258803,4.017072486336771,3.2442970275878906,2.5013583501180015,6.557370161328546,0.8196712701660682,0.7795556646658579,5,5.6425730387369794e-06,0.008354663848876953,0.005774895350138347,0.1422398885091146,393216,8.25,25165824,12976128,Qwen3-1.7B,model.layers.19.mlp.down_proj.weight,mxfp8,down_proj,19,bfloat16
12582912,6144,2048,18.590448705159282,0.013834234387943735,0.12109375,0.03291427440799196,4.608043980131144,3.1241920789082847,2.464202086130778,3.834079660385704,0.958519915096426,1.1364866557497517,5,0.09452517827351888,0.05373032887776693,0.02304553985595703,0.3850250244140625,393216,4.25,25165824,6684672,Qwen3-1.7B,model.layers.19.mlp.gate_proj.weight,mxfp4,gate_proj,19,bfloat16
12582912,6144,2048,30.453346613456436,0.0009008766669149859,0.05078125,0.03291427440799196,4.608043980131144,3.1241920789082847,2.464202086130778,6.566244800382604,0.8207806000478255,1.1364866557497517,5,6.198883056640625e-06,0.011200030644734701,0.007870833079020182,0.18408966064453125,393216,8.25,25165824,12976128,Qwen3-1.7B,model.layers.19.mlp.gate_proj.weight,mxfp8,gate_proj,19,bfloat16
12582912,6144,2048,18.677335801315046,0.013560210143317035,0.1484375,0.03667839917830849,3.8522474347564994,3.101707935333252,2.45695424079895,3.829592107469525,0.9573980268673813,0.8436372327611635,5,0.09397633870442708,0.049498558044433594,0.020025253295898438,0.3741353352864583,393216,4.25,25165824,6684672,Qwen3-1.7B,model.layers.19.mlp.up_proj.weight,mxfp4,up_proj,19,bfloat16
12582912,6144,2048,30.51803354620016,0.000887557800778854,0.05859375,0.03667839917830849,3.8522474347564994,3.101707935333252,2.45695424079895,6.5556027330976985,0.8194503416372123,0.8436372327611635,5,6.039937337239583e-06,0.009375174840291342,0.006515026092529297,0.1558965047200521,393216,8.25,25165824,12976128,Qwen3-1.7B,model.layers.19.mlp.up_proj.weight,mxfp8,up_proj,19,bfloat16
2097152,1024,2048,18.633482586656648,0.013697829032855824,0.111328125,0.029529464843699192,4.907311874590193,3.0098257064819336,2.4325757026672363,3.844047462051435,0.9610118655128588,1.3627842811320892,6,0.09104537963867188,0.0568084716796875,0.02402353286743164,0.414642333984375,65536,4.25,4194304,1114112,Qwen3-1.7B,model.layers.19.self_attn.k_proj.weight,mxfp4,k_proj,19,bfloat16
2097152,1024,2048,30.41100218697627,0.0009097033233786665,0.048828125,0.029529464843699192,4.907311874590193,3.0098257064819336,2.4325757026672363,6.552484019730057,0.8190605024662572,1.3627842811320892,6,7.152557373046875e-06,0.011481761932373047,0.007971763610839844,0.1913909912109375,65536,8.25,4194304,2162688,Qwen3-1.7B,model.layers.19.self_attn.k_proj.weight,mxfp8,k_proj,19,bfloat16
4194304,2048,2048,18.703446903980637,0.013478926638785785,0.0625,0.02949477549117766,3.938918583859386,2.9077537059783936,2.3975672721862793,3.846360567846677,0.9615901419616693,1.1834144773998108,5,0.08917856216430664,0.0577847957611084,0.025127887725830078,0.385406494140625,131072,4.25,8388608,2228224,Qwen3-1.7B,model.layers.19.self_attn.o_proj.weight,mxfp4,o_proj,19,bfloat16
4194304,2048,2048,30.47807897121036,0.0008957609027401317,0.0302734375,0.02949477549117766,3.938918583859386,2.9077537059783936,2.3975672721862793,6.543061326149296,0.817882665768662,1.1834144773998108,5,6.198883056640625e-06,0.012316226959228516,0.008709907531738281,0.196807861328125,131072,8.25,8388608,4325376,Qwen3-1.7B,model.layers.19.self_attn.o_proj.weight,mxfp8,o_proj,19,bfloat16
4194304,2048,2048,18.695531617692737,0.013503515218865643,0.083984375,0.037659102550469434,7.83121465432847,3.058818817138672,2.4524359703063965,3.8345373956875015,0.9586343489218754,1.5996710578093527,7,0.0937347412109375,0.05310368537902832,0.022339344024658203,0.39319610595703125,131072,4.25,8388608,2228224,Qwen3-1.7B,model.layers.19.self_attn.q_proj.weight,mxfp4,q_proj,19,bfloat16
4194304,2048,2048,30.469527755311923,0.000897526384740001,0.0302734375,0.037659102550469434,7.83121465432847,3.058818817138672,2.4524359703063965,6.561903554471558,0.8202379443089447,1.5996710578093527,7,4.76837158203125e-06,0.010594606399536133,0.007372140884399414,0.17584991455078125,131072,8.25,8388608,4325376,Qwen3-1.7B,model.layers.19.self_attn.q_proj.weight,mxfp8,q_proj,19,bfloat16
2097152,1024,2048,18.51641303121538,0.014072093007884895,0.0615234375,0.03168533934766436,4.208199341407756,3.444135904312134,2.5567808151245117,3.8080952530565875,0.9520238132641469,1.0307820519171427,4,0.10742568969726562,0.04866838455200195,0.020933151245117188,0.3653564453125,65536,4.25,4194304,1114112,Qwen3-1.7B,model.layers.19.self_attn.v_proj.weight,mxfp4,v_proj,19,bfloat16
2097152,1024,2048,30.451946911780222,0.0009011670601514479,0.0302734375,0.03168533934766436,4.208199341407756,3.444135904312134,2.5567808151245117,6.618656231653943,0.8273320289567428,1.0307820519171427,4,2.86102294921875e-06,0.010304450988769531,0.007297992706298828,0.1722564697265625,65536,8.25,4194304,2162688,Qwen3-1.7B,model.layers.19.self_attn.v_proj.weight,mxfp8,v_proj,19,bfloat16
12582912,2048,6144,18.662410362199285,0.01360689281590124,0.11328125,0.03053058728457384,3.8078805429336957,3.0721842447916665,2.450278917948405,3.82539316965727,0.9563482924143175,0.9270318208934569,5,0.09444022178649902,0.05087510744730631,0.022519350051879883,0.3243306477864583,393216,4.25,25165824,6684672,Qwen3-1.7B,model.layers.2.mlp.down_proj.weight,mxfp4,down_proj,2,bfloat16
12582912,2048,6144,30.549633160133965,0.0008811232965880012,0.0390625,0.03053058728457384,3.8078805429336957,3.0721842447916665,2.450278917948405,6.561303701558568,0.820162962694821,0.9270318208934569,5,6.5962473551432294e-06,0.011318365732828775,0.008058945337931315,0.17160797119140625,393216,8.25,25165824,12976128,Qwen3-1.7B,model.layers.2.mlp.down_proj.weight,mxfp8,down_proj,2,bfloat16
12582912,6144,2048,18.602945516981485,0.01379448363515109,0.119140625,0.046318057759854064,3.363233671980655,2.8902107079823813,2.3883500893910727,3.864387643070924,0.966096910767731,1.0833086807510812,4,0.08560768763224284,0.06686234474182129,0.028763214747111004,0.4857279459635417,393216,4.25,25165824,6684672,Qwen3-1.7B,model.layers.2.mlp.gate_proj.weight,mxfp4,gate_proj,2,bfloat16
12582912,6144,2048,30.21211321658134,0.0009523326594308426,0.056640625,0.046318057759854064,3.363233671980655,2.8902107079823813,2.3883500893910727,6.533405544357475,0.8166756930446843,1.0833086807510812,4,6.198883056640625e-06,0.013706604639689127,0.009515047073364258,0.2365900675455729,393216,8.25,25165824,12976128,Qwen3-1.7B,model.layers.2.mlp.gate_proj.weight,mxfp8,gate_proj,2,bfloat16
12582912,6144,2048,18.662440607615647,0.013606798054230828,0.11328125,0.029533528464167066,3.5842978045684317,2.924487590789795,2.4019200801849365,3.8446440265574275,0.9611610066393569,0.9938045944667263,5,0.09174950917561848,0.0588831901550293,0.026391903559366863,0.37092844645182294,393216,4.25,25165824,6684672,Qwen3-1.7B,model.layers.2.mlp.up_proj.weight,mxfp4,up_proj,2,bfloat16
12582912,6144,2048,30.44105351801428,0.0009034302916746266,0.05078125,0.029533528464167066,3.5842978045684317,2.924487590789795,2.4019200801849365,6.557102600576227,0.8196378250720284,0.9938045944667263,5,5.0067901611328125e-06,0.01322015126546224,0.009393771489461264,0.2062962849934896,393216,8.25,25165824,12976128,Qwen3-1.7B,model.layers.2.mlp.up_proj.weight,mxfp8,up_proj,2,bfloat16
2097152,1024,2048,18.726570903592993,0.013407348852155132,0.0615234375,0.03344214532461235,4.300548470202121,2.969757080078125,2.4225425720214844,3.835482677029091,0.9588706692572727,1.3414737930795535,6,0.08973979949951172,0.05147695541381836,0.02150440216064453,0.3633575439453125,65536,4.25,4194304,1114112,Qwen3-1.7B,model.layers.2.self_attn.k_proj.weight,mxfp4,k_proj,2,bfloat16
2097152,1024,2048,30.583711380870188,0.0008742363536046291,0.0302734375,0.03344214532461235,4.300548470202121,2.969757080078125,2.4225425720214844,6.537021734676474,0.8171277168345592,1.3414737930795535,6,6.67572021484375e-06,0.010295391082763672,0.007225513458251953,0.1652374267578125,65536,8.25,4194304,2162688,Qwen3-1.7B,model.layers.2.self_attn.k_proj.weight,mxfp8,k_proj,2,bfloat16
4194304,2048,2048,18.771418365393533,0.013269610138263046,0.0615234375,0.0315840052646537,4.247701882921471,2.8668324947357178,2.383091926574707,3.8435192468763106,0.9608798117190777,1.099974854017411,4,0.08667564392089844,0.05422377586364746,0.022846221923828125,0.3636474609375,131072,4.25,8388608,2228224,Qwen3-1.7B,model.layers.2.self_attn.o_proj.weight,mxfp4,o_proj,2,bfloat16
4194304,2048,2048,30.585007728778123,0.0008739754372477209,0.0302734375,0.0315840052646537,4.247701882921471,2.8668324947357178,2.383091926574707,6.523619335449058,0.8154524169311322,1.099974854017411,4,3.814697265625e-06,0.011015653610229492,0.007741689682006836,0.17400360107421875,131072,8.25,8388608,4325376,Qwen3-1.7B,model.layers.2.self_attn.o_proj.weight,mxfp8,o_proj,2,bfloat16
4194304,2048,2048,18.717822534589693,0.013434383653543217,0.12109375,0.0342841917924547,5.090477654715999,3.028386354446411,2.441072940826416,3.83078995133532,0.95769748783383,1.21184971808183,6,0.09132027626037598,0.04964852333068848,0.02046680450439453,0.358551025390625,131072,4.25,8388608,2228224,Qwen3-1.7B,model.layers.2.self_attn.q_proj.weight,mxfp4,q_proj,2,bfloat16
4194304,2048,2048,30.568293250379583,0.0008773455446066367,0.05078125,0.0342841917924547,5.090477654715999,3.028386354446411,2.441072940826416,6.54253759049913,0.8178171988123912,1.21184971808183,6,4.291534423828125e-06,0.009742975234985352,0.006766557693481445,0.15740966796875,131072,8.25,8388608,4325376,Qwen3-1.7B,model.layers.2.self_attn.q_proj.weight,mxfp8,q_proj,2,bfloat16
2097152,1024,2048,18.76134009722567,0.013300439446017458,0.0546875,0.0344970411555659,3.48433094472697,2.955498456954956,2.4154672622680664,3.8366344449708385,0.9591586112427096,0.9077246631294972,3,0.0921030044555664,0.0513763427734375,0.02068328857421875,0.3764801025390625,65536,4.25,4194304,1114112,Qwen3-1.7B,model.layers.2.self_attn.v_proj.weight,mxfp4,v_proj,2,bfloat16
2097152,1024,2048,30.58499342339028,0.0008739783160727366,0.0234375,0.0344970411555659,3.48433094472697,2.955498456954956,2.4154672622680664,6.545527251790377,0.8181909064737971,0.9077246631294972,3,8.106231689453125e-06,0.009686470031738281,0.006731510162353516,0.1606292724609375,65536,8.25,4194304,2162688,Qwen3-1.7B,model.layers.2.self_attn.v_proj.weight,mxfp8,v_proj,2,bfloat16
12582912,2048,6144,18.708280549344305,0.013463933100869978,0.123046875,0.03679193489527571,3.7676124644642512,3.1527573267618814,2.4750455220540366,3.8266383683503586,0.9566595920875897,0.7781453021137621,6,0.09224446614583333,0.04700764020284017,0.018289566040039062,0.3819580078125,393216,4.25,25165824,6684672,Qwen3-1.7B,model.layers.20.mlp.down_proj.weight,mxfp4,down_proj,20,bfloat16
12582912,2048,6144,30.5720848425906,0.000876579915526825,0.060546875,0.03679193489527571,3.7676124644642512,3.1527573267618814,2.4750455220540366,6.5427194054469355,0.8178399256808669,0.7781453021137621,6,5.6425730387369794e-06,0.008315245310465494,0.005710681279500325,0.1435521443684896,393216,8.25,25165824,12976128,Qwen3-1.7B,model.layers.20.mlp.down_proj.weight,mxfp8,down_proj,20,bfloat16
12582912,6144,2048,18.646570577315778,0.013656611103437749,0.125,0.03421172502483422,4.150619911674574,3.0592127641042075,2.4468305905659995,3.836965531908072,0.959241382977018,1.0698823710068097,5,0.09188961982727051,0.05341029167175293,0.02249312400817871,0.3860931396484375,393216,4.25,25165824,6684672,Qwen3-1.7B,model.layers.20.mlp.gate_proj.weight,mxfp4,gate_proj,20,bfloat16
12582912,6144,2048,30.473395883263834,0.0008967273413695262,0.0546875,0.03421172502483422,4.150619911674574,3.0592127641042075,2.4468305905659995,6.551926727172688,0.818990840896586,1.0698823710068097,5,6.2783559163411456e-06,0.010814905166625977,0.007554769515991211,0.1779657999674479,393216,8.25,25165824,12976128,Qwen3-1.7B,model.layers.20.mlp.gate_proj.weight,mxfp8,gate_proj,20,bfloat16
12582912,6144,2048,18.714109533992847,0.01344587429087232,0.12109375,0.03760751991189854,3.586036276857924,3.027616341908773,2.4367249806722007,3.83427867711136,0.95856966927784,0.7833470792838353,5,0.09096733729044597,0.05012861887613932,0.020033518473307293,0.38245900472005206,393216,4.25,25165824,6684672,Qwen3-1.7B,model.layers.20.mlp.up_proj.weight,mxfp4,up_proj,20,bfloat16
12582912,6144,2048,30.529259911726765,0.0008852664566707087,0.05859375,0.03760751991189854,3.586036276857924,3.027616341908773,2.4367249806722007,6.540328884479061,0.8175411105598827,0.7833470792838353,5,5.404154459635417e-06,0.009262164433797201,0.006396373112996419,0.1556574503580729,393216,8.25,25165824,12976128,Qwen3-1.7B,model.layers.20.mlp.up_proj.weight,mxfp8,up_proj,20,bfloat16
2097152,1024,2048,18.604995091100292,0.013787975114447662,0.0615234375,0.030947749057965063,4.85782211391447,3.086430072784424,2.4574594497680664,3.835419027330731,0.9588547568326827,1.2952917753651079,5,0.09499311447143555,0.05426979064941406,0.02294015884399414,0.399993896484375,65536,4.25,4194304,1114112,Qwen3-1.7B,model.layers.20.self_attn.k_proj.weight,mxfp4,k_proj,20,bfloat16
2097152,1024,2048,30.4450780917755,0.0009025934775247373,0.0302734375,0.030947749057965063,4.85782211391447,3.086430072784424,2.4574594497680664,6.569155188749008,0.821144398593626,1.2952917753651079,5,5.245208740234375e-06,0.011012077331542969,0.007734775543212891,0.1851348876953125,65536,8.25,4194304,2162688,Qwen3-1.7B,model.layers.20.self_attn.k_proj.weight,mxfp8,k_proj,20,bfloat16
4194304,2048,2048,18.727316225188808,0.013405048125426316,0.115234375,0.03080746677618438,4.338936167202314,2.9253807067871094,2.40433406829834,3.8431802416880614,0.9607950604220153,1.202634745285001,6,0.08890128135681152,0.05515122413635254,0.02330803871154785,0.38326263427734375,131072,4.25,8388608,2228224,Qwen3-1.7B,model.layers.20.self_attn.o_proj.weight,mxfp4,o_proj,20,bfloat16
4194304,2048,2048,30.545907880188786,0.0008818794284945786,0.052734375,0.03080746677618438,4.338936167202314,2.9253807067871094,2.40433406829834,6.538108120039806,0.8172635150049757,1.202634745285001,6,6.4373016357421875e-06,0.011208057403564453,0.007841348648071289,0.1812286376953125,131072,8.25,8388608,4325376,Qwen3-1.7B,model.layers.20.self_attn.o_proj.weight,mxfp8,o_proj,20,bfloat16
4194304,2048,2048,18.63887677069975,0.01368082611296197,0.080078125,0.038211800993298004,7.740145374454766,3.1779847145080566,2.4909110069274902,3.827652511650188,0.956913127912547,1.4747096609474202,6,0.09842228889465332,0.0525057315826416,0.02208423614501953,0.40933990478515625,131072,4.25,8388608,2228224,Qwen3-1.7B,model.layers.20.self_attn.q_proj.weight,mxfp4,q_proj,20,bfloat16
4194304,2048,2048,30.43791414939062,0.00090408358711669,0.03125,0.038211800993298004,7.740145374454766,3.1779847145080566,2.4909110069274902,6.585723116830442,0.8232153896038052,1.4747096609474202,6,7.62939453125e-06,0.010506629943847656,0.00733494758605957,0.18067169189453125,131072,8.25,8388608,4325376,Qwen3-1.7B,model.layers.20.self_attn.q_proj.weight,mxfp8,q_proj,20,bfloat16
2097152,1024,2048,18.49654754635629,0.01413660897440011,0.0615234375,0.03299224023455688,4.266422238584658,3.426649570465088,2.57039737701416,3.806496429204963,0.9516241073012407,1.0335209007213735,4,0.1083216667175293,0.04871988296508789,0.020995140075683594,0.3845977783203125,65536,4.25,4194304,1114112,Qwen3-1.7B,model.layers.20.self_attn.v_proj.weight,mxfp4,v_proj,20,bfloat16
2097152,1024,2048,30.387753347929248,0.0009145862444171362,0.0302734375,0.03299224023455688,4.266422238584658,3.426649570465088,2.57039737701416,6.623268843539014,0.8279086054423768,1.0335209007213735,4,1.0013580322265625e-05,0.010271072387695312,0.007207393646240234,0.176666259765625,65536,8.25,4194304,2162688,Qwen3-1.7B,model.layers.20.self_attn.v_proj.weight,mxfp8,v_proj,20,bfloat16
12582912,2048,6144,18.744872201725254,0.013350968763997882,0.125,0.03746704227836646,3.7550939089785054,3.051325798034668,2.4441661834716797,3.835892462916666,0.9589731157291665,0.8080935169971862,6,0.08865141868591309,0.04951373736063639,0.019111076990763348,0.4035288492838542,393216,4.25,25165824,6684672,Qwen3-1.7B,model.layers.21.mlp.down_proj.weight,mxfp4,down_proj,21,bfloat16
12582912,2048,6144,30.565606608917367,0.0008778884578248485,0.060546875,0.03746704227836646,3.7550939089785054,3.051325798034668,2.4441661834716797,6.52719480075551,0.8158993500944387,0.8080935169971862,6,5.8015187581380206e-06,0.008574644724527994,0.00584101676940918,0.1507720947265625,393216,8.25,25165824,12976128,Qwen3-1.7B,model.layers.21.mlp.down_proj.weight,mxfp8,down_proj,21,bfloat16
12582912,6144,2048,18.712952369362128,0.013449457381108892,0.11328125,0.03507473112876962,3.808707201379541,2.979727029800415,2.4208783308664956,3.8391800984956532,0.9597950246239133,0.9655582775719109,5,0.0891265074412028,0.05244183540344238,0.021600802739461262,0.3787943522135417,393216,4.25,25165824,6684672,Qwen3-1.7B,model.layers.21.mlp.gate_proj.weight,mxfp4,gate_proj,21,bfloat16
12582912,6144,2048,30.538863772475736,0.0008833109673552563,0.05078125,0.03507473112876962,3.808707201379541,2.979727029800415,2.4208783308664956,6.5343470530856145,0.8167933816357018,0.9655582775719109,5,5.1657358805338544e-06,0.010213454564412435,0.007105588912963867,0.1671930948893229,393216,8.25,25165824,12976128,Qwen3-1.7B,model.layers.21.mlp.gate_proj.weight,mxfp8,gate_proj,21,bfloat16
12582912,6144,2048,18.73990350007135,0.013366252159348401,0.11328125,0.03823947372539234,3.5483784595495735,2.9761961301167807,2.4210028648376465,3.8377526741823913,0.9594381685455978,0.7298711645184812,5,0.08880130449930827,0.05037776629130045,0.019717613855997723,0.39076995849609375,393216,4.25,25165824,6684672,Qwen3-1.7B,model.layers.21.mlp.up_proj.weight,mxfp4,up_proj,21,bfloat16
12582912,6144,2048,30.54573545003892,0.0008819144428977325,0.05078125,0.03823947372539234,3.5483784595495735,2.9761961301167807,2.4210028648376465,6.527656330703955,0.8159570413379944,0.7298711645184812,5,5.3246815999348956e-06,0.008959690729777018,0.006159543991088867,0.15282185872395834,393216,8.25,25165824,12976128,Qwen3-1.7B,model.layers.21.mlp.up_proj.weight,mxfp8,up_proj,21,bfloat16
2097152,1024,2048,18.63785569108521,0.01368404302119625,0.12109375,0.03161996281576526,5.771250655268655,3.021121025085449,2.4354472160339355,3.8387670595428203,0.9596917648857051,1.513821272503974,7,0.09279251098632812,0.05421924591064453,0.022701740264892578,0.3990478515625,65536,4.25,4194304,1114112,Qwen3-1.7B,model.layers.21.self_attn.k_proj.weight,mxfp4,k_proj,21,bfloat16
2097152,1024,2048,30.4446138226236,0.0009026899716606318,0.048828125,0.03161996281576526,5.771250655268655,3.021121025085449,2.4354472160339355,6.5576885189839995,0.8197110648729999,1.513821272503974,7,7.62939453125e-06,0.010824203491210938,0.007517814636230469,0.1804962158203125,65536,8.25,4194304,2162688,Qwen3-1.7B,model.layers.21.self_attn.k_proj.weight,mxfp8,k_proj,21,bfloat16
4194304,2048,2048,18.744325345504443,0.013352650001111068,0.0615234375,0.0323694090431854,4.299988299010662,2.9155547618865967,2.3994476795196533,3.84018701958293,0.9600467548957325,1.1536934394455667,5,0.0891883373260498,0.05382537841796875,0.022975921630859375,0.3619842529296875,131072,4.25,8388608,2228224,Qwen3-1.7B,model.layers.21.self_attn.o_proj.weight,mxfp4,o_proj,21,bfloat16
4194304,2048,2048,30.56315409627752,0.0008783843518932597,0.0302734375,0.0323694090431854,4.299988299010662,2.9155547618865967,2.3994476795196533,6.53846431338212,0.817308039172765,1.1536934394455667,5,6.67572021484375e-06,0.011109352111816406,0.007779836654663086,0.1754150390625,131072,8.25,8388608,4325376,Qwen3-1.7B,model.layers.21.self_attn.o_proj.weight,mxfp8,o_proj,21,bfloat16
4194304,2048,2048,18.713005469633902,0.013449292938430958,0.083984375,0.038267698370813195,6.541217436547771,3.0789177417755127,2.4556126594543457,3.8286677115586722,0.9571669278896681,1.4170286008737334,5,0.09608650207519531,0.050991058349609375,0.02113938331604004,0.37408447265625,131072,4.25,8388608,2228224,Qwen3-1.7B,model.layers.21.self_attn.q_proj.weight,mxfp4,q_proj,21,bfloat16
4194304,2048,2048,30.534057997153234,0.0008842889543630364,0.0302734375,0.038267698370813195,6.541217436547771,3.0789177417755127,2.4556126594543457,6.571009837045228,0.8213762296306535,1.4170286008737334,5,6.4373016357421875e-06,0.01005864143371582,0.007035017013549805,0.16526031494140625,131072,8.25,8388608,4325376,Qwen3-1.7B,model.layers.21.self_attn.q_proj.weight,mxfp8,q_proj,21,bfloat16
2097152,1024,2048,18.582844228330465,0.013858479290246533,0.0615234375,0.03564926664695257,4.9265369409986235,3.3700356483459473,2.5445048809051514,3.8037574167628105,0.9509393541907026,1.1134931537137047,4,0.10920858383178711,0.04698657989501953,0.020004749298095703,0.35125732421875,65536,4.25,4194304,1114112,Qwen3-1.7B,model.layers.21.self_attn.v_proj.weight,mxfp4,v_proj,21,bfloat16
2097152,1024,2048,30.520392547704844,0.0008870758278927352,0.0302734375,0.03564926664695257,4.9265369409986235,3.3700356483459473,2.5445048809051514,6.621870067478037,0.8277337584347546,1.1134931537137047,4,1.049041748046875e-05,0.009674072265625,0.0068340301513671875,0.1581878662109375,65536,8.25,4194304,2162688,Qwen3-1.7B,model.layers.21.self_attn.v_proj.weight,mxfp8,v_proj,21,bfloat16
12582912,2048,6144,18.75509676068583,0.013319573660107106,0.1875,0.038130880394810475,3.757349248960758,2.974248250325521,2.418536345163981,3.8434113854401346,0.9608528463600337,0.8893688203790335,7,0.08610343933105469,0.05221819877624512,0.020110686620076496,0.42236328125,393216,4.25,25165824,6684672,Qwen3-1.7B,model.layers.22.mlp.down_proj.weight,mxfp4,down_proj,22,bfloat16
12582912,2048,6144,30.54213756345238,0.0008826453623493822,0.0625,0.038130880394810475,3.757349248960758,2.974248250325521,2.418536345163981,6.516164524878853,0.8145205656098566,0.8893688203790335,7,5.1657358805338544e-06,0.008960247039794922,0.006083250045776367,0.1586888631184896,393216,8.25,25165824,12976128,Qwen3-1.7B,model.layers.22.mlp.down_proj.weight,mxfp8,down_proj,22,bfloat16
12582912,6144,2048,18.76101125737342,0.013301446569136349,0.12109375,0.03569883081967187,3.6667713648776883,2.9306092262268066,2.4026800791422525,3.8393942575279816,0.9598485643819954,0.8599923820329133,5,0.08748960494995117,0.051294962565104164,0.02062336603800456,0.3702036539713542,393216,4.25,25165824,6684672,Qwen3-1.7B,model.layers.22.mlp.gate_proj.weight,mxfp4,gate_proj,22,bfloat16
12582912,6144,2048,30.594934139101714,0.0008719801247935293,0.05859375,0.03569883081967187,3.6667713648776883,2.9306092262268066,2.4026800791422525,6.522274328612134,0.8152842910765168,0.8599923820329133,5,5.4836273193359375e-06,0.00966342290242513,0.0066992441813151045,0.15729522705078125,393216,8.25,25165824,12976128,Qwen3-1.7B,model.layers.22.mlp.gate_proj.weight,mxfp8,gate_proj,22,bfloat16
12582912,6144,2048,18.768236022071978,0.013279337162768065,0.1875,0.03861335738548732,3.3912262180747805,2.932849566141764,2.4061606725056968,3.8399510334750437,0.9599877583687609,0.6610004445997743,5,0.08692351977030437,0.050558010737101235,0.01947927474975586,0.3942921956380208,393216,4.25,25165824,6684672,Qwen3-1.7B,model.layers.22.mlp.up_proj.weight,mxfp4,up_proj,22,bfloat16
12582912,6144,2048,30.577112925743588,0.0008755656345602211,0.0625,0.03861335738548732,3.3912262180747805,2.932849566141764,2.4061606725056968,6.517317872178852,0.8146647340223565,0.6610004445997743,5,6.198883056640625e-06,0.00872643788655599,0.005953629811604817,0.1492640177408854,393216,8.25,25165824,12976128,Qwen3-1.7B,model.layers.22.mlp.up_proj.weight,mxfp8,up_proj,22,bfloat16
2097152,1024,2048,18.655275876244573,0.013629264264831582,0.0615234375,0.03130172010918203,4.634259369183367,3.0605721473693848,2.445844888687134,3.8353815707049117,0.9588453926762279,1.397092140966642,5,0.09288692474365234,0.05299854278564453,0.022171497344970703,0.3860931396484375,65536,4.25,4194304,1114112,Qwen3-1.7B,model.layers.22.self_attn.k_proj.weight,mxfp4,k_proj,22,bfloat16
2097152,1024,2048,30.477610497790288,0.000895857533672659,0.0302734375,0.03130172010918203,4.634259369183367,3.0605721473693848,2.445844888687134,6.556936390350617,0.8196170487938271,1.397092140966642,5,8.106231689453125e-06,0.010616302490234375,0.007386207580566406,0.17449951171875,65536,8.25,4194304,2162688,Qwen3-1.7B,model.layers.22.self_attn.k_proj.weight,mxfp8,k_proj,22,bfloat16
4194304,2048,2048,18.78305378093583,0.013234106397863024,0.0625,0.032037905257523654,3.7312267821933225,2.8804702758789062,2.386157274246216,3.8437026991520002,0.9609256747880001,1.1079353532876666,6,0.08733463287353516,0.05434107780456543,0.02256488800048828,0.36817169189453125,131072,4.25,8388608,2228224,Qwen3-1.7B,model.layers.22.self_attn.o_proj.weight,mxfp4,o_proj,22,bfloat16
4194304,2048,2048,30.59817004040728,0.0008713306597855787,0.029296875,0.032037905257523654,3.7312267821933225,2.8804702758789062,2.386157274246216,6.527667627568172,0.8159584534460215,1.1079353532876666,6,8.106231689453125e-06,0.010790109634399414,0.007530927658081055,0.17064666748046875,131072,8.25,8388608,4325376,Qwen3-1.7B,model.layers.22.self_attn.o_proj.weight,mxfp8,o_proj,22,bfloat16
4194304,2048,2048,18.70115585210097,0.013486039109310273,0.0625,0.037314445969322096,6.2322145703018705,3.096378803253174,2.4620399475097656,3.83043833842255,0.9576095846056375,1.4574261619937738,5,0.09554743766784668,0.05199074745178223,0.02157735824584961,0.3907318115234375,131072,4.25,8388608,2228224,Qwen3-1.7B,model.layers.22.self_attn.q_proj.weight,mxfp4,q_proj,22,bfloat16
4194304,2048,2048,30.50870869686257,0.0008894655464798728,0.0302734375,0.037314445969322096,6.2322145703018705,3.096378803253174,2.4620399475097656,6.570592431570683,0.8213240539463353,1.4574261619937738,5,7.3909759521484375e-06,0.010205268859863281,0.00706934928894043,0.17083740234375,131072,8.25,8388608,4325376,Qwen3-1.7B,model.layers.22.self_attn.q_proj.weight,mxfp8,q_proj,22,bfloat16
2097152,1024,2048,18.61318740895983,0.013761990670802698,0.0615234375,0.035119578984993786,3.92831836346942,3.2442626953125,2.512826919555664,3.8148449880562585,0.9537112470140646,0.9035365563503975,4,0.10614824295043945,0.04805803298950195,0.019727230072021484,0.3843231201171875,65536,4.25,4194304,1114112,Qwen3-1.7B,model.layers.22.self_attn.v_proj.weight,mxfp4,v_proj,22,bfloat16
2097152,1024,2048,30.4915392664078,0.0008929889262975479,0.0302734375,0.035119578984993786,3.92831836346942,3.2442626953125,2.512826919555664,6.608760909871412,0.8260951137339265,0.9035365563503975,4,6.198883056640625e-06,0.009289741516113281,0.006446361541748047,0.157745361328125,65536,8.25,4194304,2162688,Qwen3-1.7B,model.layers.22.self_attn.v_proj.weight,mxfp8,v_proj,22,bfloat16
12582912,2048,6144,18.754414456765772,0.01332166641321098,0.22265625,0.038510628286510626,3.837076255345815,2.9359912872314453,2.4059133529663086,3.846756703655327,0.9616891759138317,0.9383902054207021,7,0.08506250381469727,0.05357511838277181,0.020641088485717773,0.4326833089192708,393216,4.25,25165824,6684672,Qwen3-1.7B,model.layers.23.mlp.down_proj.weight,mxfp4,down_proj,23,bfloat16
12582912,2048,6144,30.51430642245027,0.0008883198315632602,0.09765625,0.038510628286510626,3.837076255345815,2.9359912872314453,2.4059133529663086,6.512380991343219,0.8140476239179024,0.9383902054207021,7,5.0067901611328125e-06,0.009096304575602213,0.006171862284342448,0.16194915771484375,393216,8.25,25165824,12976128,Qwen3-1.7B,model.layers.23.mlp.down_proj.weight,mxfp8,down_proj,23,bfloat16
12582912,6144,2048,18.801715875718298,0.013177360048064309,0.1171875,0.03614373997677243,3.497076159884377,2.890573581059774,2.3890669345855713,3.838942519799033,0.9597356299497583,0.7714278496187592,5,0.0862877368927002,0.05016374588012695,0.019847631454467773,0.36196645100911456,393216,4.25,25165824,6684672,Qwen3-1.7B,model.layers.23.mlp.gate_proj.weight,mxfp4,gate_proj,23,bfloat16
12582912,6144,2048,30.644078525592164,0.0008621684919030793,0.048828125,0.03614373997677243,3.497076159884377,2.890573581059774,2.3890669345855713,6.5128273435501916,0.8141034179437739,0.7714278496187592,5,4.132588704427083e-06,0.009125789006551107,0.0062999725341796875,0.147430419921875,393216,8.25,25165824,12976128,Qwen3-1.7B,model.layers.23.mlp.gate_proj.weight,mxfp8,gate_proj,23,bfloat16
12582912,6144,2048,18.79364750971402,0.013201863833034382,0.103515625,0.0387412370751213,3.2922584071923113,2.9026989936828613,2.3948468367258706,3.8413477118172863,0.9603369279543216,0.6262591267823502,5,0.08585548400878906,0.050685882568359375,0.019324064254760742,0.3953043619791667,393216,4.25,25165824,6684672,Qwen3-1.7B,model.layers.23.mlp.up_proj.weight,mxfp4,up_proj,23,bfloat16
12582912,6144,2048,30.594650391631028,0.0008720370977112335,0.041015625,0.0387412370751213,3.2922584071923113,2.9026989936828613,2.3948468367258706,6.510128753373145,0.8137660941716431,0.6262591267823502,5,5.0067901611328125e-06,0.008559385935465494,0.005825599034627278,0.1467259724934896,393216,8.25,25165824,12976128,Qwen3-1.7B,model.layers.23.mlp.up_proj.weight,mxfp8,up_proj,23,bfloat16
2097152,1024,2048,18.597939875299915,0.013810392207282682,0.0625,0.030881583847504602,4.660492980659543,3.13559627532959,2.4657416343688965,3.832133969094938,0.9580334922737345,1.2638803039676996,5,0.09516143798828125,0.05266714096069336,0.02215862274169922,0.3832550048828125,65536,4.25,4194304,1114112,Qwen3-1.7B,model.layers.23.self_attn.k_proj.weight,mxfp4,k_proj,23,bfloat16
2097152,1024,2048,30.473726206766262,0.0008966591390635075,0.0302734375,0.030881583847504602,4.660492980659543,3.13559627532959,2.4657416343688965,6.56867086067693,0.8210838575846162,1.2638803039676996,5,7.152557373046875e-06,0.010708808898925781,0.007419586181640625,0.175140380859375,65536,8.25,4194304,2162688,Qwen3-1.7B,model.layers.23.self_attn.k_proj.weight,mxfp8,k_proj,23,bfloat16
4194304,2048,2048,18.792687403748662,0.013204782725610651,0.0615234375,0.03228748948884956,3.6187860632076587,2.8919789791107178,2.3922643661499023,3.839308205743809,0.9598270514359523,1.059441369410279,5,0.08803844451904297,0.0522923469543457,0.02174997329711914,0.3519134521484375,131072,4.25,8388608,2228224,Qwen3-1.7B,model.layers.23.self_attn.o_proj.weight,mxfp4,o_proj,23,bfloat16
4194304,2048,2048,30.62126329812688,0.0008667097261036531,0.0302734375,0.03228748948884956,3.6187860632076587,2.8919789791107178,2.3922643661499023,6.527876335584603,0.8159845419480753,1.059441369410279,5,7.3909759521484375e-06,0.010437965393066406,0.007323741912841797,0.16385650634765625,131072,8.25,8388608,4325376,Qwen3-1.7B,model.layers.23.self_attn.o_proj.weight,mxfp8,o_proj,23,bfloat16
4194304,2048,2048,18.68117082820611,0.01354824111801983,0.068359375,0.034872087133207455,5.954743256814965,3.1226940155029297,2.4672718048095703,3.8286748101972305,0.9571687025493076,1.2379878340601267,5,0.09610986709594727,0.05105781555175781,0.021218299865722656,0.380157470703125,131072,4.25,8388608,2228224,Qwen3-1.7B,model.layers.23.self_attn.q_proj.weight,mxfp4,q_proj,23,bfloat16
4194304,2048,2048,30.518907115623,0.0008873792893276662,0.0302734375,0.034872087133207455,5.954743256814965,3.1226940155029297,2.4672718048095703,6.570709412470156,0.8213386765587695,1.2379878340601267,5,5.0067901611328125e-06,0.010108709335327148,0.0070264339447021484,0.16767120361328125,131072,8.25,8388608,4325376,Qwen3-1.7B,model.layers.23.self_attn.q_proj.weight,mxfp8,q_proj,23,bfloat16
2097152,1024,2048,18.61694558914573,0.013750086842589368,0.0615234375,0.03449235682807738,3.9321456782452646,3.288658618927002,2.5240821838378906,3.805454736320058,0.9513636840800145,0.8376189448803834,4,0.10783767700195312,0.04585981369018555,0.018915176391601562,0.3525848388671875,65536,4.25,4194304,1114112,Qwen3-1.7B,model.layers.23.self_attn.v_proj.weight,mxfp4,v_proj,23,bfloat16
2097152,1024,2048,30.525142171541138,0.0008861062154280875,0.0302734375,0.03449235682807738,3.9321456782452646,3.288658618927002,2.5240821838378906,6.615513665042737,0.8269392081303422,0.8376189448803834,4,4.76837158203125e-06,0.009003162384033203,0.006310939788818359,0.1486968994140625,65536,8.25,4194304,2162688,Qwen3-1.7B,model.layers.23.self_attn.v_proj.weight,mxfp8,v_proj,23,bfloat16
12582912,2048,6144,18.750989565068213,0.013332176162150601,0.21484375,0.03863804000121605,3.7479500664530225,2.9259204864501953,2.4028107325236,3.8478886447714333,0.9619721611928583,0.9202857899574162,7,0.08472402890523274,0.05415836970011393,0.0209197203318278,0.4364217122395833,393216,4.25,25165824,6684672,Qwen3-1.7B,model.layers.24.mlp.down_proj.weight,mxfp4,down_proj,24,bfloat16
12582912,2048,6144,30.50793022297534,0.0008896249976801123,0.08984375,0.03863804000121605,3.7479500664530225,2.9259204864501953,2.4028107325236,6.510959450193673,0.8138699312742091,0.9202857899574162,7,6.9141387939453125e-06,0.009287357330322266,0.006302436192830403,0.16571044921875,393216,8.25,25165824,12976128,Qwen3-1.7B,model.layers.24.mlp.down_proj.weight,mxfp8,down_proj,24,bfloat16
12582912,6144,2048,18.813338898877234,0.013142140629437082,0.123046875,0.03575233265983484,3.5490653054242562,2.88930336634318,2.3880136807759604,3.8369621558846756,0.9592405389711689,0.7442367940239878,5,0.08639025688171387,0.0494085947672526,0.01955238978068034,0.3497670491536458,393216,4.25,25165824,6684672,Qwen3-1.7B,model.layers.24.mlp.gate_proj.weight,mxfp4,gate_proj,24,bfloat16
12582912,6144,2048,30.67764229356363,0.0008555310392115379,0.060546875,0.03575233265983484,3.5490653054242562,2.88930336634318,2.3880136807759604,6.512685011432644,0.8140856264290806,0.7442367940239878,5,4.450480143229167e-06,0.009029865264892578,0.006253242492675781,0.14333089192708334,393216,8.25,25165824,12976128,Qwen3-1.7B,model.layers.24.mlp.gate_proj.weight,mxfp8,gate_proj,24,bfloat16
12582912,6144,2048,18.79685355819516,0.013192121550270898,0.076171875,0.03892885333021149,3.2510512944806633,2.8953744570414224,2.3920448621114097,3.8422648130987476,0.9605662032746869,0.6131059409448004,5,0.08558011054992676,0.050937811533610024,0.019308090209960938,0.39935557047526044,393216,4.25,25165824,6684672,Qwen3-1.7B,model.layers.24.mlp.up_proj.weight,mxfp4,up_proj,24,bfloat16
12582912,6144,2048,30.596846439195797,0.0008715962560866653,0.0302734375,0.03892885333021149,3.2510512944806633,2.8953744570414224,2.3920448621114097,6.508431048615618,0.8135538810769523,0.6131059409448004,5,5.6425730387369794e-06,0.008516947428385416,0.00577235221862793,0.14633941650390625,393216,8.25,25165824,12976128,Qwen3-1.7B,model.layers.24.mlp.up_proj.weight,mxfp8,up_proj,24,bfloat16
2097152,1024,2048,18.59598904586975,0.013816597160979539,0.0615234375,0.030846373317976107,4.869706694344731,3.180433750152588,2.478610038757324,3.8335446050953523,0.9583861512738381,1.4025367180972352,5,0.09550762176513672,0.05359649658203125,0.022519588470458984,0.4013214111328125,65536,4.25,4194304,1114112,Qwen3-1.7B,model.layers.24.self_attn.k_proj.weight,mxfp4,k_proj,24,bfloat16
2097152,1024,2048,30.440382170368988,0.0009035699578931405,0.0302734375,0.030846373317976107,4.869706694344731,3.180433750152588,2.478610038757324,6.5712001725586635,0.8214000215698329,1.4025367180972352,5,6.198883056640625e-06,0.010773181915283203,0.0075359344482421875,0.1816253662109375,65536,8.25,4194304,2162688,Qwen3-1.7B,model.layers.24.self_attn.k_proj.weight,mxfp8,k_proj,24,bfloat16
4194304,2048,2048,18.824630184234906,0.013108016566045893,0.0615234375,0.032983911765824415,3.4795050358778665,2.8917975425720215,2.391860008239746,3.8353360137054087,0.9588340034263522,1.002079079965394,6,0.08764123916625977,0.049752235412597656,0.020117759704589844,0.3391876220703125,131072,4.25,8388608,2228224,Qwen3-1.7B,model.layers.24.self_attn.o_proj.weight,mxfp4,o_proj,24,bfloat16
4194304,2048,2048,30.68201677899549,0.0008546697287385558,0.0302734375,0.032983911765824415,3.4795050358778665,2.8917975425720215,2.391860008239746,6.521539472281708,0.8151924340352135,1.002079079965394,6,3.814697265625e-06,0.00955510139465332,0.006654024124145508,0.148345947265625,131072,8.25,8388608,4325376,Qwen3-1.7B,model.layers.24.self_attn.o_proj.weight,mxfp8,o_proj,24,bfloat16
4194304,2048,2048,18.63943129497011,0.013679079402808509,0.0625,0.03644862890231296,6.469273944267074,3.2100319862365723,2.4933507442474365,3.8268027942407987,0.9567006985601997,1.3826934209148698,5,0.09830856323242188,0.05173301696777344,0.021619319915771484,0.3960418701171875,131072,4.25,8388608,2228224,Qwen3-1.7B,model.layers.24.self_attn.q_proj.weight,mxfp4,q_proj,24,bfloat16
4194304,2048,2048,30.481102242762375,0.0008951375501128223,0.0302734375,0.03644862890231296,6.469273944267074,3.2100319862365723,2.4933507442474365,6.583415707613995,0.8229269634517494,1.3826934209148698,5,5.7220458984375e-06,0.010260343551635742,0.007173061370849609,0.17383575439453125,131072,8.25,8388608,4325376,Qwen3-1.7B,model.layers.24.self_attn.q_proj.weight,mxfp8,q_proj,24,bfloat16
2097152,1024,2048,18.667845013478267,0.013589876143794857,0.05078125,0.03472022195276517,3.65687395009319,3.2254109382629395,2.5028257369995117,3.8084757226806185,0.9521189306701546,0.7472703700529867,4,0.10948657989501953,0.046291351318359375,0.018842697143554688,0.3565826416015625,65536,4.25,4194304,1114112,Qwen3-1.7B,model.layers.24.self_attn.v_proj.weight,mxfp4,v_proj,24,bfloat16
2097152,1024,2048,30.585029828409276,0.0008739709899230457,0.01953125,0.03472022195276517,3.65687395009319,3.2254109382629395,2.5028257369995117,6.619489738074109,0.8274362172592636,0.7472703700529867,4,5.7220458984375e-06,0.008880615234375,0.006134033203125,0.145111083984375,65536,8.25,4194304,2162688,Qwen3-1.7B,model.layers.24.self_attn.v_proj.weight,mxfp8,v_proj,24,bfloat16
12582912,2048,6144,18.772604263259623,0.013265987192385816,0.171875,0.03832425439737223,3.551909498015776,2.9261678059895835,2.4033255577087402,3.8447633450696324,0.9611908362674081,0.8022398154061001,6,0.08532182375590007,0.05256303151448568,0.020194530487060547,0.41899363199869794,393216,4.25,25165824,6684672,Qwen3-1.7B,model.layers.25.mlp.down_proj.weight,mxfp4,down_proj,25,bfloat16
12582912,2048,6144,30.564067119602996,0.0008781997073398335,0.048828125,0.03832425439737223,3.551909498015776,2.9261678059895835,2.4033255577087402,6.511876490156049,0.8139845612695061,0.8022398154061001,6,5.880991617838542e-06,0.008960247039794922,0.006068865458170573,0.15703328450520834,393216,8.25,25165824,12976128,Qwen3-1.7B,model.layers.25.mlp.down_proj.weight,mxfp8,down_proj,25,bfloat16
12582912,6144,2048,18.805208598525898,0.013166766691346256,0.12109375,0.03522720450650802,3.5476902742397445,2.891315142313639,2.3894995848337808,3.835566766228572,0.958891691557143,0.7684096796889338,5,0.0870210329691569,0.0491175651550293,0.01966436703999837,0.3405507405598958,393216,4.25,25165824,6684672,Qwen3-1.7B,model.layers.25.mlp.gate_proj.weight,mxfp4,gate_proj,25,bfloat16
12582912,6144,2048,30.671617850752444,0.0008567186376075773,0.052734375,0.03522720450650802,3.5476902742397445,2.891315142313639,2.3894995848337808,6.515546384499076,0.8144432980623845,0.7684096796889338,5,5.6425730387369794e-06,0.00922099749247233,0.006410678227742513,0.1444218953450521,393216,8.25,25165824,12976128,Qwen3-1.7B,model.layers.25.mlp.gate_proj.weight,mxfp8,gate_proj,25,bfloat16
12582912,6144,2048,18.796424813854603,0.013193423967613915,0.12109375,0.039009204408990056,3.3867319095631943,2.8974782625834146,2.3924190998077393,3.8427927040132244,0.9606981760033061,0.6118368825987524,5,0.08553965886433919,0.051193952560424805,0.019441763559977215,0.40308888753255206,393216,4.25,25165824,6684672,Qwen3-1.7B,model.layers.25.mlp.up_proj.weight,mxfp4,up_proj,25,bfloat16
12582912,6144,2048,30.60061618908465,0.0008708400239867395,0.056640625,0.039009204408990056,3.3867319095631943,2.8974782625834146,2.3924190998077393,6.508985253276215,0.8136231566595269,0.6118368825987524,5,6.1194101969401044e-06,0.00852640469868978,0.005773067474365234,0.1472142537434896,393216,8.25,25165824,12976128,Qwen3-1.7B,model.layers.25.mlp.up_proj.weight,mxfp8,up_proj,25,bfloat16
2097152,1024,2048,18.60200130206466,0.013797483068430698,0.0625,0.02973763982889578,4.586742653908691,3.160454273223877,2.47694730758667,3.832654359188307,0.9581635897970767,1.3734066192143557,5,0.09571075439453125,0.053499698638916016,0.022564411163330078,0.3980255126953125,65536,4.25,4194304,1114112,Qwen3-1.7B,model.layers.25.self_attn.k_proj.weight,mxfp4,k_proj,25,bfloat16
2097152,1024,2048,30.44853278995356,0.000901875773689486,0.025390625,0.02973763982889578,4.586742653908691,3.160454273223877,2.47694730758667,6.572176297923769,0.8215220372404711,1.3734066192143557,5,7.152557373046875e-06,0.010856151580810547,0.007604122161865234,0.182464599609375,65536,8.25,4194304,2162688,Qwen3-1.7B,model.layers.25.self_attn.k_proj.weight,mxfp8,k_proj,25,bfloat16
4194304,2048,2048,18.798417043173956,0.013187373165820951,0.0615234375,0.034611735271523704,3.5351072240103565,2.883746862411499,2.3881561756134033,3.8426052417789243,0.9606513104447311,0.9883182549756561,5,0.0862729549407959,0.05248284339904785,0.021064043045043945,0.37886810302734375,131072,4.25,8388608,2228224,Qwen3-1.7B,model.layers.25.self_attn.o_proj.weight,mxfp4,o_proj,25,bfloat16
4194304,2048,2048,30.612736050552275,0.0008684131575613942,0.0302734375,0.034611735271523704,3.5351072240103565,2.883746862411499,2.3881561756134033,6.518354317471875,0.8147942896839844,0.9883182549756561,5,5.9604644775390625e-06,0.009730339050292969,0.006734609603881836,0.15944671630859375,131072,8.25,8388608,4325376,Qwen3-1.7B,model.layers.25.self_attn.o_proj.weight,mxfp8,o_proj,25,bfloat16
4194304,2048,2048,18.62528265839838,0.01372371637976957,0.103515625,0.035380574961484404,6.024639687171848,3.1983535289764404,2.4879631996154785,3.8278214785793208,0.9569553696448302,1.4425327087861761,6,0.09903764724731445,0.05244159698486328,0.02209615707397461,0.3982696533203125,131072,4.25,8388608,2228224,Qwen3-1.7B,model.layers.25.self_attn.q_proj.weight,mxfp4,q_proj,25,bfloat16
4194304,2048,2048,30.45537555270673,0.0009004558931750681,0.041015625,0.035380574961484404,6.024639687171848,3.1983535289764404,2.4879631996154785,6.58792114819056,0.82349014352382,1.4425327087861761,6,7.62939453125e-06,0.010605335235595703,0.007402181625366211,0.17901611328125,131072,8.25,8388608,4325376,Qwen3-1.7B,model.layers.25.self_attn.q_proj.weight,mxfp8,q_proj,25,bfloat16
2097152,1024,2048,18.633992844515607,0.013696219752834091,0.0615234375,0.038408610506416634,3.6365164227456184,3.171656847000122,2.483994960784912,3.8202966137724106,0.9550741534431026,0.714031376801679,3,0.108367919921875,0.049662113189697266,0.019608497619628906,0.4011077880859375,65536,4.25,4194304,1114112,Qwen3-1.7B,model.layers.25.self_attn.v_proj.weight,mxfp4,v_proj,25,bfloat16
2097152,1024,2048,30.474996315840137,0.000896396946371366,0.0302734375,0.038408610506416634,3.6365164227456184,3.171656847000122,2.483994960784912,6.616604147816075,0.8270755184770093,0.714031376801679,3,6.198883056640625e-06,0.008984088897705078,0.006185054779052734,0.156280517578125,65536,8.25,4194304,2162688,Qwen3-1.7B,model.layers.25.self_attn.v_proj.weight,mxfp8,v_proj,25,bfloat16
12582912,2048,6144,18.804454710291928,0.013169052497981636,0.1796875,0.037655268121451854,3.5720699602176325,2.9415114720662436,2.4091482162475586,3.8336835398647757,0.9584208849661939,0.6449738297407364,8,0.08709804217020671,0.047461509704589844,0.018047253290812176,0.3681437174479167,393216,4.25,25165824,6684672,Qwen3-1.7B,model.layers.26.mlp.down_proj.weight,mxfp4,down_proj,26,bfloat16
12582912,2048,6144,30.66180055313112,0.0008586574546039218,0.0546875,0.037655268121451854,3.5720699602176325,2.9415114720662436,2.4091482162475586,6.5137052354153635,0.8142131544269204,0.6449738297407364,8,4.76837158203125e-06,0.00801690419514974,0.00545954704284668,0.13392130533854166,393216,8.25,25165824,12976128,Qwen3-1.7B,model.layers.26.mlp.down_proj.weight,mxfp8,down_proj,26,bfloat16
12582912,6144,2048,18.80165592283541,0.013177541958314084,0.123046875,0.03493678281462517,3.5540397748015358,2.904038111368815,2.394019444783529,3.834050146984923,0.9585125367462307,0.776765745039533,5,0.08760444323221843,0.04874849319458008,0.019596417744954426,0.3357086181640625,393216,4.25,25165824,6684672,Qwen3-1.7B,model.layers.26.mlp.gate_proj.weight,mxfp4,gate_proj,26,bfloat16
12582912,6144,2048,30.66985471320388,0.0008570665166435823,0.060546875,0.03493678281462517,3.5540397748015358,2.904038111368815,2.394019444783529,6.5183859846361125,0.8147982480795141,0.776765745039533,5,5.0067901611328125e-06,0.00919953982035319,0.006419976552327474,0.14397176106770834,393216,8.25,25165824,12976128,Qwen3-1.7B,model.layers.26.mlp.gate_proj.weight,mxfp8,gate_proj,26,bfloat16
12582912,6144,2048,18.79541756841696,0.013196484231515707,0.115234375,0.0387712203417767,3.2757569717364303,2.899059772491455,2.393046220143636,3.8422564618304214,0.9605641154576053,0.6421427265447677,6,0.0861666997273763,0.05111996332804362,0.019407351811726887,0.39855702718098956,393216,4.25,25165824,6684672,Qwen3-1.7B,model.layers.26.mlp.up_proj.weight,mxfp4,up_proj,26,bfloat16
12582912,6144,2048,30.596458023977966,0.0008716742115761081,0.052734375,0.0387712203417767,3.2757569717364303,2.899059772491455,2.393046220143636,6.5120667082038945,0.8140083385254868,0.6421427265447677,6,4.609425862630208e-06,0.008588631947835287,0.005824724833170573,0.1473515828450521,393216,8.25,25165824,12976128,Qwen3-1.7B,model.layers.26.mlp.up_proj.weight,mxfp8,up_proj,26,bfloat16
2097152,1024,2048,18.614481319001435,0.013757891119390875,0.060546875,0.028923206736365496,4.463578474172708,3.1229984760284424,2.46419620513916,3.838010992930973,0.9595027482327433,1.3794529972104077,5,0.09373903274536133,0.05545377731323242,0.023709774017333984,0.4048919677734375,65536,4.25,4194304,1114112,Qwen3-1.7B,model.layers.26.self_attn.k_proj.weight,mxfp4,k_proj,26,bfloat16
2097152,1024,2048,30.42887680185292,0.000905966877128988,0.0244140625,0.028923206736365496,4.463578474172708,3.1229984760284424,2.46419620513916,6.564881096905433,0.8206101371131791,1.3794529972104077,5,4.76837158203125e-06,0.01143789291381836,0.007976055145263672,0.1905517578125,65536,8.25,4194304,2162688,Qwen3-1.7B,model.layers.26.self_attn.k_proj.weight,mxfp8,k_proj,26,bfloat16
4194304,2048,2048,18.819939924847162,0.013122180505633739,0.12109375,0.03444341176891317,5.0766495820032835,2.8901138305664062,2.389814853668213,3.839996666240322,0.9599991665600806,1.1853207548420088,7,0.08664178848266602,0.0512082576751709,0.020444154739379883,0.36602020263671875,131072,4.25,8388608,2228224,Qwen3-1.7B,model.layers.26.self_attn.o_proj.weight,mxfp4,o_proj,26,bfloat16
4194304,2048,2048,30.676822947120733,0.0008556924601990823,0.05859375,0.03444341176891317,5.0766495820032835,2.8901138305664062,2.389814853668213,6.5183418960773265,0.8147927370096658,1.1853207548420088,7,5.7220458984375e-06,0.009404420852661133,0.006522417068481445,0.15166473388671875,131072,8.25,8388608,4325376,Qwen3-1.7B,model.layers.26.self_attn.o_proj.weight,mxfp8,o_proj,26,bfloat16
4194304,2048,2048,18.635757189106364,0.013690656720293732,0.0625,0.03833454251865769,5.811754956441023,3.1990880966186523,2.485236644744873,3.8289674860612233,0.9572418715153058,1.6567008654183726,6,0.10119938850402832,0.053644657135009766,0.02252507209777832,0.4045867919921875,131072,4.25,8388608,2228224,Qwen3-1.7B,model.layers.26.self_attn.q_proj.weight,mxfp4,q_proj,26,bfloat16
4194304,2048,2048,30.474791367941823,0.0008964392492356155,0.0302734375,0.03833454251865769,5.811754956441023,3.1990880966186523,2.485236644744873,6.597536750426378,0.8246920938032972,1.6567008654183726,6,6.4373016357421875e-06,0.010740041732788086,0.007521390914916992,0.181915283203125,131072,8.25,8388608,4325376,Qwen3-1.7B,model.layers.26.self_attn.q_proj.weight,mxfp8,q_proj,26,bfloat16
2097152,1024,2048,18.69519110450662,0.013504574017779214,0.056640625,0.03730904044474111,3.5263275171159347,3.0648841857910156,2.4510140419006348,3.83490471153495,0.9587261778837375,0.8352225896971766,4,0.09838533401489258,0.05315065383911133,0.021546363830566406,0.4161834716796875,65536,4.25,4194304,1114112,Qwen3-1.7B,model.layers.26.self_attn.v_proj.weight,mxfp4,v_proj,26,bfloat16
2097152,1024,2048,30.472921384882255,0.0008968253207211009,0.021484375,0.03730904044474111,3.5263275171159347,3.0648841857910156,2.4510140419006348,6.57919364982935,0.8223992062286688,0.8352225896971766,4,5.7220458984375e-06,0.009862899780273438,0.006811618804931641,0.1709747314453125,65536,8.25,4194304,2162688,Qwen3-1.7B,model.layers.26.self_attn.v_proj.weight,mxfp8,v_proj,26,bfloat16
12582912,2048,6144,18.703714962284813,0.013478094708640831,0.24609375,0.03495558452649693,4.444008807498096,3.105675379435221,2.4695987701416016,3.815693677649536,0.953923419412384,0.6954635373704445,5,0.09534112612406413,0.04454676310221354,0.01807848612467448,0.33229827880859375,393216,4.25,25165824,6684672,Qwen3-1.7B,model.layers.27.mlp.down_proj.weight,mxfp4,down_proj,27,bfloat16
12582912,2048,6144,30.60096752139532,0.0008707695782694899,0.12109375,0.03495558452649693,4.444008807498096,3.105675379435221,2.4695987701416016,6.553816684522941,0.8192270855653676,0.6954635373704445,5,6.1194101969401044e-06,0.008544683456420898,0.005965630213419597,0.1363042195638021,393216,8.25,25165824,12976128,Qwen3-1.7B,model.layers.27.mlp.down_proj.weight,mxfp8,down_proj,27,bfloat16
12582912,6144,2048,18.785862670821306,0.013225549731708884,0.123046875,0.03696713878789028,3.905988285774929,2.883495251337687,2.386528968811035,3.8403015249738366,0.9600753812434591,0.8015193200528542,5,0.08614484469095866,0.05068683624267578,0.019936005274454754,0.36792755126953125,393216,4.25,25165824,6684672,Qwen3-1.7B,model.layers.27.mlp.gate_proj.weight,mxfp4,gate_proj,27,bfloat16
12582912,6144,2048,30.62004231060841,0.0008669534295293839,0.060546875,0.03696713878789028,3.905988285774929,2.883495251337687,2.386528968811035,6.512750106587143,0.8140937633233929,0.8015193200528542,5,5.6425730387369794e-06,0.009161154429117838,0.006306807200113933,0.14843241373697916,393216,8.25,25165824,12976128,Qwen3-1.7B,model.layers.27.mlp.gate_proj.weight,mxfp8,gate_proj,27,bfloat16
12582912,6144,2048,18.787475017444404,0.013220640571344663,0.103515625,0.03822172749378112,3.478883035609981,2.884881337483724,2.3869107564290366,3.842845419049117,0.9607113547622792,0.7517875174866362,6,0.08676783243815105,0.05181495348612467,0.02017815907796224,0.39096323649088544,393216,4.25,25165824,6684672,Qwen3-1.7B,model.layers.27.mlp.up_proj.weight,mxfp4,up_proj,27,bfloat16
12582912,6144,2048,30.575869714694775,0.0008758163097886403,0.0546875,0.03822172749378112,3.478883035609981,2.884881337483724,2.3869107564290366,6.516881925431181,0.8146102406788976,0.7517875174866362,6,5.245208740234375e-06,0.009149789810180664,0.006259600321451823,0.1529261271158854,393216,8.25,25165824,12976128,Qwen3-1.7B,model.layers.27.mlp.up_proj.weight,mxfp8,up_proj,27,bfloat16
2097152,1024,2048,18.76873817419885,0.013277801830825085,0.140625,0.0334575003954613,6.616007393157194,2.900846004486084,2.3944602012634277,3.8383092145948416,0.9595773036487104,0.9725382995986057,6,0.08815145492553711,0.05194282531738281,0.021810531616210938,0.3480224609375,65536,4.25,4194304,1114112,Qwen3-1.7B,model.layers.27.self_attn.k_proj.weight,mxfp4,k_proj,27,bfloat16
2097152,1024,2048,30.617251106135065,0.0008675107983593865,0.0302734375,0.0334575003954613,6.616007393157194,2.900846004486084,2.3944602012634277,6.528323490847917,0.8160404363559897,0.9725382995986057,6,9.059906005859375e-06,0.010457992553710938,0.007359027862548828,0.1647186279296875,65536,8.25,4194304,2162688,Qwen3-1.7B,model.layers.27.self_attn.k_proj.weight,mxfp8,k_proj,27,bfloat16
4194304,2048,2048,18.84277563213472,0.013053363641504416,0.1171875,0.03473305971835981,3.6339047361561865,2.8630571365356445,2.3789994716644287,3.835595251934099,0.9588988129835248,0.792123864226584,7,0.08685970306396484,0.0491178035736084,0.019604921340942383,0.33155059814453125,131072,4.25,8388608,2228224,Qwen3-1.7B,model.layers.27.self_attn.o_proj.weight,mxfp4,o_proj,27,bfloat16
4194304,2048,2048,30.71450206630638,0.0008483006374886952,0.0546875,0.03473305971835981,3.6339047361561865,2.8630571365356445,2.3789994716644287,6.515791632895013,0.8144739541118766,0.792123864226584,7,6.67572021484375e-06,0.009203910827636719,0.006421089172363281,0.14310455322265625,131072,8.25,8388608,4325376,Qwen3-1.7B,model.layers.27.self_attn.o_proj.weight,mxfp8,o_proj,27,bfloat16
4194304,2048,2048,18.80579362162233,0.013164993161137837,0.0625,0.035059992488702445,4.454347751666957,2.916123628616333,2.3996853828430176,3.8354151214138716,0.9588537803534679,1.021059558496024,6,0.08781194686889648,0.05005359649658203,0.020330429077148438,0.34513092041015625,131072,4.25,8388608,2228224,Qwen3-1.7B,model.layers.27.self_attn.q_proj.weight,mxfp4,q_proj,27,bfloat16
4194304,2048,2048,30.673293857614922,0.0008563880809575998,0.0302734375,0.035059992488702445,4.454347751666957,2.916123628616333,2.3996853828430176,6.523543537917539,0.8154429422396924,1.021059558496024,6,6.67572021484375e-06,0.009580135345458984,0.006685733795166016,0.15119171142578125,131072,8.25,8388608,4325376,Qwen3-1.7B,model.layers.27.self_attn.q_proj.weight,mxfp8,q_proj,27,bfloat16
2097152,1024,2048,18.79362732317995,0.013201925197040722,0.046875,0.03717861805259671,3.29873955631649,2.9820380210876465,2.422802448272705,3.8317573723462206,0.9579393430865552,0.6374705519343835,4,0.09243535995483398,0.04822397232055664,0.018437862396240234,0.37750244140625,65536,4.25,4194304,1114112,Qwen3-1.7B,model.layers.27.self_attn.v_proj.weight,mxfp4,v_proj,27,bfloat16
2097152,1024,2048,30.655659702130727,0.0008598724405993245,0.015625,0.03717861805259671,3.29873955631649,2.9820380210876465,2.422802448272705,6.543347535240812,0.8179184419051015,0.6374705519343835,4,5.7220458984375e-06,0.008198738098144531,0.0054988861083984375,0.1367034912109375,65536,8.25,4194304,2162688,Qwen3-1.7B,model.layers.27.self_attn.v_proj.weight,mxfp8,v_proj,27,bfloat16
12582912,2048,6144,18.70894624424054,0.013461869481589974,0.09375,0.03041349846308483,3.3856856738926595,3.0103206634521484,2.4358348846435547,3.827216847382258,0.9568042118455645,0.8921378469768916,5,0.09327419598897298,0.05117479960123698,0.022600253423055012,0.32340749104817706,393216,4.25,25165824,6684672,Qwen3-1.7B,model.layers.3.mlp.down_proj.weight,mxfp4,down_proj,3,bfloat16
12582912,2048,6144,30.58286084660658,0.0008744075832242014,0.03125,0.03041349846308483,3.3856856738926595,3.0103206634521484,2.4358348846435547,6.556038858229405,0.8195048572786756,0.8921378469768916,5,5.245208740234375e-06,0.011313199996948242,0.008048295974731445,0.1704839070638021,393216,8.25,25165824,12976128,Qwen3-1.7B,model.layers.3.mlp.down_proj.weight,mxfp8,down_proj,3,bfloat16
12582912,6144,2048,18.61986418849435,0.013740849443881532,0.087890625,0.04577514985903084,3.2984444830741153,2.884331464767456,2.3871142069498696,3.8658877964304112,0.9664719491076028,1.0271841706265203,5,0.08408768971761067,0.06698401769002278,0.028397639592488606,0.5022125244140625,393216,4.25,25165824,6684672,Qwen3-1.7B,model.layers.3.mlp.gate_proj.weight,mxfp4,gate_proj,3,bfloat16
12582912,6144,2048,30.23032085025349,0.0009483483981546203,0.03125,0.04577514985903084,3.2984444830741153,2.884331464767456,2.3871142069498696,6.525583408162569,0.8156979260203211,1.0271841706265203,5,5.4836273193359375e-06,0.013314644495646158,0.00918277104695638,0.23363749186197916,393216,8.25,25165824,12976128,Qwen3-1.7B,model.layers.3.mlp.gate_proj.weight,mxfp8,gate_proj,3,bfloat16
12582912,6144,2048,18.712206431777716,0.013451767637812027,0.08984375,0.030234589441452384,3.3364257210869948,2.9146090348561606,2.39839235941569,3.8395567617817115,0.9598891904454279,0.9511992577352518,4,0.09093801180521648,0.055253187815348305,0.024440924326578777,0.34642283121744794,393216,4.25,25165824,6684672,Qwen3-1.7B,model.layers.3.mlp.up_proj.weight,mxfp4,up_proj,3,bfloat16
12582912,6144,2048,30.52884015028779,0.000885352025034129,0.0302734375,0.030234589441452384,3.3364257210869948,2.9146090348561606,2.39839235941569,6.548060814044346,0.8185076017555433,0.9511992577352518,4,5.4836273193359375e-06,0.012195984522501627,0.008673508961995443,0.1868464152018229,393216,8.25,25165824,12976128,Qwen3-1.7B,model.layers.3.mlp.up_proj.weight,mxfp8,up_proj,3,bfloat16
2097152,1024,2048,18.632159547051387,0.013702002590619693,0.119140625,0.034120876942618866,6.1304224812781785,3.015592098236084,2.4314258098602295,3.836542374635023,0.9591355936587558,1.3857337065612474,6,0.09065914154052734,0.05197477340698242,0.021556377410888672,0.3740234375,65536,4.25,4194304,1114112,Qwen3-1.7B,model.layers.3.self_attn.k_proj.weight,mxfp4,k_proj,3,bfloat16
2097152,1024,2048,30.495607815348976,0.0008921527499186056,0.056640625,0.034120876942618866,6.1304224812781785,3.015592098236084,2.4314258098602295,6.542515081925046,0.8178143852406308,1.3857337065612474,6,6.67572021484375e-06,0.010287761688232422,0.007157802581787109,0.16802978515625,65536,8.25,4194304,2162688,Qwen3-1.7B,model.layers.3.self_attn.k_proj.weight,mxfp8,k_proj,3,bfloat16
4194304,2048,2048,18.796820501652757,0.013192221963148162,0.0625,0.0334366795570666,3.797025831306138,2.866863250732422,2.3822202682495117,3.8393765237136193,0.9598441309284048,0.9835341307860966,4,0.08691859245300293,0.05207943916320801,0.021732807159423828,0.3443603515625,131072,4.25,8388608,2228224,Qwen3-1.7B,model.layers.3.self_attn.o_proj.weight,mxfp4,o_proj,3,bfloat16
4194304,2048,2048,30.635060566041183,0.0008639606119384242,0.0302734375,0.0334366795570666,3.797025831306138,2.866863250732422,2.3822202682495117,6.521479458703602,0.8151849323379502,0.9835341307860966,4,4.0531158447265625e-06,0.010408878326416016,0.00730133056640625,0.16114044189453125,131072,8.25,8388608,4325376,Qwen3-1.7B,model.layers.3.self_attn.o_proj.weight,mxfp8,o_proj,3,bfloat16
4194304,2048,2048,18.720129428294538,0.013427249446982165,0.109375,0.03474806378211755,5.20672633362621,3.023592472076416,2.436206817626953,3.8354737599598945,0.9588684399899736,1.1951816299829197,6,0.09023666381835938,0.051479339599609375,0.02126145362854004,0.37432861328125,131072,4.25,8388608,2228224,Qwen3-1.7B,model.layers.3.self_attn.q_proj.weight,mxfp4,q_proj,3,bfloat16
4194304,2048,2048,30.54217003872924,0.0008826387622090323,0.033203125,0.03474806378211755,5.20672633362621,3.023592472076416,2.436206817626953,6.540385554797033,0.8175481943496291,1.1951816299829197,6,5.4836273193359375e-06,0.010093212127685547,0.007050514221191406,0.165618896484375,131072,8.25,8388608,4325376,Qwen3-1.7B,model.layers.3.self_attn.q_proj.weight,mxfp8,q_proj,3,bfloat16
2097152,1024,2048,18.743496898515566,0.013355197355104332,0.107421875,0.03659115521224947,3.511545737746346,2.991464138031006,2.4270124435424805,3.8313444216864005,0.9578361054216001,0.7336121551123844,3,0.09300756454467773,0.048949241638183594,0.019441604614257812,0.3653411865234375,65536,4.25,4194304,1114112,Qwen3-1.7B,model.layers.3.self_attn.v_proj.weight,mxfp4,v_proj,3,bfloat16
2097152,1024,2048,30.566129209185213,0.0008777828250894779,0.044921875,0.03659115521224947,3.511545737746346,2.991464138031006,2.4270124435424805,6.54660902838064,0.81832612854758,0.7336121551123844,3,3.814697265625e-06,0.008991241455078125,0.006190299987792969,0.1476593017578125,65536,8.25,4194304,2162688,Qwen3-1.7B,model.layers.3.self_attn.v_proj.weight,mxfp8,v_proj,3,bfloat16
12582912,2048,6144,18.69217420628039,0.01351395845193644,0.12109375,0.03044705188896516,3.539720704837454,3.036008834838867,2.443665345509847,3.8260367845302605,0.9565091961325651,0.9028994945760026,5,0.09354766209920247,0.05093812942504883,0.022513628005981445,0.323486328125,393216,4.25,25165824,6684672,Qwen3-1.7B,model.layers.4.mlp.down_proj.weight,mxfp4,down_proj,4,bfloat16
12582912,2048,6144,30.569967685402666,0.0008770073466775781,0.05078125,0.03044705188896516,3.539720704837454,3.036008834838867,2.443665345509847,6.5567215148428275,0.8195901893553534,0.9028994945760026,5,5.0067901611328125e-06,0.011292219161987305,0.008053223292032877,0.1711400349934896,393216,8.25,25165824,12976128,Qwen3-1.7B,model.layers.4.mlp.down_proj.weight,mxfp8,down_proj,4,bfloat16
12582912,6144,2048,18.640973091502385,0.01367422403050997,0.123046875,0.04442207829977561,3.3612622131943724,2.8997193972269693,2.3899741172790527,3.861768167569682,0.9654420418924206,0.9787533132309925,5,0.08411518732706706,0.06359950701395671,0.026240030924479168,0.48196156819661456,393216,4.25,25165824,6684672,Qwen3-1.7B,model.layers.4.mlp.gate_proj.weight,mxfp4,gate_proj,4,bfloat16
12582912,6144,2048,30.28657259787814,0.0009361441769221763,0.060546875,0.04442207829977561,3.3612622131943724,2.8997193972269693,2.3899741172790527,6.521108560597151,0.8151385700746439,0.9787533132309925,5,5.7220458984375e-06,0.012198130289713541,0.008392095565795898,0.21449788411458334,393216,8.25,25165824,12976128,Qwen3-1.7B,model.layers.4.mlp.gate_proj.weight,mxfp8,gate_proj,4,bfloat16
12582912,6144,2048,18.726329071543816,0.013408095446241965,0.0859375,0.03050507384663351,3.3445752081635347,2.920557419459025,2.4003146489461265,3.839768082391479,0.9599420205978697,0.9446931462766761,4,0.09100866317749023,0.05518070856730143,0.024217764536539715,0.3501129150390625,393216,4.25,25165824,6684672,Qwen3-1.7B,model.layers.4.mlp.up_proj.weight,mxfp4,up_proj,4,bfloat16
12582912,6144,2048,30.55247024067866,0.000880547880245811,0.0302734375,0.03050507384663351,3.3445752081635347,2.920557419459025,2.4003146489461265,6.547984736200709,0.8184980920250886,0.9446931462766761,4,5.245208740234375e-06,0.011982917785644531,0.008463700612386068,0.18371073404947916,393216,8.25,25165824,12976128,Qwen3-1.7B,model.layers.4.mlp.up_proj.weight,mxfp8,up_proj,4,bfloat16
2097152,1024,2048,18.678583829876032,0.01355631391648495,0.099609375,0.03302405961964335,5.235044000889567,3.0037927627563477,2.423417568206787,3.8335994916002227,0.9583998729000557,1.3374513977541393,6,0.08984851837158203,0.04999399185180664,0.020471572875976562,0.351348876953125,65536,4.25,4194304,1114112,Qwen3-1.7B,model.layers.4.self_attn.k_proj.weight,mxfp4,k_proj,4,bfloat16
2097152,1024,2048,30.569070894289165,0.0008771884619429651,0.037109375,0.03302405961964335,5.235044000889567,3.0037927627563477,2.423417568206787,6.535635165345546,0.8169543956681933,1.3374513977541393,6,7.152557373046875e-06,0.009743213653564453,0.006782054901123047,0.1548004150390625,65536,8.25,4194304,2162688,Qwen3-1.7B,model.layers.4.self_attn.k_proj.weight,mxfp8,k_proj,4,bfloat16
4194304,2048,2048,18.783833132635866,0.013231731719305787,0.1171875,0.03271508216771034,4.167664110630466,2.880608558654785,2.3881216049194336,3.8403843609588537,0.9600960902397134,1.048340001945745,6,0.0866386890411377,0.052040815353393555,0.02148127555847168,0.3594512939453125,131072,4.25,8388608,2228224,Qwen3-1.7B,model.layers.4.self_attn.o_proj.weight,mxfp4,o_proj,4,bfloat16
4194304,2048,2048,30.615840943843764,0.0008677925264716586,0.041015625,0.03271508216771034,4.167664110630466,2.880608558654785,2.3881216049194336,6.519841398390865,0.8149801747988581,1.048340001945745,6,4.76837158203125e-06,0.010241508483886719,0.007195472717285156,0.1638641357421875,131072,8.25,8388608,4325376,Qwen3-1.7B,model.layers.4.self_attn.o_proj.weight,mxfp8,o_proj,4,bfloat16
4194304,2048,2048,18.76354872431348,0.013293677158273738,0.115234375,0.03422509991286053,4.7591211021506865,2.9914560317993164,2.4209988117218018,3.8363380255245993,0.9590845063811498,1.2025104117511476,4,0.08880209922790527,0.05050778388977051,0.020442724227905273,0.36849212646484375,131072,4.25,8388608,2228224,Qwen3-1.7B,model.layers.4.self_attn.q_proj.weight,mxfp4,q_proj,4,bfloat16
4194304,2048,2048,30.60915612543155,0.0008691292927845322,0.052734375,0.03422509991286053,4.7591211021506865,2.9914560317993164,2.4209988117218018,6.530058451295797,0.8162573064119746,1.2025104117511476,4,5.9604644775390625e-06,0.009604215621948242,0.006669044494628906,0.15595245361328125,131072,8.25,8388608,4325376,Qwen3-1.7B,model.layers.4.self_attn.q_proj.weight,mxfp8,q_proj,4,bfloat16
2097152,1024,2048,18.75828137917609,0.013309810189935748,0.0576171875,0.03601046739893669,3.408718232140013,2.986931324005127,2.424346446990967,3.833968770383636,0.958492192595909,0.7934022079739528,3,0.09252595901489258,0.049889564514160156,0.019767284393310547,0.38067626953125,65536,4.25,4194304,1114112,Qwen3-1.7B,model.layers.4.self_attn.v_proj.weight,mxfp4,v_proj,4,bfloat16
2097152,1024,2048,30.59347077837659,0.0008722739891007116,0.0263671875,0.03601046739893669,3.408718232140013,2.986931324005127,2.424346446990967,6.545460447506091,0.8181825559382614,0.7934022079739528,3,4.76837158203125e-06,0.009038925170898438,0.006203651428222656,0.150726318359375,65536,8.25,4194304,2162688,Qwen3-1.7B,model.layers.4.self_attn.v_proj.weight,mxfp8,v_proj,4,bfloat16
12582912,2048,6144,18.756850555761467,0.013314195952663877,0.109375,0.03245857198590849,3.560515083774989,3.0185648600260415,2.431791623433431,3.8213206270202114,0.9553301567550528,0.7918252125292166,5,0.09202464421590169,0.04624485969543457,0.019487937291463215,0.29890187581380206,393216,4.25,25165824,6684672,Qwen3-1.7B,model.layers.5.mlp.down_proj.weight,mxfp4,down_proj,5,bfloat16
12582912,2048,6144,30.679476803844715,0.0008551697292902993,0.046875,0.03245857198590849,3.560515083774989,3.0185648600260415,2.431791623433431,6.539708094236065,0.8174635117795082,0.7918252125292166,5,5.3246815999348956e-06,0.009565909703572592,0.006761471430460612,0.14153035481770834,393216,8.25,25165824,12976128,Qwen3-1.7B,model.layers.5.mlp.down_proj.weight,mxfp8,down_proj,5,bfloat16
12582912,6144,2048,18.736576205200876,0.013376496476247762,0.12109375,0.03951314422618157,3.584769486614114,2.9299171765645347,2.3993400732676187,3.844890917891714,0.9612227294729285,0.8543937260809847,6,0.08599281311035156,0.05336634318033854,0.021161476771036785,0.40098317464192706,393216,4.25,25165824,6684672,Qwen3-1.7B,model.layers.5.mlp.gate_proj.weight,mxfp4,gate_proj,5,bfloat16
12582912,6144,2048,30.498013763871434,0.0008916586429872297,0.05859375,0.03951314422618157,3.584769486614114,2.9299171765645347,2.3993400732676187,6.517274404033843,0.8146593005042304,0.8543937260809847,6,6.67572021484375e-06,0.009660085042317709,0.0066327253977457685,0.16330718994140625,393216,8.25,25165824,12976128,Qwen3-1.7B,model.layers.5.mlp.gate_proj.weight,mxfp8,gate_proj,5,bfloat16
12582912,6144,2048,18.797942909415898,0.013188812953886065,0.11328125,0.03271289482764261,3.3487066663951794,2.93916908899943,2.4053330421447754,3.826152061455955,0.9565380153639887,0.7520617648485272,6,0.09099094072977702,0.04737424850463867,0.019879500071207683,0.3027547200520833,393216,4.25,25165824,6684672,Qwen3-1.7B,model.layers.5.mlp.up_proj.weight,mxfp4,up_proj,5,bfloat16
12582912,6144,2048,30.710040278754768,0.0008491725993264165,0.05078125,0.03271289482764261,3.3487066663951794,2.93916908899943,2.4053330421447754,6.53518065952948,0.816897582441185,0.7520617648485272,6,5.245208740234375e-06,0.009691476821899414,0.006857395172119141,0.1434504191080729,393216,8.25,25165824,12976128,Qwen3-1.7B,model.layers.5.mlp.up_proj.weight,mxfp8,up_proj,5,bfloat16
2097152,1024,2048,18.786799393139685,0.01322269744318727,0.078125,0.033499379525136555,4.098357161839244,2.941621780395508,2.4076521396636963,3.834963897073288,0.958740974268322,1.147606194670158,6,0.08910083770751953,0.049915313720703125,0.020064353942871094,0.3539276123046875,65536,4.25,4194304,1114112,Qwen3-1.7B,model.layers.5.self_attn.k_proj.weight,mxfp4,k_proj,5,bfloat16
2097152,1024,2048,30.656093934678616,0.0008597864699157557,0.029296875,0.033499379525136555,4.098357161839244,2.941621780395508,2.4076521396636963,6.529056509479247,0.8161320636849059,1.147606194670158,6,6.67572021484375e-06,0.00932168960571289,0.006491184234619141,0.1513519287109375,65536,8.25,4194304,2162688,Qwen3-1.7B,model.layers.5.self_attn.k_proj.weight,mxfp8,k_proj,5,bfloat16
4194304,2048,2048,18.79516925364009,0.013197238783059916,0.11328125,0.03288612259302827,5.495586075529125,2.86216139793396,2.3809237480163574,3.842608519573452,0.960652129893363,1.1116792862275013,5,0.08675575256347656,0.05369234085083008,0.022471904754638672,0.35711669921875,131072,4.25,8388608,2228224,Qwen3-1.7B,model.layers.5.self_attn.o_proj.weight,mxfp4,o_proj,5,bfloat16
4194304,2048,2048,30.59241720940095,0.0008724856225273787,0.05078125,0.03288612259302827,5.495586075529125,2.86216139793396,2.3809237480163574,6.522187948488124,0.8152734935610155,1.1116792862275013,5,6.4373016357421875e-06,0.010809659957885742,0.007577180862426758,0.1695709228515625,131072,8.25,8388608,4325376,Qwen3-1.7B,model.layers.5.self_attn.o_proj.weight,mxfp8,o_proj,5,bfloat16
4194304,2048,2048,18.728241810340187,0.013402191494282997,0.0625,0.03532988828304062,4.712799970926812,3.0090489387512207,2.4306914806365967,3.8370001874225994,0.9592500468556499,1.1160134271105007,5,0.09031534194946289,0.051854848861694336,0.0212552547454834,0.38214111328125,131072,4.25,8388608,2228224,Qwen3-1.7B,model.layers.5.self_attn.q_proj.weight,mxfp4,q_proj,5,bfloat16
4194304,2048,2048,30.55742544073324,0.0008795437683297791,0.0302734375,0.03532988828304062,4.712799970926812,3.0090489387512207,2.4306914806365967,6.540777008280014,0.8175971260350018,1.1160134271105007,5,6.198883056640625e-06,0.010059595108032227,0.0070040225982666016,0.16582489013671875,131072,8.25,8388608,4325376,Qwen3-1.7B,model.layers.5.self_attn.q_proj.weight,mxfp8,q_proj,5,bfloat16
2097152,1024,2048,18.635001529268173,0.01369303906222232,0.060546875,0.03481200010263506,3.8033546330639165,3.2473504543304443,2.4970006942749023,3.817916813654346,0.9544792034135865,0.8504810732785849,4,0.09948968887329102,0.04705953598022461,0.019263267517089844,0.35369873046875,65536,4.25,4194304,1114112,Qwen3-1.7B,model.layers.5.self_attn.v_proj.weight,mxfp4,v_proj,5,bfloat16
2097152,1024,2048,30.557699576729554,0.0008794882513919402,0.029296875,0.03481200010263506,3.8033546330639165,3.2473504543304443,2.4970006942749023,6.578712761402608,0.822339095175326,0.8504810732785849,4,3.337860107421875e-06,0.009163856506347656,0.006379127502441406,0.1496429443359375,65536,8.25,4194304,2162688,Qwen3-1.7B,model.layers.5.self_attn.v_proj.weight,mxfp8,v_proj,5,bfloat16
12582912,2048,6144,18.71705650160308,0.013436753494543693,0.1171875,0.032050018849701455,3.7751069877095946,3.097417195638021,2.4570768674214682,3.8185666810918244,0.9546416702729561,0.8426525097043026,5,0.09399676322937012,0.046364545822143555,0.019621531168619793,0.30745188395182294,393216,4.25,25165824,6684672,Qwen3-1.7B,model.layers.6.mlp.down_proj.weight,mxfp4,down_proj,6,bfloat16
12582912,2048,6144,30.64816250907075,0.0008613581139271073,0.044921875,0.032050018849701455,3.7751069877095946,3.097417195638021,2.4570768674214682,6.550483364925231,0.8188104206156539,0.8426525097043026,5,6.039937337239583e-06,0.009696086247762045,0.006878376007080078,0.1468505859375,393216,8.25,25165824,12976128,Qwen3-1.7B,model.layers.6.mlp.down_proj.weight,mxfp8,down_proj,6,bfloat16
12582912,6144,2048,18.704337399572836,0.013476163146552148,0.12109375,0.038958031812614924,3.678233197308262,2.9360950787862143,2.402106205622355,3.846123854036359,0.9615309635090897,0.9388525182771044,5,0.08675924936930339,0.054792324701944985,0.02231733004252116,0.40206654866536456,393216,4.25,25165824,6684672,Qwen3-1.7B,model.layers.6.mlp.gate_proj.weight,mxfp4,gate_proj,6,bfloat16
12582912,6144,2048,30.462819789233052,0.0008989137448791034,0.05859375,0.038958031812614924,3.678233197308262,2.9360950787862143,2.402106205622355,6.524127990472664,0.815515998809083,0.9388525182771044,5,4.8478444417317706e-06,0.010411262512207031,0.007225990295410156,0.17438761393229166,393216,8.25,25165824,12976128,Qwen3-1.7B,model.layers.6.mlp.gate_proj.weight,mxfp8,gate_proj,6,bfloat16
12582912,6144,2048,18.786509481445005,0.013223580148986142,0.10546875,0.032862833847306816,3.297689304395131,2.9387426376342773,2.4072861671447754,3.8298571406641795,0.9574642851660449,0.785616562111706,4,0.0908210277557373,0.04908291498819987,0.020541985829671223,0.3207499186197917,393216,4.25,25165824,6684672,Qwen3-1.7B,model.layers.6.mlp.up_proj.weight,mxfp4,up_proj,6,bfloat16
12582912,6144,2048,30.66381052754238,0.0008582601481068456,0.04296875,0.032862833847306816,3.297689304395131,2.9387426376342773,2.4072861671447754,6.537513614830278,0.8171892018537847,0.785616562111706,4,5.563100179036458e-06,0.009964942932128906,0.007022301355997722,0.1512171427408854,393216,8.25,25165824,12976128,Qwen3-1.7B,model.layers.6.mlp.up_proj.weight,mxfp8,up_proj,6,bfloat16
2097152,1024,2048,18.60820610391674,0.013777784563188546,0.12109375,0.03276954710481746,6.2439981976008,2.979018211364746,2.4205195903778076,3.8428053170074192,0.9607013292518548,1.6545233276602296,6,0.08910179138183594,0.054909706115722656,0.023045063018798828,0.3891143798828125,65536,4.25,4194304,1114112,Qwen3-1.7B,model.layers.6.self_attn.k_proj.weight,mxfp4,k_proj,6,bfloat16
2097152,1024,2048,30.432189660159686,0.000905276056596189,0.05859375,0.03276954710481746,6.2439981976008,2.979018211364746,2.4205195903778076,6.538245849000267,0.8172807311250334,1.6545233276602296,6,6.67572021484375e-06,0.011096000671386719,0.007789134979248047,0.1829986572265625,65536,8.25,4194304,2162688,Qwen3-1.7B,model.layers.6.self_attn.k_proj.weight,mxfp8,k_proj,6,bfloat16
4194304,2048,2048,18.777404079336662,0.013251333742285671,0.06640625,0.03165483508850245,4.223685601907136,2.8742074966430664,2.38672137260437,3.8448640123297424,0.9612160030824356,1.1618569692004845,6,0.08627629280090332,0.05454397201538086,0.022685766220092773,0.37729644775390625,131072,4.25,8388608,2228224,Qwen3-1.7B,model.layers.6.self_attn.o_proj.weight,mxfp4,o_proj,6,bfloat16
4194304,2048,2048,30.581264740686372,0.0008747290019094124,0.0302734375,0.03165483508850245,4.223685601907136,2.8742074966430664,2.38672137260437,6.5220879126598685,0.8152609890824836,1.1618569692004845,6,4.76837158203125e-06,0.010850667953491211,0.007570505142211914,0.17371368408203125,131072,8.25,8388608,4325376,Qwen3-1.7B,model.layers.6.self_attn.o_proj.weight,mxfp8,o_proj,6,bfloat16
4194304,2048,2048,18.709291654942856,0.01346079885115836,0.0703125,0.034494783443126634,6.565158861020173,3.0114622116088867,2.433648109436035,3.838475782746119,0.9596189456865297,1.4147397788853258,6,0.09000587463378906,0.052725791931152344,0.02180004119873047,0.38698577880859375,131072,4.25,8388608,2228224,Qwen3-1.7B,model.layers.6.self_attn.q_proj.weight,mxfp4,q_proj,6,bfloat16
4194304,2048,2048,30.511815744385046,0.0008888294289384153,0.0302734375,0.034494783443126634,6.565158861020173,3.0114622116088867,2.433648109436035,6.5402599014911775,0.8175324876863972,1.4147397788853258,6,4.5299530029296875e-06,0.01028585433959961,0.0072176456451416016,0.17128753662109375,131072,8.25,8388608,4325376,Qwen3-1.7B,model.layers.6.self_attn.q_proj.weight,mxfp8,q_proj,6,bfloat16
2097152,1024,2048,18.72695818312519,0.013406153313068067,0.03125,0.03560118619920021,3.498044664288891,3.0000033378601074,2.429473400115967,3.836816300405971,0.9592040751014927,0.8595873077514176,3,0.0938572883605957,0.05285167694091797,0.021517276763916016,0.3945159912109375,65536,4.25,4194304,1114112,Qwen3-1.7B,model.layers.6.self_attn.v_proj.weight,mxfp4,v_proj,6,bfloat16
2097152,1024,2048,30.54172722626484,0.0008827287618263172,0.01513671875,0.03560118619920021,3.498044664288891,3.0000033378601074,2.429473400115967,6.55949575292154,0.8199369691151925,0.8595873077514176,3,3.337860107421875e-06,0.010008811950683594,0.006894111633300781,0.1650848388671875,65536,8.25,4194304,2162688,Qwen3-1.7B,model.layers.6.self_attn.v_proj.weight,mxfp8,v_proj,6,bfloat16
12582912,2048,6144,18.742433372074693,0.01335846825661847,0.23046875,0.03153953927276381,3.6885950243698447,3.055884679158529,2.451557159423828,3.8197175203804323,0.9549293800951081,0.8862863640450853,6,0.09363325436909993,0.04704427719116211,0.020048220952351887,0.3125457763671875,393216,4.25,25165824,6684672,Qwen3-1.7B,model.layers.7.mlp.down_proj.weight,mxfp4,down_proj,7,bfloat16
12582912,2048,6144,30.645381993964946,0.0008619097640633728,0.10546875,0.03153953927276381,3.6885950243698447,3.055884679158529,2.451557159423828,6.550341227769417,0.8187926534711771,0.8862863640450853,6,6.198883056640625e-06,0.009850819905598959,0.006981213887532552,0.14996337890625,393216,8.25,25165824,12976128,Qwen3-1.7B,model.layers.7.mlp.down_proj.weight,mxfp8,down_proj,7,bfloat16
12582912,6144,2048,18.68868750533738,0.013524812389374613,0.12109375,0.04016454444470701,3.564978789831299,2.8966211477915444,2.389638821283976,3.8541871092930653,0.9635467773232663,1.0366655313737827,6,0.08498247464497884,0.05896615982055664,0.024260520935058594,0.4363555908203125,393216,4.25,25165824,6684672,Qwen3-1.7B,model.layers.7.mlp.gate_proj.weight,mxfp4,gate_proj,7,bfloat16
12582912,6144,2048,30.387105709198874,0.0009147226416466206,0.05859375,0.04016454444470701,3.564978789831299,2.8966211477915444,2.389638821283976,6.5202188934564616,0.8150273616820577,1.0366655313737827,6,5.9604644775390625e-06,0.011368354161580404,0.007836262385050455,0.1932042439778646,393216,8.25,25165824,12976128,Qwen3-1.7B,model.layers.7.mlp.gate_proj.weight,mxfp8,gate_proj,7,bfloat16
12582912,6144,2048,18.772094772269313,0.013267543578135178,0.078125,0.03241077907307573,3.3775645402752277,2.9344484011332193,2.405760924021403,3.8335612550075555,0.9583903137518889,0.8585314100287277,5,0.09080036481221516,0.05095132191975912,0.021501938501993816,0.3332722981770833,393216,4.25,25165824,6684672,Qwen3-1.7B,model.layers.7.mlp.up_proj.weight,mxfp4,up_proj,7,bfloat16
12582912,6144,2048,30.63813846040261,0.0008633485301519995,0.03125,0.03241077907307573,3.3775645402752277,2.9344484011332193,2.405760924021403,6.539907778137146,0.8174884722671433,0.8585314100287277,5,5.563100179036458e-06,0.010458548863728842,0.007393439610799153,0.16069539388020834,393216,8.25,25165824,12976128,Qwen3-1.7B,model.layers.7.mlp.up_proj.weight,mxfp8,up_proj,7,bfloat16
2097152,1024,2048,18.719875324136435,0.013428035093559684,0.0556640625,0.031533595440368364,4.078855139199797,2.9372878074645996,2.4075751304626465,3.8410896497482567,0.9602724124370642,1.2420677288691486,6,0.08889007568359375,0.054334163665771484,0.02322101593017578,0.3676910400390625,65536,4.25,4194304,1114112,Qwen3-1.7B,model.layers.7.self_attn.k_proj.weight,mxfp4,k_proj,7,bfloat16
2097152,1024,2048,30.518020356841294,0.00088756049626236,0.0244140625,0.031533595440368364,4.078855139199797,2.9372878074645996,2.4075751304626465,6.536305960044241,0.8170382450055301,1.2420677288691486,6,7.152557373046875e-06,0.011332035064697266,0.00799417495727539,0.1805267333984375,65536,8.25,4194304,2162688,Qwen3-1.7B,model.layers.7.self_attn.k_proj.weight,mxfp8,k_proj,7,bfloat16
4194304,2048,2048,18.756267774436093,0.013315982709281677,0.1171875,0.03180269161184709,3.8696942876547844,2.880993604660034,2.388312578201294,3.8412152117658422,0.9603038029414606,1.0976426349273363,6,0.0875697135925293,0.05414295196533203,0.023276805877685547,0.3513031005859375,131072,4.25,8388608,2228224,Qwen3-1.7B,model.layers.7.self_attn.o_proj.weight,mxfp4,o_proj,7,bfloat16
4194304,2048,2048,30.562724715031123,0.0008784712008929373,0.0546875,0.03180269161184709,3.8696942876547844,2.880993604660034,2.388312578201294,6.529431555601032,0.816178944450129,1.0976426349273363,6,4.5299530029296875e-06,0.011414527893066406,0.008056402206420898,0.1764984130859375,131072,8.25,8388608,4325376,Qwen3-1.7B,model.layers.7.self_attn.o_proj.weight,mxfp8,o_proj,7,bfloat16
4194304,2048,2048,18.74313777422566,0.013356301761048543,0.0625,0.033415828326384484,4.683953258053313,2.9822325706481934,2.420835494995117,3.8364235049546576,0.9591058762386644,1.1612074232463392,4,0.08945202827453613,0.05136585235595703,0.021311521530151367,0.36191558837890625,131072,4.25,8388608,2228224,Qwen3-1.7B,model.layers.7.self_attn.q_proj.weight,mxfp4,q_proj,7,bfloat16
4194304,2048,2048,30.574720689575415,0.0008760480576274919,0.0302734375,0.033415828326384484,4.683953258053313,2.9822325706481934,2.420835494995117,6.534225538114126,0.8167781922642657,1.1612074232463392,4,5.4836273193359375e-06,0.010193109512329102,0.007140159606933594,0.16437530517578125,131072,8.25,8388608,4325376,Qwen3-1.7B,model.layers.7.self_attn.q_proj.weight,mxfp8,q_proj,7,bfloat16
2097152,1024,2048,18.739185040524276,0.013368463540391609,0.060546875,0.034548267377634924,3.4381730200196072,3.031964063644409,2.4410338401794434,3.8229564428726786,0.9557391107181696,0.7314098434355211,4,0.09661102294921875,0.04745960235595703,0.019486427307128906,0.33489990234375,65536,4.25,4194304,1114112,Qwen3-1.7B,model.layers.7.self_attn.v_proj.weight,mxfp4,v_proj,7,bfloat16
2097152,1024,2048,30.627881712752156,0.0008653899129535176,0.0224609375,0.034548267377634924,3.4381730200196072,3.031964063644409,2.4410338401794434,6.562244309691806,0.8202805387114758,0.7314098434355211,4,6.198883056640625e-06,0.0092926025390625,0.006476402282714844,0.145416259765625,65536,8.25,4194304,2162688,Qwen3-1.7B,model.layers.7.self_attn.v_proj.weight,mxfp8,v_proj,7,bfloat16
12582912,2048,6144,18.744404036632577,0.013352408062606957,0.12109375,0.03243882782595823,3.6550555217829,3.0703678131103516,2.4552265803019204,3.8175803502074155,0.9543950875518539,0.8671537245580755,6,0.09351770083109538,0.045610666275024414,0.019092639287312824,0.3104604085286458,393216,4.25,25165824,6684672,Qwen3-1.7B,model.layers.8.mlp.down_proj.weight,mxfp4,down_proj,8,bfloat16
12582912,2048,6144,30.663293512725318,0.0008583623275370647,0.052734375,0.03243882782595823,3.6550555217829,3.0703678131103516,2.4552265803019204,6.546742953259937,0.8183428691574921,0.8671537245580755,6,6.039937337239583e-06,0.00929729143778483,0.006560881932576497,0.14184061686197916,393216,8.25,25165824,12976128,Qwen3-1.7B,model.layers.8.mlp.down_proj.weight,mxfp8,down_proj,8,bfloat16
12582912,6144,2048,18.712584823688374,0.013450595663832544,0.12109375,0.03834454552951678,3.7817958132592566,2.917015711466471,2.3980645338694253,3.8496823627162318,0.9624205906790579,1.0316395235053661,6,0.08596221605936687,0.05653897921244303,0.023053328196207683,0.41965993245442706,393216,4.25,25165824,6684672,Qwen3-1.7B,model.layers.8.mlp.gate_proj.weight,mxfp4,gate_proj,8,bfloat16
12582912,6144,2048,30.443725910836474,0.0009028745448106267,0.05859375,0.03834454552951678,3.7817958132592566,2.917015711466471,2.3980645338694253,6.522318302477745,0.8152897878097182,1.0316395235053661,6,4.6888987223307294e-06,0.010718504587809244,0.007404009501139323,0.18214925130208334,393216,8.25,25165824,12976128,Qwen3-1.7B,model.layers.8.mlp.gate_proj.weight,mxfp8,gate_proj,8,bfloat16
12582912,6144,2048,18.77975216949987,0.01324417111008679,0.115234375,0.0328098449077489,3.34886605471128,2.945168972015381,2.410274108250936,3.83151910368538,0.957879775921345,0.8204758014926584,4,0.09098347028096516,0.04984577496846517,0.0207821528116862,0.3310597737630208,393216,4.25,25165824,6684672,Qwen3-1.7B,model.layers.8.mlp.up_proj.weight,mxfp4,up_proj,8,bfloat16
12582912,6144,2048,30.662546784854335,0.0008585099274276878,0.052734375,0.0328098449077489,3.34886605471128,2.945168972015381,2.410274108250936,6.539229520800747,0.8174036901000934,0.8204758014926584,4,6.198883056640625e-06,0.010042746861775717,0.0070650577545166016,0.1543095906575521,393216,8.25,25165824,12976128,Qwen3-1.7B,model.layers.8.mlp.up_proj.weight,mxfp8,up_proj,8,bfloat16
2097152,1024,2048,18.54098011123278,0.013992715008117584,0.12109375,0.032233753991397295,7.5631043072564035,3.056955099105835,2.439131736755371,3.842001648321188,0.960500412080297,1.4063360876043103,5,0.09108924865722656,0.05557441711425781,0.02373647689819336,0.4002227783203125,65536,4.25,4194304,1114112,Qwen3-1.7B,model.layers.8.self_attn.k_proj.weight,mxfp4,k_proj,8,bfloat16
2097152,1024,2048,30.38390612697869,0.0009153967945069338,0.044921875,0.032233753991397295,7.5631043072564035,3.056955099105835,2.439131736755371,6.5504672350133415,0.8188084043766677,1.4063360876043103,5,4.76837158203125e-06,0.011400222778320312,0.008010387420654297,0.1888427734375,65536,8.25,4194304,2162688,Qwen3-1.7B,model.layers.8.self_attn.k_proj.weight,mxfp8,k_proj,8,bfloat16
4194304,2048,2048,18.766168949418724,0.013285659114645233,0.123046875,0.031242900652924618,3.729343724372558,2.8727540969848633,2.3856124877929688,3.841727127705193,0.9604317819262983,1.1148896669344532,5,0.08764815330505371,0.054334402084350586,0.023384571075439453,0.35065460205078125,131072,4.25,8388608,2228224,Qwen3-1.7B,model.layers.8.self_attn.o_proj.weight,mxfp4,o_proj,8,bfloat16
4194304,2048,2048,30.58584131786803,0.0008738077016429259,0.060546875,0.031242900652924618,3.729343724372558,2.8727540969848633,2.3856124877929688,6.529650149221641,0.8162062686527052,1.1148896669344532,5,4.5299530029296875e-06,0.011505603790283203,0.00812673568725586,0.17743682861328125,131072,8.25,8388608,4325376,Qwen3-1.7B,model.layers.8.self_attn.o_proj.weight,mxfp8,o_proj,8,bfloat16
4194304,2048,2048,18.685961672017555,0.01353330385259555,0.0615234375,0.03423720697043925,5.609070680274571,3.0728578567504883,2.443734884262085,3.837448113616791,0.9593620284041977,1.3746558535335471,5,0.09114384651184082,0.05289411544799805,0.022066354751586914,0.38428497314453125,131072,4.25,8388608,2228224,Qwen3-1.7B,model.layers.8.self_attn.q_proj.weight,mxfp4,q_proj,8,bfloat16
4194304,2048,2048,30.537446865916014,0.0008835991988073002,0.0302734375,0.03423720697043925,5.609070680274571,3.0728578567504883,2.443734884262085,6.5463055685630245,0.8182881960703781,1.3746558535335471,5,6.4373016357421875e-06,0.010514020919799805,0.007306814193725586,0.17113494873046875,131072,8.25,8388608,4325376,Qwen3-1.7B,model.layers.8.self_attn.q_proj.weight,mxfp8,q_proj,8,bfloat16
2097152,1024,2048,18.803164491724985,0.013172965391391284,0.0400390625,0.03497625506883486,3.2744745841755973,2.978067398071289,2.42403507232666,3.8224842240519354,0.9556210560129839,0.6168267603336621,3,0.09342145919799805,0.04553508758544922,0.018045425415039062,0.3194427490234375,65536,4.25,4194304,1114112,Qwen3-1.7B,model.layers.8.self_attn.v_proj.weight,mxfp4,v_proj,8,bfloat16
2097152,1024,2048,30.706932293107943,0.0008497805188258018,0.01513671875,0.03497625506883486,3.2744745841755973,2.978067398071289,2.42403507232666,6.544806139892226,0.8181007674865283,0.6168267603336621,3,5.245208740234375e-06,0.008446216583251953,0.005863666534423828,0.1302337646484375,65536,8.25,4194304,2162688,Qwen3-1.7B,model.layers.8.self_attn.v_proj.weight,mxfp8,v_proj,8,bfloat16
12582912,2048,6144,18.723687169091793,0.013416254347202127,0.115234375,0.0326400442615012,3.761728833147985,3.094890912373861,2.466435432434082,3.81838459860975,0.9545961496524376,0.8873217678529604,6,0.09400431315104167,0.04644457499186198,0.019499699274698894,0.3265279134114583,393216,4.25,25165824,6684672,Qwen3-1.7B,model.layers.9.mlp.down_proj.weight,mxfp4,down_proj,9,bfloat16
12582912,2048,6144,30.632590926386722,0.000864452047646938,0.052734375,0.0326400442615012,3.761728833147985,3.094890912373861,2.466435432434082,6.552058561500536,0.819007320187567,0.8873217678529604,6,6.2783559163411456e-06,0.009483814239501953,0.006681601206461589,0.14789581298828125,393216,8.25,25165824,12976128,Qwen3-1.7B,model.layers.9.mlp.down_proj.weight,mxfp8,down_proj,9,bfloat16
12582912,6144,2048,18.72895434175438,0.013399992825056302,0.1171875,0.0381356011289798,3.7339693212732343,2.9272871017456055,2.4009647369384766,3.8453358507983437,0.9613339626995859,1.0016558469215129,5,0.08680566151936848,0.054407358169555664,0.022147734959920246,0.39790598551432294,393216,4.25,25165824,6684672,Qwen3-1.7B,model.layers.9.mlp.gate_proj.weight,mxfp4,gate_proj,9,bfloat16
12582912,6144,2048,30.504821415796243,0.0008902620453069545,0.0546875,0.0381356011289798,3.7339693212732343,2.9272871017456055,2.4009647369384766,6.524258190188478,0.8155322737735597,1.0016558469215129,5,5.880991617838542e-06,0.010332822799682617,0.007170836130777995,0.17183939615885416,393216,8.25,25165824,12976128,Qwen3-1.7B,model.layers.9.mlp.gate_proj.weight,mxfp8,gate_proj,9,bfloat16
12582912,6144,2048,18.790277854042415,0.013212111026982306,0.095703125,0.03415513746422221,3.371322435558718,2.946581999460856,2.409719467163086,3.831715068769335,0.9579287671923338,0.7835894137672558,4,0.08981657028198242,0.04887882868448893,0.01988522211710612,0.3383585611979167,393216,4.25,25165824,6684672,Qwen3-1.7B,model.layers.9.mlp.up_proj.weight,mxfp4,up_proj,9,bfloat16
12582912,6144,2048,30.66205293059728,0.0008586075577009601,0.033203125,0.03415513746422221,3.371322435558718,2.946581999460856,2.409719467163086,6.531619389147412,0.8164524236434265,0.7835894137672558,4,5.245208740234375e-06,0.009427150090535482,0.006578604380289714,0.14745076497395834,393216,8.25,25165824,12976128,Qwen3-1.7B,model.layers.9.mlp.up_proj.weight,mxfp8,up_proj,9,bfloat16
2097152,1024,2048,18.556533383598854,0.013942692896218632,0.123046875,0.032055817899313055,6.4747782719381055,3.063373565673828,2.4442696571350098,3.8390372776783743,0.9597593194195936,1.3294902914986126,7,0.092315673828125,0.05451154708862305,0.0232391357421875,0.3957672119140625,65536,4.25,4194304,1114112,Qwen3-1.7B,model.layers.9.self_attn.k_proj.weight,mxfp4,k_proj,9,bfloat16
2097152,1024,2048,30.398453558011333,0.0009123356473026596,0.060546875,0.032055817899313055,6.4747782719381055,3.063373565673828,2.4442696571350098,6.554281323867226,0.8192851654834032,1.3294902914986126,7,3.337860107421875e-06,0.011264324188232422,0.007855415344238281,0.1861114501953125,65536,8.25,4194304,2162688,Qwen3-1.7B,model.layers.9.self_attn.k_proj.weight,mxfp8,k_proj,9,bfloat16
4194304,2048,2048,18.73188116159287,0.013390965274861836,0.07421875,0.03227845623214062,6.163189378116955,2.900594472885132,2.3958842754364014,3.84653898477353,0.9616347461933825,1.281497488626404,6,0.08763504028320312,0.05655074119567871,0.024150371551513672,0.3914337158203125,131072,4.25,8388608,2228224,Qwen3-1.7B,model.layers.9.self_attn.o_proj.weight,mxfp4,o_proj,9,bfloat16
4194304,2048,2048,30.512873189577384,0.0008886130379801677,0.0302734375,0.03227845623214062,6.163189378116955,2.900594472885132,2.3958842754364014,6.53351402965126,0.8166892537064075,1.281497488626404,6,5.4836273193359375e-06,0.011636972427368164,0.008136510848999023,0.18752288818359375,131072,8.25,8388608,4325376,Qwen3-1.7B,model.layers.9.self_attn.o_proj.weight,mxfp8,o_proj,9,bfloat16
4194304,2048,2048,18.681802301399596,0.013546271318842402,0.115234375,0.03471892265861457,5.62089852556036,3.056886672973633,2.445512294769287,3.836880453125545,0.9592201132813862,1.3435326924809208,5,0.09180808067321777,0.05297589302062988,0.022182226181030273,0.389373779296875,131072,4.25,8388608,2228224,Qwen3-1.7B,model.layers.9.self_attn.q_proj.weight,mxfp4,q_proj,9,bfloat16
4194304,2048,2048,30.523271988601238,0.0008864878775627664,0.052734375,0.03471892265861457,5.62089852556036,3.056886672973633,2.445512294769287,6.550533915275622,0.8188167394094528,1.3435326924809208,5,8.106231689453125e-06,0.010584592819213867,0.0073926448822021484,0.175079345703125,131072,8.25,8388608,4325376,Qwen3-1.7B,model.layers.9.self_attn.q_proj.weight,mxfp8,q_proj,9,bfloat16
2097152,1024,2048,18.661155599819548,0.013610824683466454,0.0595703125,0.03425773157351601,3.7421461091843304,3.0911335945129395,2.461595058441162,3.826421864891134,0.9566054662227835,0.915452595026666,3,0.10066890716552734,0.05137348175048828,0.021439075469970703,0.375946044921875,65536,4.25,4194304,1114112,Qwen3-1.7B,model.layers.9.self_attn.v_proj.weight,mxfp4,v_proj,9,bfloat16
2097152,1024,2048,30.491170787532962,0.0008930646955112944,0.0283203125,0.03425773157351601,3.7421461091843304,3.0911335945129395,2.461595058441162,6.588412676686787,0.8235515845858484,0.915452595026666,3,8.106231689453125e-06,0.010281562805175781,0.007205009460449219,0.1690826416015625,65536,8.25,4194304,2162688,Qwen3-1.7B,model.layers.9.self_attn.v_proj.weight,mxfp8,v_proj,9,bfloat16
