n_params,rows,cols,sqnr_db,nmse,max_abs_err,rms_weight,kurtosis,block_kurtosis,block_crest,code_entropy,code_entropy_ratio,scale_entropy,scale_span,zero_rate,top_level_rate,sat_rate,sat_block_rate,n_blocks,bits_per_value,bytes_bf16,bytes_mx,model,tensor,fmt,role,layer,dtype
155582464,151936,1024,18.729520206226493,0.013398246985259309,0.056640625,0.029202859235816368,3.2042040217955305,2.8634516507914416,2.3738080581497925,3.8502243725860144,0.9625560931465036,1.1102543728109382,5,0.08674322705160396,0.05922883442699558,0.0262740471831067,0.3694896617654802,4861952,4.25,311164928,82653184,Qwen3-0.6B,model.embed_tokens.weight,mxfp4,embed_tokens,-1,bfloat16
155582464,151936,1024,30.49762057222353,0.0008917393736013348,0.01513671875,0.029202859235816368,3.2042040217955305,2.8634516507914416,2.3738080581497925,6.532913417542536,0.816614177192817,1.1102543728109382,5,5.238379564421862e-06,0.013067925187249895,0.009252353787120892,0.20279015506529066,4861952,8.25,311164928,160444416,Qwen3-0.6B,model.embed_tokens.weight,mxfp8,embed_tokens,-1,bfloat16
3145728,1024,3072,18.543452086553494,0.013984752714010736,0.05859375,0.026240138387463082,3.5609759131361165,2.9993972778320312,2.4289061228434243,3.856731244051069,0.9641828110127673,1.05858654387099,5,0.08895619710286458,0.06563377380371094,0.02941735585530599,0.4610493977864583,98304,4.25,6291456,1671168,Qwen3-0.6B,model.layers.0.mlp.down_proj.weight,mxfp4,down_proj,0,bfloat16
3145728,1024,3072,30.21431934895483,0.000951849015621969,0.025390625,0.026240138387463082,3.5609759131361165,2.9993972778320312,2.4289061228434243,6.555155155043712,0.819394394380464,1.05858654387099,5,4.132588704427083e-06,0.014480908711751303,0.010200182596842447,0.24375406901041666,98304,8.25,6291456,3244032,Qwen3-0.6B,model.layers.0.mlp.down_proj.weight,mxfp8,down_proj,0,bfloat16
3145728,3072,1024,18.74855996997373,0.013339636734041769,0.0615234375,0.036629243579640265,4.000776341606371,2.8899558385213218,2.3894337018330893,3.842159381950547,0.9605398454876367,1.0568920157563926,4,0.09007485707600911,0.054130236307779946,0.022736867268880207,0.3646240234375,98304,4.25,6291456,1671168,Qwen3-0.6B,model.layers.0.mlp.gate_proj.weight,mxfp4,gate_proj,0,bfloat16
3145728,3072,1024,30.544540462782024,0.0008821571403227221,0.0302734375,0.036629243579640265,4.000776341606371,2.8899558385213218,2.3894337018330893,6.5382964975228965,0.8172870621903621,1.0568920157563926,4,4.132588704427083e-06,0.010945638020833334,0.007612864176432292,0.17271931966145834,98304,8.25,6291456,3244032,Qwen3-0.6B,model.layers.0.mlp.gate_proj.weight,mxfp8,gate_proj,0,bfloat16
3145728,3072,1024,18.580230985759712,0.013866820742321675,0.0390625,0.025854942334668757,3.3271776173255434,2.931582768758138,2.4056525230407715,3.859963544383725,0.9649908860959312,1.023552000928878,4,0.09003416697184245,0.06677468617757161,0.029459317525227863,0.4705810546875,98304,4.25,6291456,1671168,Qwen3-0.6B,model.layers.0.mlp.up_proj.weight,mxfp4,up_proj,0,bfloat16
3145728,3072,1024,30.241599009154893,0.0009458888347254772,0.015625,0.025854942334668757,3.3271776173255434,2.931582768758138,2.4056525230407715,6.5572698600685975,0.8196587325085747,1.023552000928878,4,6.039937337239583e-06,0.014378547668457031,0.01007080078125,0.24299112955729166,98304,8.25,6291456,3244032,Qwen3-0.6B,model.layers.0.mlp.up_proj.weight,mxfp8,up_proj,0,bfloat16
1048576,1024,1024,18.7101177383997,0.01345823867915095,0.0625,0.030632721167245577,5.829441362081167,2.889134407043457,2.3882837295532227,3.849470288232742,0.9623675720581855,1.262286872178934,5,0.0872945785522461,0.05943870544433594,0.026189804077148438,0.386474609375,32768,4.25,2097152,557056,Qwen3-0.6B,model.layers.0.self_attn.k_proj.weight,mxfp4,k_proj,0,bfloat16
1048576,1024,1024,30.47003409481629,0.0008974217491545481,0.0302734375,0.030632721167245577,5.829441362081167,2.889134407043457,2.3882837295532227,6.536927596637026,0.8171159495796283,1.262286872178934,5,6.67572021484375e-06,0.012787818908691406,0.009057998657226562,0.202117919921875,32768,8.25,2097152,1081344,Qwen3-0.6B,model.layers.0.self_attn.k_proj.weight,mxfp8,k_proj,0,bfloat16
2097152,1024,2048,18.71298093951376,0.013449368903868483,0.0615234375,0.025805463582598165,5.461310534776672,2.8817806243896484,2.384397029876709,3.852589162992895,0.9631472907482238,1.3319955090986955,5,0.0859537124633789,0.05875873565673828,0.024547576904296875,0.41705322265625,65536,4.25,4194304,1114112,Qwen3-0.6B,model.layers.0.self_attn.o_proj.weight,mxfp4,o_proj,0,bfloat16
2097152,1024,2048,30.450169608844337,0.0009015359284427748,0.0302734375,0.025805463582598165,5.461310534776672,2.8817806243896484,2.384397029876709,6.526827838477008,0.815853479809626,1.3319955090986955,5,2.86102294921875e-06,0.011604785919189453,0.008028507232666016,0.19293212890625,65536,8.25,4194304,2162688,Qwen3-0.6B,model.layers.0.self_attn.o_proj.weight,mxfp8,o_proj,0,bfloat16
2097152,2048,1024,18.700455624562643,0.013488213683864833,0.115234375,0.031341274152518674,6.757576156309063,2.946960926055908,2.4101126194000244,3.8400010808950515,0.9600002702237629,1.3361839109934288,6,0.08941078186035156,0.05432605743408203,0.023423194885253906,0.3637542724609375,65536,4.25,4194304,1114112,Qwen3-0.6B,model.layers.0.self_attn.q_proj.weight,mxfp4,q_proj,0,bfloat16
2097152,2048,1024,30.53354950344169,0.0008843924974003524,0.052734375,0.031341274152518674,6.757576156309063,2.946960926055908,2.4101126194000244,6.539125501887831,0.8173906877359789,1.3361839109934288,6,5.245208740234375e-06,0.01146697998046875,0.008040428161621094,0.1796112060546875,65536,8.25,4194304,2162688,Qwen3-0.6B,model.layers.0.self_attn.q_proj.weight,mxfp8,q_proj,0,bfloat16
1048576,1024,1024,18.62882108854111,0.01371253948558457,0.03076171875,0.02662898492808482,3.337027116367163,2.955451011657715,2.413266181945801,3.8490887618245044,0.9622721904561261,1.0606118033438048,4,0.09018707275390625,0.06064796447753906,0.02689075469970703,0.408294677734375,32768,4.25,2097152,557056,Qwen3-0.6B,model.layers.0.self_attn.v_proj.weight,mxfp4,v_proj,0,bfloat16
1048576,1024,1024,30.348649351472563,0.0009228583899356311,0.01513671875,0.02662898492808482,3.337027116367163,2.955451011657715,2.413266181945801,6.554244039683963,0.8192805049604954,1.0606118033438048,4,8.58306884765625e-06,0.01318359375,0.009402275085449219,0.2171630859375,32768,8.25,2097152,1081344,Qwen3-0.6B,model.layers.0.self_attn.v_proj.weight,mxfp8,v_proj,0,bfloat16
3145728,1024,3072,18.5273844213985,0.014036588165258268,0.0615234375,0.022758784405638884,3.7785542343642433,3.1325515111287436,2.4776013692220054,3.848251230015894,0.9620628075039735,0.9948328471018566,5,0.09103075663248698,0.059832255045572914,0.025426228841145832,0.4772237141927083,98304,4.25,6291456,1671168,Qwen3-0.6B,model.layers.1.mlp.down_proj.weight,mxfp4,down_proj,1,bfloat16
3145728,1024,3072,30.213879005310012,0.0009519455312195596,0.0302734375,0.022758784405638884,3.7785542343642433,3.1325515111287436,2.4776013692220054,6.55846985723813,0.8198087321547662,0.9948328471018566,5,3.4968058268229165e-06,0.012130419413248697,0.008441607157389322,0.21953328450520834,98304,8.25,6291456,3244032,Qwen3-0.6B,model.layers.1.mlp.down_proj.weight,mxfp8,down_proj,1,bfloat16
3145728,3072,1024,18.667898945668835,0.01358970738106135,0.060546875,0.04377079856736668,3.484301833161481,2.850702921549479,2.3737711906433105,3.8609967981291584,0.9652491995322896,1.1320661437962554,5,0.08457056681315105,0.06319268544514973,0.02645270029703776,0.4593404134114583,98304,4.25,6291456,1671168,Qwen3-0.6B,model.layers.1.mlp.gate_proj.weight,mxfp4,gate_proj,1,bfloat16
3145728,3072,1024,30.310889953138293,0.0009309170930577872,0.029296875,0.04377079856736668,3.484301833161481,2.850702921549479,2.3737711906433105,6.5213439670794155,0.8151679958849269,1.1320661437962554,5,6.357828776041667e-06,0.012426058451334635,0.00857702891031901,0.21152750651041666,98304,8.25,6291456,3244032,Qwen3-0.6B,model.layers.1.mlp.gate_proj.weight,mxfp8,gate_proj,1,bfloat16
3145728,3072,1024,18.66866527942177,0.013587309622599318,0.056640625,0.023380619473360873,3.664997305064084,2.915798823038737,2.3975723584493003,3.8556078935959857,0.9639019733989964,0.9973202380415531,5,0.0867764155069987,0.06037680308024088,0.024829864501953125,0.4556783040364583,98304,4.25,6291456,1671168,Qwen3-0.6B,model.layers.1.mlp.up_proj.weight,mxfp4,up_proj,1,bfloat16
3145728,3072,1024,30.37785904951047,0.0009166722725808627,0.025390625,0.023380619473360873,3.664997305064084,2.915798823038737,2.3975723584493003,6.53140715589209,0.8164258944865113,0.9973202380415531,5,6.357828776041667e-06,0.011543909708658854,0.007974942525227865,0.20060221354166666,98304,8.25,6291456,3244032,Qwen3-0.6B,model.layers.1.mlp.up_proj.weight,mxfp8,up_proj,1,bfloat16
1048576,1024,1024,18.652074440246356,0.013639314888383781,0.060546875,0.02895373619533803,4.968681409010411,2.8855559825897217,2.387773275375366,3.855146396905382,0.9637865992263455,1.3527290813201727,5,0.08653831481933594,0.061280250549316406,0.026472091674804688,0.42755126953125,32768,4.25,2097152,557056,Qwen3-0.6B,model.layers.1.self_attn.k_proj.weight,mxfp4,k_proj,1,bfloat16
1048576,1024,1024,30.372238670144935,0.000917859342947623,0.029296875,0.02895373619533803,4.968681409010411,2.8855559825897217,2.387773275375366,6.532865930340966,0.8166082412926208,1.3527290813201727,5,8.58306884765625e-06,0.012678146362304688,0.008877754211425781,0.20806884765625,32768,8.25,2097152,1081344,Qwen3-0.6B,model.layers.1.self_attn.k_proj.weight,mxfp8,k_proj,1,bfloat16
2097152,1024,2048,18.699390625315917,0.013491521738532235,0.0576171875,0.02681804780804797,3.7268037917336794,2.886481761932373,2.390428304672241,3.850338495209917,0.9625846238024792,1.180173079443922,5,0.08743906021118164,0.05877208709716797,0.025228023529052734,0.4035797119140625,65536,4.25,4194304,1114112,Qwen3-0.6B,model.layers.1.self_attn.o_proj.weight,mxfp4,o_proj,1,bfloat16
2097152,1024,2048,30.47406419600412,0.0008965893593727415,0.0263671875,0.02681804780804797,3.7268037917336794,2.886481761932373,2.390428304672241,6.534338244251975,0.8167922805314969,1.180173079443922,5,7.152557373046875e-06,0.012192249298095703,0.008504867553710938,0.1976165771484375,65536,8.25,4194304,2162688,Qwen3-0.6B,model.layers.1.self_attn.o_proj.weight,mxfp8,o_proj,1,bfloat16
2097152,2048,1024,18.726543112573783,0.013407434647645811,0.109375,0.030736050606702696,6.633204636885597,2.8933088779449463,2.391266345977783,3.8501533345050207,0.9625383336262552,1.4473318477779755,7,0.08712244033813477,0.0586094856262207,0.025074005126953125,0.4017791748046875,65536,4.25,4194304,1114112,Qwen3-0.6B,model.layers.1.self_attn.q_proj.weight,mxfp4,q_proj,1,bfloat16
2097152,2048,1024,30.530835441682722,0.0008849453586797027,0.0302734375,0.030736050606702696,6.633204636885597,2.8933088779449463,2.391266345977783,6.533496682501326,0.8166870853126658,1.4473318477779755,7,7.152557373046875e-06,0.011948585510253906,0.008266448974609375,0.1917724609375,65536,8.25,4194304,2162688,Qwen3-0.6B,model.layers.1.self_attn.q_proj.weight,mxfp8,q_proj,1,bfloat16
1048576,1024,1024,18.67542115036446,0.01356618967892347,0.03076171875,0.02842505176667597,3.2870548658777503,2.917973041534424,2.3981692790985107,3.849197062612002,0.9622992656530005,1.0314780057419142,3,0.09099960327148438,0.06035423278808594,0.026762008666992188,0.3958740234375,32768,4.25,2097152,557056,Qwen3-0.6B,model.layers.1.self_attn.v_proj.weight,mxfp4,v_proj,1,bfloat16
1048576,1024,1024,30.412665187054348,0.0009093550465411411,0.01513671875,0.02842505176667597,3.2870548658777503,2.917973041534424,2.3981692790985107,6.55414839148331,0.8192685489354138,1.0314780057419142,3,5.7220458984375e-06,0.013194084167480469,0.009306907653808594,0.20977783203125,32768,8.25,2097152,1081344,Qwen3-0.6B,model.layers.1.self_attn.v_proj.weight,mxfp8,v_proj,1,bfloat16
3145728,1024,3072,18.519269904167363,0.014062839157426298,0.060546875,0.02363248028797545,4.3792688897664425,3.284475644429525,2.5204731623331704,3.834027074404533,0.9585067686011333,1.2204983984266833,5,0.09626992543538411,0.056167920430501304,0.02434698740641276,0.4388936360677083,98304,4.25,6291456,1671168,Qwen3-0.6B,model.layers.10.mlp.down_proj.weight,mxfp4,down_proj,10,bfloat16
3145728,1024,3072,30.292298166499418,0.000934910814233863,0.029296875,0.02363248028797545,4.3792688897664425,3.284475644429525,2.5204731623331704,6.581290227363883,0.8226612784204854,1.2204983984266833,5,7.947285970052084e-06,0.011789321899414062,0.008254369099934896,0.20689900716145834,98304,8.25,6291456,3244032,Qwen3-0.6B,model.layers.10.mlp.down_proj.weight,mxfp8,down_proj,10,bfloat16
3145728,3072,1024,18.699230009154025,0.013492020707918448,0.1171875,0.033554708588519146,4.982125198816593,2.9145723978678384,2.3969478607177734,3.8497795284576233,0.9624448821144058,1.4091424232256333,6,0.08797677357991536,0.05751609802246094,0.02406024932861328,0.4152425130208333,98304,4.25,6291456,1671168,Qwen3-0.6B,model.layers.10.mlp.gate_proj.weight,mxfp4,gate_proj,10,bfloat16
3145728,3072,1024,30.437283857869417,0.0009042148062768051,0.0546875,0.033554708588519146,4.982125198816593,2.9145723978678384,2.3969478607177734,6.5330277210288,0.8166284651286,1.4091424232256333,6,2.86102294921875e-06,0.011371294657389322,0.00789483388264974,0.189056396484375,98304,8.25,6291456,3244032,Qwen3-0.6B,model.layers.10.mlp.gate_proj.weight,mxfp8,gate_proj,10,bfloat16
3145728,3072,1024,18.657860015642978,0.013621156991075271,0.060546875,0.02615986514080229,3.9309514546912783,2.9595492680867515,2.4122212727864585,3.852249290669252,0.963062322667313,1.132140765888687,5,0.08945210774739583,0.060535430908203125,0.0260311762491862,0.4342854817708333,98304,4.25,6291456,1671168,Qwen3-0.6B,model.layers.10.mlp.up_proj.weight,mxfp4,up_proj,10,bfloat16
3145728,3072,1024,30.387587366751134,0.0009146211992714033,0.029296875,0.02615986514080229,3.9309514546912783,2.9595492680867515,2.4122212727864585,6.546021143153294,0.8182526428941618,1.132140765888687,5,4.132588704427083e-06,0.012561162312825521,0.00877984364827474,0.209625244140625,98304,8.25,6291456,3244032,Qwen3-0.6B,model.layers.10.mlp.up_proj.weight,mxfp8,up_proj,10,bfloat16
1048576,1024,1024,18.697249018633904,0.013498176361032952,0.052734375,0.02695630929802677,4.2552356824504045,2.8871500492095947,2.388845443725586,3.8566493318807757,0.9641623329701939,1.2898028129899226,6,0.08605384826660156,0.06186962127685547,0.026458740234375,0.442901611328125,32768,4.25,2097152,557056,Qwen3-0.6B,model.layers.10.self_attn.k_proj.weight,mxfp4,k_proj,10,bfloat16
1048576,1024,1024,30.383540422580474,0.000915473880158007,0.021484375,0.02695630929802677,4.2552356824504045,2.8871500492095947,2.388845443725586,6.530861030286443,0.8163576287858054,1.2898028129899226,6,8.58306884765625e-06,0.012562751770019531,0.008724212646484375,0.21026611328125,32768,8.25,2097152,1081344,Qwen3-0.6B,model.layers.10.self_attn.k_proj.weight,mxfp8,k_proj,10,bfloat16
2097152,1024,2048,18.65601914429083,0.013626931900449004,0.0625,0.024589196515522584,4.184194118772038,2.897225856781006,2.395353317260742,3.856339418061203,0.9640848545153008,1.3204626180219992,5,0.08578824996948242,0.06152153015136719,0.026030540466308594,0.450164794921875,65536,4.25,4194304,1114112,Qwen3-0.6B,model.layers.10.self_attn.o_proj.weight,mxfp4,o_proj,10,bfloat16
2097152,1024,2048,30.38503669061543,0.0009151585276906533,0.0302734375,0.024589196515522584,4.184194118772038,2.897225856781006,2.395353317260742,6.5313678884530475,0.8164209860566309,1.3204626180219992,5,4.76837158203125e-06,0.012386322021484375,0.008525848388671875,0.2111358642578125,65536,8.25,4194304,2162688,Qwen3-0.6B,model.layers.10.self_attn.o_proj.weight,mxfp8,o_proj,10,bfloat16
2097152,2048,1024,18.727925693287634,0.013403167057096613,0.0625,0.02895188257682915,5.278925239781799,2.9291911125183105,2.403430700302124,3.848194995017382,0.9620487487543455,1.3000092785258952,5,0.08775138854980469,0.05764484405517578,0.02468252182006836,0.401519775390625,65536,4.25,4194304,1114112,Qwen3-0.6B,model.layers.10.self_attn.q_proj.weight,mxfp4,q_proj,10,bfloat16
2097152,2048,1024,30.499803395830106,0.000891291285783644,0.029296875,0.02895188257682915,5.278925239781799,2.9291911125183105,2.403430700302124,6.536003201205267,0.8170004001506583,1.3000092785258952,5,6.67572021484375e-06,0.012036323547363281,0.008400440216064453,0.1952056884765625,65536,8.25,4194304,2162688,Qwen3-0.6B,model.layers.10.self_attn.q_proj.weight,mxfp8,q_proj,10,bfloat16
1048576,1024,1024,18.65232194217644,0.013638537613812925,0.03076171875,0.026986668625650793,3.3963209454628247,2.9882895946502686,2.422900915145874,3.8488343162634275,0.9622085790658569,1.0906786532914492,3,0.0909566879272461,0.060710906982421875,0.026700973510742188,0.41815185546875,32768,4.25,2097152,557056,Qwen3-0.6B,model.layers.10.self_attn.v_proj.weight,mxfp4,v_proj,10,bfloat16
1048576,1024,1024,30.37798473331847,0.0009166457446834019,0.01513671875,0.026986668625650793,3.3963209454628247,2.9882895946502686,2.422900915145874,6.557095686048061,0.8196369607560077,1.0906786532914492,3,9.5367431640625e-06,0.013074874877929688,0.009165763854980469,0.2137451171875,32768,8.25,2097152,1081344,Qwen3-0.6B,model.layers.10.self_attn.v_proj.weight,mxfp8,v_proj,10,bfloat16
3145728,1024,3072,18.576383261385732,0.013879111791178296,0.060546875,0.025069993076952363,4.126644825600216,3.148504892985026,2.486692428588867,3.8379809454981233,0.9594952363745308,1.1974820319460433,5,0.09340190887451172,0.05651028951009115,0.024568875630696613,0.4279581705729167,98304,4.25,6291456,1671168,Qwen3-0.6B,model.layers.11.mlp.down_proj.weight,mxfp4,down_proj,11,bfloat16
3145728,1024,3072,30.338825575701826,0.0009249482657306647,0.0263671875,0.025069993076952363,4.126644825600216,3.148504892985026,2.486692428588867,6.567024536083212,0.8208780670104014,1.1974820319460433,5,4.450480143229167e-06,0.012074152628580729,0.00847021738688151,0.20698038736979166,98304,8.25,6291456,3244032,Qwen3-0.6B,model.layers.11.mlp.down_proj.weight,mxfp8,down_proj,11,bfloat16
3145728,3072,1024,18.72740421866197,0.013404776525200645,0.0625,0.031063107082925423,4.793240516591448,2.899175008138021,2.391522248586019,3.8499369625828925,0.9624842406457231,1.2579687069349492,6,0.08718331654866536,0.05744489034016927,0.02395025889078776,0.4074910481770833,98304,4.25,6291456,1671168,Qwen3-0.6B,model.layers.11.mlp.gate_proj.weight,mxfp4,gate_proj,11,bfloat16
3145728,3072,1024,30.505683951307645,0.0008900852513543549,0.0302734375,0.031063107082925423,4.793240516591448,2.899175008138021,2.391522248586019,6.529909846948189,0.8162387308685236,1.2579687069349492,6,4.76837158203125e-06,0.011384328206380209,0.007885932922363281,0.188079833984375,98304,8.25,6291456,3244032,Qwen3-0.6B,model.layers.11.mlp.gate_proj.weight,mxfp8,gate_proj,11,bfloat16
3145728,3072,1024,18.67972644303376,0.013552747768204613,0.044921875,0.02697054598290104,3.63423923869141,2.9384180704752603,2.4063498179117837,3.8527665633910373,0.9631916408477593,1.10586701483895,4,0.08842531840006511,0.0604699452718099,0.025975863138834637,0.4321085611979167,98304,4.25,6291456,1671168,Qwen3-0.6B,model.layers.11.mlp.up_proj.weight,mxfp4,up_proj,11,bfloat16
3145728,3072,1024,30.40370293546959,0.0009112335607775145,0.01513671875,0.02697054598290104,3.63423923869141,2.9384180704752603,2.4063498179117837,6.542042871648101,0.8177553589560126,1.10586701483895,4,5.086263020833333e-06,0.012450218200683594,0.008680979410807291,0.20726521809895834,98304,8.25,6291456,3244032,Qwen3-0.6B,model.layers.11.mlp.up_proj.weight,mxfp8,up_proj,11,bfloat16
1048576,1024,1024,18.650910344680852,0.013642971300047062,0.0625,0.02661701456612229,6.144731645084621,3.0767431259155273,2.446192979812622,3.8399580115272887,0.9599895028818222,1.5964745718167017,6,0.0941324234008789,0.05594635009765625,0.023728370666503906,0.414703369140625,32768,4.25,2097152,557056,Qwen3-0.6B,model.layers.11.self_attn.k_proj.weight,mxfp4,k_proj,11,bfloat16
1048576,1024,1024,30.46317570988218,0.0008988400785381631,0.0263671875,0.02661701456612229,6.144731645084621,3.0767431259155273,2.446192979812622,6.568339114558757,0.8210423893198446,1.5964745718167017,6,4.76837158203125e-06,0.011340141296386719,0.007922172546386719,0.189788818359375,32768,8.25,2097152,1081344,Qwen3-0.6B,model.layers.11.self_attn.k_proj.weight,mxfp8,k_proj,11,bfloat16
2097152,1024,2048,18.682036433232135,0.01354554104757037,0.0615234375,0.023292585236064443,8.534947855523432,2.9137122631073,2.400369167327881,3.8485243630605446,0.9621310907651361,1.4012020729471326,5,0.08692789077758789,0.05713033676147461,0.023910999298095703,0.4091949462890625,65536,4.25,4194304,1114112,Qwen3-0.6B,model.layers.11.self_attn.o_proj.weight,mxfp4,o_proj,11,bfloat16
2097152,1024,2048,30.414092734497764,0.0009090561861605558,0.0302734375,0.023292585236064443,8.534947855523432,2.9137122631073,2.400369167327881,6.529701501730554,0.8162126877163193,1.4012020729471326,5,1.9073486328125e-06,0.011359691619873047,0.007905960083007812,0.1884918212890625,65536,8.25,4194304,2162688,Qwen3-0.6B,model.layers.11.self_attn.o_proj.weight,mxfp8,o_proj,11,bfloat16
2097152,2048,1024,18.677268639262113,0.013560419848627941,0.0703125,0.0312691793594718,9.447966147631158,3.10506010055542,2.453962802886963,3.837079159061828,0.959269789765457,1.6198644266072832,6,0.09489059448242188,0.05496692657470703,0.02318429946899414,0.39910888671875,65536,4.25,4194304,1114112,Qwen3-0.6B,model.layers.11.self_attn.q_proj.weight,mxfp4,q_proj,11,bfloat16
2097152,2048,1024,30.470620121486153,0.0008973006613627629,0.0302734375,0.0312691793594718,9.447966147631158,3.10506010055542,2.453962802886963,6.570724351020085,0.8213405438775107,1.6198644266072832,6,8.106231689453125e-06,0.0111541748046875,0.007846355438232422,0.187255859375,65536,8.25,4194304,2162688,Qwen3-0.6B,model.layers.11.self_attn.q_proj.weight,mxfp8,q_proj,11,bfloat16
1048576,1024,1024,18.63980119458094,0.013677914370582018,0.03125,0.025682003911203736,4.036952681055072,3.2153639793395996,2.4907541275024414,3.8284769154345084,0.9571192288586271,1.20872544302877,4,0.10025787353515625,0.053908348083496094,0.02326488494873047,0.397613525390625,32768,4.25,2097152,557056,Qwen3-0.6B,model.layers.11.self_attn.v_proj.weight,mxfp4,v_proj,11,bfloat16
1048576,1024,1024,30.425693984777233,0.0009066310770788138,0.01513671875,0.025682003911203736,4.036952681055072,3.2153639793395996,2.4907541275024414,6.593708020784485,0.8242135025980606,1.20872544302877,4,3.814697265625e-06,0.011285781860351562,0.00798797607421875,0.18914794921875,32768,8.25,2097152,1081344,Qwen3-0.6B,model.layers.11.self_attn.v_proj.weight,mxfp8,v_proj,11,bfloat16
3145728,1024,3072,18.58250235892416,0.013859570249668093,0.11328125,0.024967818110314843,4.193536881852693,3.109450340270996,2.473716894785563,3.8410434961904514,0.9602608740476128,1.235341884833184,5,0.09209664662679036,0.057532310485839844,0.024890581766764324,0.429840087890625,98304,4.25,6291456,1671168,Qwen3-0.6B,model.layers.12.mlp.down_proj.weight,mxfp4,down_proj,12,bfloat16
3145728,1024,3072,30.35244876840516,0.0009220513821020053,0.05078125,0.024967818110314843,4.193536881852693,3.109450340270996,2.473716894785563,6.561810463370186,0.8202263079212733,1.235341884833184,5,3.814697265625e-06,0.012061119079589844,0.008459726969401041,0.205963134765625,98304,8.25,6291456,3244032,Qwen3-0.6B,model.layers.12.mlp.down_proj.weight,mxfp8,down_proj,12,bfloat16
3145728,3072,1024,18.72147490894962,0.01342309021703374,0.05859375,0.02970867943899299,4.339221954173583,2.8921286265055337,2.390716552734375,3.8508766167225175,0.9627191541806294,1.2538056466536665,4,0.08737405141194661,0.05806954701741537,0.024219512939453125,0.4120686848958333,98304,4.25,6291456,1671168,Qwen3-0.6B,model.layers.12.mlp.gate_proj.weight,mxfp4,gate_proj,12,bfloat16
3145728,3072,1024,30.4879037384945,0.0008937367703336629,0.025390625,0.02970867943899299,4.339221954173583,2.8921286265055337,2.390716552734375,6.5309059725550345,0.8163632465693793,1.2538056466536665,4,6.039937337239583e-06,0.011432647705078125,0.007926305135091146,0.18871053059895834,98304,8.25,6291456,3244032,Qwen3-0.6B,model.layers.12.mlp.gate_proj.weight,mxfp8,gate_proj,12,bfloat16
3145728,3072,1024,18.654325005725852,0.013632248664808678,0.05859375,0.026612313861846978,3.6833408793021007,2.9523226420084634,2.4111480712890625,3.852924679758216,0.963231169939554,1.1155031621911908,4,0.08911736806233723,0.0609442392985026,0.02629566192626953,0.4343363444010417,98304,4.25,6291456,1671168,Qwen3-0.6B,model.layers.12.mlp.up_proj.weight,mxfp4,up_proj,12,bfloat16
3145728,3072,1024,30.39608770812524,0.0009128327839919831,0.02734375,0.026612313861846978,3.6833408793021007,2.9523226420084634,2.4111480712890625,6.545927348386218,0.8182409185482773,1.1155031621911908,4,3.1789143880208335e-06,0.012711207071940104,0.008962631225585938,0.21486409505208334,98304,8.25,6291456,3244032,Qwen3-0.6B,model.layers.12.mlp.up_proj.weight,mxfp8,up_proj,12,bfloat16
1048576,1024,1024,18.690323722412046,0.013519717836778057,0.0615234375,0.025678546168380268,5.07673360770311,2.9227304458618164,2.399292469024658,3.849398671875176,0.962349667968794,1.355076238346669,5,0.08727550506591797,0.05733203887939453,0.02392292022705078,0.413177490234375,32768,4.25,2097152,557056,Qwen3-0.6B,model.layers.12.self_attn.k_proj.weight,mxfp4,k_proj,12,bfloat16
1048576,1024,1024,30.44570905322779,0.0009024623544395202,0.0302734375,0.025678546168380268,5.07673360770311,2.9227304458618164,2.399292469024658,6.5314342516384185,0.8164292814548023,1.355076238346669,5,6.67572021484375e-06,0.011260032653808594,0.007846832275390625,0.189239501953125,32768,8.25,2097152,1081344,Qwen3-0.6B,model.layers.12.self_attn.k_proj.weight,mxfp8,k_proj,12,bfloat16
2097152,1024,2048,18.646558064640292,0.013656650450239581,0.052734375,0.02325686118793098,3.918600960133696,2.891982078552246,2.3932106494903564,3.8578566114501416,0.9644641528625354,1.2867539847722183,5,0.08544301986694336,0.0621795654296875,0.02624988555908203,0.4580535888671875,65536,4.25,4194304,1114112,Qwen3-0.6B,model.layers.12.self_attn.o_proj.weight,mxfp4,o_proj,12,bfloat16
2097152,1024,2048,30.317009985821237,0.0009296061782502132,0.021484375,0.02325686118793098,3.918600960133696,2.891982078552246,2.3932106494903564,6.527970656084845,0.8159963320106056,1.2867539847722183,5,5.7220458984375e-06,0.012464523315429688,0.008671760559082031,0.2131500244140625,65536,8.25,4194304,2162688,Qwen3-0.6B,model.layers.12.self_attn.o_proj.weight,mxfp8,o_proj,12,bfloat16
2097152,2048,1024,18.73559526531853,0.01337951816347092,0.0615234375,0.030253143968946603,7.121385912521714,2.9287045001983643,2.4042532444000244,3.8483041213818154,0.9620760303454539,1.4817637037070588,5,0.08766460418701172,0.05760335922241211,0.024409770965576172,0.4078521728515625,65536,4.25,4194304,1114112,Qwen3-0.6B,model.layers.12.self_attn.q_proj.weight,mxfp4,q_proj,12,bfloat16
2097152,2048,1024,30.508338195059675,0.000889541431083479,0.0302734375,0.030253143968946603,7.121385912521714,2.9287045001983643,2.4042532444000244,6.535303385912744,0.816912923239093,1.4817637037070588,5,4.291534423828125e-06,0.011634349822998047,0.008103370666503906,0.191253662109375,65536,8.25,4194304,2162688,Qwen3-0.6B,model.layers.12.self_attn.q_proj.weight,mxfp8,q_proj,12,bfloat16
1048576,1024,1024,18.647230483690766,0.01365453615189008,0.03125,0.026346269009706318,3.4163057302630517,2.971564769744873,2.4186670780181885,3.8512646273333218,0.9628161568333304,1.1237968398671103,4,0.0905141830444336,0.06171989440917969,0.027276039123535156,0.431610107421875,32768,4.25,2097152,557056,Qwen3-0.6B,model.layers.12.self_attn.v_proj.weight,mxfp4,v_proj,12,bfloat16
1048576,1024,1024,30.360374146392907,0.0009203702780785932,0.01513671875,0.026346269009706318,3.4163057302630517,2.971564769744873,2.4186670780181885,6.556386626140183,0.8195483282675229,1.1237968398671103,4,4.76837158203125e-06,0.013288497924804688,0.009321212768554688,0.220916748046875,32768,8.25,2097152,1081344,Qwen3-0.6B,model.layers.12.self_attn.v_proj.weight,mxfp8,v_proj,12,bfloat16
3145728,1024,3072,18.532253813082036,0.014020858897357316,0.08984375,0.024010574507694442,4.189442837902104,3.177607854207357,2.496816317240397,3.8391591967747414,0.9597897991936853,1.2589709686764186,5,0.09390894571940105,0.05776850382486979,0.02519671122233073,0.441497802734375,98304,4.25,6291456,1671168,Qwen3-0.6B,model.layers.13.mlp.down_proj.weight,mxfp4,down_proj,13,bfloat16
3145728,1024,3072,30.287776759863192,0.000935884649570659,0.02734375,0.024010574507694442,4.189442837902104,3.177607854207357,2.496816317240397,6.5712820988578216,0.8214102623572277,1.2589709686764186,5,4.450480143229167e-06,0.012334505716959635,0.008671760559082031,0.21437581380208334,98304,8.25,6291456,3244032,Qwen3-0.6B,model.layers.13.mlp.down_proj.weight,mxfp8,down_proj,13,bfloat16
3145728,3072,1024,18.69270317068032,0.013512312571570435,0.091796875,0.02852065105213955,5.112326509505131,2.9138259887695312,2.398113250732422,3.8507311897054635,0.9626827974263659,1.2579583121406863,6,0.08787250518798828,0.058250109354654946,0.024311383565266926,0.4206034342447917,98304,4.25,6291456,1671168,Qwen3-0.6B,model.layers.13.mlp.gate_proj.weight,mxfp4,gate_proj,13,bfloat16
3145728,3072,1024,30.429705936018458,0.0009057939307937633,0.0302734375,0.02852065105213955,5.112326509505131,2.9138259887695312,2.398113250732422,6.534108941024018,0.8167636176280022,1.2579583121406863,6,4.76837158203125e-06,0.011531511942545572,0.008014043172200521,0.19243367513020834,98304,8.25,6291456,3244032,Qwen3-0.6B,model.layers.13.mlp.gate_proj.weight,mxfp8,gate_proj,13,bfloat16
3145728,3072,1024,18.656325609569844,0.013625970333052757,0.0537109375,0.02552825964033989,3.6973446074040153,2.959339141845703,2.4134947458902993,3.85320354519206,0.963300886298015,1.1012378817549788,4,0.08967971801757812,0.06089496612548828,0.025994618733723957,0.4442952473958333,98304,4.25,6291456,1671168,Qwen3-0.6B,model.layers.13.mlp.up_proj.weight,mxfp4,up_proj,13,bfloat16
3145728,3072,1024,30.375278101169574,0.0009172171993584187,0.0224609375,0.02552825964033989,3.6973446074040153,2.959339141845703,2.4134947458902993,6.546848413626463,0.8183560517033078,1.1012378817549788,4,2.5431315104166665e-06,0.01239617665608724,0.008582433064778646,0.2100830078125,98304,8.25,6291456,3244032,Qwen3-0.6B,model.layers.13.mlp.up_proj.weight,mxfp8,up_proj,13,bfloat16
1048576,1024,1024,18.710194050402603,0.013458002199948745,0.048828125,0.02427305269181869,4.944793386603979,2.9154529571533203,2.3994996547698975,3.8498778340672084,0.9624694585168021,1.3964203012930898,6,0.0870199203491211,0.05769062042236328,0.02423858642578125,0.414825439453125,32768,4.25,2097152,557056,Qwen3-0.6B,model.layers.13.self_attn.k_proj.weight,mxfp4,k_proj,13,bfloat16
1048576,1024,1024,30.47224654451029,0.0008969646872067665,0.017578125,0.02427305269181869,4.944793386603979,2.9154529571533203,2.3994996547698975,6.5306788184120705,0.8163348523015088,1.3964203012930898,6,3.814697265625e-06,0.011431694030761719,0.007961273193359375,0.190643310546875,32768,8.25,2097152,1081344,Qwen3-0.6B,model.layers.13.self_attn.k_proj.weight,mxfp8,k_proj,13,bfloat16
2097152,1024,2048,18.664199515245624,0.01360128836988662,0.0546875,0.022533231727689073,4.055442640844696,2.903898000717163,2.397524833679199,3.8540799755415174,0.9635199938853793,1.3139330484371303,6,0.0859832763671875,0.05962371826171875,0.025003910064697266,0.4454345703125,65536,4.25,4194304,1114112,Qwen3-0.6B,model.layers.13.self_attn.o_proj.weight,mxfp4,o_proj,13,bfloat16
2097152,1024,2048,30.360160308906835,0.0009204155962947003,0.0234375,0.022533231727689073,4.055442640844696,2.903898000717163,2.397524833679199,6.528077537684704,0.816009692210588,1.3139330484371303,6,3.337860107421875e-06,0.011740684509277344,0.008128643035888672,0.199981689453125,65536,8.25,4194304,2162688,Qwen3-0.6B,model.layers.13.self_attn.o_proj.weight,mxfp8,o_proj,13,bfloat16
2097152,2048,1024,18.71709621349554,0.013436630629415892,0.087890625,0.029117765892098812,7.942114676811058,2.9270517826080322,2.403470754623413,3.849620120210397,0.9624050300525993,1.4913830250271423,5,0.08718252182006836,0.057875633239746094,0.024285316467285156,0.416534423828125,65536,4.25,4194304,1114112,Qwen3-0.6B,model.layers.13.self_attn.q_proj.weight,mxfp4,q_proj,13,bfloat16
2097152,2048,1024,30.506588965575094,0.0008898997882736571,0.0302734375,0.029117765892098812,7.942114676811058,2.9270517826080322,2.403470754623413,6.532651607207638,0.8165814509009548,1.4913830250271423,5,7.152557373046875e-06,0.011555194854736328,0.008112907409667969,0.193756103515625,65536,8.25,4194304,2162688,Qwen3-0.6B,model.layers.13.self_attn.q_proj.weight,mxfp8,q_proj,13,bfloat16
1048576,1024,1024,18.644651081417752,0.013662648390102256,0.03076171875,0.02628869276084326,3.4313257180596906,2.9819438457489014,2.4202051162719727,3.8535924399358827,0.9633981099839707,1.1217273311127294,4,0.08997058868408203,0.06266975402832031,0.027570724487304688,0.444854736328125,32768,4.25,2097152,557056,Qwen3-0.6B,model.layers.13.self_attn.v_proj.weight,mxfp4,v_proj,13,bfloat16
1048576,1024,1024,30.328157796634557,0.0009272230522296185,0.01513671875,0.02628869276084326,3.4313257180596906,2.9819438457489014,2.4202051162719727,6.55332987027181,0.8191662337839762,1.1217273311127294,4,2.86102294921875e-06,0.013441085815429688,0.009368896484375,0.224456787109375,32768,8.25,2097152,1081344,Qwen3-0.6B,model.layers.13.self_attn.v_proj.weight,mxfp8,v_proj,13,bfloat16
3145728,1024,3072,18.509438397684153,0.014094710505713686,0.05859375,0.02360789624915788,4.186708649510936,3.234786033630371,2.513418992360433,3.836456831061624,0.959114207765406,1.2323545311435762,6,0.09545516967773438,0.057070414225260414,0.024895350138346355,0.4471537272135417,98304,4.25,6291456,1671168,Qwen3-0.6B,model.layers.14.mlp.down_proj.weight,mxfp4,down_proj,14,bfloat16
3145728,1024,3072,30.261562774266014,0.0009415507259916131,0.021484375,0.02360789624915788,4.186708649510936,3.234786033630371,2.513418992360433,6.577938393079153,0.8222422991348941,1.2323545311435762,6,6.039937337239583e-06,0.012185414632161459,0.008532842000325521,0.21330769856770834,98304,8.25,6291456,3244032,Qwen3-0.6B,model.layers.14.mlp.down_proj.weight,mxfp8,down_proj,14,bfloat16
3145728,3072,1024,18.68708553071089,0.01352980218401749,0.0615234375,0.027264770478026324,5.345908939341101,2.9439417521158853,2.409870465596517,3.849551377015719,0.9623878442539298,1.287854875917422,5,0.08828163146972656,0.0577850341796875,0.024197896321614582,0.4258321126302083,98304,4.25,6291456,1671168,Qwen3-0.6B,model.layers.14.mlp.gate_proj.weight,mxfp4,gate_proj,14,bfloat16
3145728,3072,1024,30.444384780939075,0.0009027375796990464,0.0302734375,0.027264770478026324,5.345908939341101,2.9439417521158853,2.409870465596517,6.537783799183495,0.8172229748979368,1.287854875917422,5,5.404154459635417e-06,0.011414210001627604,0.007895787556966146,0.192169189453125,98304,8.25,6291456,3244032,Qwen3-0.6B,model.layers.14.mlp.gate_proj.weight,mxfp8,gate_proj,14,bfloat16
3145728,3072,1024,18.642383177683385,0.0136697849447678,0.056640625,0.024627857294314947,3.8401312332787207,2.9794286092122397,2.42036501566569,3.85243907297936,0.96310976824484,1.1047095051521276,5,0.08958212534586589,0.06029923756917318,0.0255740483601888,0.4465535481770833,98304,4.25,6291456,1671168,Qwen3-0.6B,model.layers.14.mlp.up_proj.weight,mxfp4,up_proj,14,bfloat16
3145728,3072,1024,30.361476791135495,0.0009201366318613832,0.025390625,0.024627857294314947,3.8401312332787207,2.9794286092122397,2.42036501566569,6.547282242940222,0.8184102803675277,1.1047095051521276,5,4.132588704427083e-06,0.012191454569498697,0.008516311645507812,0.20989990234375,98304,8.25,6291456,3244032,Qwen3-0.6B,model.layers.14.mlp.up_proj.weight,mxfp8,up_proj,14,bfloat16
1048576,1024,1024,18.69350723364625,0.013509811101974347,0.05859375,0.024178889807221257,6.1982206311079,2.944721221923828,2.408721685409546,3.8481261593305818,0.9620315398326454,1.499028304312776,7,0.08773612976074219,0.05677223205566406,0.02344512939453125,0.41619873046875,32768,4.25,2097152,557056,Qwen3-0.6B,model.layers.14.self_attn.k_proj.weight,mxfp4,k_proj,14,bfloat16
1048576,1024,1024,30.476632971910558,0.000896059199252853,0.025390625,0.024178889807221257,6.1982206311079,2.944721221923828,2.408721685409546,6.533805565405899,0.8167256956757374,1.499028304312776,7,8.58306884765625e-06,0.011034965515136719,0.007590293884277344,0.184844970703125,32768,8.25,2097152,1081344,Qwen3-0.6B,model.layers.14.self_attn.k_proj.weight,mxfp8,k_proj,14,bfloat16
2097152,1024,2048,18.67781698754826,0.013558707792895737,0.03125,0.021925883048168015,3.9675302204670326,2.8945107460021973,2.3946385383605957,3.8533638671512094,0.9633409667878023,1.2688289015401812,6,0.08548307418823242,0.058969974517822266,0.024272918701171875,0.4364013671875,65536,4.25,4194304,1114112,Qwen3-0.6B,model.layers.14.self_attn.o_proj.weight,mxfp4,o_proj,14,bfloat16
2097152,1024,2048,30.399734753288456,0.0009120665424038563,0.01513671875,0.021925883048168015,3.9675302204670326,2.8945107460021973,2.3946385383605957,6.523513823653455,0.8154392279566819,1.2688289015401812,6,7.62939453125e-06,0.011304378509521484,0.007838726043701172,0.195343017578125,65536,8.25,4194304,2162688,Qwen3-0.6B,model.layers.14.self_attn.o_proj.weight,mxfp8,o_proj,14,bfloat16
2097152,2048,1024,18.682547425710162,0.013543947368007915,0.0615234375,0.02856025501929839,6.922240139049522,2.957911491394043,2.414816379547119,3.8475841508503072,0.9618960377125768,1.5850067454209182,6,0.08845901489257812,0.05768394470214844,0.024422645568847656,0.412078857421875,65536,4.25,4194304,1114112,Qwen3-0.6B,model.layers.14.self_attn.q_proj.weight,mxfp4,q_proj,14,bfloat16
2097152,2048,1024,30.43690650588475,0.0009042933755632817,0.0302734375,0.02856025501929839,6.922240139049522,2.957911491394043,2.414816379547119,6.539344993931962,0.8174181242414953,1.5850067454209182,6,5.7220458984375e-06,0.011798381805419922,0.008297443389892578,0.1966094970703125,65536,8.25,4194304,2162688,Qwen3-0.6B,model.layers.14.self_attn.q_proj.weight,mxfp8,q_proj,14,bfloat16
1048576,1024,1024,18.613254851091256,0.013761776960793564,0.0302734375,0.024838187281708866,3.4282091001974018,2.988217353820801,2.4230751991271973,3.8539405188296607,0.9634851297074152,1.1186227910739777,4,0.09012985229492188,0.06258296966552734,0.027494430541992188,0.45458984375,32768,4.25,2097152,557056,Qwen3-0.6B,model.layers.14.self_attn.v_proj.weight,mxfp4,v_proj,14,bfloat16
1048576,1024,1024,30.30126227169003,0.0009329830909718506,0.0146484375,0.024838187281708866,3.4282091001974018,2.988217353820801,2.4230751991271973,6.5556299160574305,0.8194537395071788,1.1186227910739777,4,2.86102294921875e-06,0.013237953186035156,0.009267807006835938,0.224639892578125,32768,8.25,2097152,1081344,Qwen3-0.6B,model.layers.14.self_attn.v_proj.weight,mxfp8,v_proj,14,bfloat16
3145728,1024,3072,18.509758618991366,0.014093671289140765,0.05859375,0.023576828955110946,4.219324904851645,3.211458206176758,2.5052599906921387,3.8386774557495467,0.9596693639373867,1.2579691413876695,5,0.09459336598714192,0.057930310567220054,0.025076548258463543,0.447998046875,98304,4.25,6291456,1671168,Qwen3-0.6B,model.layers.15.mlp.down_proj.weight,mxfp4,down_proj,15,bfloat16
3145728,1024,3072,30.263950568939975,0.0009410331942323963,0.02734375,0.023576828955110946,4.219324904851645,3.211458206176758,2.5052599906921387,6.57553612715097,0.8219420158938713,1.2579691413876695,5,4.450480143229167e-06,0.012263933817545572,0.0086517333984375,0.21553548177083334,98304,8.25,6291456,3244032,Qwen3-0.6B,model.layers.15.mlp.down_proj.weight,mxfp8,down_proj,15,bfloat16
3145728,3072,1024,18.677837371435043,0.013558644154390632,0.109375,0.027396615048806194,6.2597420175268645,2.9521350860595703,2.4105421702067056,3.848917851267054,0.9622294628167635,1.2983402205725383,6,0.08898003896077473,0.057372728983561196,0.02393309275309245,0.4236551920572917,98304,4.25,6291456,1671168,Qwen3-0.6B,model.layers.15.mlp.gate_proj.weight,mxfp4,gate_proj,15,bfloat16
3145728,3072,1024,30.414592297872886,0.000908951624606727,0.046875,0.027396615048806194,6.2597420175268645,2.9521350860595703,2.4105421702067056,6.538969023533442,0.8173711279416802,1.2983402205725383,6,6.993611653645833e-06,0.011240959167480469,0.0078016916910807295,0.18967692057291666,98304,8.25,6291456,3244032,Qwen3-0.6B,model.layers.15.mlp.gate_proj.weight,mxfp8,gate_proj,15,bfloat16
3145728,3072,1024,18.659004940576594,0.013617566536344055,0.052734375,0.025128150324068836,3.8940477842680514,2.98448117574056,2.422324021657308,3.850643964405694,0.9626609911014234,1.1515897649027804,5,0.09017340342203777,0.05966949462890625,0.025410970052083332,0.4388224283854167,98304,4.25,6291456,1671168,Qwen3-0.6B,model.layers.15.mlp.up_proj.weight,mxfp4,up_proj,15,bfloat16
3145728,3072,1024,30.39090326823674,0.000913923139216925,0.021484375,0.025128150324068836,3.8940477842680514,2.98448117574056,2.422324021657308,6.549579302364387,0.8186974127955484,1.1515897649027804,5,7.62939453125e-06,0.012126286824544271,0.008456548055013021,0.20641072591145834,98304,8.25,6291456,3244032,Qwen3-0.6B,model.layers.15.mlp.up_proj.weight,mxfp8,up_proj,15,bfloat16
1048576,1024,1024,18.70667847446648,0.013468900745843967,0.060546875,0.022823826910292215,4.680138647055567,2.915602207183838,2.3985583782196045,3.849659443452667,0.9624148608631667,1.3004980873710914,5,0.0872030258178711,0.05750751495361328,0.023674964904785156,0.41387939453125,32768,4.25,2097152,557056,Qwen3-0.6B,model.layers.15.self_attn.k_proj.weight,mxfp4,k_proj,15,bfloat16
1048576,1024,1024,30.481805220967058,0.0008949926688655147,0.029296875,0.022823826910292215,4.680138647055567,2.915602207183838,2.3985583782196045,6.529670313996018,0.8162087892495022,1.3004980873710914,5,8.58306884765625e-06,0.011166572570800781,0.007748603820800781,0.18505859375,32768,8.25,2097152,1081344,Qwen3-0.6B,model.layers.15.self_attn.k_proj.weight,mxfp8,k_proj,15,bfloat16
2097152,1024,2048,18.641002409933467,0.013674131718620615,0.052734375,0.02306472846509757,4.117175661004583,2.9076452255249023,2.4002456665039062,3.8552552422831714,0.9638138105707929,1.3639533218493112,6,0.08641290664672852,0.060840606689453125,0.025492191314697266,0.4468994140625,65536,4.25,4194304,1114112,Qwen3-0.6B,model.layers.15.self_attn.o_proj.weight,mxfp4,o_proj,15,bfloat16
2097152,1024,2048,30.31815373073307,0.0009293613921918739,0.01513671875,0.02306472846509757,4.117175661004583,2.9076452255249023,2.4002456665039062,6.531038085654687,0.8163797607068358,1.3639533218493112,6,3.814697265625e-06,0.01215219497680664,0.008465766906738281,0.2094879150390625,65536,8.25,4194304,2162688,Qwen3-0.6B,model.layers.15.self_attn.o_proj.weight,mxfp8,o_proj,15,bfloat16
2097152,2048,1024,18.72677519802132,0.013406718178185947,0.087890625,0.02912094919378629,7.944377194330644,2.9534196853637695,2.413313388824463,3.8474371045628573,0.9618592761407143,1.5945239657788044,7,0.08833932876586914,0.05745649337768555,0.024526119232177734,0.405670166015625,65536,4.25,4194304,1114112,Qwen3-0.6B,model.layers.15.self_attn.q_proj.weight,mxfp4,q_proj,15,bfloat16
2097152,2048,1024,30.51665817136875,0.0008878389275323856,0.0302734375,0.02912094919378629,7.944377194330644,2.9534196853637695,2.413313388824463,6.538027775202361,0.8172534719002951,1.5945239657788044,7,6.198883056640625e-06,0.011803627014160156,0.00825643539428711,0.1944580078125,65536,8.25,4194304,2162688,Qwen3-0.6B,model.layers.15.self_attn.q_proj.weight,mxfp8,q_proj,15,bfloat16
1048576,1024,1024,18.63092232866032,0.013705906574029892,0.0556640625,0.02585484627831532,4.010425742052596,3.0522994995117188,2.4417643547058105,3.8449050052059843,0.9612262513014961,1.1915211436753665,5,0.09314155578613281,0.05844688415527344,0.025460243225097656,0.420562744140625,32768,4.25,2097152,557056,Qwen3-0.6B,model.layers.15.self_attn.v_proj.weight,mxfp4,v_proj,15,bfloat16
1048576,1024,1024,30.374724532443913,0.0009173341188999224,0.0244140625,0.02585484627831532,4.010425742052596,3.0522994995117188,2.4417643547058105,6.563709476608751,0.8204636845760939,1.1915211436753665,5,4.76837158203125e-06,0.012457847595214844,0.008823394775390625,0.20843505859375,32768,8.25,2097152,1081344,Qwen3-0.6B,model.layers.15.self_attn.v_proj.weight,mxfp8,v_proj,15,bfloat16
3145728,1024,3072,18.446636052152666,0.014300011765457818,0.103515625,0.02383870543936998,5.059694363693687,3.2988948822021484,2.5247488021850586,3.834828457393421,0.9587071143483552,1.1322601592960684,4,0.09731896718343098,0.05709520975748698,0.024690945943196613,0.448455810546875,98304,4.25,6291456,1671168,Qwen3-0.6B,model.layers.16.mlp.down_proj.weight,mxfp4,down_proj,16,bfloat16
3145728,1024,3072,30.224568373415025,0.000949605371701404,0.041015625,0.02383870543936998,5.059694363693687,3.2988948822021484,2.5247488021850586,6.586404747255873,0.8233005934069841,1.1322601592960684,4,4.76837158203125e-06,0.012036323547363281,0.008461952209472656,0.21250406901041666,98304,8.25,6291456,3244032,Qwen3-0.6B,model.layers.16.mlp.down_proj.weight,mxfp8,down_proj,16,bfloat16
3145728,3072,1024,18.648305212330172,0.013651157544504149,0.0615234375,0.02714247363607664,5.657702060418288,3.034942944844564,2.4385016759236655,3.8454901603806633,0.9613725400951658,1.308100004196913,5,0.0915540059407552,0.057312965393066406,0.02408440907796224,0.430084228515625,98304,4.25,6291456,1671168,Qwen3-0.6B,model.layers.16.mlp.gate_proj.weight,mxfp4,gate_proj,16,bfloat16
3145728,3072,1024,30.38425885382366,0.0009153224505019023,0.0302734375,0.02714247363607664,5.657702060418288,3.034942944844564,2.4385016759236655,6.554391291828978,0.8192989114786222,1.308100004196913,5,5.404154459635417e-06,0.011402448018391928,0.007923126220703125,0.19499715169270834,98304,8.25,6291456,3244032,Qwen3-0.6B,model.layers.16.mlp.gate_proj.weight,mxfp8,gate_proj,16,bfloat16
3145728,3072,1024,18.60893313459599,0.013775478286204516,0.0615234375,0.025959079638644945,4.18095399680733,3.0829569498697915,2.450779596964518,3.843223853162643,0.9608059632906607,1.2472926569540437,5,0.09505017598470052,0.05824089050292969,0.02518908182779948,0.4235026041666667,98304,4.25,6291456,1671168,Qwen3-0.6B,model.layers.16.mlp.up_proj.weight,mxfp4,up_proj,16,bfloat16
3145728,3072,1024,30.359802364645446,0.000920491459809384,0.0302734375,0.025959079638644945,4.18095399680733,3.0829569498697915,2.450779596964518,6.572078499343732,0.8215098124179665,1.2472926569540437,5,4.76837158203125e-06,0.012193997701009115,0.008576711018880209,0.20524088541666666,98304,8.25,6291456,3244032,Qwen3-0.6B,model.layers.16.mlp.up_proj.weight,mxfp8,up_proj,16,bfloat16
1048576,1024,1024,18.56110443163869,0.013928025615517453,0.119140625,0.0237816157865057,13.710530056969713,3.027188539505005,2.4326443672180176,3.844054313889294,0.9610135784723235,1.5680117735897408,7,0.08997058868408203,0.056220054626464844,0.023603439331054688,0.41326904296875,32768,4.25,2097152,557056,Qwen3-0.6B,model.layers.16.self_attn.k_proj.weight,mxfp4,k_proj,16,bfloat16
1048576,1024,1024,30.395410820379944,0.0009129750684337112,0.056640625,0.0237816157865057,13.710530056969713,3.027188539505005,2.4326443672180176,6.546638454553115,0.8183298068191394,1.5680117735897408,7,1.1444091796875e-05,0.011232376098632812,0.007748603820800781,0.188201904296875,32768,8.25,2097152,1081344,Qwen3-0.6B,model.layers.16.self_attn.k_proj.weight,mxfp8,k_proj,16,bfloat16
2097152,1024,2048,18.656721019315427,0.013624729793183445,0.056640625,0.022880011053148044,4.282762663389527,2.9069159030914307,2.3987300395965576,3.852220756099924,0.963055189024981,1.3514731720416406,6,0.08675384521484375,0.05923318862915039,0.024953365325927734,0.4322052001953125,65536,4.25,4194304,1114112,Qwen3-0.6B,model.layers.16.self_attn.o_proj.weight,mxfp4,o_proj,16,bfloat16
2097152,1024,2048,30.3773866898535,0.0009167719797074,0.025390625,0.022880011053148044,4.282762663389527,2.9069159030914307,2.3987300395965576,6.531636666620374,0.8164545833275467,1.3514731720416406,6,7.152557373046875e-06,0.01189279556274414,0.008224010467529297,0.2001190185546875,65536,8.25,4194304,2162688,Qwen3-0.6B,model.layers.16.self_attn.o_proj.weight,mxfp8,o_proj,16,bfloat16
2097152,2048,1024,18.731091746524033,0.013393399565652664,0.064453125,0.0315590806238378,10.124629449335034,2.9977715015411377,2.426659345626831,3.845449923726308,0.961362480931577,1.7615960860173911,6,0.08952903747558594,0.05689668655395508,0.02389812469482422,0.41180419921875,65536,4.25,4194304,1114112,Qwen3-0.6B,model.layers.16.self_attn.q_proj.weight,mxfp4,q_proj,16,bfloat16
2097152,2048,1024,30.516530841314342,0.0008878649583112468,0.0302734375,0.0315590806238378,10.124629449335034,2.9977715015411377,2.426659345626831,6.544386063416347,0.8180482579270434,1.7615960860173911,6,8.58306884765625e-06,0.01140737533569336,0.00795125961303711,0.1904449462890625,65536,8.25,4194304,2162688,Qwen3-0.6B,model.layers.16.self_attn.q_proj.weight,mxfp8,q_proj,16,bfloat16
1048576,1024,1024,18.640155111048283,0.013676799771595336,0.03125,0.025689398359833287,3.682907227010938,3.0587539672851562,2.4490184783935547,3.8455346237877746,0.9613836559469436,1.1711320178745024,4,0.0922861099243164,0.058765411376953125,0.025437355041503906,0.43182373046875,32768,4.25,2097152,557056,Qwen3-0.6B,model.layers.16.self_attn.v_proj.weight,mxfp4,v_proj,16,bfloat16
1048576,1024,1024,30.389021949728246,0.0009143191269744179,0.01513671875,0.025689398359833287,3.682907227010938,3.0587539672851562,2.4490184783935547,6.561699222636462,0.8202124028295578,1.1711320178745024,4,1.9073486328125e-06,0.012384414672851562,0.008754730224609375,0.20867919921875,32768,8.25,2097152,1081344,Qwen3-0.6B,model.layers.16.self_attn.v_proj.weight,mxfp8,v_proj,16,bfloat16
3145728,1024,3072,18.519366392315245,0.01406252672374646,0.060546875,0.024006157115897944,3.9510294074455836,3.2272799809773765,2.504866282145182,3.8387988727864144,0.9596997181966036,1.1043291645327051,5,0.0943921407063802,0.05785020192464193,0.025272687276204426,0.4453023274739583,98304,4.25,6291456,1671168,Qwen3-0.6B,model.layers.17.mlp.down_proj.weight,mxfp4,down_proj,17,bfloat16
3145728,1024,3072,30.264152660599798,0.000940989405848378,0.029296875,0.024006157115897944,3.9510294074455836,3.2272799809773765,2.504866282145182,6.574062725179666,0.8217578406474583,1.1043291645327051,5,4.76837158203125e-06,0.012256622314453125,0.008578936258951822,0.21354166666666666,98304,8.25,6291456,3244032,Qwen3-0.6B,model.layers.17.mlp.down_proj.weight,mxfp8,down_proj,17,bfloat16
3145728,3072,1024,18.658126788647426,0.013620320313308612,0.0625,0.027245962605223422,6.131185874453316,2.994393984476725,2.424508730570475,3.8482100166159467,0.9620525041539867,1.2681803928248419,5,0.09023475646972656,0.05782190958658854,0.024182955423990887,0.4297587076822917,98304,4.25,6291456,1671168,Qwen3-0.6B,model.layers.17.mlp.gate_proj.weight,mxfp4,gate_proj,17,bfloat16
3145728,3072,1024,30.420796670823222,0.0009076540146390334,0.0302734375,0.027245962605223422,6.131185874453316,2.994393984476725,2.424508730570475,6.546246735324173,0.8182808419155216,1.2681803928248419,5,5.404154459635417e-06,0.011476834615071615,0.007961908976236979,0.19492594401041666,98304,8.25,6291456,3244032,Qwen3-0.6B,model.layers.17.mlp.gate_proj.weight,mxfp8,gate_proj,17,bfloat16
3145728,3072,1024,18.66274121898009,0.013605856247061123,0.0615234375,0.02685035888146699,3.828951172025567,3.0027500788370767,2.42913548151652,3.8468795652984036,0.9617198913246009,1.1588256105924974,5,0.09119637807210286,0.058510780334472656,0.025189717610677082,0.4197285970052083,98304,4.25,6291456,1671168,Qwen3-0.6B,model.layers.17.mlp.up_proj.weight,mxfp4,up_proj,17,bfloat16
3145728,3072,1024,30.4104896514823,0.0009098106889509761,0.0302734375,0.02685035888146699,3.828951172025567,3.0027500788370767,2.42913548151652,6.554641314562261,0.8193301643202826,1.1588256105924974,5,5.404154459635417e-06,0.012191136678059896,0.008563995361328125,0.202606201171875,98304,8.25,6291456,3244032,Qwen3-0.6B,model.layers.17.mlp.up_proj.weight,mxfp8,up_proj,17,bfloat16
1048576,1024,1024,18.680113960354394,0.013551538521848578,0.060546875,0.023248182303008475,4.930141126664933,2.937683582305908,2.407862663269043,3.8458289795544327,0.9614572448886082,1.2718984367913602,5,0.08780097961425781,0.0557708740234375,0.02327442169189453,0.400726318359375,32768,4.25,2097152,557056,Qwen3-0.6B,model.layers.17.self_attn.k_proj.weight,mxfp4,k_proj,17,bfloat16
1048576,1024,1024,30.445860284584853,0.0009024309291656602,0.029296875,0.023248182303008475,4.930141126664933,2.937683582305908,2.407862663269043,6.532619829665325,0.8165774787081657,1.2718984367913602,5,3.814697265625e-06,0.011130332946777344,0.007834434509277344,0.184783935546875,32768,8.25,2097152,1081344,Qwen3-0.6B,model.layers.17.self_attn.k_proj.weight,mxfp8,k_proj,17,bfloat16
2097152,1024,2048,18.667574512986683,0.01359072261613449,0.044921875,0.02295912873593097,4.317187227224455,2.920257091522217,2.4032914638519287,3.8508610925448314,0.9627152731362079,1.284920952707755,5,0.08710384368896484,0.058234214782714844,0.024116039276123047,0.430572509765625,65536,4.25,4194304,1114112,Qwen3-0.6B,model.layers.17.self_attn.o_proj.weight,mxfp4,o_proj,17,bfloat16
2097152,1024,2048,30.38933105363192,0.0009142540537197931,0.01513671875,0.02295912873593097,4.317187227224455,2.920257091522217,2.4032914638519287,6.5322565292242905,0.8165320661530363,1.284920952707755,5,6.198883056640625e-06,0.011408805847167969,0.007955074310302734,0.1942901611328125,65536,8.25,4194304,2162688,Qwen3-0.6B,model.layers.17.self_attn.o_proj.weight,mxfp8,o_proj,17,bfloat16
2097152,2048,1024,18.708938230446442,0.013461894322050588,0.0625,0.02972252604534624,7.803557450314047,3.056974411010742,2.4496638774871826,3.841274891928856,0.960318722982214,1.611930303204692,6,0.0911397933959961,0.05572080612182617,0.02366495132446289,0.4104461669921875,65536,4.25,4194304,1114112,Qwen3-0.6B,model.layers.17.self_attn.q_proj.weight,mxfp4,q_proj,17,bfloat16
2097152,2048,1024,30.460117194856252,0.0008994733088137479,0.0302734375,0.02972252604534624,7.803557450314047,3.056974411010742,2.4496638774871826,6.5520272379482005,0.8190034047435251,1.611930303204692,6,4.76837158203125e-06,0.011365413665771484,0.007920265197753906,0.189605712890625,65536,8.25,4194304,2162688,Qwen3-0.6B,model.layers.17.self_attn.q_proj.weight,mxfp8,q_proj,17,bfloat16
1048576,1024,1024,18.64775523972142,0.013652886380221897,0.03125,0.02660172402897218,3.7765461543885768,3.074352502822876,2.4511661529541016,3.8413203616045033,0.9603300904011258,1.1898188573987134,4,0.09397220611572266,0.057098388671875,0.024435043334960938,0.4107666015625,32768,4.25,2097152,557056,Qwen3-0.6B,model.layers.17.self_attn.v_proj.weight,mxfp4,v_proj,17,bfloat16
1048576,1024,1024,30.436330772486848,0.000904413263434409,0.01513671875,0.02660172402897218,3.7765461543885768,3.074352502822876,2.4511661529541016,6.567502489986065,0.8209378112482582,1.1898188573987134,4,5.7220458984375e-06,0.011744499206542969,0.008230209350585938,0.19732666015625,32768,8.25,2097152,1081344,Qwen3-0.6B,model.layers.17.self_attn.v_proj.weight,mxfp8,v_proj,17,bfloat16
3145728,1024,3072,18.509755030384188,0.014093682934849602,0.078125,0.02503717918772127,4.121542942585868,3.2782824834187827,2.5141166051228843,3.8342792507747947,0.9585698126936987,1.1595182204834775,5,0.09668509165445964,0.05693880716959635,0.02503808339436849,0.428619384765625,98304,4.25,6291456,1671168,Qwen3-0.6B,model.layers.18.mlp.down_proj.weight,mxfp4,down_proj,18,bfloat16
3145728,1024,3072,30.298701030185683,0.0009335334778366663,0.0302734375,0.02503717918772127,4.121542942585868,3.2782824834187827,2.5141166051228843,6.582981936872919,0.8228727421091149,1.1595182204834775,5,6.993611653645833e-06,0.012199719746907553,0.008575757344563803,0.20929972330729166,98304,8.25,6291456,3244032,Qwen3-0.6B,model.layers.18.mlp.down_proj.weight,mxfp8,down_proj,18,bfloat16
3145728,3072,1024,18.641623784717012,0.013672175407137258,0.103515625,0.02723503925387393,6.950966577283058,3.0002549489339194,2.424985726674398,3.847413287334053,0.9618533218335132,1.3031429320939985,6,0.09030437469482422,0.05747540791829427,0.024066607157389324,0.4261372884114583,98304,4.25,6291456,1671168,Qwen3-0.6B,model.layers.18.mlp.gate_proj.weight,mxfp4,gate_proj,18,bfloat16
3145728,3072,1024,30.415755083435656,0.0009087082933204651,0.041015625,0.02723503925387393,6.950966577283058,3.0002549489339194,2.424985726674398,6.547307573201177,0.8184134466501471,1.3031429320939985,6,3.814697265625e-06,0.011439641316731771,0.007916768391927084,0.19292195638020834,98304,8.25,6291456,3244032,Qwen3-0.6B,model.layers.18.mlp.gate_proj.weight,mxfp8,gate_proj,18,bfloat16
3145728,3072,1024,18.663318523599102,0.013604047750304655,0.0576171875,0.027121683815840007,3.906384022236793,3.009650230407715,2.42996883392334,3.8468702678219815,0.9617175669554954,1.1616419097977089,5,0.09124565124511719,0.058689117431640625,0.025296847025553387,0.4210917154947917,98304,4.25,6291456,1671168,Qwen3-0.6B,model.layers.18.mlp.up_proj.weight,mxfp4,up_proj,18,bfloat16
3145728,3072,1024,30.42025546256575,0.0009077671315395207,0.0263671875,0.027121683815840007,3.906384022236793,3.009650230407715,2.42996883392334,6.5544799963796105,0.8193099995474513,1.1616419097977089,5,4.132588704427083e-06,0.012233416239420572,0.008510907491048178,0.202911376953125,98304,8.25,6291456,3244032,Qwen3-0.6B,model.layers.18.mlp.up_proj.weight,mxfp8,up_proj,18,bfloat16
1048576,1024,1024,18.631543048119553,0.01370394778446945,0.0625,0.022723633864496724,5.762812383141902,2.965056896209717,2.416167736053467,3.8481481070479213,0.9620370267619803,1.4991497335070891,7,0.08764266967773438,0.05709648132324219,0.02362537384033203,0.418853759765625,32768,4.25,2097152,557056,Qwen3-0.6B,model.layers.18.self_attn.k_proj.weight,mxfp4,k_proj,18,bfloat16
1048576,1024,1024,30.403048893200804,0.0009113708017902148,0.021484375,0.022723633864496724,5.762812383141902,2.965056896209717,2.416167736053467,6.534983270320378,0.8168729087900473,1.4991497335070891,7,4.76837158203125e-06,0.011193275451660156,0.007807731628417969,0.18914794921875,32768,8.25,2097152,1081344,Qwen3-0.6B,model.layers.18.self_attn.k_proj.weight,mxfp8,k_proj,18,bfloat16
2097152,1024,2048,18.65038496004589,0.01364462184855104,0.048828125,0.022060348442092006,3.934567018605944,2.92016863822937,2.4030184745788574,3.854984826854002,0.9637462067135005,1.1540765562405149,5,0.08603096008300781,0.06008100509643555,0.024871349334716797,0.46148681640625,65536,4.25,4194304,1114112,Qwen3-0.6B,model.layers.18.self_attn.o_proj.weight,mxfp4,o_proj,18,bfloat16
2097152,1024,2048,30.309068756192588,0.0009313075513673286,0.017578125,0.022060348442092006,3.934567018605944,2.92016863822937,2.4030184745788574,6.529225921210363,0.8161532401512954,1.1540765562405149,5,3.337860107421875e-06,0.011435508728027344,0.007904529571533203,0.20050048828125,65536,8.25,4194304,2162688,Qwen3-0.6B,model.layers.18.self_attn.o_proj.weight,mxfp8,o_proj,18,bfloat16
2097152,2048,1024,18.724378012452355,0.013414120358979795,0.0625,0.03029746209815672,9.417478394780911,2.9754252433776855,2.4209542274475098,3.8464067454092907,0.9616016863523227,1.6719036426580436,6,0.08863449096679688,0.056853294372558594,0.02399444580078125,0.4106903076171875,65536,4.25,4194304,1114112,Qwen3-0.6B,model.layers.18.self_attn.q_proj.weight,mxfp4,q_proj,18,bfloat16
2097152,2048,1024,30.480738969422365,0.0008952124286161517,0.0302734375,0.03029746209815672,9.417478394780911,2.9754252433776855,2.4209542274475098,6.538947107469848,0.817368388433731,1.6719036426580436,6,4.76837158203125e-06,0.01145029067993164,0.008007526397705078,0.1917877197265625,65536,8.25,4194304,2162688,Qwen3-0.6B,model.layers.18.self_attn.q_proj.weight,mxfp8,q_proj,18,bfloat16
1048576,1024,1024,18.580013326956866,0.013867515734167704,0.03076171875,0.02541028004776678,3.660976949276969,3.081392288208008,2.4523515701293945,3.849841122754843,0.9624602806887107,1.161322619738408,4,0.09338569641113281,0.06227874755859375,0.027192115783691406,0.45660400390625,32768,4.25,2097152,557056,Qwen3-0.6B,model.layers.18.self_attn.v_proj.weight,mxfp4,v_proj,18,bfloat16
1048576,1024,1024,30.279826205647538,0.0009375995266847103,0.01513671875,0.02541028004776678,3.660976949276969,3.081392288208008,2.4523515701293945,6.572923702214535,0.8216154627768169,1.161322619738408,4,1.33514404296875e-05,0.013214111328125,0.00922393798828125,0.225860595703125,32768,8.25,2097152,1081344,Qwen3-0.6B,model.layers.18.self_attn.v_proj.weight,mxfp8,v_proj,18,bfloat16
3145728,1024,3072,18.497834254973725,0.01413242126236808,0.0625,0.026489744167287145,4.655964974421266,3.320347468058268,2.5183436075846353,3.828325901367385,0.9570814753418463,1.2122140292809152,5,0.09840583801269531,0.05443636576334635,0.023995399475097656,0.4010721842447917,98304,4.25,6291456,1671168,Qwen3-0.6B,model.layers.19.mlp.down_proj.weight,mxfp4,down_proj,19,bfloat16
3145728,1024,3072,30.337526493838634,0.0009252249819442079,0.029296875,0.026489744167287145,4.655964974421266,3.320347468058268,2.5183436075846353,6.5863290180737675,0.8232911272592209,1.2122140292809152,5,6.357828776041667e-06,0.011819839477539062,0.008349736531575521,0.19832356770833334,98304,8.25,6291456,3244032,Qwen3-0.6B,model.layers.19.mlp.down_proj.weight,mxfp8,down_proj,19,bfloat16
3145728,3072,1024,18.644853092435504,0.013662012890128855,0.0615234375,0.026797295188019106,6.465422124449301,2.9938055674235025,2.4242734909057617,3.8470795403322136,0.9617698850830534,1.2797970315511649,5,0.08986663818359375,0.057132720947265625,0.023901621500651043,0.4247843424479167,98304,4.25,6291456,1671168,Qwen3-0.6B,model.layers.19.mlp.gate_proj.weight,mxfp4,gate_proj,19,bfloat16
3145728,3072,1024,30.412327056701912,0.0009094258493086904,0.0302734375,0.026797295188019106,6.465422124449301,2.9938055674235025,2.4242734909057617,6.545787641976791,0.8182234552470988,1.2797970315511649,5,6.039937337239583e-06,0.011377970377604166,0.007840792338053385,0.19153849283854166,98304,8.25,6291456,3244032,Qwen3-0.6B,model.layers.19.mlp.gate_proj.weight,mxfp8,gate_proj,19,bfloat16
3145728,3072,1024,18.66003890672069,0.013614324858774745,0.1015625,0.0283874108732456,4.583236524238492,3.032607396443685,2.4356228510538735,3.843974702378946,0.9609936755947365,1.213459672964367,6,0.0924695332845052,0.057494163513183594,0.024744669596354168,0.4097391764322917,98304,4.25,6291456,1671168,Qwen3-0.6B,model.layers.19.mlp.up_proj.weight,mxfp4,up_proj,19,bfloat16
3145728,3072,1024,30.446234198357033,0.0009023532360699723,0.0302734375,0.0283874108732456,4.583236524238492,3.032607396443685,2.4356228510538735,6.558897253711446,0.8198621567139307,1.213459672964367,6,5.404154459635417e-06,0.011967976888020834,0.008419036865234375,0.199554443359375,98304,8.25,6291456,3244032,Qwen3-0.6B,model.layers.19.mlp.up_proj.weight,mxfp8,up_proj,19,bfloat16
1048576,1024,1024,18.64671367414156,0.013656161135596437,0.0595703125,0.02292127251962801,5.618211573245202,2.975475788116455,2.4197778701782227,3.84519547755863,0.9612988693896575,1.4259678065776789,7,0.08772754669189453,0.055767059326171875,0.023308753967285156,0.40875244140625,32768,4.25,2097152,557056,Qwen3-0.6B,model.layers.19.self_attn.k_proj.weight,mxfp4,k_proj,19,bfloat16
1048576,1024,1024,30.439597164956073,0.0009037332966981315,0.0283203125,0.02292127251962801,5.618211573245202,2.975475788116455,2.4197778701782227,6.534439013802986,0.8168048767253733,1.4259678065776789,7,4.76837158203125e-06,0.0110015869140625,0.007689476013183594,0.18560791015625,32768,8.25,2097152,1081344,Qwen3-0.6B,model.layers.19.self_attn.k_proj.weight,mxfp8,k_proj,19,bfloat16
2097152,1024,2048,18.664371672608993,0.013600749216010205,0.0517578125,0.023239218397989137,4.0239392507054275,2.9083902835845947,2.397609233856201,3.855554369100115,0.9638885922750288,1.2227152808772053,5,0.08611440658569336,0.06067037582397461,0.025377750396728516,0.45440673828125,65536,4.25,4194304,1114112,Qwen3-0.6B,model.layers.19.self_attn.o_proj.weight,mxfp4,o_proj,19,bfloat16
2097152,1024,2048,30.36755166984407,0.0009188504513869204,0.0205078125,0.023239218397989137,4.0239392507054275,2.9083902835845947,2.397609233856201,6.530361111023344,0.816295138877918,1.2227152808772053,5,7.62939453125e-06,0.011888504028320312,0.008215904235839844,0.204620361328125,65536,8.25,4194304,2162688,Qwen3-0.6B,model.layers.19.self_attn.o_proj.weight,mxfp8,o_proj,19,bfloat16
2097152,2048,1024,18.71415510415821,0.013445733205151508,0.0625,0.0317101537337884,10.594412909297038,3.0169453620910645,2.4334702491760254,3.8444477683162854,0.9611119420790714,1.7628086123763562,7,0.08944416046142578,0.05634593963623047,0.02386760711669922,0.4114837646484375,65536,4.25,4194304,1114112,Qwen3-0.6B,model.layers.19.self_attn.q_proj.weight,mxfp4,q_proj,19,bfloat16
2097152,2048,1024,30.43392017080157,0.0009049154078103889,0.0302734375,0.0317101537337884,10.594412909297038,3.0169453620910645,2.4334702491760254,6.543595180212864,0.817949397526608,1.7628086123763562,7,4.291534423828125e-06,0.01141214370727539,0.007998466491699219,0.1920013427734375,65536,8.25,4194304,2162688,Qwen3-0.6B,model.layers.19.self_attn.q_proj.weight,mxfp8,q_proj,19,bfloat16
1048576,1024,1024,18.58374834414546,0.01385559452732759,0.03125,0.025829513215520107,4.527167830176483,3.1127147674560547,2.4584293365478516,3.8406324476763656,0.9601581119190914,1.2622517964905027,4,0.09530925750732422,0.057361602783203125,0.024576187133789062,0.4195556640625,32768,4.25,2097152,557056,Qwen3-0.6B,model.layers.19.self_attn.v_proj.weight,mxfp4,v_proj,19,bfloat16
1048576,1024,1024,30.353439772151056,0.0009218410059250365,0.01513671875,0.025829513215520107,4.527167830176483,3.1127147674560547,2.4584293365478516,6.57421107273806,0.8217763840922575,1.2622517964905027,4,7.62939453125e-06,0.011920928955078125,0.008440971374511719,0.201934814453125,32768,8.25,2097152,1081344,Qwen3-0.6B,model.layers.19.self_attn.v_proj.weight,mxfp8,v_proj,19,bfloat16
3145728,1024,3072,18.481842980455497,0.014184554554531027,0.08203125,0.023692889507822106,4.832397761336427,3.1217521031697593,2.463021437327067,3.8533763396184795,0.9633440849046199,1.029094088577727,6,0.0922085444132487,0.06316439310709636,0.027189254760742188,0.4895833333333333,98304,4.25,6291456,1671168,Qwen3-0.6B,model.layers.2.mlp.down_proj.weight,mxfp4,down_proj,2,bfloat16
3145728,1024,3072,30.180684829217075,0.0009592493577118678,0.029296875,0.023692889507822106,4.832397761336427,3.1217521031697593,2.463021437327067,6.566795350937261,0.8208494188671577,1.029094088577727,6,6.67572021484375e-06,0.013013839721679688,0.009098370869954428,0.23316446940104166,98304,8.25,6291456,3244032,Qwen3-0.6B,model.layers.2.mlp.down_proj.weight,mxfp8,down_proj,2,bfloat16
3145728,3072,1024,18.686750113412423,0.01353084716734952,0.060546875,0.03973545710072373,3.7024196184477676,2.8950039545694985,2.3903419176737466,3.856015041047808,0.964003760261952,1.1594441333403116,4,0.08590539296468098,0.06042957305908203,0.025052706400553387,0.447265625,98304,4.25,6291456,1671168,Qwen3-0.6B,model.layers.2.mlp.gate_proj.weight,mxfp4,gate_proj,2,bfloat16
3145728,3072,1024,30.37156311636858,0.0009180021289142146,0.029296875,0.03973545710072373,3.7024196184477676,2.8950039545694985,2.3903419176737466,6.526602756578265,0.8158253445722832,1.1594441333403116,4,5.7220458984375e-06,0.011746406555175781,0.008088111877441406,0.20067342122395834,98304,8.25,6291456,3244032,Qwen3-0.6B,model.layers.2.mlp.gate_proj.weight,mxfp8,gate_proj,2,bfloat16
3145728,3072,1024,18.62187726660228,0.013734481646357018,0.0615234375,0.02366726396311625,3.698208841185113,2.938046137491862,2.4050464630126953,3.8616942853659486,0.9654235713414872,0.9380577529420282,5,0.0868542989095052,0.06481488545735677,0.02709039052327474,0.496002197265625,98304,4.25,6291456,1671168,Qwen3-0.6B,model.layers.2.mlp.up_proj.weight,mxfp4,up_proj,2,bfloat16
3145728,3072,1024,30.27069470864746,0.0009395730020238755,0.03125,0.02366726396311625,3.698208841185113,2.938046137491862,2.4050464630126953,6.537504197464906,0.8171880246831132,0.9380577529420282,5,6.357828776041667e-06,0.012592951456705729,0.008669217427571615,0.22379557291666666,98304,8.25,6291456,3244032,Qwen3-0.6B,model.layers.2.mlp.up_proj.weight,mxfp8,up_proj,2,bfloat16
1048576,1024,1024,18.684644090903184,0.013537410266893805,0.048828125,0.02805607428843845,4.91484717406621,2.907684803009033,2.3962244987487793,3.852366832640106,0.9630917081600265,1.5550785923839272,6,0.0872030258178711,0.060108184814453125,0.02613544464111328,0.4190673828125,32768,4.25,2097152,557056,Qwen3-0.6B,model.layers.2.self_attn.k_proj.weight,mxfp4,k_proj,2,bfloat16
1048576,1024,1024,30.402042205093842,0.0009115820806637186,0.017578125,0.02805607428843845,4.91484717406621,2.907684803009033,2.3962244987487793,6.535243196145956,0.8169053995182445,1.5550785923839272,6,1.9073486328125e-06,0.012700080871582031,0.00891876220703125,0.210296630859375,32768,8.25,2097152,1081344,Qwen3-0.6B,model.layers.2.self_attn.k_proj.weight,mxfp8,k_proj,2,bfloat16
2097152,1024,2048,18.673714702393102,0.013571521210065097,0.0625,0.025734633101003986,4.159167953334606,2.8801465034484863,2.3878846168518066,3.855223475508608,0.963805868877152,1.192511437227596,5,0.08595466613769531,0.06108999252319336,0.026160717010498047,0.4289703369140625,65536,4.25,4194304,1114112,Qwen3-0.6B,model.layers.2.self_attn.o_proj.weight,mxfp4,o_proj,2,bfloat16
2097152,1024,2048,30.371626376572753,0.0009179887572087063,0.0263671875,0.025734633101003986,4.159167953334606,2.8801465034484863,2.3878846168518066,6.529762841159496,0.816220355144937,1.192511437227596,5,4.291534423828125e-06,0.01255941390991211,0.008774280548095703,0.20782470703125,65536,8.25,4194304,2162688,Qwen3-0.6B,model.layers.2.self_attn.o_proj.weight,mxfp8,o_proj,2,bfloat16
2097152,2048,1024,18.71316651473653,0.013448794220926248,0.0625,0.030054850095763235,6.800917264433475,2.968097686767578,2.417236089706421,3.8439809511428162,0.9609952377857041,1.4595288542117004,7,0.08939933776855469,0.05611610412597656,0.02401876449584961,0.393646240234375,65536,4.25,4194304,1114112,Qwen3-0.6B,model.layers.2.self_attn.q_proj.weight,mxfp4,q_proj,2,bfloat16
2097152,2048,1024,30.53274123674203,0.0008845571072577502,0.0302734375,0.030054850095763235,6.800917264433475,2.968097686767578,2.417236089706421,6.543678566679252,0.8179598208349065,1.4595288542117004,7,3.814697265625e-06,0.011667728424072266,0.008203506469726562,0.190887451171875,65536,8.25,4194304,2162688,Qwen3-0.6B,model.layers.2.self_attn.q_proj.weight,mxfp8,q_proj,2,bfloat16
1048576,1024,1024,18.722967790738412,0.013418476839715258,0.03125,0.027900267074332765,3.6235459292749708,2.9628942012786865,2.4143643379211426,3.842484541628212,0.960621135407053,1.13882926199178,3,0.09131908416748047,0.05600738525390625,0.023876190185546875,0.38287353515625,32768,4.25,2097152,557056,Qwen3-0.6B,model.layers.2.self_attn.v_proj.weight,mxfp4,v_proj,2,bfloat16
1048576,1024,1024,30.521403700471442,0.000886869317148547,0.01513671875,0.027900267074332765,3.6235459292749708,2.9628942012786865,2.4143643379211426,6.549289178655954,0.8186611473319942,1.13882926199178,3,5.7220458984375e-06,0.011610031127929688,0.008159637451171875,0.188385009765625,32768,8.25,2097152,1081344,Qwen3-0.6B,model.layers.2.self_attn.v_proj.weight,mxfp8,v_proj,2,bfloat16
3145728,1024,3072,18.627532872026585,0.013716607540947019,0.076171875,0.028108028638140437,4.197677008457862,3.1796385447184243,2.47870143254598,3.8314128963261225,0.9578532240815306,1.18617392632718,6,0.09462769826253255,0.053254127502441406,0.023200035095214844,0.3770650227864583,98304,4.25,6291456,1671168,Qwen3-0.6B,model.layers.20.mlp.down_proj.weight,mxfp4,down_proj,20,bfloat16
3145728,1024,3072,30.487422594397337,0.0008938357907012883,0.0302734375,0.028108028638140437,4.197677008457862,3.1796385447184243,2.47870143254598,6.565301958482106,0.8206627448102632,1.18617392632718,6,5.7220458984375e-06,0.011515617370605469,0.008122444152832031,0.186492919921875,98304,8.25,6291456,3244032,Qwen3-0.6B,model.layers.20.mlp.down_proj.weight,mxfp8,down_proj,20,bfloat16
3145728,3072,1024,18.665065835152898,0.013598575489060374,0.09765625,0.027439180806560243,5.642090675171284,2.9718043009440103,2.417532285054525,3.8494273079743575,0.9623568269935894,1.1938383774736125,5,0.08927599589029948,0.05833307902018229,0.02466265360514323,0.4328104654947917,98304,4.25,6291456,1671168,Qwen3-0.6B,model.layers.20.mlp.gate_proj.weight,mxfp4,gate_proj,20,bfloat16
3145728,3072,1024,30.439101363143326,0.0009038364751180634,0.029296875,0.027439180806560243,5.642090675171284,2.9718043009440103,2.417532285054525,6.54412366257096,0.81801545782137,1.1938383774736125,5,4.450480143229167e-06,0.011689186096191406,0.008143424987792969,0.19816080729166666,98304,8.25,6291456,3244032,Qwen3-0.6B,model.layers.20.mlp.gate_proj.weight,mxfp8,gate_proj,20,bfloat16
3145728,3072,1024,18.707891511271637,0.013465139244953512,0.107421875,0.029896226793396,3.8839028823640915,2.990606943766276,2.42508856455485,3.841693726385584,0.960423431596396,1.139657508136989,5,0.09151268005371094,0.05568536122639974,0.02384471893310547,0.388702392578125,98304,4.25,6291456,1671168,Qwen3-0.6B,model.layers.20.mlp.up_proj.weight,mxfp4,up_proj,20,bfloat16
3145728,3072,1024,30.511197114747105,0.0008889560470315876,0.044921875,0.029896226793396,3.8839028823640915,2.990606943766276,2.42508856455485,6.551844296314693,0.8189805370393366,1.139657508136989,5,3.814697265625e-06,0.011521021525065104,0.008133888244628906,0.188323974609375,98304,8.25,6291456,3244032,Qwen3-0.6B,model.layers.20.mlp.up_proj.weight,mxfp8,up_proj,20,bfloat16
1048576,1024,1024,18.60362640222214,0.01379232111076584,0.060546875,0.024779566393006117,5.643767451196076,3.071155071258545,2.4518556594848633,3.8430334077971215,0.9607583519492804,1.4335215928201783,6,0.0914011001586914,0.056572914123535156,0.02410602569580078,0.421234130859375,32768,4.25,2097152,557056,Qwen3-0.6B,model.layers.20.self_attn.k_proj.weight,mxfp4,k_proj,20,bfloat16
1048576,1024,1024,30.406228221705653,0.0009107038610511312,0.029296875,0.024779566393006117,5.643767451196076,3.071155071258545,2.4518556594848633,6.554165601331544,0.819270700166443,1.4335215928201783,6,2.86102294921875e-06,0.011571884155273438,0.008049964904785156,0.195648193359375,32768,8.25,2097152,1081344,Qwen3-0.6B,model.layers.20.self_attn.k_proj.weight,mxfp8,k_proj,20,bfloat16
2097152,1024,2048,18.642602430284686,0.01366909484614125,0.056640625,0.0245243490210127,4.33915802337175,2.9507033824920654,2.4135828018188477,3.848414604722415,0.9621036511806037,1.2770900719545446,5,0.08900928497314453,0.05844402313232422,0.02481985092163086,0.4195556640625,65536,4.25,4194304,1114112,Qwen3-0.6B,model.layers.20.self_attn.o_proj.weight,mxfp4,o_proj,20,bfloat16
2097152,1024,2048,30.40678031692453,0.0009105880955254394,0.025390625,0.0245243490210127,4.33915802337175,2.9507033824920654,2.4135828018188477,6.544285090903309,0.8180356363629137,1.2770900719545446,5,7.152557373046875e-06,0.011975765228271484,0.008331298828125,0.1996612548828125,65536,8.25,4194304,2162688,Qwen3-0.6B,model.layers.20.self_attn.o_proj.weight,mxfp8,o_proj,20,bfloat16
2097152,2048,1024,18.674892493727526,0.013567841160357154,0.064453125,0.033264578370431314,10.508965825716805,3.1859660148620605,2.484722137451172,3.8329294599064685,0.9582323649766171,1.7163582912065771,6,0.09437417984008789,0.053185462951660156,0.022658824920654297,0.3990936279296875,65536,4.25,4194304,1114112,Qwen3-0.6B,model.layers.20.self_attn.q_proj.weight,mxfp4,q_proj,20,bfloat16
2097152,2048,1024,30.44704887366634,0.0009021839831811842,0.0302734375,0.033264578370431314,10.508965825716805,3.1859660148620605,2.484722137451172,6.565917463767257,0.8207396829709072,1.7163582912065771,6,3.814697265625e-06,0.01087808609008789,0.007640361785888672,0.1842803955078125,65536,8.25,4194304,2162688,Qwen3-0.6B,model.layers.20.self_attn.q_proj.weight,mxfp8,q_proj,20,bfloat16
1048576,1024,1024,18.560121933629432,0.013931176888676998,0.0615234375,0.02703859574637837,4.750342058459025,3.2411303520202637,2.4944584369659424,3.833453632272387,0.9583634080680967,1.3140308276904122,5,0.09908580780029297,0.05589103698730469,0.023881912231445312,0.421142578125,32768,4.25,2097152,557056,Qwen3-0.6B,model.layers.20.self_attn.v_proj.weight,mxfp4,v_proj,20,bfloat16
1048576,1024,1024,30.36158344631147,0.0009201140351825277,0.0302734375,0.02703859574637837,4.750342058459025,3.2411303520202637,2.4944584369659424,6.5928019565171505,0.8241002445646438,1.3140308276904122,5,2.86102294921875e-06,0.011517524719238281,0.008032798767089844,0.1954345703125,32768,8.25,2097152,1081344,Qwen3-0.6B,model.layers.20.self_attn.v_proj.weight,mxfp8,v_proj,20,bfloat16
3145728,1024,3072,18.73798322735005,0.013372163476606563,0.1015625,0.030199474561515154,3.956597221142247,3.0481039683024087,2.440948486328125,3.831357024393587,0.9578392560983967,1.1471413681339244,6,0.09090423583984375,0.050099690755208336,0.02089087168375651,0.3525797526041667,98304,4.25,6291456,1671168,Qwen3-0.6B,model.layers.21.mlp.down_proj.weight,mxfp4,down_proj,21,bfloat16
3145728,1024,3072,30.63385803913619,0.0008641998688882191,0.03515625,0.030199474561515154,3.956597221142247,3.0481039683024087,2.440948486328125,6.541279836826423,0.8176599796033028,1.1471413681339244,6,2.2252400716145835e-06,0.010164896647135416,0.007092793782552083,0.161285400390625,98304,8.25,6291456,3244032,Qwen3-0.6B,model.layers.21.mlp.down_proj.weight,mxfp8,down_proj,21,bfloat16
3145728,3072,1024,18.65588645630695,0.013627348244155287,0.1171875,0.028036696560419395,5.307559164561391,2.9192994435628257,2.400367101033529,3.853972954646644,0.963493238661661,1.1651459333217373,5,0.08707141876220703,0.06051858266194662,0.025710105895996094,0.4371541341145833,98304,4.25,6291456,1671168,Qwen3-0.6B,model.layers.21.mlp.gate_proj.weight,mxfp4,gate_proj,21,bfloat16
3145728,3072,1024,30.409471897390464,0.0009100239249225854,0.0546875,0.028036696560419395,5.307559164561391,2.9192994435628257,2.400367101033529,6.534963103023104,0.816870387877888,1.1651459333217373,5,5.086263020833333e-06,0.01230462392171224,0.008569081624348959,0.2073974609375,98304,8.25,6291456,3244032,Qwen3-0.6B,model.layers.21.mlp.gate_proj.weight,mxfp8,gate_proj,21,bfloat16
3145728,3072,1024,18.732962922308165,0.013387630206876831,0.125,0.03193609143326473,3.970310132307314,2.960505803426107,2.413502852121989,3.8390264552835998,0.9597566138208999,1.032211999902429,5,0.089874267578125,0.05318864186604818,0.02236620585123698,0.3679606119791667,98304,4.25,6291456,1671168,Qwen3-0.6B,model.layers.21.mlp.up_proj.weight,mxfp4,up_proj,21,bfloat16
3145728,3072,1024,30.56100958355789,0.0008788181984306423,0.060546875,0.03193609143326473,3.970310132307314,2.960505803426107,2.413502852121989,6.539596632881313,0.8174495791101641,1.032211999902429,5,5.404154459635417e-06,0.010771433512369791,0.007592519124348958,0.17268880208333334,98304,8.25,6291456,3244032,Qwen3-0.6B,model.layers.21.mlp.up_proj.weight,mxfp8,up_proj,21,bfloat16
1048576,1024,1024,18.57801877979564,0.013873886012335511,0.12109375,0.025339187963696372,8.482739071251826,3.06392502784729,2.4415197372436523,3.843258384498814,0.9608145961247035,1.6726486561207643,9,0.09212398529052734,0.05713939666748047,0.024598121643066406,0.415771484375,32768,4.25,2097152,557056,Qwen3-0.6B,model.layers.21.self_attn.k_proj.weight,mxfp4,k_proj,21,bfloat16
1048576,1024,1024,30.408419148801254,0.0009102445453926318,0.04296875,0.025339187963696372,8.482739071251826,3.06392502784729,2.4415197372436523,6.558538112319329,0.8198172640399162,1.6726486561207643,9,3.814697265625e-06,0.011874198913574219,0.008278846740722656,0.1964111328125,32768,8.25,2097152,1081344,Qwen3-0.6B,model.layers.21.self_attn.k_proj.weight,mxfp8,k_proj,21,bfloat16
2097152,1024,2048,18.63424260348008,0.013695432117843367,0.060546875,0.025908109543966013,4.4610013352872935,2.9269027709960938,2.4052350521087646,3.8542091158230103,0.9635522789557526,1.2642416683254774,5,0.08791446685791016,0.061676025390625,0.026549339294433594,0.440216064453125,65536,4.25,4194304,1114112,Qwen3-0.6B,model.layers.21.self_attn.o_proj.weight,mxfp4,o_proj,21,bfloat16
2097152,1024,2048,30.327212597604078,0.0009274248751273235,0.029296875,0.025908109543966013,4.4610013352872935,2.9269027709960938,2.4052350521087646,6.541464206391521,0.8176830257989401,1.2642416683254774,5,3.337860107421875e-06,0.012810230255126953,0.008995532989501953,0.21575927734375,65536,8.25,4194304,2162688,Qwen3-0.6B,model.layers.21.self_attn.o_proj.weight,mxfp8,o_proj,21,bfloat16
2097152,2048,1024,18.700320795459426,0.013488632439354678,0.0625,0.033825137265768995,9.121258453121857,3.1330864429473877,2.466200828552246,3.83524839323473,0.9588120983086825,1.700695414502705,6,0.09455013275146484,0.0543675422668457,0.02321624755859375,0.398773193359375,65536,4.25,4194304,1114112,Qwen3-0.6B,model.layers.21.self_attn.q_proj.weight,mxfp4,q_proj,21,bfloat16
2097152,2048,1024,30.502304269093123,0.0008907781858069123,0.0302734375,0.033825137265768995,9.121258453121857,3.1330864429473877,2.466200828552246,6.567907806045996,0.8209884757557495,1.700695414502705,6,6.198883056640625e-06,0.011256217956542969,0.007883071899414062,0.1873321533203125,65536,8.25,4194304,2162688,Qwen3-0.6B,model.layers.21.self_attn.q_proj.weight,mxfp8,q_proj,21,bfloat16
1048576,1024,1024,18.607156702684875,0.013781114140619636,0.060546875,0.02881128391539592,5.0489449580815515,3.193352222442627,2.481187582015991,3.834846850613349,0.9587117126533372,1.379917082039737,5,0.09880256652832031,0.056876182556152344,0.024764060974121094,0.41180419921875,32768,4.25,2097152,557056,Qwen3-0.6B,model.layers.21.self_attn.v_proj.weight,mxfp4,v_proj,21,bfloat16
1048576,1024,1024,30.364351240070793,0.0009195278259049134,0.029296875,0.02881128391539592,5.0489449580815515,3.193352222442627,2.481187582015991,6.589979058131185,0.8237473822663981,1.379917082039737,5,5.7220458984375e-06,0.012117385864257812,0.008573532104492188,0.202239990234375,32768,8.25,2097152,1081344,Qwen3-0.6B,model.layers.21.self_attn.v_proj.weight,mxfp8,v_proj,21,bfloat16
3145728,1024,3072,18.780185951494055,0.013242848321912129,0.11328125,0.03187468268549744,3.8993441472151336,2.9967123667399087,2.425755818684896,3.83292965982334,0.958232414955835,1.1217795702792885,6,0.08922863006591797,0.04938729604085287,0.02011585235595703,0.3537089029947917,98304,4.25,6291456,1671168,Qwen3-0.6B,model.layers.22.mlp.down_proj.weight,mxfp4,down_proj,22,bfloat16
3145728,1024,3072,30.654766154761568,0.0008600493748768715,0.03125,0.03187468268549744,3.8993441472151336,2.9967123667399087,2.425755818684896,6.53006669948974,0.8162583374362175,1.1217795702792885,6,3.4968058268229165e-06,0.009579658508300781,0.006691296895345052,0.15340169270833334,98304,8.25,6291456,3244032,Qwen3-0.6B,model.layers.22.mlp.down_proj.weight,mxfp8,down_proj,22,bfloat16
3145728,3072,1024,18.67301141611697,0.013573719128268767,0.1171875,0.028898241087026117,4.808380008923673,2.90496031443278,2.394717216491699,3.8527965625191136,0.9631991406297784,1.129822103382465,5,0.08734385172526042,0.06019878387451172,0.02593835194905599,0.421875,98304,4.25,6291456,1671168,Qwen3-0.6B,model.layers.22.mlp.gate_proj.weight,mxfp4,gate_proj,22,bfloat16
3145728,3072,1024,30.44525524437169,0.0009025566606819296,0.0302734375,0.028898241087026117,4.808380008923673,2.90496031443278,2.394717216491699,6.535937125197609,0.8169921406497012,1.129822103382465,5,5.086263020833333e-06,0.012497584025065104,0.008691787719726562,0.20637003580729166,98304,8.25,6291456,3244032,Qwen3-0.6B,model.layers.22.mlp.gate_proj.weight,mxfp8,gate_proj,22,bfloat16
3145728,3072,1024,18.775734938778662,0.013256427656778261,0.125,0.03324457344363748,3.5683292262434394,2.9427922566731772,2.408748467763265,3.8359720927369105,0.9589930231842276,0.9228195786643757,5,0.08959261576334636,0.05101172129313151,0.021062850952148438,0.3524576822916667,98304,4.25,6291456,1671168,Qwen3-0.6B,model.layers.22.mlp.up_proj.weight,mxfp4,up_proj,22,bfloat16
3145728,3072,1024,30.637734508001017,0.0008634288369361075,0.0234375,0.03324457344363748,3.5683292262434394,2.9427922566731772,2.408748467763265,6.534151880394499,0.8167689850493124,0.9228195786643757,5,6.993611653645833e-06,0.010085423787434896,0.00708770751953125,0.1607666015625,98304,8.25,6291456,3244032,Qwen3-0.6B,model.layers.22.mlp.up_proj.weight,mxfp8,up_proj,22,bfloat16
1048576,1024,1024,18.665008993852183,0.013598753471007932,0.0478515625,0.025950492508201754,5.074889437775046,3.0022125244140625,2.4286489486694336,3.8444184361652343,0.9611046090413086,1.5889263339437678,7,0.09014129638671875,0.056458473205566406,0.024078369140625,0.406494140625,32768,4.25,2097152,557056,Qwen3-0.6B,model.layers.22.self_attn.k_proj.weight,mxfp4,k_proj,22,bfloat16
1048576,1024,1024,30.413099969994455,0.0009092640133166733,0.0166015625,0.025950492508201754,5.074889437775046,3.0022125244140625,2.4286489486694336,6.54571574733238,0.8182144684165475,1.5889263339437678,7,7.62939453125e-06,0.011678695678710938,0.008176803588867188,0.19488525390625,32768,8.25,2097152,1081344,Qwen3-0.6B,model.layers.22.self_attn.k_proj.weight,mxfp8,k_proj,22,bfloat16
2097152,1024,2048,18.710140031885846,0.013458169594624213,0.048828125,0.02602327089462499,3.7636790536889584,2.872342586517334,2.3831191062927246,3.8524158154662023,0.9631039538665506,1.2381449908335536,5,0.0865793228149414,0.059427738189697266,0.02520895004272461,0.4098968505859375,65536,4.25,4194304,1114112,Qwen3-0.6B,model.layers.22.self_attn.o_proj.weight,mxfp4,o_proj,22,bfloat16
2097152,1024,2048,30.47435318857862,0.000896529699612528,0.017578125,0.02602327089462499,3.7636790536889584,2.872342586517334,2.3831191062927246,6.531448972431686,0.8164311215539608,1.2381449908335536,5,5.7220458984375e-06,0.012149810791015625,0.008455753326416016,0.198944091796875,65536,8.25,4194304,2162688,Qwen3-0.6B,model.layers.22.self_attn.o_proj.weight,mxfp8,o_proj,22,bfloat16
2097152,2048,1024,18.722660575311608,0.013419426082468837,0.0625,0.03330220837485581,8.291392199486586,3.066985845565796,2.4489076137542725,3.8387157659166906,0.9596789414791727,1.7399438557653963,7,0.09146642684936523,0.05413103103637695,0.022794723510742188,0.3994293212890625,65536,4.25,4194304,1114112,Qwen3-0.6B,model.layers.22.self_attn.q_proj.weight,mxfp4,q_proj,22,bfloat16
2097152,2048,1024,30.514555361402177,0.0008882689142526954,0.0302734375,0.03330220837485581,8.291392199486586,3.066985845565796,2.4489076137542725,6.551619185965404,0.8189523982456755,1.7399438557653963,7,6.198883056640625e-06,0.011014461517333984,0.0076885223388671875,0.1831817626953125,65536,8.25,4194304,2162688,Qwen3-0.6B,model.layers.22.self_attn.q_proj.weight,mxfp8,q_proj,22,bfloat16
1048576,1024,1024,18.64102227089132,0.01367406918484593,0.0556640625,0.028837393654023467,4.151751996139848,3.236987590789795,2.492216110229492,3.82543062759182,0.956357656897955,1.2542033715395857,4,0.09980297088623047,0.05259132385253906,0.02270984649658203,0.3804931640625,32768,4.25,2097152,557056,Qwen3-0.6B,model.layers.22.self_attn.v_proj.weight,mxfp4,v_proj,22,bfloat16
1048576,1024,1024,30.467658380679694,0.0008979127986309363,0.0244140625,0.028837393654023467,4.151751996139848,3.236987590789795,2.492216110229492,6.591436690649425,0.8239295863311781,1.2542033715395857,4,3.814697265625e-06,0.011080741882324219,0.0078582763671875,0.182952880859375,32768,8.25,2097152,1081344,Qwen3-0.6B,model.layers.22.self_attn.v_proj.weight,mxfp8,v_proj,22,bfloat16
3145728,1024,3072,18.81469363032947,0.013138041729864615,0.123046875,0.03283637517891058,3.9607791822603016,2.9386990865071616,2.4059413274129233,3.8363260810998185,0.9590815202749546,1.1158743636643162,6,0.08735815684000652,0.04966131846110026,0.019762357076009113,0.3607686360677083,98304,4.25,6291456,1671168,Qwen3-0.6B,model.layers.23.mlp.down_proj.weight,mxfp4,down_proj,23,bfloat16
3145728,1024,3072,30.68664256946072,0.0008537598810451573,0.060546875,0.03283637517891058,3.9607791822603016,2.9386990865071616,2.4059413274129233,6.519010490614102,0.8148763113267627,1.1158743636643162,6,4.76837158203125e-06,0.009107589721679688,0.0062770843505859375,0.14792887369791666,98304,8.25,6291456,3244032,Qwen3-0.6B,model.layers.23.mlp.down_proj.weight,mxfp8,down_proj,23,bfloat16
3145728,3072,1024,18.694721629619742,0.0135060339490742,0.115234375,0.029470813502751513,3.965013462490236,2.874588966369629,2.384300708770752,3.8527840995181224,0.9631960248795306,1.0794097314788316,5,0.0867602030436198,0.060172716776529946,0.0261383056640625,0.4074910481770833,98304,4.25,6291456,1671168,Qwen3-0.6B,model.layers.23.mlp.gate_proj.weight,mxfp4,gate_proj,23,bfloat16
3145728,3072,1024,30.46156099030707,0.0008991743320404089,0.052734375,0.029470813502751513,3.965013462490236,2.874588966369629,2.384300708770752,6.53317014293963,0.8166462678674538,1.0794097314788316,5,6.039937337239583e-06,0.012709617614746094,0.008961359659830729,0.20737711588541666,98304,8.25,6291456,3244032,Qwen3-0.6B,model.layers.23.mlp.gate_proj.weight,mxfp8,gate_proj,23,bfloat16
3145728,3072,1024,18.809927474120588,0.01315246796236921,0.11328125,0.033965023649754546,3.494609677416573,2.9165544509887695,2.3999045689900718,3.83376304212573,0.9584407605314325,0.8287325381687554,5,0.08884525299072266,0.04908529917399088,0.019869168599446613,0.3385009765625,98304,4.25,6291456,1671168,Qwen3-0.6B,model.layers.23.mlp.up_proj.weight,mxfp4,up_proj,23,bfloat16
3145728,3072,1024,30.681347056948958,0.0008548015368365058,0.029296875,0.033965023649754546,3.494609677416573,2.9165544509887695,2.3999045689900718,6.526309991988397,0.8157887489985496,0.8287325381687554,5,6.039937337239583e-06,0.009430567423502604,0.006564140319824219,0.14800008138020834,98304,8.25,6291456,3244032,Qwen3-0.6B,model.layers.23.mlp.up_proj.weight,mxfp8,up_proj,23,bfloat16
1048576,1024,1024,18.62120545789399,0.013736606393147891,0.0615234375,0.025219569201130814,5.367265830984163,3.0400052070617676,2.4377851486206055,3.8442299925634167,0.9610574981408542,1.3999655066857781,6,0.09047794342041016,0.05697822570800781,0.024259567260742188,0.4171142578125,32768,4.25,2097152,557056,Qwen3-0.6B,model.layers.23.self_attn.k_proj.weight,mxfp4,k_proj,23,bfloat16
1048576,1024,1024,30.37799593822825,0.000916643379716762,0.0302734375,0.025219569201130814,5.367265830984163,3.0400052070617676,2.4377851486206055,6.55129906378018,0.8189123829725224,1.3999655066857781,6,1.1444091796875e-05,0.011525154113769531,0.008039474487304688,0.194183349609375,32768,8.25,2097152,1081344,Qwen3-0.6B,model.layers.23.self_attn.k_proj.weight,mxfp8,k_proj,23,bfloat16
2097152,1024,2048,18.66365119968829,0.013603005699747643,0.0498046875,0.026208216208610084,3.6638658307376653,2.9062676429748535,2.3970563411712646,3.8545819918081063,0.9636454979520266,1.2332152596964057,5,0.08743906021118164,0.06198549270629883,0.02700042724609375,0.430877685546875,65536,4.25,4194304,1114112,Qwen3-0.6B,model.layers.23.self_attn.o_proj.weight,mxfp4,o_proj,23,bfloat16
2097152,1024,2048,30.390547310951256,0.00091399804943236,0.0185546875,0.026208216208610084,3.6638658307376653,2.9062676429748535,2.3970563411712646,6.54043291166636,0.817554113958295,1.2332152596964057,5,9.5367431640625e-06,0.013075828552246094,0.009148597717285156,0.216156005859375,65536,8.25,4194304,2162688,Qwen3-0.6B,model.layers.23.self_attn.o_proj.weight,mxfp8,o_proj,23,bfloat16
2097152,2048,1024,18.671025367918187,0.013579927870610633,0.0625,0.0303179352351033,7.876373757942966,3.0947554111480713,2.455101490020752,3.8371399838419147,0.9592849959604787,1.4536816501454939,6,0.09279346466064453,0.05412864685058594,0.02304697036743164,0.3955841064453125,65536,4.25,4194304,1114112,Qwen3-0.6B,model.layers.23.self_attn.q_proj.weight,mxfp4,q_proj,23,bfloat16
2097152,2048,1024,30.479677352802593,0.000895431286694945,0.0302734375,0.0303179352351033,7.876373757942966,3.0947554111480713,2.455101490020752,6.5586775911114685,0.8198346988889336,1.4536816501454939,6,6.198883056640625e-06,0.011126518249511719,0.007800579071044922,0.185028076171875,65536,8.25,4194304,2162688,Qwen3-0.6B,model.layers.23.self_attn.q_proj.weight,mxfp8,q_proj,23,bfloat16
1048576,1024,1024,18.622575176756655,0.013732274695898675,0.046875,0.02810492080276278,4.485507419677888,3.2661848068237305,2.506255626678467,3.824937221707203,0.9562343054268008,1.2848871562620117,5,0.1004037857055664,0.05240631103515625,0.022561073303222656,0.391510009765625,32768,4.25,2097152,557056,Qwen3-0.6B,model.layers.23.self_attn.v_proj.weight,mxfp4,v_proj,23,bfloat16
1048576,1024,1024,30.45337451060476,0.0009008708801020445,0.015625,0.02810492080276278,4.485507419677888,3.2661848068237305,2.506255626678467,6.593309116248708,0.8241636395310885,1.2848871562620117,5,4.76837158203125e-06,0.01099395751953125,0.007746696472167969,0.184844970703125,32768,8.25,2097152,1081344,Qwen3-0.6B,model.layers.23.self_attn.v_proj.weight,mxfp8,v_proj,23,bfloat16
3145728,1024,3072,18.819646910144233,0.01312306587758639,0.109375,0.03329005851835679,3.6992473199033826,2.922790209452311,2.401209036509196,3.837192361947668,0.959298090486917,1.0663113142330538,5,0.08685620625813802,0.049706459045410156,0.01972484588623047,0.3628641764322917,98304,4.25,6291456,1671168,Qwen3-0.6B,model.layers.24.mlp.down_proj.weight,mxfp4,down_proj,24,bfloat16
3145728,1024,3072,30.68893610119112,0.0008533091250485227,0.046875,0.03329005851835679,3.6992473199033826,2.922790209452311,2.401209036509196,6.516302758754865,0.8145378448443581,1.0663113142330538,5,4.76837158203125e-06,0.009104728698730469,0.006321907043457031,0.14935302734375,98304,8.25,6291456,3244032,Qwen3-0.6B,model.layers.24.mlp.down_proj.weight,mxfp8,down_proj,24,bfloat16
3145728,3072,1024,18.6933482892382,0.01351030554717508,0.123046875,0.029060914253141334,4.029336888430686,2.868605295817057,2.380192756652832,3.8544556146583395,0.9636139036645849,1.0606989990755107,5,0.08738867441813152,0.06153551737467448,0.026856104532877605,0.4103800455729167,98304,4.25,6291456,1671168,Qwen3-0.6B,model.layers.24.mlp.gate_proj.weight,mxfp4,gate_proj,24,bfloat16
3145728,3072,1024,30.43313983903028,0.0009050780158366657,0.060546875,0.029060914253141334,4.029336888430686,2.868605295817057,2.380192756652832,6.536905641294538,0.8171132051618173,1.0606989990755107,5,6.993611653645833e-06,0.013034184773763021,0.009148915608723959,0.21064249674479166,98304,8.25,6291456,3244032,Qwen3-0.6B,model.layers.24.mlp.gate_proj.weight,mxfp8,gate_proj,24,bfloat16
3145728,3072,1024,18.832537688353447,0.013084171595964984,0.083984375,0.034405865954248833,3.3544362365233615,2.912038803100586,2.3969289461771646,3.83194826781388,0.95798706695347,0.773883755085865,5,0.08935546875,0.04792213439941406,0.0191958745320638,0.3340962727864583,98304,4.25,6291456,1671168,Qwen3-0.6B,model.layers.24.mlp.up_proj.weight,mxfp4,up_proj,24,bfloat16
3145728,3072,1024,30.708789271585818,0.0008494172430121779,0.021484375,0.034405865954248833,3.3544362365233615,2.912038803100586,2.3969289461771646,6.525389659047354,0.8156737073809193,0.773883755085865,5,6.357828776041667e-06,0.009051005045572916,0.0062961578369140625,0.14058430989583334,98304,8.25,6291456,3244032,Qwen3-0.6B,model.layers.24.mlp.up_proj.weight,mxfp8,up_proj,24,bfloat16
1048576,1024,1024,18.640330309546062,0.01367624804769753,0.0576171875,0.025316162457018464,5.556251040240915,3.0708277225494385,2.448442220687866,3.8391125077644306,0.9597781269411076,1.5658024549686473,4,0.09280204772949219,0.054747581481933594,0.023040771484375,0.400115966796875,32768,4.25,2097152,557056,Qwen3-0.6B,model.layers.24.self_attn.k_proj.weight,mxfp4,k_proj,24,bfloat16
1048576,1024,1024,30.402444253287776,0.0009114976948424431,0.0263671875,0.025316162457018464,5.556251040240915,3.0708277225494385,2.448442220687866,6.557654851929065,0.8197068564911332,1.5658024549686473,4,3.814697265625e-06,0.01100921630859375,0.007693290710449219,0.183685302734375,32768,8.25,2097152,1081344,Qwen3-0.6B,model.layers.24.self_attn.k_proj.weight,mxfp8,k_proj,24,bfloat16
2097152,1024,2048,18.664109657405046,0.013601569790695963,0.03125,0.02642721720450172,3.5572297446833487,2.89546537399292,2.3930575847625732,3.851723386951508,0.962930846737877,1.2731016542217783,6,0.08828306198120117,0.06095314025878906,0.026834487915039062,0.4048614501953125,65536,4.25,4194304,1114112,Qwen3-0.6B,model.layers.24.self_attn.o_proj.weight,mxfp4,o_proj,24,bfloat16
2097152,1024,2048,30.398687882201987,0.0009122864234340994,0.01513671875,0.02642721720450172,3.5572297446833487,2.89546537399292,2.3930575847625732,6.543216926017061,0.8179021157521327,1.2731016542217783,6,6.198883056640625e-06,0.013233661651611328,0.009349822998046875,0.21221923828125,65536,8.25,4194304,2162688,Qwen3-0.6B,model.layers.24.self_attn.o_proj.weight,mxfp8,o_proj,24,bfloat16
2097152,2048,1024,18.67384730192142,0.013571106848401814,0.064453125,0.032685293188669196,9.000849926860441,3.222151756286621,2.4857401847839355,3.831246520491312,0.957811630122828,1.6342744085152965,6,0.09659957885742188,0.053159236907958984,0.02254009246826172,0.397064208984375,65536,4.25,4194304,1114112,Qwen3-0.6B,model.layers.24.self_attn.q_proj.weight,mxfp4,q_proj,24,bfloat16
2097152,2048,1024,30.518645432793594,0.0008874327597098456,0.0302734375,0.032685293188669196,9.000849926860441,3.222151756286621,2.4857401847839355,6.575886344233442,0.8219857930291803,1.6342744085152965,6,4.291534423828125e-06,0.010788917541503906,0.007544040679931641,0.1790924072265625,65536,8.25,4194304,2162688,Qwen3-0.6B,model.layers.24.self_attn.q_proj.weight,mxfp8,q_proj,24,bfloat16
1048576,1024,1024,18.64786005527021,0.013652556876263282,0.03125,0.02787926288516665,4.008649822272665,3.2823314666748047,2.5065603256225586,3.8273290580957706,0.9568322645239427,1.236647713321445,4,0.10082817077636719,0.053977012634277344,0.023242950439453125,0.405242919921875,32768,4.25,2097152,557056,Qwen3-0.6B,model.layers.24.self_attn.v_proj.weight,mxfp4,v_proj,24,bfloat16
1048576,1024,1024,30.474782137886276,0.0008964411544389284,0.01513671875,0.02787926288516665,4.008649822272665,3.2823314666748047,2.5065603256225586,6.598262084179692,0.8247827605224615,1.236647713321445,4,3.814697265625e-06,0.011347770690917969,0.007978439331054688,0.191864013671875,32768,8.25,2097152,1081344,Qwen3-0.6B,model.layers.24.self_attn.v_proj.weight,mxfp8,v_proj,24,bfloat16
3145728,1024,3072,18.80613618340143,0.013163954776859579,0.1171875,0.03310333712081411,3.546705820091945,2.918772061665853,2.4006354014078775,3.8363397593383644,0.9590849398345911,0.9643455359825719,6,0.08692646026611328,0.0499108632405599,0.020380655924479168,0.35369873046875,98304,4.25,6291456,1671168,Qwen3-0.6B,model.layers.25.mlp.down_proj.weight,mxfp4,down_proj,25,bfloat16
3145728,1024,3072,30.656040265707773,0.0008597970949966692,0.0546875,0.03310333712081411,3.546705820091945,2.918772061665853,2.4006354014078775,6.518397757500386,0.8147997196875483,0.9643455359825719,6,4.76837158203125e-06,0.009628931681315104,0.006766955057779948,0.15485636393229166,98304,8.25,6291456,3244032,Qwen3-0.6B,model.layers.25.mlp.down_proj.weight,mxfp8,down_proj,25,bfloat16
3145728,3072,1024,18.65357015323046,0.013634618308377972,0.123046875,0.028341321168365526,4.276618898182565,2.8797181447347007,2.3845303853352866,3.856929438995995,0.9642323597489988,1.0725786598263214,5,0.08736228942871094,0.06317647298177083,0.027462323506673176,0.4275004069010417,98304,4.25,6291456,1671168,Qwen3-0.6B,model.layers.25.mlp.gate_proj.weight,mxfp4,gate_proj,25,bfloat16
3145728,3072,1024,30.378573597090302,0.0009165214642929748,0.060546875,0.028341321168365526,4.276618898182565,2.8797181447347007,2.3845303853352866,6.539141454489436,0.8173926818111795,1.0725786598263214,5,5.404154459635417e-06,0.013388315836588541,0.009357770284016928,0.219696044921875,98304,8.25,6291456,3244032,Qwen3-0.6B,model.layers.25.mlp.gate_proj.weight,mxfp8,gate_proj,25,bfloat16
3145728,3072,1024,18.819102982522388,0.013124709565297338,0.12109375,0.034597434792842274,3.5409320507599276,2.908885955810547,2.395327885945638,3.8332125264134183,0.9583031316033546,0.7815091575191203,5,0.08926328023274739,0.04833412170410156,0.019208908081054688,0.3373514811197917,98304,4.25,6291456,1671168,Qwen3-0.6B,model.layers.25.mlp.up_proj.weight,mxfp4,up_proj,25,bfloat16
3145728,3072,1024,30.684321333469757,0.000854216324300872,0.05859375,0.034597434792842274,3.5409320507599276,2.908885955810547,2.395327885945638,6.524913746325831,0.8156142182907289,0.7815091575191203,5,5.7220458984375e-06,0.009022394816080729,0.006326993306477864,0.14192708333333334,98304,8.25,6291456,3244032,Qwen3-0.6B,model.layers.25.mlp.up_proj.weight,mxfp8,up_proj,25,bfloat16
1048576,1024,1024,18.643975454475555,0.013664774037973157,0.03125,0.023721079577980198,5.130718675977762,3.0728721618652344,2.4484901428222656,3.840744145886143,0.9601860364715358,1.5566590276836443,5,0.09274864196777344,0.0556182861328125,0.02359294891357422,0.412811279296875,32768,4.25,2097152,557056,Qwen3-0.6B,model.layers.25.self_attn.k_proj.weight,mxfp4,k_proj,25,bfloat16
1048576,1024,1024,30.44062843603055,0.0009035187226244639,0.01513671875,0.023721079577980198,5.130718675977762,3.0728721618652344,2.4484901428222656,6.560604491106253,0.8200755613882816,1.5566590276836443,5,5.7220458984375e-06,0.011399269104003906,0.00804901123046875,0.192718505859375,32768,8.25,2097152,1081344,Qwen3-0.6B,model.layers.25.self_attn.k_proj.weight,mxfp8,k_proj,25,bfloat16
2097152,1024,2048,18.715265468407047,0.013442295962981582,0.0498046875,0.02781175410149151,3.55498875267353,2.892101287841797,2.391427755355835,3.8470095112297957,0.9617523778074489,1.1794771283457077,5,0.08802366256713867,0.05733633041381836,0.024900436401367188,0.3856048583984375,65536,4.25,4194304,1114112,Qwen3-0.6B,model.layers.25.self_attn.o_proj.weight,mxfp4,o_proj,25,bfloat16
2097152,1024,2048,30.500941790196766,0.0008910576866818125,0.0185546875,0.02781175410149151,3.55498875267353,2.892101287841797,2.391427755355835,6.536919937764473,0.8171149922205592,1.1794771283457077,5,7.152557373046875e-06,0.012218475341796875,0.008571147918701172,0.1939697265625,65536,8.25,4194304,2162688,Qwen3-0.6B,model.layers.25.self_attn.o_proj.weight,mxfp8,o_proj,25,bfloat16
2097152,2048,1024,18.676252112182073,0.013563594226365817,0.0625,0.03307497489493308,8.616922911057577,3.262394428253174,2.4935173988342285,3.8294829405318738,0.9573707351329684,1.781985562066658,6,0.09896659851074219,0.0531153678894043,0.022405147552490234,0.399139404296875,65536,4.25,4194304,1114112,Qwen3-0.6B,model.layers.25.self_attn.q_proj.weight,mxfp4,q_proj,25,bfloat16
2097152,2048,1024,30.505970895529124,0.0008900264441641066,0.0302734375,0.03307497489493308,8.616922911057577,3.262394428253174,2.4935173988342285,6.587212359301677,0.8234015449127097,1.781985562066658,6,5.245208740234375e-06,0.010699272155761719,0.007443904876708984,0.1797332763671875,65536,8.25,4194304,2162688,Qwen3-0.6B,model.layers.25.self_attn.q_proj.weight,mxfp8,q_proj,25,bfloat16
1048576,1024,1024,18.680895490425055,0.013549100088385413,0.0322265625,0.03075011541630341,3.946327272983009,3.3137025833129883,2.510359764099121,3.8194499754701075,0.9548624938675269,1.1832156655452335,4,0.10332012176513672,0.05147743225097656,0.022369384765625,0.37286376953125,32768,4.25,2097152,557056,Qwen3-0.6B,model.layers.25.self_attn.v_proj.weight,mxfp4,v_proj,25,bfloat16
1048576,1024,1024,30.510194134189014,0.0008891613705236186,0.01513671875,0.03075011541630341,3.946327272983009,3.3137025833129883,2.510359764099121,6.6071089110624275,0.8258886138828034,1.1832156655452335,4,7.62939453125e-06,0.010994911193847656,0.0077114105224609375,0.17742919921875,32768,8.25,2097152,1081344,Qwen3-0.6B,model.layers.25.self_attn.v_proj.weight,mxfp8,v_proj,25,bfloat16
3145728,1024,3072,18.738640309378507,0.01337014043832255,0.109375,0.031716359955529246,3.7699659266944594,2.9479173024495444,2.4094203313191733,3.8346157722028047,0.9586539430507012,0.983225474305293,7,0.08982054392496745,0.051513671875,0.021903038024902344,0.3364054361979167,98304,4.25,6291456,1671168,Qwen3-0.6B,model.layers.26.mlp.down_proj.weight,mxfp4,down_proj,26,bfloat16
3145728,1024,3072,30.596463719332235,0.0008716730684599981,0.04296875,0.031716359955529246,3.7699659266944594,2.9479173024495444,2.4094203313191733,6.536806276330061,0.8171007845412577,0.983225474305293,7,5.7220458984375e-06,0.010746955871582031,0.007583936055501302,0.16529337565104166,98304,8.25,6291456,3244032,Qwen3-0.6B,model.layers.26.mlp.down_proj.weight,mxfp8,down_proj,26,bfloat16
3145728,3072,1024,18.664346214082354,0.013600828944412377,0.12109375,0.02797867529148348,7.895162771584683,2.89231808980306,2.3895395596822104,3.8566285877394946,0.9641571469348736,1.0960859638147826,6,0.08630530039469402,0.06224377950032552,0.026912371317545574,0.4346415201822917,98304,4.25,6291456,1671168,Qwen3-0.6B,model.layers.26.mlp.gate_proj.weight,mxfp4,gate_proj,26,bfloat16
3145728,3072,1024,30.390365999111026,0.0009140362083624236,0.0625,0.02797867529148348,7.895162771584683,2.89231808980306,2.3895395596822104,6.53371923568527,0.8167149044606588,1.0960859638147826,6,6.67572021484375e-06,0.012931187947591146,0.009058634440104166,0.21392822265625,98304,8.25,6291456,3244032,Qwen3-0.6B,model.layers.26.mlp.gate_proj.weight,mxfp8,gate_proj,26,bfloat16
3145728,3072,1024,18.808971538690496,0.01315536330054865,0.125,0.03418045156623957,5.078845027634575,2.921348253885905,2.398509979248047,3.8340343900921705,0.9585085975230426,0.855788614253553,7,0.08907032012939453,0.04925219217936198,0.019883155822753906,0.3407694498697917,98304,4.25,6291456,1671168,Qwen3-0.6B,model.layers.26.mlp.up_proj.weight,mxfp4,up_proj,26,bfloat16
3145728,3072,1024,30.700959877647136,0.0008509499404639049,0.0546875,0.03418045156623957,5.078845027634575,2.921348253885905,2.398509979248047,6.528080300400596,0.8160100375500745,0.855788614253553,7,7.62939453125e-06,0.009286880493164062,0.006460507710774739,0.14581298828125,98304,8.25,6291456,3244032,Qwen3-0.6B,model.layers.26.mlp.up_proj.weight,mxfp8,up_proj,26,bfloat16
1048576,1024,1024,18.655145223942977,0.013629674291116688,0.05078125,0.023325451100244376,5.040128493523187,3.0170063972473145,2.430664300918579,3.8454732235310134,0.9613683058827533,1.5021405605179643,6,0.09056949615478516,0.057086944580078125,0.023956298828125,0.41790771484375,32768,4.25,2097152,557056,Qwen3-0.6B,model.layers.26.self_attn.k_proj.weight,mxfp4,k_proj,26,bfloat16
1048576,1024,1024,30.390118657509536,0.0009140882664997069,0.01953125,0.023325451100244376,5.040128493523187,3.0170063972473145,2.430664300918579,6.549412702982294,0.8186765878727867,1.5021405605179643,6,8.58306884765625e-06,0.011410713195800781,0.008020401000976562,0.194976806640625,32768,8.25,2097152,1081344,Qwen3-0.6B,model.layers.26.self_attn.k_proj.weight,mxfp8,k_proj,26,bfloat16
2097152,1024,2048,18.66557547074366,0.013596979817982722,0.05859375,0.027498146742788342,4.9036968809802675,2.876643180847168,2.3859472274780273,3.8533868114963066,0.9633467028740766,1.3684165077118475,5,0.08693313598632812,0.0607151985168457,0.02634429931640625,0.410736083984375,65536,4.25,4194304,1114112,Qwen3-0.6B,model.layers.26.self_attn.o_proj.weight,mxfp4,o_proj,26,bfloat16
2097152,1024,2048,30.401892904514884,0.0009116134193238918,0.02734375,0.027498146742788342,4.9036968809802675,2.876643180847168,2.3859472274780273,6.534296373494134,0.8167870466867667,1.3684165077118475,5,3.814697265625e-06,0.012802600860595703,0.009019851684570312,0.207672119140625,65536,8.25,4194304,2162688,Qwen3-0.6B,model.layers.26.self_attn.o_proj.weight,mxfp8,o_proj,26,bfloat16
2097152,2048,1024,18.709656393924707,0.013459668403475886,0.0625,0.03577607032764133,7.74147530171554,3.2849373817443848,2.496591091156006,3.828189894771499,0.9570474736928748,1.8934116599642712,7,0.1004481315612793,0.053090572357177734,0.022468090057373047,0.39727783203125,65536,4.25,4194304,1114112,Qwen3-0.6B,model.layers.26.self_attn.q_proj.weight,mxfp4,q_proj,26,bfloat16
2097152,2048,1024,30.557779089010133,0.0008794721495349353,0.0302734375,0.03577607032764133,7.74147530171554,3.2849373817443848,2.496591091156006,6.594156065959575,0.8242695082449468,1.8934116599642712,7,8.58306884765625e-06,0.010709285736083984,0.007480144500732422,0.17803955078125,65536,8.25,4194304,2162688,Qwen3-0.6B,model.layers.26.self_attn.q_proj.weight,mxfp8,q_proj,26,bfloat16
1048576,1024,1024,18.7207254732936,0.01342540675819788,0.03076171875,0.029556391592192276,3.604540500772315,3.1282005310058594,2.4552338123321533,3.8322241011419353,0.9580560252854838,1.127777469254784,4,0.09646797180175781,0.053328514099121094,0.02257061004638672,0.370635986328125,32768,4.25,2097152,557056,Qwen3-0.6B,model.layers.26.self_attn.v_proj.weight,mxfp4,v_proj,26,bfloat16
1048576,1024,1024,30.56352887434583,0.0008783085542489186,0.01513671875,0.029556391592192276,3.604540500772315,3.1282005310058594,2.4552338123321533,6.574643190640899,0.8218303988301123,1.127777469254784,4,8.58306884765625e-06,0.011096000671386719,0.007800102233886719,0.178466796875,32768,8.25,2097152,1081344,Qwen3-0.6B,model.layers.26.self_attn.v_proj.weight,mxfp8,v_proj,26,bfloat16
3145728,1024,3072,18.53050901538543,0.01402649297242841,0.10546875,0.026978591967442723,4.507857130462836,3.1472177505493164,2.477361520131429,3.8416640442900034,0.9604160110725009,1.083787046204256,5,0.09468650817871094,0.05948162078857422,0.026240984598795574,0.4299418131510417,98304,4.25,6291456,1671168,Qwen3-0.6B,model.layers.27.mlp.down_proj.weight,mxfp4,down_proj,27,bfloat16
3145728,1024,3072,30.317122487120955,0.0009295820976889605,0.04296875,0.026978591967442723,4.507857130462836,3.1472177505493164,2.477361520131429,6.57609543596269,0.8220119294953363,1.083787046204256,5,4.76837158203125e-06,0.012918472290039062,0.009093920389811197,0.217742919921875,98304,8.25,6291456,3244032,Qwen3-0.6B,model.layers.27.mlp.down_proj.weight,mxfp8,down_proj,27,bfloat16
3145728,3072,1024,18.715291419749846,0.013442215638546706,0.24609375,0.030637796758904223,18.85798084639049,2.8832505544026694,2.3853866259256997,3.8497251751126687,0.9624312937781672,1.187378147568792,6,0.08715025583902995,0.057761192321777344,0.02459112803141276,0.3961690266927083,98304,4.25,6291456,1671168,Qwen3-0.6B,model.layers.27.mlp.gate_proj.weight,mxfp4,gate_proj,27,bfloat16
3145728,3072,1024,30.48770169892576,0.0008937783491239573,0.12109375,0.030637796758904223,18.85798084639049,2.8832505544026694,2.3853866259256997,6.5297433064893955,0.8162179133111744,1.187378147568792,6,6.357828776041667e-06,0.011816978454589844,0.008273442586263021,0.19073486328125,98304,8.25,6291456,3244032,Qwen3-0.6B,model.layers.27.mlp.gate_proj.weight,mxfp8,gate_proj,27,bfloat16
3145728,3072,1024,18.746653406932374,0.013345494151716118,0.234375,0.03269900939881073,13.411593318358198,2.917718251546224,2.3959519068400064,3.8376882746764833,0.9594220686691208,0.9951550956512029,6,0.09032440185546875,0.0521081288655599,0.021869341532389324,0.3482666015625,98304,4.25,6291456,1671168,Qwen3-0.6B,model.layers.27.mlp.up_proj.weight,mxfp4,up_proj,27,bfloat16
3145728,3072,1024,30.598932934128975,0.0008711776128700426,0.10546875,0.03269900939881073,13.411593318358198,2.917718251546224,2.3959519068400064,6.538079354771467,0.8172599193464334,0.9951550956512029,6,3.1789143880208335e-06,0.010585149129231771,0.007450421651204427,0.16396077473958334,98304,8.25,6291456,3244032,Qwen3-0.6B,model.layers.27.mlp.up_proj.weight,mxfp8,up_proj,27,bfloat16
1048576,1024,1024,18.64415440622626,0.013664210990327044,0.1171875,0.02853420481835262,4.873657381704502,2.8853540420532227,2.3859190940856934,3.8540258855556457,0.9635064713889114,1.1776145528214812,6,0.08714675903320312,0.061344146728515625,0.02685260772705078,0.412017822265625,32768,4.25,2097152,557056,Qwen3-0.6B,model.layers.27.self_attn.k_proj.weight,mxfp4,k_proj,27,bfloat16
1048576,1024,1024,30.38098456568413,0.0009160128022405709,0.02734375,0.02853420481835262,4.873657381704502,2.8853540420532227,2.3859190940856934,6.537042267621469,0.8171302834526836,1.1776145528214812,6,1.049041748046875e-05,0.013089179992675781,0.009232521057128906,0.21295166015625,32768,8.25,2097152,1081344,Qwen3-0.6B,model.layers.27.self_attn.k_proj.weight,mxfp8,k_proj,27,bfloat16
2097152,1024,2048,18.718201303430966,0.013433212028240365,0.0595703125,0.029092660084710686,3.3093484649614924,2.8362998962402344,2.370216131210327,3.8516536065170075,0.9629134016292519,1.0540349560598925,6,0.08662605285644531,0.05972862243652344,0.026417255401611328,0.383544921875,65536,4.25,4194304,1114112,Qwen3-0.6B,model.layers.27.self_attn.o_proj.weight,mxfp4,o_proj,27,bfloat16
2097152,1024,2048,30.474661168681635,0.000896466124427789,0.0283203125,0.029092660084710686,3.3093484649614924,2.8362998962402344,2.370216131210327,6.531005763453566,0.8163757204316957,1.0540349560598925,6,7.62939453125e-06,0.013088226318359375,0.009208202362060547,0.2058868408203125,65536,8.25,4194304,2162688,Qwen3-0.6B,model.layers.27.self_attn.o_proj.weight,mxfp8,o_proj,27,bfloat16
2097152,2048,1024,18.749035884914726,0.013338175010520214,0.0625,0.030693981546364314,5.501947199437776,2.90502667427063,2.394078493118286,3.8437512455547744,0.9609378113886936,1.2768140070156717,4,0.0880589485168457,0.055516719818115234,0.023897647857666016,0.3692779541015625,65536,4.25,4194304,1114112,Qwen3-0.6B,model.layers.27.self_attn.q_proj.weight,mxfp4,q_proj,27,bfloat16
2097152,2048,1024,30.575140879793192,0.000875963301999128,0.0302734375,0.030693981546364314,5.501947199437776,2.90502667427063,2.394078493118286,6.533944513049615,0.8167430641312019,1.2768140070156717,4,4.76837158203125e-06,0.011601924896240234,0.008119583129882812,0.1821136474609375,65536,8.25,4194304,2162688,Qwen3-0.6B,model.layers.27.self_attn.q_proj.weight,mxfp8,q_proj,27,bfloat16
1048576,1024,1024,18.817910757521595,0.013128313054521978,0.060546875,0.03231174236858356,3.2897879098191467,2.994781732559204,2.4160802364349365,3.8268086602492053,0.9567021650623013,0.835319764924735,4,0.09353160858154297,0.04789447784423828,0.019948959350585938,0.31390380859375,32768,4.25,2097152,557056,Qwen3-0.6B,model.layers.27.self_attn.v_proj.weight,mxfp4,v_proj,27,bfloat16
1048576,1024,1024,30.704527426510346,0.0008502512074459959,0.029296875,0.03231174236858356,3.2897879098191467,2.994781732559204,2.4160802364349365,6.5474017224696155,0.8184252153087019,0.835319764924735,4,3.814697265625e-06,0.009761810302734375,0.006834983825683594,0.1474609375,32768,8.25,2097152,1081344,Qwen3-0.6B,model.layers.27.self_attn.v_proj.weight,mxfp8,v_proj,27,bfloat16
3145728,1024,3072,18.544105016696253,0.013982650366270626,0.056640625,0.023978792552027808,3.5749697190145633,3.052223523457845,2.447017192840576,3.8552730520271994,0.9638182630067998,1.0643066796676706,5,0.0893716812133789,0.06385294596354167,0.027871449788411457,0.4796040852864583,98304,4.25,6291456,1671168,Qwen3-0.6B,model.layers.3.mlp.down_proj.weight,mxfp4,down_proj,3,bfloat16
3145728,1024,3072,30.20800006312618,0.0009532350300649192,0.01953125,0.023978792552027808,3.5749697190145633,3.052223523457845,2.447017192840576,6.554512477298269,0.8193140596622837,1.0643066796676706,5,5.086263020833333e-06,0.013440767923990885,0.009358088175455729,0.23337809244791666,98304,8.25,6291456,3244032,Qwen3-0.6B,model.layers.3.mlp.down_proj.weight,mxfp8,down_proj,3,bfloat16
3145728,3072,1024,18.728752491940146,0.013400615639536378,0.103515625,0.039853848084621994,3.5790207502746205,2.8762241999308267,2.382251421610514,3.854230495940473,0.9635576239851182,1.0614936828904447,5,0.08562501271565755,0.05844275156656901,0.023682276407877605,0.43804931640625,98304,4.25,6291456,1671168,Qwen3-0.6B,model.layers.3.mlp.gate_proj.weight,mxfp4,gate_proj,3,bfloat16
3145728,3072,1024,30.45737768369885,0.0009000408717482906,0.041015625,0.039853848084621994,3.5790207502746205,2.8762241999308267,2.382251421610514,6.520231744189605,0.8150289680237006,1.0614936828904447,5,5.086263020833333e-06,0.010859489440917969,0.007441520690917969,0.18597412109375,98304,8.25,6291456,3244032,Qwen3-0.6B,model.layers.3.mlp.gate_proj.weight,mxfp8,gate_proj,3,bfloat16
3145728,3072,1024,18.60354222531607,0.013792588442315887,0.0595703125,0.024602674841201707,3.475505079392052,2.9195769627889,2.3991521199544272,3.8618744787915213,0.9654686196978803,1.029172542165334,5,0.08732255299886067,0.0657488505045573,0.028433481852213543,0.4834187825520833,98304,4.25,6291456,1671168,Qwen3-0.6B,model.layers.3.mlp.up_proj.weight,mxfp4,up_proj,3,bfloat16
3145728,3072,1024,30.246031137038134,0.0009449240143130517,0.0283203125,0.024602674841201707,3.475505079392052,2.9195769627889,2.3991521199544272,6.540968304355161,0.8176210380443951,1.029172542165334,5,6.993611653645833e-06,0.013602892557779947,0.009436607360839844,0.23398844401041666,98304,8.25,6291456,3244032,Qwen3-0.6B,model.layers.3.mlp.up_proj.weight,mxfp8,up_proj,3,bfloat16
1048576,1024,1024,18.61294590143254,0.01376275598486717,0.08203125,0.028781439624077837,6.7824895239557135,2.960087776184082,2.413365364074707,3.848953586732766,0.9622383966831916,1.5508396375806757,7,0.08833980560302734,0.058868408203125,0.025086402893066406,0.412261962890625,32768,4.25,2097152,557056,Qwen3-0.6B,model.layers.3.self_attn.k_proj.weight,mxfp4,k_proj,3,bfloat16
1048576,1024,1024,30.40087144483026,0.000911827855820195,0.03125,0.028781439624077837,6.7824895239557135,2.960087776184082,2.413365364074707,6.541677957555026,0.8177097446943783,1.5508396375806757,7,3.814697265625e-06,0.012144088745117188,0.008531570434570312,0.201141357421875,32768,8.25,2097152,1081344,Qwen3-0.6B,model.layers.3.self_attn.k_proj.weight,mxfp8,k_proj,3,bfloat16
2097152,1024,2048,18.70401505847876,0.013477163408486023,0.0615234375,0.027940655268780836,3.8174867611412795,2.878840923309326,2.387258529663086,3.8519165456598117,0.9629791364149529,1.2367336020445534,5,0.08660364151000977,0.0593266487121582,0.025481700897216797,0.4084320068359375,65536,4.25,4194304,1114112,Qwen3-0.6B,model.layers.3.self_attn.o_proj.weight,mxfp4,o_proj,3,bfloat16
2097152,1024,2048,30.45715732166658,0.0009000865411905129,0.0302734375,0.027940655268780836,3.8174867611412795,2.878840923309326,2.387258529663086,6.530732885312579,0.8163416106640724,1.2367336020445534,5,3.814697265625e-06,0.012334346771240234,0.00867605209350586,0.2017822265625,65536,8.25,4194304,2162688,Qwen3-0.6B,model.layers.3.self_attn.o_proj.weight,mxfp8,o_proj,3,bfloat16
2097152,2048,1024,18.692558973544866,0.013512761223163838,0.0625,0.030135750104488462,6.7244823449166296,2.9517412185668945,2.4116196632385254,3.845817392008131,0.9614543480020328,1.4488921417626357,5,0.08874750137329102,0.05689859390258789,0.024288177490234375,0.394683837890625,65536,4.25,4194304,1114112,Qwen3-0.6B,model.layers.3.self_attn.q_proj.weight,mxfp4,q_proj,3,bfloat16
2097152,2048,1024,30.479734933261362,0.000895419414795891,0.0302734375,0.030135750104488462,6.7244823449166296,2.9517412185668945,2.4116196632385254,6.539418253506818,0.8174272816883522,1.4488921417626357,5,6.198883056640625e-06,0.011889457702636719,0.008293628692626953,0.192230224609375,65536,8.25,4194304,2162688,Qwen3-0.6B,model.layers.3.self_attn.q_proj.weight,mxfp8,q_proj,3,bfloat16
1048576,1024,1024,18.72921853314209,0.01339917769726368,0.0625,0.030089972224995654,3.687451778963094,2.982799768447876,2.420747995376587,3.837578367669174,0.9593945919172935,1.0502951286524749,5,0.09220314025878906,0.05389690399169922,0.0230865478515625,0.36676025390625,32768,4.25,2097152,557056,Qwen3-0.6B,model.layers.3.self_attn.v_proj.weight,mxfp4,v_proj,3,bfloat16
1048576,1024,1024,30.56775519096352,0.0008774542481004533,0.021484375,0.030089972224995654,3.687451778963094,2.982799768447876,2.420747995376587,6.552235123873023,0.8190293904841279,1.0502951286524749,5,3.814697265625e-06,0.0111541748046875,0.007872581481933594,0.179107666015625,32768,8.25,2097152,1081344,Qwen3-0.6B,model.layers.3.self_attn.v_proj.weight,mxfp8,v_proj,3,bfloat16
3145728,1024,3072,18.522396581694927,0.01405271834290098,0.060546875,0.024164783689432014,3.6907288584062496,3.107572555541992,2.464895407358805,3.851339102632549,0.9628347756581372,1.0668464382998715,5,0.09115378061930339,0.06272538503011067,0.027558008829752605,0.47442626953125,98304,4.25,6291456,1671168,Qwen3-0.6B,model.layers.4.mlp.down_proj.weight,mxfp4,down_proj,4,bfloat16
3145728,1024,3072,30.203049228691917,0.0009543223106934731,0.029296875,0.024164783689432014,3.6907288584062496,3.107572555541992,2.464895407358805,6.563341181808855,0.8204176477261069,1.0668464382998715,5,6.67572021484375e-06,0.013393402099609375,0.009314854939778646,0.23347981770833334,98304,8.25,6291456,3244032,Qwen3-0.6B,model.layers.4.mlp.down_proj.weight,mxfp8,down_proj,4,bfloat16
3145728,3072,1024,18.762283775892467,0.013297549706924462,0.0625,0.038195651720454506,3.59260033253421,2.856351852416992,2.3744262059529624,3.8501852344795884,0.9625463086198971,1.0077105168820133,5,0.08563899993896484,0.055974324544270836,0.02237733205159505,0.4072062174479167,98304,4.25,6291456,1671168,Qwen3-0.6B,model.layers.4.mlp.gate_proj.weight,mxfp4,gate_proj,4,bfloat16
3145728,3072,1024,30.488758290987636,0.0008935609288524178,0.0302734375,0.038195651720454506,3.59260033253421,2.856351852416992,2.3744262059529624,6.515467737639909,0.8144334672049887,1.0077105168820133,5,6.357828776041667e-06,0.0102691650390625,0.0070667266845703125,0.17171223958333334,98304,8.25,6291456,3244032,Qwen3-0.6B,model.layers.4.mlp.gate_proj.weight,mxfp8,gate_proj,4,bfloat16
3145728,3072,1024,18.627051641061023,0.013718127528488205,0.05859375,0.024884505833109357,3.418902263514806,2.9137725830078125,2.39762020111084,3.8610656122366906,0.9652664030591727,1.0271357065125823,5,0.08734321594238281,0.06532446543375652,0.02814642588297526,0.4739990234375,98304,4.25,6291456,1671168,Qwen3-0.6B,model.layers.4.mlp.up_proj.weight,mxfp4,up_proj,4,bfloat16
3145728,3072,1024,30.26761928080944,0.0009402385901098394,0.02734375,0.024884505833109357,3.418902263514806,2.9137725830078125,2.39762020111084,6.541048583810772,0.8176310729763465,1.0271357065125823,5,3.4968058268229165e-06,0.0134429931640625,0.009311040242513021,0.22899373372395834,98304,8.25,6291456,3244032,Qwen3-0.6B,model.layers.4.mlp.up_proj.weight,mxfp8,up_proj,4,bfloat16
1048576,1024,1024,18.66519661947104,0.013598165984975331,0.0615234375,0.028206537108325214,5.86599149795459,2.901555299758911,2.3918275833129883,3.8481791282107762,0.9620447820526941,1.4646919164516619,6,0.0888051986694336,0.058551788330078125,0.02555561065673828,0.38507080078125,32768,4.25,2097152,557056,Qwen3-0.6B,model.layers.4.self_attn.k_proj.weight,mxfp4,k_proj,4,bfloat16
1048576,1024,1024,30.419308342745595,0.000907965121160557,0.0302734375,0.028206537108325214,5.86599149795459,2.901555299758911,2.3918275833129883,6.541646841738194,0.8177058552172742,1.4646919164516619,6,4.76837158203125e-06,0.012506484985351562,0.008813858032226562,0.198455810546875,32768,8.25,2097152,1081344,Qwen3-0.6B,model.layers.4.self_attn.k_proj.weight,mxfp8,k_proj,4,bfloat16
2097152,1024,2048,18.699986488640704,0.01348967079363958,0.0615234375,0.027049391845110942,3.8894435066106747,2.889455556869507,2.3915185928344727,3.849064288663046,0.9622660721657615,1.2375012280401885,5,0.0874629020690918,0.05819368362426758,0.025234699249267578,0.39776611328125,65536,4.25,4194304,1114112,Qwen3-0.6B,model.layers.4.self_attn.o_proj.weight,mxfp4,o_proj,4,bfloat16
2097152,1024,2048,30.454799689874324,0.000900575299127175,0.0302734375,0.027049391845110942,3.8894435066106747,2.889455556869507,2.3915185928344727,6.533914802192027,0.8167393502740034,1.2375012280401885,5,4.291534423828125e-06,0.012262821197509766,0.008617401123046875,0.1982879638671875,65536,8.25,4194304,2162688,Qwen3-0.6B,model.layers.4.self_attn.o_proj.weight,mxfp8,o_proj,4,bfloat16
2097152,2048,1024,18.72707644613631,0.01340578825421105,0.0615234375,0.02938568839262567,5.350378228321566,2.927391529083252,2.40285587310791,3.8430873603596036,0.9607718400899009,1.370987321387366,6,0.08871746063232422,0.055226802825927734,0.023738384246826172,0.373138427734375,65536,4.25,4194304,1114112,Qwen3-0.6B,model.layers.4.self_attn.q_proj.weight,mxfp4,q_proj,4,bfloat16
2097152,2048,1024,30.544646781840736,0.0008821355446145833,0.0302734375,0.02938568839262567,5.350378228321566,2.927391529083252,2.40285587310791,6.537447560725328,0.817180945090666,1.370987321387366,6,6.67572021484375e-06,0.011519432067871094,0.008056163787841797,0.1833953857421875,65536,8.25,4194304,2162688,Qwen3-0.6B,model.layers.4.self_attn.q_proj.weight,mxfp8,q_proj,4,bfloat16
1048576,1024,1024,18.73982093391483,0.01336650627507044,0.03125,0.02957721927173483,3.4946800997377467,3.0005598068237305,2.425001621246338,3.8347642102946096,0.9586910525736524,1.0455283534248458,3,0.09267711639404297,0.052620887756347656,0.022533416748046875,0.354766845703125,32768,4.25,2097152,557056,Qwen3-0.6B,model.layers.4.self_attn.v_proj.weight,mxfp4,v_proj,4,bfloat16
1048576,1024,1024,30.573571969305977,0.0008762798052787935,0.01513671875,0.02957721927173483,3.4946800997377467,3.0005598068237305,2.425001621246338,6.553115982654841,0.8191394978318551,1.0455283534248458,3,3.814697265625e-06,0.011089324951171875,0.007775306701660156,0.1734619140625,32768,8.25,2097152,1081344,Qwen3-0.6B,model.layers.4.self_attn.v_proj.weight,mxfp8,v_proj,4,bfloat16
3145728,1024,3072,18.536913436963555,0.01400582373197837,0.060546875,0.025493081171913803,3.6349259187388503,3.054910977681478,2.44481627146403,3.8517425628223476,0.9629356407055869,1.100964489969722,5,0.09081300099690755,0.06315835316975911,0.028136571248372395,0.4489339192708333,98304,4.25,6291456,1671168,Qwen3-0.6B,model.layers.5.mlp.down_proj.weight,mxfp4,down_proj,5,bfloat16
3145728,1024,3072,30.21346673158589,0.0009520359032538334,0.029296875,0.025493081171913803,3.6349259187388503,3.054910977681478,2.44481627146403,6.560964483948197,0.8201205604935247,1.100964489969722,5,6.039937337239583e-06,0.013896942138671875,0.009800275166829428,0.23468017578125,98304,8.25,6291456,3244032,Qwen3-0.6B,model.layers.5.mlp.down_proj.weight,mxfp8,down_proj,5,bfloat16
3145728,3072,1024,18.792937728436208,0.013204021631931951,0.087890625,0.034422343472328795,3.703382569919902,2.865310033162435,2.3790661493937173,3.8449651916071077,0.9612412979017769,1.0427485075220797,6,0.08671410878499348,0.05397478739420573,0.022298494974772137,0.3734639485677083,98304,4.25,6291456,1671168,Qwen3-0.6B,model.layers.5.mlp.gate_proj.weight,mxfp4,gate_proj,5,bfloat16
3145728,3072,1024,30.585823099671522,0.000873811367181971,0.025390625,0.034422343472328795,3.703382569919902,2.865310033162435,2.3790661493937173,6.520918514998407,0.8151148143748008,1.0427485075220797,6,5.086263020833333e-06,0.010491053263346354,0.0072663625081380205,0.16713460286458334,98304,8.25,6291456,3244032,Qwen3-0.6B,model.layers.5.mlp.gate_proj.weight,mxfp8,gate_proj,5,bfloat16
3145728,3072,1024,18.620832658631482,0.013737785596832502,0.060546875,0.026235322825050863,3.4712353117862853,2.9132086435953775,2.3965697288513184,3.857752703645436,0.964438175911359,1.0764734832653078,5,0.08833662668863933,0.06434885660807292,0.02834002176920573,0.443359375,98304,4.25,6291456,1671168,Qwen3-0.6B,model.layers.5.mlp.up_proj.weight,mxfp4,up_proj,5,bfloat16
3145728,3072,1024,30.287942444624836,0.0009358489459470216,0.029296875,0.026235322825050863,3.4712353117862853,2.9132086435953775,2.3965697288513184,6.546448509691181,0.8183060637113976,1.0764734832653078,5,4.450480143229167e-06,0.013861656188964844,0.009777704874674479,0.229644775390625,98304,8.25,6291456,3244032,Qwen3-0.6B,model.layers.5.mlp.up_proj.weight,mxfp8,up_proj,5,bfloat16
1048576,1024,1024,18.70134508415864,0.01348545150448461,0.056640625,0.027882524956692595,4.4759455974009414,2.900477886199951,2.3923754692077637,3.849877027181661,0.9624692567954153,1.3076205022276572,5,0.08764362335205078,0.058582305908203125,0.025096893310546875,0.396759033203125,32768,4.25,2097152,557056,Qwen3-0.6B,model.layers.5.self_attn.k_proj.weight,mxfp4,k_proj,5,bfloat16
1048576,1024,1024,30.45028504730922,0.0009015119653152629,0.01953125,0.027882524956692595,4.4759455974009414,2.900477886199951,2.3923754692077637,6.53598739307266,0.8169984241340825,1.3076205022276572,5,8.58306884765625e-06,0.012226104736328125,0.008624076843261719,0.19927978515625,32768,8.25,2097152,1081344,Qwen3-0.6B,model.layers.5.self_attn.k_proj.weight,mxfp8,k_proj,5,bfloat16
2097152,1024,2048,18.69697618707798,0.01349902436723437,0.103515625,0.026822146419889975,4.803354713615768,2.8593688011169434,2.3790884017944336,3.857005339871073,0.9642513349677683,1.2673824070318251,6,0.08555841445922852,0.06216144561767578,0.026889324188232422,0.429107666015625,65536,4.25,4194304,1114112,Qwen3-0.6B,model.layers.5.self_attn.o_proj.weight,mxfp4,o_proj,5,bfloat16
2097152,1024,2048,30.43115655553525,0.0009054914303038487,0.041015625,0.026822146419889975,4.803354713615768,2.8593688011169434,2.3790884017944336,6.529561572883438,0.8161951966104297,1.2673824070318251,6,6.198883056640625e-06,0.01305389404296875,0.009040355682373047,0.2131500244140625,65536,8.25,4194304,2162688,Qwen3-0.6B,model.layers.5.self_attn.o_proj.weight,mxfp8,o_proj,5,bfloat16
2097152,2048,1024,18.718649200429027,0.013431826704376966,0.0615234375,0.030502617029719133,6.238516336942222,2.9825997352600098,2.4220166206359863,3.8435200329828514,0.9608800082457128,1.3152008079998845,5,0.08961200714111328,0.05600118637084961,0.02394866943359375,0.3949432373046875,65536,4.25,4194304,1114112,Qwen3-0.6B,model.layers.5.self_attn.q_proj.weight,mxfp4,q_proj,5,bfloat16
2097152,2048,1024,30.5061402492861,0.0008899917381317724,0.0302734375,0.030502617029719133,6.238516336942222,2.9825997352600098,2.4220166206359863,6.543120664096748,0.8178900830120935,1.3152008079998845,5,4.76837158203125e-06,0.011638641357421875,0.008162498474121094,0.1903839111328125,65536,8.25,4194304,2162688,Qwen3-0.6B,model.layers.5.self_attn.q_proj.weight,mxfp8,q_proj,5,bfloat16
1048576,1024,1024,18.65056995593313,0.013644040642648295,0.03125,0.028106608685803003,3.8068119230847386,3.013533592224121,2.426608085632324,3.8430791043671095,0.9607697760917774,1.1443054188030628,4,0.09319877624511719,0.05774116516113281,0.02518749237060547,0.39520263671875,32768,4.25,2097152,557056,Qwen3-0.6B,model.layers.5.self_attn.v_proj.weight,mxfp4,v_proj,5,bfloat16
1048576,1024,1024,30.405925419040692,0.0009107673601701265,0.01513671875,0.028106608685803003,3.8068119230847386,3.013533592224121,2.426608085632324,6.563005894385114,0.8203757367981392,1.1443054188030628,4,2.86102294921875e-06,0.012351036071777344,0.008744239807128906,0.198638916015625,32768,8.25,2097152,1081344,Qwen3-0.6B,model.layers.5.self_attn.v_proj.weight,mxfp8,v_proj,5,bfloat16
3145728,1024,3072,18.545955547757767,0.013976693620804042,0.052734375,0.02514751210010665,3.852701399916073,3.0965614318847656,2.461847941080729,3.84728744399286,0.961821860998215,1.1399461811506901,6,0.09235922495524089,0.06158638000488281,0.02741845448811849,0.4417521158854167,98304,4.25,6291456,1671168,Qwen3-0.6B,model.layers.6.mlp.down_proj.weight,mxfp4,down_proj,6,bfloat16
3145728,1024,3072,30.248278493959265,0.000944435168090355,0.01953125,0.02514751210010665,3.852701399916073,3.0965614318847656,2.461847941080729,6.567016137941868,0.8208770172427335,1.1399461811506901,6,4.76837158203125e-06,0.013497034708658854,0.009498914082845053,0.22774251302083334,98304,8.25,6291456,3244032,Qwen3-0.6B,model.layers.6.mlp.down_proj.weight,mxfp8,down_proj,6,bfloat16
3145728,3072,1024,18.783248031698253,0.013233514477432557,0.0615234375,0.03348736783728721,3.6416031709948506,2.865260124206543,2.3784146308898926,3.8455284353951105,0.9613821088487776,1.044612432162676,5,0.08684190114339192,0.05457115173339844,0.022517840067545574,0.3762003580729167,98304,4.25,6291456,1671168,Qwen3-0.6B,model.layers.6.mlp.gate_proj.weight,mxfp4,gate_proj,6,bfloat16
3145728,3072,1024,30.579070681990824,0.0008751710272463249,0.0302734375,0.03348736783728721,3.6416031709948506,2.865260124206543,2.3784146308898926,6.522325751138336,0.815290718892292,1.044612432162676,5,6.039937337239583e-06,0.010656356811523438,0.0074176788330078125,0.17109171549479166,98304,8.25,6291456,3244032,Qwen3-0.6B,model.layers.6.mlp.gate_proj.weight,mxfp8,gate_proj,6,bfloat16
3145728,3072,1024,18.64064293806535,0.013675263593261981,0.0595703125,0.026189566380970943,3.393005795470653,2.910919507344564,2.3977638880411782,3.8565832466897656,0.9641458116724414,1.0618821078624139,4,0.08802350362141927,0.06317774454752605,0.027623494466145832,0.441925048828125,98304,4.25,6291456,1671168,Qwen3-0.6B,model.layers.6.mlp.up_proj.weight,mxfp4,up_proj,6,bfloat16
3145728,3072,1024,30.32466679247448,0.000927968684743115,0.0283203125,0.026189566380970943,3.393005795470653,2.910919507344564,2.3977638880411782,6.543418422445496,0.817927302805687,1.0618821078624139,4,4.450480143229167e-06,0.013443946838378906,0.009421984354654947,0.22353108723958334,98304,8.25,6291456,3244032,Qwen3-0.6B,model.layers.6.mlp.up_proj.weight,mxfp8,up_proj,6,bfloat16
1048576,1024,1024,18.65554040558711,0.013628434129827146,0.09765625,0.02758349324516885,6.989663888329291,2.9273793697357178,2.401848316192627,3.8522433681450385,0.9630608420362596,1.7397409792437968,7,0.08687305450439453,0.059436798095703125,0.024961471557617188,0.426513671875,32768,4.25,2097152,557056,Qwen3-0.6B,model.layers.6.self_attn.k_proj.weight,mxfp4,k_proj,6,bfloat16
1048576,1024,1024,30.409073030292582,0.0009101075076725415,0.03515625,0.02758349324516885,6.989663888329291,2.9273793697357178,2.401848316192627,6.533311110435587,0.8166638888044484,1.7397409792437968,7,4.76837158203125e-06,0.011827468872070312,0.008190155029296875,0.19854736328125,32768,8.25,2097152,1081344,Qwen3-0.6B,model.layers.6.self_attn.k_proj.weight,mxfp8,k_proj,6,bfloat16
2097152,1024,2048,18.683544803969752,0.013540837292196144,0.060546875,0.025078646115581065,3.967195692147561,2.8819539546966553,2.388744354248047,3.854663148268713,0.9636657870671782,1.323635438027752,5,0.08600616455078125,0.060882568359375,0.02603912353515625,0.4245758056640625,65536,4.25,4194304,1114112,Qwen3-0.6B,model.layers.6.self_attn.o_proj.weight,mxfp4,o_proj,6,bfloat16
2097152,1024,2048,30.42277157953935,0.0009072413623044565,0.0244140625,0.025078646115581065,3.967195692147561,2.8819539546966553,2.388744354248047,6.5306470466963615,0.8163308808370452,1.323635438027752,5,7.152557373046875e-06,0.012468338012695312,0.008747577667236328,0.20770263671875,65536,8.25,4194304,2162688,Qwen3-0.6B,model.layers.6.self_attn.o_proj.weight,mxfp8,o_proj,6,bfloat16
2097152,2048,1024,18.706873917131755,0.013468294627475287,0.0625,0.030159931665346952,9.288560649067472,2.946298599243164,2.40911865234375,3.8467932073404203,0.9616983018351051,1.597448188661405,6,0.0878758430480957,0.05704784393310547,0.02411937713623047,0.3994140625,65536,4.25,4194304,1114112,Qwen3-0.6B,model.layers.6.self_attn.q_proj.weight,mxfp4,q_proj,6,bfloat16
2097152,2048,1024,30.443045236973756,0.0009030160642847673,0.0302734375,0.030159931665346952,9.288560649067472,2.946298599243164,2.40911865234375,6.536448289413245,0.8170560361766557,1.597448188661405,6,4.291534423828125e-06,0.011624813079833984,0.008080005645751953,0.1898345947265625,65536,8.25,4194304,2162688,Qwen3-0.6B,model.layers.6.self_attn.q_proj.weight,mxfp8,q_proj,6,bfloat16
1048576,1024,1024,18.724833073957228,0.013412714877156855,0.03076171875,0.028175182533103922,3.5889271944281753,3.0052218437194824,2.431326389312744,3.8402550027970404,0.9600637506992601,1.1053951057498768,4,0.09174442291259766,0.05522346496582031,0.023651123046875,0.387847900390625,32768,4.25,2097152,557056,Qwen3-0.6B,model.layers.6.self_attn.v_proj.weight,mxfp4,v_proj,6,bfloat16
1048576,1024,1024,30.53417204679431,0.0008842657324438486,0.01513671875,0.028175182533103922,3.5889271944281753,3.0052218437194824,2.431326389312744,6.552498137524589,0.8190622671905736,1.1053951057498768,4,4.76837158203125e-06,0.011446952819824219,0.007999420166015625,0.186065673828125,32768,8.25,2097152,1081344,Qwen3-0.6B,model.layers.6.self_attn.v_proj.weight,mxfp8,v_proj,6,bfloat16
3145728,1024,3072,18.527665680172984,0.014035679153996389,0.0703125,0.02468366771616888,3.9613255922050885,3.09302552541097,2.458780606587728,3.8500501702347627,0.9625125425586907,1.2164440199155042,6,0.0918423334757487,0.06279722849527995,0.027980486551920574,0.4563191731770833,98304,4.25,6291456,1671168,Qwen3-0.6B,model.layers.7.mlp.down_proj.weight,mxfp4,down_proj,7,bfloat16
3145728,1024,3072,30.213817944646525,0.0009519589154177904,0.0302734375,0.02468366771616888,3.9613255922050885,3.09302552541097,2.458780606587728,6.566559099118708,0.8208198873898385,1.2164440199155042,6,5.7220458984375e-06,0.01371002197265625,0.009667396545410156,0.23390706380208334,98304,8.25,6291456,3244032,Qwen3-0.6B,model.layers.7.mlp.down_proj.weight,mxfp8,down_proj,7,bfloat16
3145728,3072,1024,18.7895665977064,0.013214274988905952,0.060546875,0.0336826573405814,3.7254128196652996,2.85671329498291,2.376047134399414,3.847545937364723,0.9618864843411807,1.107811225205479,5,0.0860293706258138,0.05538177490234375,0.02282428741455078,0.3868815104166667,98304,4.25,6291456,1671168,Qwen3-0.6B,model.layers.7.mlp.gate_proj.weight,mxfp4,gate_proj,7,bfloat16
3145728,3072,1024,30.582593956494655,0.0008744613204735509,0.0283203125,0.0336826573405814,3.7254128196652996,2.85671329498291,2.376047134399414,6.51994360059407,0.8149929500742588,1.107811225205479,5,6.357828776041667e-06,0.010700861612955729,0.0074278513590494795,0.1734619140625,98304,8.25,6291456,3244032,Qwen3-0.6B,model.layers.7.mlp.gate_proj.weight,mxfp8,gate_proj,7,bfloat16
3145728,3072,1024,18.63152259102424,0.01370401233597493,0.0615234375,0.02600668604194982,3.556398749577706,2.9094937642415366,2.3955156008402505,3.8579872975010794,0.9644968243752698,1.0838025858697033,5,0.08803462982177734,0.06385326385498047,0.027939796447753906,0.449432373046875,98304,4.25,6291456,1671168,Qwen3-0.6B,model.layers.7.mlp.up_proj.weight,mxfp4,up_proj,7,bfloat16
3145728,3072,1024,30.307216505048377,0.0009317048355738837,0.0302734375,0.02600668604194982,3.556398749577706,2.9094937642415366,2.3955156008402505,6.543441680771442,0.8179302100964303,1.0838025858697033,5,4.132588704427083e-06,0.013603846232096354,0.009505271911621094,0.22749837239583334,98304,8.25,6291456,3244032,Qwen3-0.6B,model.layers.7.mlp.up_proj.weight,mxfp8,up_proj,7,bfloat16
1048576,1024,1024,18.647613088218638,0.013653333268257519,0.05859375,0.02627212111033488,4.299631676814036,2.8875606060028076,2.388005256652832,3.859417537764645,0.9648543844411612,1.2942533688135296,6,0.08556556701660156,0.06343269348144531,0.02736663818359375,0.456146240234375,32768,4.25,2097152,557056,Qwen3-0.6B,model.layers.7.self_attn.k_proj.weight,mxfp4,k_proj,7,bfloat16
1048576,1024,1024,30.31125040231437,0.0009308398334128017,0.02734375,0.02627212111033488,4.299631676814036,2.8875606060028076,2.388005256652832,6.530622643462877,0.8163278304328596,1.2942533688135296,6,9.5367431640625e-07,0.01317596435546875,0.009122848510742188,0.220123291015625,32768,8.25,2097152,1081344,Qwen3-0.6B,model.layers.7.self_attn.k_proj.weight,mxfp8,k_proj,7,bfloat16
2097152,1024,2048,18.64251844098577,0.013669359198750395,0.060546875,0.02529938056859181,3.7023192287349658,2.8749935626983643,2.3854317665100098,3.859158819578691,0.9647897048946728,1.2618081795224732,5,0.08583211898803711,0.06402015686035156,0.027770519256591797,0.4447021484375,65536,4.25,4194304,1114112,Qwen3-0.6B,model.layers.7.self_attn.o_proj.weight,mxfp4,o_proj,7,bfloat16
2097152,1024,2048,30.316659972914252,0.0009296811014385615,0.029296875,0.02529938056859181,3.7023192287349658,2.8749935626983643,2.3854317665100098,6.5325538307531,0.8165692288441375,1.2618081795224732,5,4.76837158203125e-06,0.013441085815429688,0.009366512298583984,0.22344970703125,65536,8.25,4194304,2162688,Qwen3-0.6B,model.layers.7.self_attn.o_proj.weight,mxfp8,o_proj,7,bfloat16
2097152,2048,1024,18.689625277684772,0.013521892291066233,0.0615234375,0.028755504781506794,5.623465954010287,2.9237961769104004,2.400994062423706,3.8502796509593327,0.9625699127398332,1.3360328362294673,5,0.08774566650390625,0.059342384338378906,0.025623798370361328,0.40631103515625,65536,4.25,4194304,1114112,Qwen3-0.6B,model.layers.7.self_attn.q_proj.weight,mxfp4,q_proj,7,bfloat16
2097152,2048,1024,30.448422988888083,0.0009018985757689146,0.0302734375,0.028755504781506794,5.623465954010287,2.9237961769104004,2.400994062423706,6.5378482746844915,0.8172310343355614,1.3360328362294673,5,4.76837158203125e-06,0.01240396499633789,0.008678436279296875,0.20233154296875,65536,8.25,4194304,2162688,Qwen3-0.6B,model.layers.7.self_attn.q_proj.weight,mxfp8,q_proj,7,bfloat16
1048576,1024,1024,18.66560801396015,0.013596877931401533,0.056640625,0.027690701156264916,3.634771408220238,3.0032572746276855,2.424550771713257,3.8455162922934036,0.9613790730733509,1.0963117660850044,6,0.09215545654296875,0.058897972106933594,0.025872230529785156,0.404205322265625,32768,4.25,2097152,557056,Qwen3-0.6B,model.layers.7.self_attn.v_proj.weight,mxfp4,v_proj,7,bfloat16
1048576,1024,1024,30.41295836508979,0.000909293661020802,0.025390625,0.027690701156264916,3.634771408220238,3.0032572746276855,2.424550771713257,6.560292580073133,0.8200365725091416,1.0963117660850044,6,3.814697265625e-06,0.012829780578613281,0.008950233459472656,0.208099365234375,32768,8.25,2097152,1081344,Qwen3-0.6B,model.layers.7.self_attn.v_proj.weight,mxfp8,v_proj,7,bfloat16
3145728,1024,3072,18.563925209436988,0.013918982187397693,0.0576171875,0.02503139274485427,3.8087374560869183,3.0739316940307617,2.4567604064941406,3.8467370729420347,0.9616842682355087,1.2515567694814487,5,0.09205341339111328,0.060935656229654946,0.026940663655598957,0.4369710286458333,98304,4.25,6291456,1671168,Qwen3-0.6B,model.layers.8.mlp.down_proj.weight,mxfp4,down_proj,8,bfloat16
3145728,1024,3072,30.296803613724748,0.0009339414242544654,0.0263671875,0.02503139274485427,3.8087374560869183,3.0739316940307617,2.4567604064941406,6.563900588442288,0.820487573555286,1.2515567694814487,5,6.993611653645833e-06,0.013263066609700521,0.009324073791503906,0.22356160481770834,98304,8.25,6291456,3244032,Qwen3-0.6B,model.layers.8.mlp.down_proj.weight,mxfp8,down_proj,8,bfloat16
3145728,3072,1024,18.768049676774613,0.013279906959351856,0.11328125,0.03292623941915319,4.1551309524837805,2.872324307759603,2.382486343383789,3.8472424851105953,0.9618106212776488,1.1473115622436711,6,0.08679707845052083,0.05543295542399088,0.022901535034179688,0.38909912109375,98304,4.25,6291456,1671168,Qwen3-0.6B,model.layers.8.mlp.gate_proj.weight,mxfp4,gate_proj,8,bfloat16
3145728,3072,1024,30.55484555625106,0.0008800664080413546,0.03125,0.03292623941915319,4.1551309524837805,2.872324307759603,2.382486343383789,6.52311020885262,0.8153887761065775,1.1473115622436711,6,2.5431315104166665e-06,0.010815938313802084,0.00749969482421875,0.17595418294270834,98304,8.25,6291456,3244032,Qwen3-0.6B,model.layers.8.mlp.gate_proj.weight,mxfp8,gate_proj,8,bfloat16
3145728,3072,1024,18.638584131773538,0.013681747993694468,0.05859375,0.02601836075588979,3.439783037644384,2.9198265075683594,2.400884469350179,3.8557692706170736,0.9639423176542684,1.0629412692377025,4,0.08814620971679688,0.06239128112792969,0.02722930908203125,0.4401652018229167,98304,4.25,6291456,1671168,Qwen3-0.6B,model.layers.8.mlp.up_proj.weight,mxfp4,up_proj,8,bfloat16
3145728,3072,1024,30.32916865917725,0.0009270072571832903,0.02734375,0.02601836075588979,3.439783037644384,2.9198265075683594,2.400884469350179,6.542599833202026,0.8178249791502532,1.0629412692377025,4,5.404154459635417e-06,0.013203303019205729,0.009290059407552084,0.22100830078125,98304,8.25,6291456,3244032,Qwen3-0.6B,model.layers.8.mlp.up_proj.weight,mxfp8,up_proj,8,bfloat16
1048576,1024,1024,18.591648463010955,0.01383041314691194,0.1171875,0.026951667411064154,10.132629974579666,2.957458972930908,2.4108455181121826,3.850802262471237,0.9627005656178093,1.4316522983774,6,0.08843326568603516,0.05880546569824219,0.024913787841796875,0.428924560546875,32768,4.25,2097152,557056,Qwen3-0.6B,model.layers.8.self_attn.k_proj.weight,mxfp4,k_proj,8,bfloat16
1048576,1024,1024,30.368261341474998,0.0009187003162019728,0.0546875,0.026951667411064154,10.132629974579666,2.957458972930908,2.4108455181121826,6.539474316792466,0.8174342895990583,1.4316522983774,6,9.5367431640625e-07,0.0118255615234375,0.008258819580078125,0.19940185546875,32768,8.25,2097152,1081344,Qwen3-0.6B,model.layers.8.self_attn.k_proj.weight,mxfp8,k_proj,8,bfloat16
2097152,1024,2048,18.658325954964823,0.013619695703291568,0.060546875,0.02475417105995265,3.9122149726632434,2.8777682781219482,2.387248992919922,3.857387891010597,0.9643469727526492,1.305350450296357,5,0.0853877067565918,0.06212043762207031,0.026441097259521484,0.443878173828125,65536,4.25,4194304,1114112,Qwen3-0.6B,model.layers.8.self_attn.o_proj.weight,mxfp4,o_proj,8,bfloat16
2097152,1024,2048,30.34238049671522,0.0009241914583604652,0.029296875,0.02475417105995265,3.9122149726632434,2.8777682781219482,2.387248992919922,6.52807745982001,0.8160096824775013,1.305350450296357,5,4.76837158203125e-06,0.012609481811523438,0.008788108825683594,0.2125701904296875,65536,8.25,4194304,2162688,Qwen3-0.6B,model.layers.8.self_attn.o_proj.weight,mxfp8,o_proj,8,bfloat16
2097152,2048,1024,18.74398649032659,0.013353691872767056,0.060546875,0.029964990689829024,6.791509854401238,2.932253122329712,2.4052438735961914,3.8464180198536466,0.9616045049634117,1.5798494680220512,5,0.08813953399658203,0.05651235580444336,0.02383565902709961,0.39801025390625,65536,4.25,4194304,1114112,Qwen3-0.6B,model.layers.8.self_attn.q_proj.weight,mxfp4,q_proj,8,bfloat16
2097152,2048,1024,30.543157375553896,0.0008824381235326546,0.029296875,0.029964990689829024,6.791509854401238,2.932253122329712,2.4052438735961914,6.536364031529239,0.8170455039411548,1.5798494680220512,5,4.76837158203125e-06,0.01138448715209961,0.007935047149658203,0.185089111328125,65536,8.25,4194304,2162688,Qwen3-0.6B,model.layers.8.self_attn.q_proj.weight,mxfp8,q_proj,8,bfloat16
1048576,1024,1024,18.66698245984695,0.013592575501405253,0.03076171875,0.027633399477611165,3.3747537819651257,2.987173080444336,2.422775983810425,3.8440306000350306,0.9610076500087577,1.084908852674113,4,0.09140872955322266,0.058216094970703125,0.025864601135253906,0.3900146484375,32768,4.25,2097152,557056,Qwen3-0.6B,model.layers.8.self_attn.v_proj.weight,mxfp4,v_proj,8,bfloat16
1048576,1024,1024,30.42524607430584,0.0009067245874759788,0.01513671875,0.027633399477611165,3.3747537819651257,2.987173080444336,2.422775983810425,6.556915682665004,0.8196144603331255,1.084908852674113,4,5.7220458984375e-06,0.012806892395019531,0.009062767028808594,0.206207275390625,32768,8.25,2097152,1081344,Qwen3-0.6B,model.layers.8.self_attn.v_proj.weight,mxfp8,v_proj,8,bfloat16
3145728,1024,3072,18.563734520242868,0.013919593352834459,0.060546875,0.024409009092583988,3.970998768850492,3.1404406229654946,2.4825572967529297,3.8405983389028995,0.9601495847257249,1.2349716105821582,5,0.09334468841552734,0.058153788248697914,0.02547931671142578,0.4328511555989583,98304,4.25,6291456,1671168,Qwen3-0.6B,model.layers.9.mlp.down_proj.weight,mxfp4,down_proj,9,bfloat16
3145728,1024,3072,30.287805853866754,0.0009358783799675998,0.01953125,0.024409009092583988,3.970998768850492,3.1404406229654946,2.4825572967529297,6.568343209999475,0.8210429012499344,1.2349716105821582,5,3.814697265625e-06,0.012376149495442709,0.008728345235188803,0.213226318359375,98304,8.25,6291456,3244032,Qwen3-0.6B,model.layers.9.mlp.down_proj.weight,mxfp8,down_proj,9,bfloat16
3145728,3072,1024,18.748743879659667,0.013339071855471863,0.076171875,0.033758866455665636,4.279823347932489,2.87574831644694,2.3832222620646157,3.8493571639169804,0.9623392909792451,1.2562800766304296,5,0.08663876851399739,0.05666637420654297,0.023487408955891926,0.4014790852864583,98304,4.25,6291456,1671168,Qwen3-0.6B,model.layers.9.mlp.gate_proj.weight,mxfp4,gate_proj,9,bfloat16
3145728,3072,1024,30.500373687584897,0.0008911742539721178,0.0302734375,0.033758866455665636,4.279823347932489,2.87574831644694,2.3832222620646157,6.525063109955459,0.8156328887444324,1.2562800766304296,5,4.450480143229167e-06,0.011049588521321615,0.007746060689290364,0.18328857421875,98304,8.25,6291456,3244032,Qwen3-0.6B,model.layers.9.mlp.gate_proj.weight,mxfp8,gate_proj,9,bfloat16
3145728,3072,1024,18.671992464176537,0.01357690419984462,0.0595703125,0.026447729439778238,3.5055394507207085,2.9215879440307617,2.3993959426879883,3.853915978699378,0.9634789946748445,1.0858062548678986,5,0.08870728810628255,0.061247825622558594,0.026448885599772137,0.4298807779947917,98304,4.25,6291456,1671168,Qwen3-0.6B,model.layers.9.mlp.up_proj.weight,mxfp4,up_proj,9,bfloat16
3145728,3072,1024,30.3904255058714,0.0009140236843808258,0.0283203125,0.026447729439778238,3.5055394507207085,2.9215879440307617,2.3993959426879883,6.543835081570746,0.8179793851963433,1.0858062548678986,5,4.450480143229167e-06,0.01263427734375,0.008829434712727865,0.209075927734375,98304,8.25,6291456,3244032,Qwen3-0.6B,model.layers.9.mlp.up_proj.weight,mxfp8,up_proj,9,bfloat16
1048576,1024,1024,18.64092797632105,0.013674366081198337,0.095703125,0.026630949958168802,8.60188313416133,2.945651054382324,2.408972978591919,3.849105240618883,0.9622763101547207,1.3459133823598044,7,0.0881814956665039,0.05802440643310547,0.024532318115234375,0.421905517578125,32768,4.25,2097152,557056,Qwen3-0.6B,model.layers.9.self_attn.k_proj.weight,mxfp4,k_proj,9,bfloat16
1048576,1024,1024,30.395034432381163,0.0009130541962523756,0.033203125,0.026630949958168802,8.60188313416133,2.945651054382324,2.408972978591919,6.539134299285168,0.817391787410646,1.3459133823598044,7,1.9073486328125e-06,0.01178741455078125,0.008152961730957031,0.195068359375,32768,8.25,2097152,1081344,Qwen3-0.6B,model.layers.9.self_attn.k_proj.weight,mxfp8,k_proj,9,bfloat16
2097152,1024,2048,18.674584945718777,0.013568802008458496,0.056640625,0.025096923171740417,4.825366115573196,2.891380548477173,2.392336845397949,3.8536482739032123,0.9634120684758031,1.3338400343555241,5,0.08629274368286133,0.05971860885620117,0.02499246597290039,0.4308929443359375,65536,4.25,4194304,1114112,Qwen3-0.6B,model.layers.9.self_attn.o_proj.weight,mxfp4,o_proj,9,bfloat16
2097152,1024,2048,30.410431128270332,0.0009098229491579948,0.025390625,0.025096923171740417,4.825366115573196,2.891380548477173,2.392336845397949,6.529231125300559,0.8161538906625698,1.3338400343555241,5,6.67572021484375e-06,0.011826515197753906,0.008252620697021484,0.2006683349609375,65536,8.25,4194304,2162688,Qwen3-0.6B,model.layers.9.self_attn.o_proj.weight,mxfp8,o_proj,9,bfloat16
2097152,2048,1024,18.715960119904217,0.013440146047506192,0.0625,0.029908063448660316,6.85083897910654,2.9670848846435547,2.4166035652160645,3.8450899347787733,0.9612724836946933,1.5078591790495262,6,0.08946418762207031,0.05645275115966797,0.02395915985107422,0.4035186767578125,65536,4.25,4194304,1114112,Qwen3-0.6B,model.layers.9.self_attn.q_proj.weight,mxfp4,q_proj,9,bfloat16
2097152,2048,1024,30.514244229705195,0.0008883325527574532,0.0302734375,0.029908063448660316,6.85083897910654,2.9670848846435547,2.4166035652160645,6.542557341867581,0.8178196677334476,1.5078591790495262,6,5.245208740234375e-06,0.01139068603515625,0.007929325103759766,0.1881866455078125,65536,8.25,4194304,2162688,Qwen3-0.6B,model.layers.9.self_attn.q_proj.weight,mxfp8,q_proj,9,bfloat16
1048576,1024,1024,18.65647706614396,0.013625495147001251,0.0625,0.0270189705042265,3.9319503466293133,3.0944573879241943,2.455792188644409,3.8381125875282605,0.9595281468820651,1.166711651679707,5,0.09431266784667969,0.05541801452636719,0.02362346649169922,0.403045654296875,32768,4.25,2097152,557056,Qwen3-0.6B,model.layers.9.self_attn.v_proj.weight,mxfp4,v_proj,9,bfloat16
1048576,1024,1024,30.444350456324308,0.000902744714544963,0.0166015625,0.0270189705042265,3.9319503466293133,3.0944573879241943,2.455792188644409,6.567865864133612,0.8209832330167015,1.166711651679707,5,8.58306884765625e-06,0.011554718017578125,0.008043289184570312,0.19049072265625,32768,8.25,2097152,1081344,Qwen3-0.6B,model.layers.9.self_attn.v_proj.weight,mxfp8,v_proj,9,bfloat16
